network_code,receiver_code,receiver_type,receiver_latitude,receiver_longitude,receiver_elevation_m,p_arrival_sample,p_status,p_weight,p_travel_sec,s_arrival_sample,s_status,s_weight,source_id,source_origin_time,source_origin_uncertainty_sec,source_latitude,source_longitude,source_error_sec,source_gap_deg,source_horizontal_uncertainty_km,source_depth_km,source_depth_uncertainty_km,source_magnitude,source_magnitude_type,source_magnitude_author,source_mechanism_strike_dip_rake,source_distance_deg,source_distance_km,back_azimuth_deg,snr_db,coda_end_sample,trace_start_time,trace_category,trace_name
UP,AAL,HH,60.178,19.9936,,500,manual,0.5,,3296,manual,0.5,20250113T034125Z_20250113T034225Z,,,,,,,,,,,,,,,,,[-0.0123 -0.8074 0.1027],5999,2025-01-13 03:41:25.110000,earthquake_local,AAL.UP_20250113034125_HH_EV
UP,AAL,HH,60.178,19.9936,,500,manual,0.5,,3051,manual,0.5,20250131T071950Z_20250131T072050Z,,,,,,,,,,,,,,,,,[-0.1002 0.0185 -0.0716],5999,2025-01-31 07:19:50.610000,earthquake_local,AAL.UP_20250131071950_HH_EV
UP,AAL,HH,60.178,19.9936,,500,manual,0.5,,2939,manual,0.5,20250215T204007Z_20250215T204107Z,,,,,,,,,,,,,,,,,[0.0581 0.0384 0.0567],5999,2025-02-15 20:40:07.620000,earthquake_local,AAL.UP_20250215204007_HH_EV
UP,AAL,HH,60.178,19.9936,,500,manual,0.5,,4547,manual,0.5,20250219T151720Z_20250219T151820Z,,,,,,,,,,,,,,,,,[-0.0931 0.0028 -0.0570],5999,2025-02-19 15:17:20.580000,earthquake_local,AAL.UP_20250219151720_HH_EV
UP,AAL,HH,60.178,19.9936,,500,manual,0.5,,940,manual,0.5,20250320T013343Z_20250320T013443Z,,,,,,,,,,,,,,,,,[0.2845 0.0943 0.5074],1556,2025-03-20 01:33:43.360000,earthquake_local,AAL.UP_20250320013343_HH_EV
UP,AAL,HH,60.178,19.9936,,500,manual,0.5,,1210,manual,0.5,20250326T050629Z_20250326T050729Z,,,,,,,,,,,,,,,,,[0.0039 0.1032 -0.1426],2204,2025-03-26 05:06:29.570000,earthquake_local,AAL.UP_20250326050629_HH_EV
UP,AAL,HH,60.178,19.9936,,500,manual,0.5,,2464,manual,0.5,20250525T125151Z_20250525T125251Z,,,,,,,,,,,,,,,,,[0.3009 0.1215 -0.0467],5214,2025-05-25 12:51:51.240000,earthquake_local,AAL.UP_20250525125151_HH_EV
UP,AAL,HH,60.178,19.9936,,500,manual,0.5,,3080,manual,0.5,20250618T163553Z_20250618T163653Z,,,,,,,,,,,,,,,,,[-0.0587 -0.2831 -0.0168],5999,2025-06-18 16:35:53.030000,earthquake_local,AAL.UP_20250618163553_HH_EV
UP,AAL,HH,60.178,19.9936,,500,manual,0.5,,3648,manual,0.5,20250630T214823Z_20250630T214923Z,,,,,,,,,,,,,,,,,[-0.1686 -0.0796 0.0314],5999,2025-06-30 21:48:23.730000,earthquake_local,AAL.UP_20250630214823_HH_EV
UP,AAL,HH,60.178,19.9936,,500,manual,0.5,,2853,manual,0.5,20250705T153402Z_20250705T153502Z,,,,,,,,,,,,,,,,,[-0.0410 0.0753 -0.0651],5999,2025-07-05 15:34:02.970000,earthquake_local,AAL.UP_20250705153402_HH_EV
UP,AAL,HH,60.178,19.9936,,500,manual,0.5,,1596,manual,0.5,20250727T015807Z_20250727T015907Z,,,,,,,,,,,,,,,,,[0.0046 0.0093 0.0959],3130,2025-07-27 01:58:07.460000,earthquake_local,AAL.UP_20250727015807_HH_EV
UP,AAL,HH,60.178,19.9936,,500,manual,0.5,,3217,manual,0.5,20250806T132424Z_20250806T132524Z,,,,,,,,,,,,,,,,,[0.3504 0.1952 -0.0149],5999,2025-08-06 13:24:24.320000,earthquake_local,AAL.UP_20250806132424_HH_EV
UP,AAL,HH,60.178,19.9936,,500,manual,0.5,,2043,manual,0.5,20250811T205847Z_20250811T205947Z,,,,,,,,,,,,,,,,,[0.0395 0.0532 0.0471],4203,2025-08-11 20:58:47.000000,earthquake_local,AAL.UP_20250811205847_HH_EV
UP,AAL,HH,60.178,19.9936,,500,manual,0.5,,1562,manual,0.5,20250817T045843Z_20250817T045943Z,,,,,,,,,,,,,,,,,[-0.2029 0.2281 0.1208],3049,2025-08-17 04:58:43.940000,earthquake_local,AAL.UP_20250817045843_HH_EV
UP,AAL,HH,60.178,19.9936,,500,manual,0.5,,2493,manual,0.5,20250818T201333Z_20250818T201433Z,,,,,,,,,,,,,,,,,[0.0626 -0.0291 0.0108],5283,2025-08-18 20:13:33.480000,earthquake_local,AAL.UP_20250818201333_HH_EV
UP,AAL,HH,60.178,19.9936,,500,manual,0.5,,1614,manual,0.5,20250820T130556Z_20250820T130656Z,,,,,,,,,,,,,,,,,[0.2849 0.0335 -0.1605],3174,2025-08-20 13:05:56.840000,earthquake_local,AAL.UP_20250820130556_HH_EV
UP,AAL,HH,60.178,19.9936,,500,manual,0.5,,858,manual,0.5,20250829T191701Z_20250829T191801Z,,,,,,,,,,,,,,,,,[-0.1408 -0.0224 0.0721],1359,2025-08-29 19:17:01.990000,earthquake_local,AAL.UP_20250829191701_HH_EV
UP,AAL,HH,60.178,19.9936,,500,manual,0.5,,1205,manual,0.5,20250915T172350Z_20250915T172450Z,,,,,,,,,,,,,,,,,[0.1842 0.4210 0.4550],2192,2025-09-15 17:23:50.910000,earthquake_local,AAL.UP_20250915172350_HH_EV
UP,AAL,HH,60.178,19.9936,,500,manual,0.5,,3104,manual,0.5,20250916T203518Z_20250916T203618Z,,,,,,,,,,,,,,,,,[0.0888 -0.0092 0.0797],5999,2025-09-16 20:35:18.450000,earthquake_local,AAL.UP_20250916203518_HH_EV
UP,AAL,HH,60.178,19.9936,,500,manual,0.5,,3417,manual,0.5,20250921T114600Z_20250921T114700Z,,,,,,,,,,,,,,,,,[0.0678 -0.0146 -0.2272],5999,2025-09-21 11:46:00.270000,earthquake_local,AAL.UP_20250921114600_HH_EV
UP,AAL,HH,60.178,19.9936,,500,manual,0.5,,3399,manual,0.5,20251002T093506Z_20251002T093606Z,,,,,,,,,,,,,,,,,[-0.2549 0.1182 -0.0986],5999,2025-10-02 09:35:06.670000,earthquake_local,AAL.UP_20251002093506_HH_EV
UP,AAL,HH,60.178,19.9936,,500,manual,0.5,,2069,manual,0.5,20251012T173819Z_20251012T173919Z,,,,,,,,,,,,,,,,,[-0.2461 0.0538 -0.0712],4266,2025-10-12 17:38:19.830000,earthquake_local,AAL.UP_20251012173819_HH_EV
UP,AAL,HH,60.178,19.9936,,500,manual,0.5,,961,manual,0.5,20251030T093203Z_20251030T093303Z,,,,,,,,,,,,,,,,,[-0.1821 0.0088 -0.0127],1606,2025-10-30 09:32:03.910000,earthquake_local,AAL.UP_20251030093203_HH_EV
UP,AAL,HH,60.178,19.9936,,500,manual,0.5,,3333,manual,0.5,20251120T230921Z_20251120T231021Z,,,,,,,,,,,,,,,,,[0.0648 0.0215 0.0702],5999,2025-11-20 23:09:21.010000,earthquake_local,AAL.UP_20251120230921_HH_EV
UP,AAL,HH,60.178,19.9936,,500,manual,0.5,,3057,manual,0.5,20251203T192811Z_20251203T192911Z,,,,,,,,,,,,,,,,,[0.0932 -0.3815 -0.3404],5999,2025-12-03 19:28:11.090000,earthquake_local,AAL.UP_20251203192811_HH_EV
HE,ALAJF,HH,,,,500,manual,0.5,,2951,manual,0.5,20250105T045508Z_20250105T045608Z,,,,,,,,,,,,,,,,,[0.0358 0.0190 -0.6937],5999,2025-01-05 04:55:08.300000,earthquake_local,ALAJF.HE_20250105045508_HH_EV
HE,ALAJF,HH,,,,500,manual,0.5,,2075,manual,0.5,20250107T041433Z_20250107T041533Z,,,,,,,,,,,,,,,,,[-0.0042 0.0605 2.5326],4280,2025-01-07 04:14:33.872000,earthquake_local,ALAJF.HE_20250107041433_HH_EV
HE,ALAJF,HH,,,,500,manual,0.5,,2968,manual,0.5,20250330T131427Z_20250330T131527Z,,,,,,,,,,,,,,,,,[-0.2076 0.4925 -0.9950],5999,2025-03-30 13:14:27.016000,earthquake_local,ALAJF.HE_20250330131427_HH_EV
HE,ALAJF,HH,,,,500,manual,0.5,,2972,manual,0.5,20250409T175923Z_20250409T180023Z,,,,,,,,,,,,,,,,,[-0.1033 0.0046 -0.3615],5999,2025-04-09 17:59:23.408000,earthquake_local,ALAJF.HE_20250409175923_HH_EV
HE,ALAJF,HH,,,,500,manual,0.5,,2673,manual,0.5,20250423T183510Z_20250423T183610Z,,,,,,,,,,,,,,,,,[0.0124 0.0047 0.1570],5715,2025-04-23 18:35:10.976000,earthquake_local,ALAJF.HE_20250423183510_HH_EV
HE,ALAJF,HH,,,,500,manual,0.5,,2983,manual,0.5,20250512T031158Z_20250512T031258Z,,,,,,,,,,,,,,,,,[-0.0087 -0.0008 -0.0232],5999,2025-05-12 03:11:58.184000,earthquake_local,ALAJF.HE_20250512031158_HH_EV
HE,ALAJF,HH,,,,500,manual,0.5,,2884,manual,0.5,20250608T134015Z_20250608T134115Z,,,,,,,,,,,,,,,,,[-0.0458 -0.1821 -0.5376],5999,2025-06-08 13:40:15.788000,earthquake_local,ALAJF.HE_20250608134015_HH_EV
HE,ALAJF,HH,,,,500,manual,0.5,,3332,manual,0.5,20250624T203326Z_20250624T203426Z,,,,,,,,,,,,,,,,,[0.0045 -0.0100 0.3185],5999,2025-06-24 20:33:26.744000,earthquake_local,ALAJF.HE_20250624203326_HH_EV
HE,ALAJF,HH,,,,500,manual,0.5,,2407,manual,0.5,20250628T154151Z_20250628T154251Z,,,,,,,,,,,,,,,,,[-0.0127 -0.0146 -0.0332],5077,2025-06-28 15:41:51.472000,earthquake_local,ALAJF.HE_20250628154151_HH_EV
HE,ALAJF,HH,,,,500,manual,0.5,,3030,manual,0.5,20251024T163933Z_20251024T164033Z,,,,,,,,,,,,,,,,,[0.0136 0.0204 1.4521],5999,2025-10-24 16:39:33.776000,earthquake_local,ALAJF.HE_20251024163933_HH_EV
HE,ALAJF,HH,,,,500,manual,0.5,,2322,manual,0.5,20251027T194949Z_20251027T195049Z,,,,,,,,,,,,,,,,,[-0.0015 -0.0271 -0.0184],4873,2025-10-27 19:49:49.240000,earthquake_local,ALAJF.HE_20251027194949_HH_EV
HE,ALAJF,HH,,,,500,manual,0.5,,1939,manual,0.5,20251113T032859Z_20251113T032959Z,,,,,,,,,,,,,,,,,[-0.0046 0.0485 1.3472],3954,2025-11-13 03:28:59.804000,earthquake_local,ALAJF.HE_20251113032859_HH_EV
HE,ALAJF,HH,,,,500,manual,0.5,,3127,manual,0.5,20251118T185814Z_20251118T185914Z,,,,,,,,,,,,,,,,,[0.0052 0.0448 0.4053],5999,2025-11-18 18:58:14.612000,earthquake_local,ALAJF.HE_20251118185814_HH_EV
HE,ALAJF,HH,,,,500,manual,0.5,,3588,manual,0.5,20251123T121834Z_20251123T121934Z,,,,,,,,,,,,,,,,,[0.0117 -0.0147 -0.1248],5999,2025-11-23 12:18:34.776000,earthquake_local,ALAJF.HE_20251123121834_HH_EV
HE,ALAJF,HH,,,,500,manual,0.5,,2536,manual,0.5,20251203T192802Z_20251203T192902Z,,,,,,,,,,,,,,,,,[0.0158 -0.0052 1.0749],5386,2025-12-03 19:28:02.416000,earthquake_local,ALAJF.HE_20251203192802_HH_EV
HE,ALAJF,HH,,,,500,manual,0.5,,2945,manual,0.5,20251211T111855Z_20251211T111955Z,,,,,,,,,,,,,,,,,[-0.0325 0.1077 2.1849],5999,2025-12-11 11:18:55.656000,earthquake_local,ALAJF.HE_20251211111855_HH_EV
HE,ALAJF,HH,,,,500,manual,0.5,,2474,manual,0.5,20251230T114341Z_20251230T114441Z,,,,,,,,,,,,,,,,,[-0.0417 0.0090 5.3534],5238,2025-12-30 11:43:41.276000,earthquake_local,ALAJF.HE_20251230114341_HH_EV
HE,FIA0,HH,,,,500,manual,0.5,,1954,manual,0.5,20250115T090339Z_20250115T090439Z,,,,,,,,,,,,,,,,,[0.3344 -1.7670 -3.0233],3990,2025-01-15 09:03:39.540000,earthquake_local,FIA0.HE_20250115090339_HH_EV
HE,FIA0,HH,,,,500,manual,0.5,,1283,manual,0.5,20250125T132029Z_20250125T132129Z,,,,,,,,,,,,,,,,,[0.3905 -0.3276 -0.8663],2379,2025-01-25 13:20:29.540000,earthquake_local,FIA0.HE_20250125132029_HH_EV
HE,FIA0,HH,,,,500,manual,0.5,,1482,manual,0.5,20250127T012955Z_20250127T013055Z,,,,,,,,,,,,,,,,,[-3.1410 6.5288 -2.6816],2857,2025-01-27 01:29:55.990000,earthquake_local,FIA0.HE_20250127012955_HH_EV
HE,FIA0,HH,,,,500,manual,0.5,,2006,manual,0.5,20250215T085602Z_20250215T085702Z,,,,,,,,,,,,,,,,,[0.4066 0.1814 -0.8504],4114,2025-02-15 08:56:02.140000,earthquake_local,FIA0.HE_20250215085602_HH_EV
HE,FIA0,HH,,,,500,manual,0.5,,1276,manual,0.5,20250425T182857Z_20250425T182957Z,,,,,,,,,,,,,,,,,[-0.1249 -0.2063 0.0694],2362,2025-04-25 18:28:57.320000,earthquake_local,FIA0.HE_20250425182857_HH_EV
HE,FIA0,HH,,,,500,manual,0.5,,2179,manual,0.5,20250425T183843Z_20250425T183943Z,,,,,,,,,,,,,,,,,[-0.1070 0.2197 -0.1753],4530,2025-04-25 18:38:43.040000,earthquake_local,FIA0.HE_20250425183843_HH_EV
HE,FIA0,HH,,,,500,manual,0.5,,1302,manual,0.5,20250425T210901Z_20250425T211001Z,,,,,,,,,,,,,,,,,[-0.0341 0.5638 0.0034],2425,2025-04-25 21:09:01.520000,earthquake_local,FIA0.HE_20250425210901_HH_EV
HE,FIA0,HH,,,,500,manual,0.5,,1297,manual,0.5,20250425T211323Z_20250425T211423Z,,,,,,,,,,,,,,,,,[-0.3258 -0.0489 -0.3683],2413,2025-04-25 21:13:23.660000,earthquake_local,FIA0.HE_20250425211323_HH_EV
HE,FIA0,HH,,,,500,manual,0.5,,1290,manual,0.5,20250425T214730Z_20250425T214830Z,,,,,,,,,,,,,,,,,[0.3263 0.0213 0.2504],2396,2025-04-25 21:47:30.100000,earthquake_local,FIA0.HE_20250425214730_HH_EV
HE,FIA0,HH,,,,500,manual,0.5,,1325,manual,0.5,20250425T235034Z_20250425T235134Z,,,,,,,,,,,,,,,,,[0.2131 -0.0958 0.3624],2480,2025-04-25 23:50:34.790000,earthquake_local,FIA0.HE_20250425235034_HH_EV
HE,FIA0,HH,,,,500,manual,0.5,,2136,manual,0.5,20250430T120430Z_20250430T120530Z,,,,,,,,,,,,,,,,,[1.2440 0.1779 0.5096],4426,2025-04-30 12:04:30.320000,earthquake_local,FIA0.HE_20250430120430_HH_EV
HE,FIA0,HH,,,,500,manual,0.5,,2109,manual,0.5,20250430T161143Z_20250430T161243Z,,,,,,,,,,,,,,,,,[1.6336 -0.4690 3.5088],4362,2025-04-30 16:11:43.160000,earthquake_local,FIA0.HE_20250430161143_HH_EV
HE,FIA0,HH,,,,500,manual,0.5,,2106,manual,0.5,20250430T213907Z_20250430T214007Z,,,,,,,,,,,,,,,,,[0.0670 0.1650 0.7823],4354,2025-04-30 21:39:07.060000,earthquake_local,FIA0.HE_20250430213907_HH_EV
HE,FIA0,HH,,,,500,manual,0.5,,1994,manual,0.5,20250507T104649Z_20250507T104749Z,,,,,,,,,,,,,,,,,[0.0166 -0.8105 -0.8110],4086,2025-05-07 10:46:49.670000,earthquake_local,FIA0.HE_20250507104649_HH_EV
HE,FIA0,HH,,,,500,manual,0.5,,2079,manual,0.5,20250510T001306Z_20250510T001406Z,,,,,,,,,,,,,,,,,[0.1683 1.1478 0.1771],4290,2025-05-10 00:13:06.780000,earthquake_local,FIA0.HE_20250510001306_HH_EV
HE,FIA0,HH,,,,500,manual,0.5,,2074,manual,0.5,20250514T212422Z_20250514T212522Z,,,,,,,,,,,,,,,,,[-0.0856 -4.4263 -0.8300],4278,2025-05-14 21:24:22.230000,earthquake_local,FIA0.HE_20250514212422_HH_EV
HE,FIA0,HH,,,,500,manual,0.5,,2123,manual,0.5,20250514T213746Z_20250514T213846Z,,,,,,,,,,,,,,,,,[0.3053 -1.7811 0.2169],4395,2025-05-14 21:37:46.880000,earthquake_local,FIA0.HE_20250514213746_HH_EV
HE,FIA0,HH,,,,500,manual,0.5,,2111,manual,0.5,20250514T214549Z_20250514T214649Z,,,,,,,,,,,,,,,,,[-0.2392 0.4994 0.6818],4366,2025-05-14 21:45:49.050000,earthquake_local,FIA0.HE_20250514214549_HH_EV
HE,FIA0,HH,,,,500,manual,0.5,,2221,manual,0.5,20250603T100749Z_20250603T100849Z,,,,,,,,,,,,,,,,,[0.3315 1.8213 -1.2768],4630,2025-06-03 10:07:49.500000,earthquake_local,FIA0.HE_20250603100749_HH_EV
HE,FIA0,HH,,,,500,manual,0.5,,1862,manual,0.5,20250607T191551Z_20250607T191651Z,,,,,,,,,,,,,,,,,[-0.0456 -0.0733 0.1946],3769,2025-06-07 19:15:51.700000,earthquake_local,FIA0.HE_20250607191551_HH_EV
HE,FIA0,HH,,,,500,manual,0.5,,2856,manual,0.5,20250613T143816Z_20250613T143916Z,,,,,,,,,,,,,,,,,[-0.0632 -4.1634 0.3072],5999,2025-06-13 14:38:16.250000,earthquake_local,FIA0.HE_20250613143816_HH_EV
HE,FIA0,HH,,,,500,manual,0.5,,970,manual,0.5,20250629T201527Z_20250629T201627Z,,,,,,,,,,,,,,,,,[0.9043 3.8007 4.5657],1628,2025-06-29 20:15:27.260000,earthquake_local,FIA0.HE_20250629201527_HH_EV
HE,FIA0,HH,,,,500,manual,0.5,,1435,manual,0.5,20250701T212400Z_20250701T212500Z,,,,,,,,,,,,,,,,,[-0.1280 -0.4090 -0.0861],2744,2025-07-01 21:24:00.890000,earthquake_local,FIA0.HE_20250701212400_HH_EV
HE,FIA0,HH,,,,500,manual,0.5,,3674,manual,0.5,20250703T171929Z_20250703T172029Z,,,,,,,,,,,,,,,,,[3.2605 -1.0089 6.1123],5999,2025-07-03 17:19:29.820000,earthquake_local,FIA0.HE_20250703171929_HH_EV
HE,FIA0,HH,,,,500,manual,0.5,,2140,manual,0.5,20250715T001545Z_20250715T001645Z,,,,,,,,,,,,,,,,,[0.1374 0.4345 0.2445],4436,2025-07-15 00:15:45.010000,earthquake_local,FIA0.HE_20250715001545_HH_EV
HE,FIA0,HH,,,,500,manual,0.5,,3837,manual,0.5,20250727T015835Z_20250727T015935Z,,,,,,,,,,,,,,,,,[-0.2985 -0.1267 -0.3643],5999,2025-07-27 01:58:35.570000,earthquake_local,FIA0.HE_20250727015835_HH_EV
HE,FIA0,HH,,,,500,manual,0.5,,2081,manual,0.5,20250730T081803Z_20250730T081903Z,,,,,,,,,,,,,,,,,[17.7392 -2.1666 2.9897],4294,2025-07-30 08:18:03.420000,earthquake_local,FIA0.HE_20250730081803_HH_EV
HE,FIA0,HH,,,,500,manual,0.5,,2176,manual,0.5,20250801T002005Z_20250801T002105Z,,,,,,,,,,,,,,,,,[-0.1427 -0.0147 0.3169],4522,2025-08-01 00:20:05.030000,earthquake_local,FIA0.HE_20250801002005_HH_EV
HE,FIA0,HH,,,,500,manual,0.5,,2160,manual,0.5,20250803T171116Z_20250803T171216Z,,,,,,,,,,,,,,,,,[-0.0987 -0.0918 -0.3344],4484,2025-08-03 17:11:16.630000,earthquake_local,FIA0.HE_20250803171116_HH_EV
HE,FIA0,HH,,,,500,manual,0.5,,2193,manual,0.5,20250813T104028Z_20250813T104128Z,,,,,,,,,,,,,,,,,[-0.9715 -1.2878 -0.1012],4563,2025-08-13 10:40:28.050000,earthquake_local,FIA0.HE_20250813104028_HH_EV
HE,FIA0,HH,,,,500,manual,0.5,,1454,manual,0.5,20250813T150637Z_20250813T150737Z,,,,,,,,,,,,,,,,,[-0.1758 -0.0997 -0.1615],2790,2025-08-13 15:06:37.370000,earthquake_local,FIA0.HE_20250813150637_HH_EV
HE,FIA0,HH,,,,500,manual,0.5,,1466,manual,0.5,20250813T151840Z_20250813T151940Z,,,,,,,,,,,,,,,,,[0.2582 3.2072 0.0238],2818,2025-08-13 15:18:40.500000,earthquake_local,FIA0.HE_20250813151840_HH_EV
HE,FIA0,HH,,,,500,manual,0.5,,1439,manual,0.5,20250813T152230Z_20250813T152330Z,,,,,,,,,,,,,,,,,[0.6531 1.6567 -0.0087],2754,2025-08-13 15:22:30.720000,earthquake_local,FIA0.HE_20250813152230_HH_EV
HE,FIA0,HH,,,,500,manual,0.5,,1424,manual,0.5,20250813T152549Z_20250813T152649Z,,,,,,,,,,,,,,,,,[0.0541 -0.4170 0.0422],2718,2025-08-13 15:25:49.180000,earthquake_local,FIA0.HE_20250813152549_HH_EV
HE,FIA0,HH,,,,500,manual,0.5,,3224,manual,0.5,20250818T201343Z_20250818T201443Z,,,,,,,,,,,,,,,,,[0.2682 -1.3900 -0.0541],5999,2025-08-18 20:13:43.170000,earthquake_local,FIA0.HE_20250818201343_HH_EV
HE,FIA0,HH,,,,500,manual,0.5,,3281,manual,0.5,20250824T012023Z_20250824T012123Z,,,,,,,,,,,,,,,,,[-0.6022 -0.0727 0.3642],5999,2025-08-24 01:20:23.750000,earthquake_local,FIA0.HE_20250824012023_HH_EV
HE,FIA0,HH,,,,500,manual,0.5,,1737,manual,0.5,20250828T130449Z_20250828T130549Z,,,,,,,,,,,,,,,,,[0.9469 0.6787 0.1703],3469,2025-08-28 13:04:49.010000,earthquake_local,FIA0.HE_20250828130449_HH_EV
HE,FIA0,HH,,,,500,manual,0.5,,1245,manual,0.5,20250906T050256Z_20250906T050356Z,,,,,,,,,,,,,,,,,[-0.2615 -0.0646 -0.4461],2288,2025-09-06 05:02:56.210000,earthquake_local,FIA0.HE_20250906050256_HH_EV
HE,FIA0,HH,,,,500,manual,0.5,,1477,manual,0.5,20250909T163101Z_20250909T163201Z,,,,,,,,,,,,,,,,,[0.0468 0.0453 -0.0603],2845,2025-09-09 16:31:01.650000,earthquake_local,FIA0.HE_20250909163101_HH_EV
HE,FIA0,HH,,,,500,manual,0.5,,1432,manual,0.5,20250914T060208Z_20250914T060308Z,,,,,,,,,,,,,,,,,[-0.9978 -0.3316 0.0401],2737,2025-09-14 06:02:08.580000,earthquake_local,FIA0.HE_20250914060208_HH_EV
HE,FIA0,HH,,,,500,manual,0.5,,1436,manual,0.5,20250914T074928Z_20250914T075028Z,,,,,,,,,,,,,,,,,[-2.3877 0.4283 -0.0737],2746,2025-09-14 07:49:28.990000,earthquake_local,FIA0.HE_20250914074928_HH_EV
HE,FIA0,HH,,,,500,manual,0.5,,1468,manual,0.5,20250914T190749Z_20250914T190849Z,,,,,,,,,,,,,,,,,[-0.6635 2.3577 -0.5906],2823,2025-09-14 19:07:49.160000,earthquake_local,FIA0.HE_20250914190749_HH_EV
HE,FIA0,HH,,,,500,manual,0.5,,1408,manual,0.5,20250920T145131Z_20250920T145231Z,,,,,,,,,,,,,,,,,[-0.1104 -0.0340 0.2175],2679,2025-09-20 14:51:31.440000,earthquake_local,FIA0.HE_20250920145131_HH_EV
HE,FIA0,HH,,,,500,manual,0.5,,1433,manual,0.5,20250924T025431Z_20250924T025531Z,,,,,,,,,,,,,,,,,[0.4103 2.3455 -0.5495],2739,2025-09-24 02:54:31.870000,earthquake_local,FIA0.HE_20250924025431_HH_EV
HE,FIA0,HH,,,,500,manual,0.5,,1455,manual,0.5,20250927T215832Z_20250927T215932Z,,,,,,,,,,,,,,,,,[0.5933 -3.5526 2.6054],2792,2025-09-27 21:58:32.310000,earthquake_local,FIA0.HE_20250927215832_HH_EV
HE,FIA0,HH,,,,500,manual,0.5,,1601,manual,0.5,20251003T171552Z_20251003T171652Z,,,,,,,,,,,,,,,,,[-1.0571 2.7264 2.0351],3142,2025-10-03 17:15:52.960000,earthquake_local,FIA0.HE_20251003171552_HH_EV
HE,FIA0,HH,,,,500,manual,0.5,,2062,manual,0.5,20251008T061305Z_20251008T061405Z,,,,,,,,,,,,,,,,,[-2.6085 4.2016 -1.3164],4249,2025-10-08 06:13:05.510000,earthquake_local,FIA0.HE_20251008061305_HH_EV
HE,FIA0,HH,,,,500,manual,0.5,,1441,manual,0.5,20251009T015545Z_20251009T015645Z,,,,,,,,,,,,,,,,,[-1.3544 2.1426 0.6197],2758,2025-10-09 01:55:45.610000,earthquake_local,FIA0.HE_20251009015545_HH_EV
HE,FIA0,HH,,,,500,manual,0.5,,1428,manual,0.5,20251011T133130Z_20251011T133230Z,,,,,,,,,,,,,,,,,[0.5761 -1.1733 2.2326],2727,2025-10-11 13:31:30.510000,earthquake_local,FIA0.HE_20251011133130_HH_EV
HE,FIA0,HH,,,,500,manual,0.5,,3482,manual,0.5,20251012T173840Z_20251012T173940Z,,,,,,,,,,,,,,,,,[-0.7992 0.0974 0.3726],5999,2025-10-12 17:38:40.370000,earthquake_local,FIA0.HE_20251012173840_HH_EV
HE,FIA0,HH,,,,500,manual,0.5,,1428,manual,0.5,20251015T034044Z_20251015T034144Z,,,,,,,,,,,,,,,,,[3.8698 0.8679 -1.7200],2727,2025-10-15 03:40:44.250000,earthquake_local,FIA0.HE_20251015034044_HH_EV
HE,FIA0,HH,,,,500,manual,0.5,,1440,manual,0.5,20251018T035839Z_20251018T035939Z,,,,,,,,,,,,,,,,,[-0.0912 1.4616 -0.0363],2756,2025-10-18 03:58:39.970000,earthquake_local,FIA0.HE_20251018035839_HH_EV
HE,FIA0,HH,,,,500,manual,0.5,,1387,manual,0.5,20251018T043943Z_20251018T044043Z,,,,,,,,,,,,,,,,,[0.3166 1.0333 0.8202],2629,2025-10-18 04:39:43.390000,earthquake_local,FIA0.HE_20251018043943_HH_EV
HE,FIA0,HH,,,,500,manual,0.5,,1915,manual,0.5,20251107T205705Z_20251107T205805Z,,,,,,,,,,,,,,,,,[0.8410 -3.9643 0.1572],3896,2025-11-07 20:57:05.660000,earthquake_local,FIA0.HE_20251107205705_HH_EV
HE,FIA0,HH,,,,500,manual,0.5,,1437,manual,0.5,20251110T014539Z_20251110T014639Z,,,,,,,,,,,,,,,,,[-3.9319 -1.6689 -5.0183],2749,2025-11-10 01:45:39.090000,earthquake_local,FIA0.HE_20251110014539_HH_EV
HE,FIA0,HH,,,,500,manual,0.5,,3344,manual,0.5,20251203T192812Z_20251203T192912Z,,,,,,,,,,,,,,,,,[2.9624 -2.9087 1.0203],5999,2025-12-03 19:28:12.360000,earthquake_local,FIA0.HE_20251203192812_HH_EV
HE,FIA0,HH,,,,500,manual,0.5,,1413,manual,0.5,20251221T061848Z_20251221T061948Z,,,,,,,,,,,,,,,,,[7.2115 -0.6920 -4.4043],2691,2025-12-21 06:18:48.010000,earthquake_local,FIA0.HE_20251221061848_HH_EV
HE,FIA0,HH,,,,500,manual,0.5,,2877,manual,0.5,20251222T221658Z_20251222T221758Z,,,,,,,,,,,,,,,,,[0.5379 1.2373 0.0466],5999,2025-12-22 22:16:58.180000,earthquake_local,FIA0.HE_20251222221658_HH_EV
HE,FIA0,HH,,,,500,manual,0.5,,1634,manual,0.5,20251230T114328Z_20251230T114428Z,,,,,,,,,,,,,,,,,[-1.6581 -2.7481 -0.3028],3222,2025-12-30 11:43:28.310000,earthquake_local,FIA0.HE_20251230114328_HH_EV
HE,FIA1,HH,,,,500,manual,0.5,,1954,manual,0.5,20250115T090339Z_20250115T090439Z,,,,,,,,,,,,,,,,,[0.3518 -3.1776 -5.7610],3990,2025-01-15 09:03:39.540000,earthquake_local,FIA1.HE_20250115090339_HH_EV
HE,FIA1,HH,,,,500,manual,0.5,,1282,manual,0.5,20250125T132029Z_20250125T132129Z,,,,,,,,,,,,,,,,,[-9.7819 -3.4562 -2.7816],2377,2025-01-25 13:20:29.540000,earthquake_local,FIA1.HE_20250125132029_HH_EV
HE,FIA1,HH,,,,500,manual,0.5,,1486,manual,0.5,20250127T012956Z_20250127T013056Z,,,,,,,,,,,,,,,,,[-4.8932 7.5118 -4.0900],2866,2025-01-27 01:29:56.110000,earthquake_local,FIA1.HE_20250127012956_HH_EV
HE,FIA1,HH,,,,500,manual,0.5,,2005,manual,0.5,20250215T085602Z_20250215T085702Z,,,,,,,,,,,,,,,,,[-1.8760 0.0247 -2.0355],4112,2025-02-15 08:56:02.150000,earthquake_local,FIA1.HE_20250215085602_HH_EV
HE,FIA1,HH,,,,500,manual,0.5,,1291,manual,0.5,20250425T182857Z_20250425T182957Z,,,,,,,,,,,,,,,,,[1.1421 -0.6953 0.0784],2398,2025-04-25 18:28:57.320000,earthquake_local,FIA1.HE_20250425182857_HH_EV
HE,FIA1,HH,,,,500,manual,0.5,,2179,manual,0.5,20250425T183843Z_20250425T183943Z,,,,,,,,,,,,,,,,,[-0.0148 -1.1896 -0.1842],4530,2025-04-25 18:38:43.040000,earthquake_local,FIA1.HE_20250425183843_HH_EV
HE,FIA1,HH,,,,500,manual,0.5,,1302,manual,0.5,20250425T210901Z_20250425T211001Z,,,,,,,,,,,,,,,,,[1.2557 1.0564 0.0974],2425,2025-04-25 21:09:01.520000,earthquake_local,FIA1.HE_20250425210901_HH_EV
HE,FIA1,HH,,,,500,manual,0.5,,1297,manual,0.5,20250425T211323Z_20250425T211423Z,,,,,,,,,,,,,,,,,[-2.3671 0.3451 -1.1561],2413,2025-04-25 21:13:23.660000,earthquake_local,FIA1.HE_20250425211323_HH_EV
HE,FIA1,HH,,,,500,manual,0.5,,1287,manual,0.5,20250425T214730Z_20250425T214830Z,,,,,,,,,,,,,,,,,[-0.3123 1.4679 1.7294],2389,2025-04-25 21:47:30.140000,earthquake_local,FIA1.HE_20250425214730_HH_EV
HE,FIA1,HH,,,,500,manual,0.5,,1325,manual,0.5,20250425T235034Z_20250425T235134Z,,,,,,,,,,,,,,,,,[1.6663 -0.1512 -0.1817],2480,2025-04-25 23:50:34.790000,earthquake_local,FIA1.HE_20250425235034_HH_EV
HE,FIA1,HH,,,,500,manual,0.5,,2136,manual,0.5,20250430T120430Z_20250430T120530Z,,,,,,,,,,,,,,,,,[0.2318 0.5501 -0.2194],4426,2025-04-30 12:04:30.320000,earthquake_local,FIA1.HE_20250430120430_HH_EV
HE,FIA1,HH,,,,500,manual,0.5,,2109,manual,0.5,20250430T161143Z_20250430T161243Z,,,,,,,,,,,,,,,,,[-0.2520 0.6306 0.6140],4362,2025-04-30 16:11:43.160000,earthquake_local,FIA1.HE_20250430161143_HH_EV
HE,FIA1,HH,,,,500,manual,0.5,,2106,manual,0.5,20250430T213907Z_20250430T214007Z,,,,,,,,,,,,,,,,,[0.7291 0.6708 0.0576],4354,2025-04-30 21:39:07.060000,earthquake_local,FIA1.HE_20250430213907_HH_EV
HE,FIA1,HH,,,,500,manual,0.5,,1993,manual,0.5,20250507T104649Z_20250507T104749Z,,,,,,,,,,,,,,,,,[-0.4437 -1.8215 0.1114],4083,2025-05-07 10:46:49.680000,earthquake_local,FIA1.HE_20250507104649_HH_EV
HE,FIA1,HH,,,,500,manual,0.5,,2101,manual,0.5,20250510T001306Z_20250510T001406Z,,,,,,,,,,,,,,,,,[0.1214 1.8491 -0.3689],4342,2025-05-10 00:13:06.560000,earthquake_local,FIA1.HE_20250510001306_HH_EV
HE,FIA1,HH,,,,500,manual,0.5,,2074,manual,0.5,20250514T212422Z_20250514T212522Z,,,,,,,,,,,,,,,,,[0.3308 -0.4267 -0.6515],4278,2025-05-14 21:24:22.230000,earthquake_local,FIA1.HE_20250514212422_HH_EV
HE,FIA1,HH,,,,500,manual,0.5,,2123,manual,0.5,20250514T213746Z_20250514T213846Z,,,,,,,,,,,,,,,,,[2.6032 -0.3899 0.2038],4395,2025-05-14 21:37:46.880000,earthquake_local,FIA1.HE_20250514213746_HH_EV
HE,FIA1,HH,,,,500,manual,0.5,,2111,manual,0.5,20250514T214549Z_20250514T214649Z,,,,,,,,,,,,,,,,,[0.4219 0.2317 0.5633],4366,2025-05-14 21:45:49.050000,earthquake_local,FIA1.HE_20250514214549_HH_EV
HE,FIA1,HH,,,,500,manual,0.5,,2221,manual,0.5,20250603T100749Z_20250603T100849Z,,,,,,,,,,,,,,,,,[-0.0208 0.0422 0.0836],4630,2025-06-03 10:07:49.500000,earthquake_local,FIA1.HE_20250603100749_HH_EV
HE,FIA1,HH,,,,500,manual,0.5,,1859,manual,0.5,20250607T191551Z_20250607T191651Z,,,,,,,,,,,,,,,,,[-0.2131 6.0045 0.3948],3762,2025-06-07 19:15:51.700000,earthquake_local,FIA1.HE_20250607191551_HH_EV
HE,FIA1,HH,,,,500,manual,0.5,,2856,manual,0.5,20250613T143816Z_20250613T143916Z,,,,,,,,,,,,,,,,,[-0.1454 0.1456 0.1575],5999,2025-06-13 14:38:16.250000,earthquake_local,FIA1.HE_20250613143816_HH_EV
HE,FIA1,HH,,,,500,manual,0.5,,969,manual,0.5,20250629T201527Z_20250629T201627Z,,,,,,,,,,,,,,,,,[-0.6673 3.7405 1.7168],1626,2025-06-29 20:15:27.260000,earthquake_local,FIA1.HE_20250629201527_HH_EV
HE,FIA1,HH,,,,500,manual,0.5,,1431,manual,0.5,20250701T212400Z_20250701T212500Z,,,,,,,,,,,,,,,,,[-0.4800 -0.3434 -0.0770],2734,2025-07-01 21:24:00.950000,earthquake_local,FIA1.HE_20250701212400_HH_EV
HE,FIA1,HH,,,,500,manual,0.5,,3684,manual,0.5,20250703T171929Z_20250703T172029Z,,,,,,,,,,,,,,,,,[-0.3019 0.7535 -0.0926],5999,2025-07-03 17:19:29.820000,earthquake_local,FIA1.HE_20250703171929_HH_EV
HE,FIA1,HH,,,,500,manual,0.5,,2155,manual,0.5,20250715T001545Z_20250715T001645Z,,,,,,,,,,,,,,,,,[0.6759 0.0617 -0.0439],4472,2025-07-15 00:15:45.160000,earthquake_local,FIA1.HE_20250715001545_HH_EV
HE,FIA1,HH,,,,500,manual,0.5,,3781,manual,0.5,20250727T015836Z_20250727T015936Z,,,,,,,,,,,,,,,,,[3.6894 -0.5289 0.0750],5999,2025-07-27 01:58:36.440000,earthquake_local,FIA1.HE_20250727015836_HH_EV
HE,FIA1,HH,,,,500,manual,0.5,,2081,manual,0.5,20250730T081803Z_20250730T081903Z,,,,,,,,,,,,,,,,,[-3.2701 4.4913 9.5542],4294,2025-07-30 08:18:03.420000,earthquake_local,FIA1.HE_20250730081803_HH_EV
HE,FIA1,HH,,,,500,manual,0.5,,2176,manual,0.5,20250801T002005Z_20250801T002105Z,,,,,,,,,,,,,,,,,[0.8543 1.2496 0.0589],4522,2025-08-01 00:20:05.030000,earthquake_local,FIA1.HE_20250801002005_HH_EV
HE,FIA1,HH,,,,500,manual,0.5,,2165,manual,0.5,20250803T171116Z_20250803T171216Z,,,,,,,,,,,,,,,,,[1.2339 0.2993 -0.5190],4496,2025-08-03 17:11:16.820000,earthquake_local,FIA1.HE_20250803171116_HH_EV
HE,FIA1,HH,,,,500,manual,0.5,,2156,manual,0.5,20250813T104028Z_20250813T104128Z,,,,,,,,,,,,,,,,,[-0.1085 -0.0289 0.0284],4474,2025-08-13 10:40:28.490000,earthquake_local,FIA1.HE_20250813104028_HH_EV
HE,FIA1,HH,,,,500,manual,0.5,,1445,manual,0.5,20250813T150637Z_20250813T150737Z,,,,,,,,,,,,,,,,,[2.2682 -0.1499 -0.0887],2768,2025-08-13 15:06:37.460000,earthquake_local,FIA1.HE_20250813150637_HH_EV
HE,FIA1,HH,,,,500,manual,0.5,,1444,manual,0.5,20250813T151840Z_20250813T151940Z,,,,,,,,,,,,,,,,,[-1.1931 -0.0205 0.0119],2766,2025-08-13 15:18:40.580000,earthquake_local,FIA1.HE_20250813151840_HH_EV
HE,FIA1,HH,,,,500,manual,0.5,,1455,manual,0.5,20250813T152230Z_20250813T152330Z,,,,,,,,,,,,,,,,,[9.7317 -0.0183 -0.0018],2792,2025-08-13 15:22:30.710000,earthquake_local,FIA1.HE_20250813152230_HH_EV
HE,FIA1,HH,,,,500,manual,0.5,,1405,manual,0.5,20250813T152549Z_20250813T152649Z,,,,,,,,,,,,,,,,,[4.2892 0.0048 0.0253],2672,2025-08-13 15:25:49.320000,earthquake_local,FIA1.HE_20250813152549_HH_EV
HE,FIA1,HH,,,,500,manual,0.5,,3221,manual,0.5,20250818T201343Z_20250818T201443Z,,,,,,,,,,,,,,,,,[1.4746 -0.8525 -0.4191],5999,2025-08-18 20:13:43.130000,earthquake_local,FIA1.HE_20250818201343_HH_EV
HE,FIA1,HH,,,,500,manual,0.5,,3245,manual,0.5,20250824T012023Z_20250824T012123Z,,,,,,,,,,,,,,,,,[-0.0433 0.6651 -0.3966],5999,2025-08-24 01:20:23.510000,earthquake_local,FIA1.HE_20250824012023_HH_EV
HE,FIA1,HH,,,,500,manual,0.5,,1736,manual,0.5,20250828T130449Z_20250828T130549Z,,,,,,,,,,,,,,,,,[0.2703 -0.0768 0.0359],3466,2025-08-28 13:04:49.020000,earthquake_local,FIA1.HE_20250828130449_HH_EV
HE,FIA1,HH,,,,500,manual,0.5,,1245,manual,0.5,20250906T050256Z_20250906T050356Z,,,,,,,,,,,,,,,,,[0.3604 -0.2315 -0.2309],2288,2025-09-06 05:02:56.210000,earthquake_local,FIA1.HE_20250906050256_HH_EV
HE,FIA1,HH,,,,500,manual,0.5,,1477,manual,0.5,20250909T163101Z_20250909T163201Z,,,,,,,,,,,,,,,,,[7.2531 1.8182 -0.0483],2845,2025-09-09 16:31:01.650000,earthquake_local,FIA1.HE_20250909163101_HH_EV
HE,FIA1,HH,,,,500,manual,0.5,,1432,manual,0.5,20250914T060208Z_20250914T060308Z,,,,,,,,,,,,,,,,,[-0.7071 -0.1212 0.0175],2737,2025-09-14 06:02:08.580000,earthquake_local,FIA1.HE_20250914060208_HH_EV
HE,FIA1,HH,,,,500,manual,0.5,,1422,manual,0.5,20250914T074929Z_20250914T075029Z,,,,,,,,,,,,,,,,,[-1.9928 0.7818 -0.0445],2713,2025-09-14 07:49:29.100000,earthquake_local,FIA1.HE_20250914074929_HH_EV
HE,FIA1,HH,,,,500,manual,0.5,,1468,manual,0.5,20250914T190749Z_20250914T190849Z,,,,,,,,,,,,,,,,,[-0.1630 0.6686 -0.7584],2823,2025-09-14 19:07:49.160000,earthquake_local,FIA1.HE_20250914190749_HH_EV
HE,FIA1,HH,,,,500,manual,0.5,,1404,manual,0.5,20250920T145131Z_20250920T145231Z,,,,,,,,,,,,,,,,,[5.6598 -0.0513 0.4304],2670,2025-09-20 14:51:31.470000,earthquake_local,FIA1.HE_20250920145131_HH_EV
HE,FIA1,HH,,,,500,manual,0.5,,1426,manual,0.5,20250924T025431Z_20250924T025531Z,,,,,,,,,,,,,,,,,[-0.8376 1.3853 -0.2976],2722,2025-09-24 02:54:31.870000,earthquake_local,FIA1.HE_20250924025431_HH_EV
HE,FIA1,HH,,,,500,manual,0.5,,1415,manual,0.5,20250927T215832Z_20250927T215932Z,,,,,,,,,,,,,,,,,[-0.9671 -0.0503 -5.6227],2696,2025-09-27 21:58:32.700000,earthquake_local,FIA1.HE_20250927215832_HH_EV
HE,FIA1,HH,,,,500,manual,0.5,,1601,manual,0.5,20251003T171552Z_20251003T171652Z,,,,,,,,,,,,,,,,,[-2.1910 4.4203 3.2545],3142,2025-10-03 17:15:52.960000,earthquake_local,FIA1.HE_20251003171552_HH_EV
HE,FIA1,HH,,,,500,manual,0.5,,2064,manual,0.5,20251008T061305Z_20251008T061405Z,,,,,,,,,,,,,,,,,[-3.9332 0.9141 -2.3018],4254,2025-10-08 06:13:05.500000,earthquake_local,FIA1.HE_20251008061305_HH_EV
HE,FIA1,HH,,,,500,manual,0.5,,1450,manual,0.5,20251009T015545Z_20251009T015645Z,,,,,,,,,,,,,,,,,[-1.7388 0.5425 1.2468],2780,2025-10-09 01:55:45.810000,earthquake_local,FIA1.HE_20251009015545_HH_EV
HE,FIA1,HH,,,,500,manual,0.5,,1428,manual,0.5,20251011T133130Z_20251011T133230Z,,,,,,,,,,,,,,,,,[-2.9250 2.1482 0.8803],2727,2025-10-11 13:31:30.510000,earthquake_local,FIA1.HE_20251011133130_HH_EV
HE,FIA1,HH,,,,500,manual,0.5,,1399,manual,0.5,20251011T133627Z_20251011T133727Z,,,,,,,,,,,,,,,,,[5.3013 -1.0201 0.0424],2658,2025-10-11 13:36:27.740000,earthquake_local,FIA1.HE_20251011133627_HH_EV
HE,FIA1,HH,,,,500,manual,0.5,,3501,manual,0.5,20251012T173840Z_20251012T173940Z,,,,,,,,,,,,,,,,,[2.4128 2.5790 0.3419],5999,2025-10-12 17:38:40.190000,earthquake_local,FIA1.HE_20251012173840_HH_EV
HE,FIA1,HH,,,,500,manual,0.5,,1420,manual,0.5,20251015T034044Z_20251015T034144Z,,,,,,,,,,,,,,,,,[6.9994 -0.3376 0.2515],2708,2025-10-15 03:40:44.390000,earthquake_local,FIA1.HE_20251015034044_HH_EV
HE,FIA1,HH,,,,500,manual,0.5,,1440,manual,0.5,20251018T035839Z_20251018T035939Z,,,,,,,,,,,,,,,,,[0.3403 0.0640 -0.1543],2756,2025-10-18 03:58:39.970000,earthquake_local,FIA1.HE_20251018035839_HH_EV
HE,FIA1,HH,,,,500,manual,0.5,,1387,manual,0.5,20251018T043943Z_20251018T044043Z,,,,,,,,,,,,,,,,,[1.1808 0.7242 0.2190],2629,2025-10-18 04:39:43.390000,earthquake_local,FIA1.HE_20251018043943_HH_EV
HE,FIA1,HH,,,,500,manual,0.5,,1915,manual,0.5,20251107T205705Z_20251107T205805Z,,,,,,,,,,,,,,,,,[0.7692 -1.5969 1.1874],3896,2025-11-07 20:57:05.660000,earthquake_local,FIA1.HE_20251107205705_HH_EV
HE,FIA1,HH,,,,500,manual,0.5,,1424,manual,0.5,20251110T014539Z_20251110T014639Z,,,,,,,,,,,,,,,,,[-5.6751 -5.4319 -3.1178],2718,2025-11-10 01:45:39.080000,earthquake_local,FIA1.HE_20251110014539_HH_EV
HE,FIA1,HH,,,,500,manual,0.5,,1413,manual,0.5,20251221T061848Z_20251221T061948Z,,,,,,,,,,,,,,,,,[9.5415 -1.0712 -5.2988],2691,2025-12-21 06:18:48.010000,earthquake_local,FIA1.HE_20251221061848_HH_EV
HE,FIA1,HH,,,,500,manual,0.5,,2877,manual,0.5,20251222T221658Z_20251222T221758Z,,,,,,,,,,,,,,,,,[0.2217 0.0444 0.1168],5999,2025-12-22 22:16:58.180000,earthquake_local,FIA1.HE_20251222221658_HH_EV
HE,FIA1,HH,,,,500,manual,0.5,,1632,manual,0.5,20251230T114328Z_20251230T114428Z,,,,,,,,,,,,,,,,,[-2.9396 -4.1670 0.9618],3217,2025-12-30 11:43:28.330000,earthquake_local,FIA1.HE_20251230114328_HH_EV
HE,HEF,HH,68.4062,23.6643,,500,manual,0.5,,1174,manual,0.5,20250101T092157Z_20250101T092257Z,,,,,,,,,,,,,,,,,[0.3318 0.5156 1.0212],2118,2025-01-01 09:21:57.650000,earthquake_local,HEF.HE_20250101092157_HH_EV
HE,HEF,HH,68.4062,23.6643,,500,manual,0.5,,2272,manual,0.5,20250102T044228Z_20250102T044328Z,,,,,,,,,,,,,,,,,[-3.1683 -1.6314 0.6475],4753,2025-01-02 04:42:28.790000,earthquake_local,HEF.HE_20250102044228_HH_EV
HE,HEF,HH,68.4062,23.6643,,500,manual,0.5,,1555,manual,0.5,20250105T161947Z_20250105T162047Z,,,,,,,,,,,,,,,,,[0.7562 0.7968 0.7285],3032,2025-01-05 16:19:47.020000,earthquake_local,HEF.HE_20250105161947_HH_EV
HE,HEF,HH,68.4062,23.6643,,500,manual,0.5,,3263,manual,0.5,20250110T124407Z_20250110T124507Z,,,,,,,,,,,,,,,,,[-3.3818 0.4767 -0.1793],5999,2025-01-10 12:44:07.910000,earthquake_local,HEF.HE_20250110124407_HH_EV
HE,HEF,HH,68.4062,23.6643,,500,manual,0.5,,3803,manual,0.5,20250115T012815Z_20250115T012915Z,,,,,,,,,,,,,,,,,[5.9082 0.8032 0.0469],5999,2025-01-15 01:28:15.500000,earthquake_local,HEF.HE_20250115012815_HH_EV
HE,HEF,HH,68.4062,23.6643,,500,manual,0.5,,2445,manual,0.5,20250115T075821Z_20250115T075921Z,,,,,,,,,,,,,,,,,[0.4775 -0.6581 -0.0624],5168,2025-01-15 07:58:21.430000,earthquake_local,HEF.HE_20250115075821_HH_EV
HE,HEF,HH,68.4062,23.6643,,500,manual,0.5,,2803,manual,0.5,20250115T105451Z_20250115T105551Z,,,,,,,,,,,,,,,,,[2.6940 -0.4767 -1.1780],5999,2025-01-15 10:54:51.080000,earthquake_local,HEF.HE_20250115105451_HH_EV
HE,HEF,HH,68.4062,23.6643,,500,manual,0.5,,2441,manual,0.5,20250117T213911Z_20250117T214011Z,,,,,,,,,,,,,,,,,[-1.2349 6.4693 -1.7399],5158,2025-01-17 21:39:11.900000,earthquake_local,HEF.HE_20250117213911_HH_EV
HE,HEF,HH,68.4062,23.6643,,500,manual,0.5,,2475,manual,0.5,20250117T234501Z_20250117T234601Z,,,,,,,,,,,,,,,,,[4.0564 -1.2862 -2.2863],5240,2025-01-17 23:45:01.810000,earthquake_local,HEF.HE_20250117234501_HH_EV
HE,HEF,HH,68.4062,23.6643,,500,manual,0.5,,2878,manual,0.5,20250121T122007Z_20250121T122107Z,,,,,,,,,,,,,,,,,[3.4034 0.0900 -2.8795],5999,2025-01-21 12:20:07.400000,earthquake_local,HEF.HE_20250121122007_HH_EV
HE,HEF,HH,68.4062,23.6643,,500,manual,0.5,,2814,manual,0.5,20250122T224743Z_20250122T224843Z,,,,,,,,,,,,,,,,,[-1.1750 -0.5479 -0.0869],5999,2025-01-22 22:47:43.150000,earthquake_local,HEF.HE_20250122224743_HH_EV
HE,HEF,HH,68.4062,23.6643,,500,manual,0.5,,1777,manual,0.5,20250124T182545Z_20250124T182645Z,,,,,,,,,,,,,,,,,[-3.7814 -1.6232 0.3141],3565,2025-01-24 18:25:45.740000,earthquake_local,HEF.HE_20250124182545_HH_EV
HE,HEF,HH,68.4062,23.6643,,500,manual,0.5,,1435,manual,0.5,20250126T204934Z_20250126T205034Z,,,,,,,,,,,,,,,,,[7.3315 -0.5633 12.0989],2744,2025-01-26 20:49:34.270000,earthquake_local,HEF.HE_20250126204934_HH_EV
HE,HEF,HH,68.4062,23.6643,,500,manual,0.5,,1204,manual,0.5,20250127T221851Z_20250127T221951Z,,,,,,,,,,,,,,,,,[3.8915 -4.2388 -4.4770],2190,2025-01-27 22:18:51.630000,earthquake_local,HEF.HE_20250127221851_HH_EV
HE,HEF,HH,68.4062,23.6643,,500,manual,0.5,,2849,manual,0.5,20250131T023211Z_20250131T023311Z,,,,,,,,,,,,,,,,,[2.2547 1.5671 1.2224],5999,2025-01-31 02:32:11.130000,earthquake_local,HEF.HE_20250131023211_HH_EV
HE,HEF,HH,68.4062,23.6643,,500,manual,0.5,,1134,manual,0.5,20250224T033047Z_20250224T033147Z,,,,,,,,,,,,,,,,,[-0.7149 3.6745 0.7217],2022,2025-02-24 03:30:47.500000,earthquake_local,HEF.HE_20250224033047_HH_EV
HE,HEF,HH,68.4062,23.6643,,500,manual,0.5,,2840,manual,0.5,20250227T183901Z_20250227T184001Z,,,,,,,,,,,,,,,,,[4.1929 -3.7542 -2.4824],5999,2025-02-27 18:39:01.190000,earthquake_local,HEF.HE_20250227183901_HH_EV
HE,HEF,HH,68.4062,23.6643,,500,manual,0.5,,2697,manual,0.5,20250228T090351Z_20250228T090451Z,,,,,,,,,,,,,,,,,[1.3247 -1.6078 0.9998],5773,2025-02-28 09:03:51.600000,earthquake_local,HEF.HE_20250228090351_HH_EV
HE,HEF,HH,68.4062,23.6643,,500,manual,0.5,,1209,manual,0.5,20250301T012349Z_20250301T012449Z,,,,,,,,,,,,,,,,,[4.6581 -0.6034 0.3991],2202,2025-03-01 01:23:50.000000,earthquake_local,HEF.HE_20250301012349_HH_EV
HE,HEF,HH,68.4062,23.6643,,500,manual,0.5,,3689,manual,0.5,20250301T062657Z_20250301T062757Z,,,,,,,,,,,,,,,,,[1.2889 -2.4850 -0.4995],5999,2025-03-01 06:26:57.690000,earthquake_local,HEF.HE_20250301062657_HH_EV
HE,HEF,HH,68.4062,23.6643,,500,manual,0.5,,2458,manual,0.5,20250304T080333Z_20250304T080433Z,,,,,,,,,,,,,,,,,[2.8123 5.1201 -0.2980],5199,2025-03-04 08:03:33.190000,earthquake_local,HEF.HE_20250304080333_HH_EV
HE,HEF,HH,68.4062,23.6643,,500,manual,0.5,,2380,manual,0.5,20250305T073109Z_20250305T073209Z,,,,,,,,,,,,,,,,,[5.3864 -4.1205 0.3419],5012,2025-03-05 07:31:09.200000,earthquake_local,HEF.HE_20250305073109_HH_EV
HE,HEF,HH,68.4062,23.6643,,500,manual,0.5,,2784,manual,0.5,20250313T161853Z_20250313T161953Z,,,,,,,,,,,,,,,,,[-2.0815 0.6948 -0.3065],5982,2025-03-13 16:18:53.630000,earthquake_local,HEF.HE_20250313161853_HH_EV
HE,HEF,HH,68.4062,23.6643,,500,manual,0.5,,2299,manual,0.5,20250316T030205Z_20250316T030305Z,,,,,,,,,,,,,,,,,[-6.0000 3.9750 0.2984],4818,2025-03-16 03:02:05.190000,earthquake_local,HEF.HE_20250316030205_HH_EV
HE,HEF,HH,68.4062,23.6643,,500,manual,0.5,,791,manual,0.5,20250317T083749Z_20250317T083849Z,,,,,,,,,,,,,,,,,[0.4301 1.6526 -0.5552],1198,2025-03-17 08:37:49.210000,earthquake_local,HEF.HE_20250317083749_HH_EV
HE,HEF,HH,68.4062,23.6643,,500,manual,0.5,,1365,manual,0.5,20250403T044311Z_20250403T044411Z,,,,,,,,,,,,,,,,,[-0.5929 0.2685 -4.0751],2576,2025-04-03 04:43:11.510000,earthquake_local,HEF.HE_20250403044311_HH_EV
HE,HEF,HH,68.4062,23.6643,,500,manual,0.5,,1437,manual,0.5,20250406T172556Z_20250406T172656Z,,,,,,,,,,,,,,,,,[-0.4895 0.5519 -0.8798],2749,2025-04-06 17:25:56.510000,earthquake_local,HEF.HE_20250406172556_HH_EV
HE,HEF,HH,68.4062,23.6643,,500,manual,0.5,,2271,manual,0.5,20250416T002827Z_20250416T002927Z,,,,,,,,,,,,,,,,,[4.9839 0.8496 -0.1052],4750,2025-04-16 00:28:27.260000,earthquake_local,HEF.HE_20250416002827_HH_EV
HE,HEF,HH,68.4062,23.6643,,500,manual,0.5,,2178,manual,0.5,20250426T203734Z_20250426T203834Z,,,,,,,,,,,,,,,,,[-5.0080 -0.4963 0.7606],4527,2025-04-26 20:37:34.150000,earthquake_local,HEF.HE_20250426203734_HH_EV
HE,HEF,HH,68.4062,23.6643,,500,manual,0.5,,1658,manual,0.5,20250427T053555Z_20250427T053655Z,,,,,,,,,,,,,,,,,[0.6898 -0.1631 0.2161],3279,2025-04-27 05:35:55.680000,earthquake_local,HEF.HE_20250427053555_HH_EV
HE,HEF,HH,68.4062,23.6643,,500,manual,0.5,,2702,manual,0.5,20250501T063341Z_20250501T063441Z,,,,,,,,,,,,,,,,,[-0.0239 1.0540 -2.1381],5785,2025-05-01 06:33:41.260000,earthquake_local,HEF.HE_20250501063341_HH_EV
HE,HEF,HH,68.4062,23.6643,,500,manual,0.5,,1036,manual,0.5,20250502T072938Z_20250502T073038Z,,,,,,,,,,,,,,,,,[3.9050 -0.4985 0.0201],1786,2025-05-02 07:29:38.540000,earthquake_local,HEF.HE_20250502072938_HH_EV
HE,HEF,HH,68.4062,23.6643,,500,manual,0.5,,1395,manual,0.5,20250509T033144Z_20250509T033244Z,,,,,,,,,,,,,,,,,[5.5596 0.1590 -0.0323],2648,2025-05-09 03:31:44.450000,earthquake_local,HEF.HE_20250509033144_HH_EV
HE,HEF,HH,68.4062,23.6643,,500,manual,0.5,,2472,manual,0.5,20250510T203717Z_20250510T203817Z,,,,,,,,,,,,,,,,,[6.1658 -2.8772 0.8283],5233,2025-05-10 20:37:17.390000,earthquake_local,HEF.HE_20250510203717_HH_EV
HE,HEF,HH,68.4062,23.6643,,500,manual,0.5,,2473,manual,0.5,20250511T013852Z_20250511T013952Z,,,,,,,,,,,,,,,,,[-1.5704 4.5362 0.1525],5235,2025-05-11 01:38:52.680000,earthquake_local,HEF.HE_20250511013852_HH_EV
HE,HEF,HH,68.4062,23.6643,,500,manual,0.5,,2274,manual,0.5,20250515T132034Z_20250515T132134Z,,,,,,,,,,,,,,,,,[0.2168 -3.4032 -0.4322],4758,2025-05-15 13:20:34.760000,earthquake_local,HEF.HE_20250515132034_HH_EV
HE,HEF,HH,68.4062,23.6643,,500,manual,0.5,,1594,manual,0.5,20250524T070656Z_20250524T070756Z,,,,,,,,,,,,,,,,,[-0.5710 -1.4115 -0.0364],3126,2025-05-24 07:06:56.730000,earthquake_local,HEF.HE_20250524070656_HH_EV
HE,HEF,HH,68.4062,23.6643,,500,manual,0.5,,1470,manual,0.5,20250524T115317Z_20250524T115417Z,,,,,,,,,,,,,,,,,[2.6555 -4.5475 -0.7915],2828,2025-05-24 11:53:17.090000,earthquake_local,HEF.HE_20250524115317_HH_EV
HE,HEF,HH,68.4062,23.6643,,500,manual,0.5,,3426,manual,0.5,20250608T042720Z_20250608T042820Z,,,,,,,,,,,,,,,,,[-3.3319 -0.6039 -0.3304],5999,2025-06-08 04:27:20.160000,earthquake_local,HEF.HE_20250608042720_HH_EV
HE,HEF,HH,68.4062,23.6643,,500,manual,0.5,,2249,manual,0.5,20250610T031639Z_20250610T031739Z,,,,,,,,,,,,,,,,,[-1.3315 -1.3676 0.1140],4698,2025-06-10 03:16:39.570000,earthquake_local,HEF.HE_20250610031639_HH_EV
HE,HEF,HH,68.4062,23.6643,,500,manual,0.5,,2142,manual,0.5,20250621T042201Z_20250621T042301Z,,,,,,,,,,,,,,,,,[3.0144 -0.7618 0.2692],4441,2025-06-21 04:22:01.740000,earthquake_local,HEF.HE_20250621042201_HH_EV
HE,HEF,HH,68.4062,23.6643,,500,manual,0.5,,1152,manual,0.5,20250703T144141Z_20250703T144241Z,,,,,,,,,,,,,,,,,[0.0765 0.5781 -0.0659],2065,2025-07-03 14:41:41.050000,earthquake_local,HEF.HE_20250703144141_HH_EV
HE,HEF,HH,68.4062,23.6643,,500,manual,0.5,,2331,manual,0.5,20250708T015414Z_20250708T015514Z,,,,,,,,,,,,,,,,,[0.9420 0.3706 0.2194],4894,2025-07-08 01:54:14.960000,earthquake_local,HEF.HE_20250708015414_HH_EV
HE,HEF,HH,68.4062,23.6643,,500,manual,0.5,,4407,manual,0.5,20250714T045829Z_20250714T045929Z,,,,,,,,,,,,,,,,,[0.0006 1.0901 0.7440],5999,2025-07-14 04:58:29.260000,earthquake_local,HEF.HE_20250714045829_HH_EV
HE,HEF,HH,68.4062,23.6643,,500,manual,0.5,,3812,manual,0.5,20250715T051645Z_20250715T051745Z,,,,,,,,,,,,,,,,,[2.0015 0.8734 0.1642],5999,2025-07-15 05:16:45.920000,earthquake_local,HEF.HE_20250715051645_HH_EV
HE,HEF,HH,68.4062,23.6643,,500,manual,0.5,,2634,manual,0.5,20250803T081305Z_20250803T081405Z,,,,,,,,,,,,,,,,,[1.7974 -0.4400 3.8587],5622,2025-08-03 08:13:05.120000,earthquake_local,HEF.HE_20250803081305_HH_EV
HE,HEF,HH,68.4062,23.6643,,500,manual,0.5,,2401,manual,0.5,20250822T033748Z_20250822T033848Z,,,,,,,,,,,,,,,,,[6.0796 14.9870 1.5261],5062,2025-08-22 03:37:48.690000,earthquake_local,HEF.HE_20250822033748_HH_EV
HE,HEF,HH,68.4062,23.6643,,500,manual,0.5,,2853,manual,0.5,20250823T210002Z_20250823T210102Z,,,,,,,,,,,,,,,,,[4.4167 -0.9939 0.1905],5999,2025-08-23 21:00:02.530000,earthquake_local,HEF.HE_20250823210002_HH_EV
HE,HEF,HH,68.4062,23.6643,,500,manual,0.5,,1761,manual,0.5,20250826T174936Z_20250826T175036Z,,,,,,,,,,,,,,,,,[-3.0167 -2.5916 -2.3958],3526,2025-08-26 17:49:36.710000,earthquake_local,HEF.HE_20250826174936_HH_EV
HE,HEF,HH,68.4062,23.6643,,500,manual,0.5,,4052,manual,0.5,20250904T120903Z_20250904T121003Z,,,,,,,,,,,,,,,,,[2.4643 -5.1466 1.1193],5999,2025-09-04 12:09:03.560000,earthquake_local,HEF.HE_20250904120903_HH_EV
HE,HEF,HH,68.4062,23.6643,,500,manual,0.5,,2195,manual,0.5,20250911T131746Z_20250911T131846Z,,,,,,,,,,,,,,,,,[0.2478 0.6888 0.2471],4568,2025-09-11 13:17:46.860000,earthquake_local,HEF.HE_20250911131746_HH_EV
HE,HEF,HH,68.4062,23.6643,,500,manual,0.5,,2177,manual,0.5,20250915T101744Z_20250915T101844Z,,,,,,,,,,,,,,,,,[-1.7511 -0.4287 -0.6921],4525,2025-09-15 10:17:44.510000,earthquake_local,HEF.HE_20250915101744_HH_EV
HE,HEF,HH,68.4062,23.6643,,500,manual,0.5,,1101,manual,0.5,20251009T113220Z_20251009T113320Z,,,,,,,,,,,,,,,,,[-0.2646 4.0043 -1.3580],1942,2025-10-09 11:32:20.120000,earthquake_local,HEF.HE_20251009113220_HH_EV
HE,HEF,HH,68.4062,23.6643,,500,manual,0.5,,1516,manual,0.5,20251012T004842Z_20251012T004942Z,,,,,,,,,,,,,,,,,[10.2026 0.3715 1.0193],2938,2025-10-12 00:48:42.160000,earthquake_local,HEF.HE_20251012004842_HH_EV
HE,HEF,HH,68.4062,23.6643,,500,manual,0.5,,1667,manual,0.5,20251012T115453Z_20251012T115553Z,,,,,,,,,,,,,,,,,[-1.0446 2.0781 -0.3296],3301,2025-10-12 11:54:53.270000,earthquake_local,HEF.HE_20251012115453_HH_EV
HE,HEF,HH,68.4062,23.6643,,500,manual,0.5,,2056,manual,0.5,20251017T200620Z_20251017T200720Z,,,,,,,,,,,,,,,,,[2.0020 1.7462 -1.2174],4234,2025-10-17 20:06:20.870000,earthquake_local,HEF.HE_20251017200620_HH_EV
HE,HEF,HH,68.4062,23.6643,,500,manual,0.5,,1883,manual,0.5,20251022T083828Z_20251022T083928Z,,,,,,,,,,,,,,,,,[2.2694 4.9545 0.4035],3819,2025-10-22 08:38:28.060000,earthquake_local,HEF.HE_20251022083828_HH_EV
HE,HEF,HH,68.4062,23.6643,,500,manual,0.5,,1796,manual,0.5,20251027T093102Z_20251027T093202Z,,,,,,,,,,,,,,,,,[-2.5526 -1.2772 -4.5778],3610,2025-10-27 09:31:02.010000,earthquake_local,HEF.HE_20251027093102_HH_EV
HE,HEF,HH,68.4062,23.6643,,500,manual,0.5,,2205,manual,0.5,20251103T221736Z_20251103T221836Z,,,,,,,,,,,,,,,,,[1.0378 -0.3993 0.9268],4592,2025-11-03 22:17:36.150000,earthquake_local,HEF.HE_20251103221736_HH_EV
HE,HEF,HH,68.4062,23.6643,,500,manual,0.5,,1151,manual,0.5,20251113T075133Z_20251113T075233Z,,,,,,,,,,,,,,,,,[-1.7581 -0.7817 3.8118],2062,2025-11-13 07:51:33.600000,earthquake_local,HEF.HE_20251113075133_HH_EV
HE,HEF,HH,68.4062,23.6643,,500,manual,0.5,,1806,manual,0.5,20251119T121151Z_20251119T121251Z,,,,,,,,,,,,,,,,,[-1.4028 -3.1863 0.5901],3634,2025-11-19 12:11:51.880000,earthquake_local,HEF.HE_20251119121151_HH_EV
HE,HEF,HH,68.4062,23.6643,,500,manual,0.5,,2854,manual,0.5,20251121T013337Z_20251121T013437Z,,,,,,,,,,,,,,,,,[2.6710 -0.4998 -0.5422],5999,2025-11-21 01:33:37.450000,earthquake_local,HEF.HE_20251121013337_HH_EV
HE,HEF,HH,68.4062,23.6643,,500,manual,0.5,,1864,manual,0.5,20251122T215445Z_20251122T215545Z,,,,,,,,,,,,,,,,,[0.4794 -5.4557 -1.3102],3774,2025-11-22 21:54:45.800000,earthquake_local,HEF.HE_20251122215445_HH_EV
HE,HEF,HH,68.4062,23.6643,,500,manual,0.5,,2207,manual,0.5,20251125T064801Z_20251125T064901Z,,,,,,,,,,,,,,,,,[0.0988 0.0390 -0.3970],4597,2025-11-25 06:48:01.110000,earthquake_local,HEF.HE_20251125064801_HH_EV
HE,HEF,HH,68.4062,23.6643,,500,manual,0.5,,1500,manual,0.5,20251202T004310Z_20251202T004410Z,,,,,,,,,,,,,,,,,[4.4736 1.4942 -1.7287],2900,2025-12-02 00:43:10.400000,earthquake_local,HEF.HE_20251202004310_HH_EV
HE,HEF,HH,68.4062,23.6643,,500,manual,0.5,,1600,manual,0.5,20251204T210348Z_20251204T210448Z,,,,,,,,,,,,,,,,,[0.1768 -0.7299 5.4511],3140,2025-12-04 21:03:48.560000,earthquake_local,HEF.HE_20251204210348_HH_EV
HE,HEF,HH,68.4062,23.6643,,500,manual,0.5,,2002,manual,0.5,20251208T051535Z_20251208T051635Z,,,,,,,,,,,,,,,,,[2.2984 -1.2197 -1.1772],4105,2025-12-08 05:15:35.750000,earthquake_local,HEF.HE_20251208051535_HH_EV
HE,HEF,HH,68.4062,23.6643,,500,manual,0.5,,2354,manual,0.5,20251209T140808Z_20251209T140908Z,,,,,,,,,,,,,,,,,[0.9678 -0.5400 4.6065],4950,2025-12-09 14:08:08.880000,earthquake_local,HEF.HE_20251209140808_HH_EV
HE,HEF,HH,68.4062,23.6643,,500,manual,0.5,,2913,manual,0.5,20251211T234453Z_20251211T234553Z,,,,,,,,,,,,,,,,,[8.6933 1.4760 -0.1556],5999,2025-12-11 23:44:53.820000,earthquake_local,HEF.HE_20251211234453_HH_EV
HE,HEF,HH,68.4062,23.6643,,500,manual,0.5,,1434,manual,0.5,20251215T175448Z_20251215T175548Z,,,,,,,,,,,,,,,,,[-1.7702 4.7829 0.2355],2742,2025-12-15 17:54:48.310000,earthquake_local,HEF.HE_20251215175448_HH_EV
HE,HEF,HH,68.4062,23.6643,,500,manual,0.5,,2822,manual,0.5,20251217T080010Z_20251217T080110Z,,,,,,,,,,,,,,,,,[3.4973 5.3467 3.1393],5999,2025-12-17 08:00:10.410000,earthquake_local,HEF.HE_20251217080010_HH_EV
HE,HEF,HH,68.4062,23.6643,,500,manual,0.5,,1624,manual,0.5,20251218T155234Z_20251218T155334Z,,,,,,,,,,,,,,,,,[1.4292 -2.7430 -1.9906],3198,2025-12-18 15:52:34.200000,earthquake_local,HEF.HE_20251218155234_HH_EV
HE,HEF,HH,68.4062,23.6643,,500,manual,0.5,,2240,manual,0.5,20251219T083730Z_20251219T083830Z,,,,,,,,,,,,,,,,,[1.1022 11.6085 -0.9043],4676,2025-12-19 08:37:30.790000,earthquake_local,HEF.HE_20251219083730_HH_EV
HE,HEF,HH,68.4062,23.6643,,500,manual,0.5,,1760,manual,0.5,20251222T125207Z_20251222T125307Z,,,,,,,,,,,,,,,,,[-0.3590 2.6704 4.7892],3524,2025-12-22 12:52:07.080000,earthquake_local,HEF.HE_20251222125207_HH_EV
HE,HEL1,HH,,,,500,manual,0.5,,2041,manual,0.5,20250115T090341Z_20250115T090441Z,,,,,,,,,,,,,,,,,[1.8285 0.6607 -0.2011],4198,2025-01-15 09:03:41.472000,earthquake_local,HEL1.HE_20250115090341_HH_EV
HE,HEL1,HH,,,,500,manual,0.5,,1874,manual,0.5,20250215T085601Z_20250215T085701Z,,,,,,,,,,,,,,,,,[-3.4208 -0.3711 -0.1290],3798,2025-02-15 08:56:01.032000,earthquake_local,HEL1.HE_20250215085601_HH_EV
HE,HEL1,HH,,,,500,manual,0.5,,2180,manual,0.5,20250430T213908Z_20250430T214008Z,,,,,,,,,,,,,,,,,[2.0147 0.7200 -0.3220],4532,2025-04-30 21:39:08.696000,earthquake_local,HEL1.HE_20250430213908_HH_EV
HE,HEL1,HH,,,,500,manual,0.5,,2183,manual,0.5,20250514T213748Z_20250514T213848Z,,,,,,,,,,,,,,,,,[1.8615 4.4499 0.0778],4539,2025-05-14 21:37:48.640000,earthquake_local,HEL1.HE_20250514213748_HH_EV
HE,HEL1,HH,,,,500,manual,0.5,,2187,manual,0.5,20250801T002006Z_20250801T002106Z,,,,,,,,,,,,,,,,,[-3.1424 -1.7389 -0.0288],4549,2025-08-01 00:20:06.700000,earthquake_local,HEL1.HE_20250801002006_HH_EV
HE,HEL1,HH,,,,500,manual,0.5,,1754,manual,0.5,20250824T012002Z_20250824T012102Z,,,,,,,,,,,,,,,,,[-0.0503 -1.1497 -0.0197],3510,2025-08-24 01:20:02.584000,earthquake_local,HEL1.HE_20250824012002_HH_EV
HE,HEL1,HH,,,,500,manual,0.5,,1882,manual,0.5,20251107T205705Z_20251107T205805Z,,,,,,,,,,,,,,,,,[-1.0102 0.9808 0.1281],3817,2025-11-07 20:57:05.492000,earthquake_local,HEL1.HE_20251107205705_HH_EV
HE,HEL1,HH,,,,500,manual,0.5,,805,manual,0.5,20251223T085615Z_20251223T085715Z,,,,,,,,,,,,,,,,,[-2.7297 1.5896 -0.0766],1232,2025-12-23 08:56:15.084000,earthquake_local,HEL1.HE_20251223085615_HH_EV
HE,HEL5,HH,,,,500,manual,0.5,,1979,manual,0.5,20250215T085602Z_20250215T085702Z,,,,,,,,,,,,,,,,,[-0.0534 -1.9738 0.7909],4050,2025-02-15 08:56:02.620000,earthquake_local,HEL5.HE_20250215085602_HH_EV
HE,HEL5,HH,,,,500,manual,0.5,,3189,manual,0.5,20250326T050659Z_20250326T050759Z,,,,,,,,,,,,,,,,,[0.3467 -2.1418 -0.0131],5999,2025-03-26 05:06:59.132000,earthquake_local,HEL5.HE_20250326050659_HH_EV
HE,HEL5,HH,,,,500,manual,0.5,,2970,manual,0.5,20250425T183853Z_20250425T183953Z,,,,,,,,,,,,,,,,,[0.8006 -7.3562 -0.0669],5999,2025-04-25 18:38:53.812000,earthquake_local,HEL5.HE_20250425183853_HH_EV
HE,HEL5,HH,,,,500,manual,0.5,,2290,manual,0.5,20250430T120433Z_20250430T120533Z,,,,,,,,,,,,,,,,,[0.2716 5.5460 -0.0275],4796,2025-04-30 12:04:33.432000,earthquake_local,HEL5.HE_20250430120433_HH_EV
HE,HEL5,HH,,,,500,manual,0.5,,2320,manual,0.5,20250514T213749Z_20250514T213849Z,,,,,,,,,,,,,,,,,[0.0493 1.7723 -0.0242],4868,2025-05-14 21:37:49.964000,earthquake_local,HEL5.HE_20250514213749_HH_EV
HE,HEL5,HH,,,,500,manual,0.5,,2308,manual,0.5,20250514T214552Z_20250514T214652Z,,,,,,,,,,,,,,,,,[-0.6137 12.0192 -0.0374],4839,2025-05-14 21:45:52.196000,earthquake_local,HEL5.HE_20250514214552_HH_EV
HE,HEL5,HH,,,,500,manual,0.5,,2297,manual,0.5,20250801T002008Z_20250801T002108Z,,,,,,,,,,,,,,,,,[0.3215 8.4492 0.4412],4813,2025-08-01 00:20:08.208000,earthquake_local,HEL5.HE_20250801002008_HH_EV
HE,HEL5,HH,,,,500,manual,0.5,,3121,manual,0.5,20250811T205901Z_20250811T210001Z,,,,,,,,,,,,,,,,,[-0.4824 1.7368 -0.0228],5999,2025-08-11 20:59:01.304000,earthquake_local,HEL5.HE_20250811205901_HH_EV
HE,HEL5,HH,,,,500,manual,0.5,,1602,manual,0.5,20250818T201321Z_20250818T201421Z,,,,,,,,,,,,,,,,,[0.1306 1.1702 -0.0090],3145,2025-08-18 20:13:21.772000,earthquake_local,HEL5.HE_20250818201321_HH_EV
HE,HEL5,HH,,,,500,manual,0.5,,1624,manual,0.5,20250824T012001Z_20250824T012101Z,,,,,,,,,,,,,,,,,[0.3894 1.1601 0.0028],3198,2025-08-24 01:20:01.204000,earthquake_local,HEL5.HE_20250824012001_HH_EV
HE,HEL5,HH,,,,500,manual,0.5,,1480,manual,0.5,20251003T171552Z_20251003T171652Z,,,,,,,,,,,,,,,,,[-1.5961 2.1229 -0.9797],2852,2025-10-03 17:15:52.368000,earthquake_local,HEL5.HE_20251003171552_HH_EV
HE,HEL5,HH,,,,500,manual,0.5,,3014,manual,0.5,20251012T173834Z_20251012T173934Z,,,,,,,,,,,,,,,,,[1.4821 8.3262 -0.0756],5999,2025-10-12 17:38:34.068000,earthquake_local,HEL5.HE_20251012173834_HH_EV
HE,HEL5,HH,,,,500,manual,0.5,,3051,manual,0.5,20251030T093232Z_20251030T093332Z,,,,,,,,,,,,,,,,,[0.0980 4.2632 -0.0708],5999,2025-10-30 09:32:32.336000,earthquake_local,HEL5.HE_20251030093232_HH_EV
HE,HEL5,HH,,,,500,manual,0.5,,1992,manual,0.5,20251107T205707Z_20251107T205807Z,,,,,,,,,,,,,,,,,[0.6000 4.7127 -0.0147],4081,2025-11-07 20:57:07.220000,earthquake_local,HEL5.HE_20251107205707_HH_EV
HE,HEL5,HH,,,,500,manual,0.5,,708,manual,0.5,20251223T085613Z_20251223T085713Z,,,,,,,,,,,,,,,,,[0.5808 0.8575 0.0224],999,2025-12-23 08:56:13.600000,earthquake_local,HEL5.HE_20251223085613_HH_EV
HE,JOF,HH,62.9187,31.3092,,500,manual,0.5,,3337,manual,0.5,20250607T191613Z_20250607T191713Z,,,,,,,,,,,,,,,,,[-0.7046 8.3710 2.8564],5999,2025-06-07 19:16:13.350000,earthquake_local,JOF.HE_20250607191613_HH_EV
HE,JOF,HH,62.9187,31.3092,,500,manual,0.5,,2304,manual,0.5,20250608T134008Z_20250608T134108Z,,,,,,,,,,,,,,,,,[9.0312 -2.3765 -1.0380],4830,2025-06-08 13:40:08.090000,earthquake_local,JOF.HE_20250608134008_HH_EV
HE,JOF,HH,62.9187,31.3092,,500,manual,0.5,,2437,manual,0.5,20250613T143811Z_20250613T143911Z,,,,,,,,,,,,,,,,,[-4.4126 1.0084 -3.2935],5149,2025-06-13 14:38:11.280000,earthquake_local,JOF.HE_20250613143811_HH_EV
HE,JOF,HH,62.9187,31.3092,,500,manual,0.5,,2869,manual,0.5,20251016T142559Z_20251016T142659Z,,,,,,,,,,,,,,,,,[4.5522 1.0425 0.0634],5999,2025-10-16 14:25:59.020000,earthquake_local,JOF.HE_20251016142559_HH_EV
HE,KAF,HH,62.1115,26.3061,,500,manual,0.5,,2671,manual,0.5,20250115T090350Z_20250115T090450Z,,,,,,,,,,,,,,,,,[-2.5525 -3.3003 -6.4251],5710,2025-01-15 09:03:50.060000,earthquake_local,KAF.HE_20250115090350_HH_EV
HE,KAF,HH,62.1115,26.3061,,500,manual,0.5,,1780,manual,0.5,20250125T132037Z_20250125T132137Z,,,,,,,,,,,,,,,,,[-6.4114 -0.8273 -7.2452],3572,2025-01-25 13:20:37.030000,earthquake_local,KAF.HE_20250125132037_HH_EV
HE,KAF,HH,62.1115,26.3061,,500,manual,0.5,,2282,manual,0.5,20250127T013006Z_20250127T013106Z,,,,,,,,,,,,,,,,,[4.4097 -5.2161 1.3283],4777,2025-01-27 01:30:06.600000,earthquake_local,KAF.HE_20250127013006_HH_EV
HE,KAF,HH,62.1115,26.3061,,500,manual,0.5,,2865,manual,0.5,20250215T085612Z_20250215T085712Z,,,,,,,,,,,,,,,,,[2.6203 -0.0565 -4.4380],5999,2025-02-15 08:56:12.650000,earthquake_local,KAF.HE_20250215085612_HH_EV
HE,KAF,HH,62.1115,26.3061,,500,manual,0.5,,2678,manual,0.5,20250425T183849Z_20250425T183949Z,,,,,,,,,,,,,,,,,[-1.9677 1.1304 -0.5252],5727,2025-04-25 18:38:49.510000,earthquake_local,KAF.HE_20250425183849_HH_EV
HE,KAF,HH,62.1115,26.3061,,500,manual,0.5,,2144,manual,0.5,20250425T214741Z_20250425T214841Z,,,,,,,,,,,,,,,,,[3.3862 -0.1089 1.6644],4446,2025-04-25 21:47:41.270000,earthquake_local,KAF.HE_20250425214741_HH_EV
HE,KAF,HH,62.1115,26.3061,,500,manual,0.5,,2832,manual,0.5,20250430T120439Z_20250430T120539Z,,,,,,,,,,,,,,,,,[1.3938 0.0288 2.6192],5999,2025-04-30 12:04:39.960000,earthquake_local,KAF.HE_20250430120439_HH_EV
HE,KAF,HH,62.1115,26.3061,,500,manual,0.5,,2812,manual,0.5,20250430T213916Z_20250430T214016Z,,,,,,,,,,,,,,,,,[-0.3513 -0.2096 4.7185],5999,2025-04-30 21:39:16.620000,earthquake_local,KAF.HE_20250430213916_HH_EV
HE,KAF,HH,62.1115,26.3061,,500,manual,0.5,,2793,manual,0.5,20250514T213756Z_20250514T213856Z,,,,,,,,,,,,,,,,,[-3.0378 -0.1025 4.0937],5999,2025-05-14 21:37:56.620000,earthquake_local,KAF.HE_20250514213756_HH_EV
HE,KAF,HH,62.1115,26.3061,,500,manual,0.5,,2199,manual,0.5,20250607T191556Z_20250607T191656Z,,,,,,,,,,,,,,,,,[0.8744 0.4119 0.2898],4578,2025-06-07 19:15:56.920000,earthquake_local,KAF.HE_20250607191556_HH_EV
HE,KAF,HH,62.1115,26.3061,,500,manual,0.5,,2432,manual,0.5,20250608T134009Z_20250608T134109Z,,,,,,,,,,,,,,,,,[7.8808 -0.3245 6.1551],5137,2025-06-08 13:40:09.490000,earthquake_local,KAF.HE_20250608134009_HH_EV
HE,KAF,HH,62.1115,26.3061,,500,manual,0.5,,2746,manual,0.5,20250613T143815Z_20250613T143915Z,,,,,,,,,,,,,,,,,[2.7926 0.1463 1.0401],5890,2025-06-13 14:38:15.540000,earthquake_local,KAF.HE_20250613143815_HH_EV
HE,KAF,HH,62.1115,26.3061,,500,manual,0.5,,4161,manual,0.5,20250628T154214Z_20250628T154314Z,,,,,,,,,,,,,,,,,[-1.3370 -0.4109 -2.3725],5999,2025-06-28 15:42:14.680000,earthquake_local,KAF.HE_20250628154214_HH_EV
HE,KAF,HH,62.1115,26.3061,,500,manual,0.5,,1778,manual,0.5,20250629T201538Z_20250629T201638Z,,,,,,,,,,,,,,,,,[2.0436 0.0340 10.8082],3567,2025-06-29 20:15:38.620000,earthquake_local,KAF.HE_20250629201538_HH_EV
HE,KAF,HH,62.1115,26.3061,,500,manual,0.5,,2323,manual,0.5,20250701T212412Z_20250701T212512Z,,,,,,,,,,,,,,,,,[-0.8667 2.1975 1.7586],4875,2025-07-01 21:24:12.920000,earthquake_local,KAF.HE_20250701212412_HH_EV
HE,KAF,HH,62.1115,26.3061,,500,manual,0.5,,2882,manual,0.5,20250703T171920Z_20250703T172020Z,,,,,,,,,,,,,,,,,[0.9130 0.0821 0.0609],5999,2025-07-03 17:19:20.400000,earthquake_local,KAF.HE_20250703171920_HH_EV
HE,KAF,HH,62.1115,26.3061,,500,manual,0.5,,4313,manual,0.5,20250727T015844Z_20250727T015944Z,,,,,,,,,,,,,,,,,[-1.6084 0.0023 5.0878],5999,2025-07-27 01:58:44.280000,earthquake_local,KAF.HE_20250727015844_HH_EV
HE,KAF,HH,62.1115,26.3061,,500,manual,0.5,,2880,manual,0.5,20250801T002014Z_20250801T002114Z,,,,,,,,,,,,,,,,,[1.3924 0.0257 1.1838],5999,2025-08-01 00:20:14.690000,earthquake_local,KAF.HE_20250801002014_HH_EV
HE,KAF,HH,62.1115,26.3061,,500,manual,0.5,,2455,manual,0.5,20250813T104032Z_20250813T104132Z,,,,,,,,,,,,,,,,,[0.8098 -0.2913 7.4437],5192,2025-08-13 10:40:32.510000,earthquake_local,KAF.HE_20250813104032_HH_EV
HE,KAF,HH,62.1115,26.3061,,500,manual,0.5,,1855,manual,0.5,20250906T050304Z_20250906T050404Z,,,,,,,,,,,,,,,,,[0.0819 0.0686 -1.8292],3752,2025-09-06 05:03:04.830000,earthquake_local,KAF.HE_20250906050304_HH_EV
HE,KAF,HH,62.1115,26.3061,,500,manual,0.5,,2309,manual,0.5,20250914T060220Z_20250914T060320Z,,,,,,,,,,,,,,,,,[-0.8320 0.4748 -5.9338],4842,2025-09-14 06:02:20.580000,earthquake_local,KAF.HE_20250914060220_HH_EV
HE,KAF,HH,62.1115,26.3061,,500,manual,0.5,,2261,manual,0.5,20250924T025443Z_20250924T025543Z,,,,,,,,,,,,,,,,,[-0.6676 2.6888 5.3269],4726,2025-09-24 02:54:44.000000,earthquake_local,KAF.HE_20250924025443_HH_EV
HE,KAF,HH,62.1115,26.3061,,500,manual,0.5,,2476,manual,0.5,20251003T171604Z_20251003T171704Z,,,,,,,,,,,,,,,,,[5.7838 -5.1139 6.1581],5242,2025-10-03 17:16:04.920000,earthquake_local,KAF.HE_20251003171604_HH_EV
HE,KAF,HH,62.1115,26.3061,,500,manual,0.5,,2293,manual,0.5,20251011T133142Z_20251011T133242Z,,,,,,,,,,,,,,,,,[-0.1325 0.8305 0.2869],4803,2025-10-11 13:31:42.620000,earthquake_local,KAF.HE_20251011133142_HH_EV
HE,KAF,HH,62.1115,26.3061,,500,manual,0.5,,2315,manual,0.5,20251018T035852Z_20251018T035952Z,,,,,,,,,,,,,,,,,[0.9285 -0.3337 1.2399],4856,2025-10-18 03:58:52.070000,earthquake_local,KAF.HE_20251018035852_HH_EV
HE,KAF,HH,62.1115,26.3061,,500,manual,0.5,,2262,manual,0.5,20251018T043955Z_20251018T044055Z,,,,,,,,,,,,,,,,,[-0.4515 0.0372 2.9017],4729,2025-10-18 04:39:55.610000,earthquake_local,KAF.HE_20251018043955_HH_EV
HE,KAF,HH,62.1115,26.3061,,500,manual,0.5,,2685,manual,0.5,20251107T205716Z_20251107T205816Z,,,,,,,,,,,,,,,,,[-1.9197 -0.9863 -1.3858],5744,2025-11-07 20:57:16.180000,earthquake_local,KAF.HE_20251107205716_HH_EV
HE,KAF,HH,62.1115,26.3061,,500,manual,0.5,,3411,manual,0.5,20251203T192812Z_20251203T192912Z,,,,,,,,,,,,,,,,,[4.0952 -1.5198 5.6960],5999,2025-12-03 19:28:12.360000,earthquake_local,KAF.HE_20251203192812_HH_EV
HE,KAF,HH,62.1115,26.3061,,500,manual,0.5,,2300,manual,0.5,20251221T061859Z_20251221T061959Z,,,,,,,,,,,,,,,,,[1.7187 -0.1591 3.7697],4820,2025-12-21 06:18:59.970000,earthquake_local,KAF.HE_20251221061859_HH_EV
HE,KAF,HH,62.1115,26.3061,,500,manual,0.5,,1930,manual,0.5,20251230T114332Z_20251230T114432Z,,,,,,,,,,,,,,,,,[12.8968 2.0575 2.2938],3932,2025-12-30 11:43:32.480000,earthquake_local,KAF.HE_20251230114332_HH_EV
HE,KEF,HH,62.1667,24.867,,500,manual,0.5,,3197,manual,0.5,20250115T090355Z_20250115T090455Z,,,,,,,,,,,,,,,,,[1.4871 2.5154 1.5239],5999,2025-01-15 09:03:55.350000,earthquake_local,KEF.HE_20250115090355_HH_EV
HE,KEF,HH,62.1667,24.867,,500,manual,0.5,,2424,manual,0.5,20250125T132045Z_20250125T132145Z,,,,,,,,,,,,,,,,,[-2.2605 2.9441 -3.5273],5118,2025-01-25 13:20:45.140000,earthquake_local,KEF.HE_20250125132045_HH_EV
HE,KEF,HH,62.1667,24.867,,500,manual,0.5,,2640,manual,0.5,20250127T013012Z_20250127T013112Z,,,,,,,,,,,,,,,,,[-1.0890 8.9829 3.2367],5636,2025-01-27 01:30:12.080000,earthquake_local,KEF.HE_20250127013012_HH_EV
HE,KEF,HH,62.1667,24.867,,500,manual,0.5,,3234,manual,0.5,20250215T085617Z_20250215T085717Z,,,,,,,,,,,,,,,,,[1.4202 -1.6090 -0.0360],5999,2025-02-15 08:56:17.670000,earthquake_local,KEF.HE_20250215085617_HH_EV
HE,KEF,HH,62.1667,24.867,,500,manual,0.5,,3643,manual,0.5,20250423T183524Z_20250423T183624Z,,,,,,,,,,,,,,,,,[-2.3191 1.0888 -0.3296],5999,2025-04-23 18:35:24.300000,earthquake_local,KEF.HE_20250423183524_HH_EV
HE,KEF,HH,62.1667,24.867,,500,manual,0.5,,3323,manual,0.5,20250425T183857Z_20250425T183957Z,,,,,,,,,,,,,,,,,[-1.9922 2.6447 -0.0685],5999,2025-04-25 18:38:57.610000,earthquake_local,KEF.HE_20250425183857_HH_EV
HE,KEF,HH,62.1667,24.867,,500,manual,0.5,,2502,manual,0.5,20250425T214746Z_20250425T214846Z,,,,,,,,,,,,,,,,,[3.9087 -0.9931 0.3230],5305,2025-04-25 21:47:46.850000,earthquake_local,KEF.HE_20250425214746_HH_EV
HE,KEF,HH,62.1667,24.867,,500,manual,0.5,,3258,manual,0.5,20250430T120446Z_20250430T120546Z,,,,,,,,,,,,,,,,,[3.8514 0.7267 0.3496],5999,2025-04-30 12:04:46.310000,earthquake_local,KEF.HE_20250430120446_HH_EV
HE,KEF,HH,62.1667,24.867,,500,manual,0.5,,3401,manual,0.5,20250430T213922Z_20250430T214022Z,,,,,,,,,,,,,,,,,[0.1433 2.2858 -0.1232],5999,2025-04-30 21:39:22.770000,earthquake_local,KEF.HE_20250430213922_HH_EV
HE,KEF,HH,62.1667,24.867,,500,manual,0.5,,3382,manual,0.5,20250510T001321Z_20250510T001421Z,,,,,,,,,,,,,,,,,[0.0590 -0.6112 0.0642],5999,2025-05-10 00:13:21.800000,earthquake_local,KEF.HE_20250510001321_HH_EV
HE,KEF,HH,62.1667,24.867,,500,manual,0.5,,3327,manual,0.5,20250514T213802Z_20250514T213902Z,,,,,,,,,,,,,,,,,[1.5432 8.9503 0.7065],5999,2025-05-14 21:38:02.780000,earthquake_local,KEF.HE_20250514213802_HH_EV
HE,KEF,HH,62.1667,24.867,,500,manual,0.5,,3352,manual,0.5,20250514T214604Z_20250514T214704Z,,,,,,,,,,,,,,,,,[0.7681 -0.8753 0.6380],5999,2025-05-14 21:46:04.940000,earthquake_local,KEF.HE_20250514214604_HH_EV
HE,KEF,HH,62.1667,24.867,,500,manual,0.5,,2878,manual,0.5,20250607T191606Z_20250607T191706Z,,,,,,,,,,,,,,,,,[-0.3863 1.0735 0.1600],5999,2025-06-07 19:16:06.680000,earthquake_local,KEF.HE_20250607191606_HH_EV
HE,KEF,HH,62.1667,24.867,,500,manual,0.5,,2969,manual,0.5,20250608T134016Z_20250608T134116Z,,,,,,,,,,,,,,,,,[5.3821 -1.2828 -2.3628],5999,2025-06-08 13:40:16.420000,earthquake_local,KEF.HE_20250608134016_HH_EV
HE,KEF,HH,62.1667,24.867,,500,manual,0.5,,3489,manual,0.5,20250628T154205Z_20250628T154305Z,,,,,,,,,,,,,,,,,[0.8369 -0.1169 -0.1943],5999,2025-06-28 15:42:05.520000,earthquake_local,KEF.HE_20250628154205_HH_EV
HE,KEF,HH,62.1667,24.867,,500,manual,0.5,,2162,manual,0.5,20250629T201544Z_20250629T201644Z,,,,,,,,,,,,,,,,,[-2.3202 1.4524 -0.6594],4489,2025-06-29 20:15:44.290000,earthquake_local,KEF.HE_20250629201544_HH_EV
HE,KEF,HH,62.1667,24.867,,500,manual,0.5,,2475,manual,0.5,20250701T212416Z_20250701T212516Z,,,,,,,,,,,,,,,,,[0.3274 -2.0480 -0.6094],5240,2025-07-01 21:24:16.260000,earthquake_local,KEF.HE_20250701212416_HH_EV
HE,KEF,HH,62.1667,24.867,,500,manual,0.5,,2708,manual,0.5,20250703T171918Z_20250703T172018Z,,,,,,,,,,,,,,,,,[0.3601 0.7618 0.1549],5799,2025-07-03 17:19:18.350000,earthquake_local,KEF.HE_20250703171918_HH_EV
HE,KEF,HH,62.1667,24.867,,500,manual,0.5,,3774,manual,0.5,20250727T015837Z_20250727T015937Z,,,,,,,,,,,,,,,,,[-0.3758 2.5458 0.3627],5999,2025-07-27 01:58:37.720000,earthquake_local,KEF.HE_20250727015837_HH_EV
HE,KEF,HH,62.1667,24.867,,500,manual,0.5,,3251,manual,0.5,20250801T002020Z_20250801T002120Z,,,,,,,,,,,,,,,,,[-0.4130 0.1871 0.0675],5999,2025-08-01 00:20:21.000000,earthquake_local,KEF.HE_20250801002020_HH_EV
HE,KEF,HH,62.1667,24.867,,500,manual,0.5,,3033,manual,0.5,20250811T205902Z_20250811T210002Z,,,,,,,,,,,,,,,,,[-2.3140 1.1359 -0.0780],5999,2025-08-11 20:59:02.150000,earthquake_local,KEF.HE_20250811205902_HH_EV
HE,KEF,HH,62.1667,24.867,,500,manual,0.5,,2637,manual,0.5,20250813T150653Z_20250813T150753Z,,,,,,,,,,,,,,,,,[0.5186 -3.2349 0.0459],5629,2025-08-13 15:06:53.790000,earthquake_local,KEF.HE_20250813150653_HH_EV
HE,KEF,HH,62.1667,24.867,,500,manual,0.5,,2603,manual,0.5,20250813T152247Z_20250813T152347Z,,,,,,,,,,,,,,,,,[0.8689 -0.5976 0.0045],5547,2025-08-13 15:22:47.030000,earthquake_local,KEF.HE_20250813152247_HH_EV
HE,KEF,HH,62.1667,24.867,,500,manual,0.5,,4242,manual,0.5,20250817T031546Z_20250817T031646Z,,,,,,,,,,,,,,,,,[0.0288 3.2682 0.3705],5999,2025-08-17 03:15:46.930000,earthquake_local,KEF.HE_20250817031546_HH_EV
HE,KEF,HH,62.1667,24.867,,500,manual,0.5,,3525,manual,0.5,20250824T012028Z_20250824T012128Z,,,,,,,,,,,,,,,,,[0.1716 0.5377 0.2323],5999,2025-08-24 01:20:28.800000,earthquake_local,KEF.HE_20250824012028_HH_EV
HE,KEF,HH,62.1667,24.867,,500,manual,0.5,,2696,manual,0.5,20250909T163117Z_20250909T163217Z,,,,,,,,,,,,,,,,,[-0.3164 0.2486 -0.0172],5770,2025-09-09 16:31:17.980000,earthquake_local,KEF.HE_20250909163117_HH_EV
HE,KEF,HH,62.1667,24.867,,500,manual,0.5,,2487,manual,0.5,20250914T060223Z_20250914T060323Z,,,,,,,,,,,,,,,,,[0.8378 -0.4833 0.0001],5269,2025-09-14 06:02:23.650000,earthquake_local,KEF.HE_20250914060223_HH_EV
HE,KEF,HH,62.1667,24.867,,500,manual,0.5,,2704,manual,0.5,20251003T171607Z_20251003T171707Z,,,,,,,,,,,,,,,,,[2.6554 6.5066 -1.6884],5790,2025-10-03 17:16:07.390000,earthquake_local,KEF.HE_20251003171607_HH_EV
HE,KEF,HH,62.1667,24.867,,500,manual,0.5,,2497,manual,0.5,20251011T133145Z_20251011T133245Z,,,,,,,,,,,,,,,,,[1.6190 6.6220 1.0702],5293,2025-10-11 13:31:45.400000,earthquake_local,KEF.HE_20251011133145_HH_EV
HE,KEF,HH,62.1667,24.867,,500,manual,0.5,,3060,manual,0.5,20251012T173834Z_20251012T173934Z,,,,,,,,,,,,,,,,,[4.0248 2.8783 -0.7251],5999,2025-10-12 17:38:34.590000,earthquake_local,KEF.HE_20251012173834_HH_EV
HE,KEF,HH,62.1667,24.867,,500,manual,0.5,,2501,manual,0.5,20251018T035855Z_20251018T035955Z,,,,,,,,,,,,,,,,,[1.1551 2.6406 0.4358],5302,2025-10-18 03:58:55.060000,earthquake_local,KEF.HE_20251018035855_HH_EV
HE,KEF,HH,62.1667,24.867,,500,manual,0.5,,2439,manual,0.5,20251018T043958Z_20251018T044058Z,,,,,,,,,,,,,,,,,[0.0908 2.9989 0.3481],5154,2025-10-18 04:39:58.940000,earthquake_local,KEF.HE_20251018043958_HH_EV
HE,KEF,HH,62.1667,24.867,,500,manual,0.5,,3142,manual,0.5,20251107T205721Z_20251107T205821Z,,,,,,,,,,,,,,,,,[0.8041 -4.8880 -0.7038],5999,2025-11-07 20:57:21.380000,earthquake_local,KEF.HE_20251107205721_HH_EV
HE,KEF,HH,62.1667,24.867,,500,manual,0.5,,3114,manual,0.5,20251113T032914Z_20251113T033014Z,,,,,,,,,,,,,,,,,[4.0305 2.0055 1.2917],5999,2025-11-13 03:29:15.000000,earthquake_local,KEF.HE_20251113032914_HH_EV
HE,KEF,HH,62.1667,24.867,,500,manual,0.5,,2497,manual,0.5,20251203T192801Z_20251203T192901Z,,,,,,,,,,,,,,,,,[1.9694 -2.6426 -0.5311],5293,2025-12-03 19:28:01.480000,earthquake_local,KEF.HE_20251203192801_HH_EV
HE,KEF,HH,62.1667,24.867,,500,manual,0.5,,2535,manual,0.5,20251221T061903Z_20251221T062003Z,,,,,,,,,,,,,,,,,[-2.9427 6.5759 0.2963],5384,2025-12-21 06:19:03.200000,earthquake_local,KEF.HE_20251221061903_HH_EV
HE,KEF,HH,62.1667,24.867,,500,manual,0.5,,3382,manual,0.5,20251223T085650Z_20251223T085750Z,,,,,,,,,,,,,,,,,[-0.7968 -0.6118 -0.2717],5999,2025-12-23 08:56:50.300000,earthquake_local,KEF.HE_20251223085650_HH_EV
HE,KEF,HH,62.1667,24.867,,500,manual,0.5,,1341,manual,0.5,20251230T114324Z_20251230T114424Z,,,,,,,,,,,,,,,,,[-1.3978 -0.6060 -1.5237],2518,2025-12-30 11:43:24.430000,earthquake_local,KEF.HE_20251230114324_HH_EV
HE,KEV,HH,69.75651,27.00356,,500,manual,0.5,,2671,manual,0.5,20250117T181158Z_20250117T181258Z,,,,,,,,,,,,,,,,,[1.2191 2.6884 -1.3695],5710,2025-01-17 18:11:58.310000,earthquake_local,KEV.HE_20250117181158_HH_EV
HE,KEV,HH,69.75651,27.00356,,500,manual,0.5,,1627,manual,0.5,20250121T121951Z_20250121T122051Z,,,,,,,,,,,,,,,,,[0.7023 -1.6354 -0.4350],3205,2025-01-21 12:19:51.540000,earthquake_local,KEV.HE_20250121121951_HH_EV
HE,KEV,HH,69.75651,27.00356,,500,manual,0.5,,1006,manual,0.5,20250122T224717Z_20250122T224817Z,,,,,,,,,,,,,,,,,[3.5751 0.1964 4.1704],1714,2025-01-22 22:47:17.810000,earthquake_local,KEV.HE_20250122224717_HH_EV
HE,KEV,HH,69.75651,27.00356,,500,manual,0.5,,2175,manual,0.5,20250126T190619Z_20250126T190719Z,,,,,,,,,,,,,,,,,[4.2412 -3.5157 6.3739],4520,2025-01-26 19:06:19.690000,earthquake_local,KEV.HE_20250126190619_HH_EV
HE,KEV,HH,69.75651,27.00356,,500,manual,0.5,,2360,manual,0.5,20250127T221907Z_20250127T222007Z,,,,,,,,,,,,,,,,,[-3.7749 -0.2834 3.3308],4964,2025-01-27 22:19:07.180000,earthquake_local,KEV.HE_20250127221907_HH_EV
HE,KEV,HH,69.75651,27.00356,,500,manual,0.5,,3315,manual,0.5,20250131T023216Z_20250131T023316Z,,,,,,,,,,,,,,,,,[-1.1579 2.0894 8.7605],5999,2025-01-31 02:32:16.570000,earthquake_local,KEV.HE_20250131023216_HH_EV
HE,KEV,HH,69.75651,27.00356,,500,manual,0.5,,4481,manual,0.5,20250202T003341Z_20250202T003441Z,,,,,,,,,,,,,,,,,[3.4946 1.7475 -0.7992],5999,2025-02-02 00:33:41.090000,earthquake_local,KEV.HE_20250202003341_HH_EV
HE,KEV,HH,69.75651,27.00356,,500,manual,0.5,,1654,manual,0.5,20250225T231136Z_20250225T231236Z,,,,,,,,,,,,,,,,,[-0.1860 2.2930 8.6060],3270,2025-02-25 23:11:36.850000,earthquake_local,KEV.HE_20250225231136_HH_EV
HE,KEV,HH,69.75651,27.00356,,500,manual,0.5,,1000,manual,0.5,20250227T183836Z_20250227T183936Z,,,,,,,,,,,,,,,,,[9.7498 -3.5060 1.7848],1700,2025-02-27 18:38:36.840000,earthquake_local,KEV.HE_20250227183836_HH_EV
HE,KEV,HH,69.75651,27.00356,,500,manual,0.5,,3264,manual,0.5,20250305T073120Z_20250305T073220Z,,,,,,,,,,,,,,,,,[2.0868 2.8363 -3.3852],5999,2025-03-05 07:31:20.570000,earthquake_local,KEV.HE_20250305073120_HH_EV
HE,KEV,HH,69.75651,27.00356,,500,manual,0.5,,1309,manual,0.5,20250313T161833Z_20250313T161933Z,,,,,,,,,,,,,,,,,[3.2748 4.7362 0.1040],2442,2025-03-13 16:18:33.480000,earthquake_local,KEV.HE_20250313161833_HH_EV
HE,KEV,HH,69.75651,27.00356,,500,manual,0.5,,2926,manual,0.5,20250317T083819Z_20250317T083919Z,,,,,,,,,,,,,,,,,[-2.3952 -3.0676 -3.5350],5999,2025-03-17 08:38:19.030000,earthquake_local,KEV.HE_20250317083819_HH_EV
HE,KEV,HH,69.75651,27.00356,,500,manual,0.5,,1752,manual,0.5,20250426T203729Z_20250426T203829Z,,,,,,,,,,,,,,,,,[0.2313 -0.7014 -0.4344],3505,2025-04-26 20:37:29.030000,earthquake_local,KEV.HE_20250426203729_HH_EV
HE,KEV,HH,69.75651,27.00356,,500,manual,0.5,,1993,manual,0.5,20250524T115324Z_20250524T115424Z,,,,,,,,,,,,,,,,,[-0.4434 6.9223 1.3051],4083,2025-05-24 11:53:24.590000,earthquake_local,KEV.HE_20250524115324_HH_EV
HE,KEV,HH,69.75651,27.00356,,500,manual,0.5,,2420,manual,0.5,20250703T144158Z_20250703T144258Z,,,,,,,,,,,,,,,,,[2.2863 -3.8477 -7.0387],5108,2025-07-03 14:41:58.100000,earthquake_local,KEV.HE_20250703144158_HH_EV
HE,KEV,HH,69.75651,27.00356,,500,manual,0.5,,1672,manual,0.5,20250708T015406Z_20250708T015506Z,,,,,,,,,,,,,,,,,[-2.2804 1.1046 0.3626],3313,2025-07-08 01:54:06.210000,earthquake_local,KEV.HE_20250708015406_HH_EV
HE,KEV,HH,69.75651,27.00356,,500,manual,0.5,,4166,manual,0.5,20250714T045833Z_20250714T045933Z,,,,,,,,,,,,,,,,,[0.3591 1.1675 1.1345],5999,2025-07-14 04:58:33.240000,earthquake_local,KEV.HE_20250714045833_HH_EV
HE,KEV,HH,69.75651,27.00356,,500,manual,0.5,,4165,manual,0.5,20250715T051649Z_20250715T051749Z,,,,,,,,,,,,,,,,,[1.8131 5.7664 4.1065],5999,2025-07-15 05:16:49.920000,earthquake_local,KEV.HE_20250715051649_HH_EV
HE,KEV,HH,69.75651,27.00356,,500,manual,0.5,,2123,manual,0.5,20250922T083411Z_20250922T083511Z,,,,,,,,,,,,,,,,,[8.6519 3.0063 1.2029],4395,2025-09-22 08:34:11.650000,earthquake_local,KEV.HE_20250922083411_HH_EV
HE,KEV,HH,69.75651,27.00356,,500,manual,0.5,,2755,manual,0.5,20251012T004859Z_20251012T004959Z,,,,,,,,,,,,,,,,,[5.2283 -4.4677 -4.0691],5912,2025-10-12 00:48:59.470000,earthquake_local,KEV.HE_20251012004859_HH_EV
HE,KEV,HH,69.75651,27.00356,,500,manual,0.5,,998,manual,0.5,20251024T175249Z_20251024T175349Z,,,,,,,,,,,,,,,,,[-2.7181 0.9626 -0.9684],1695,2025-10-24 17:52:49.120000,earthquake_local,KEV.HE_20251024175249_HH_EV
HE,KEV,HH,69.75651,27.00356,,500,manual,0.5,,1836,manual,0.5,20251027T093102Z_20251027T093202Z,,,,,,,,,,,,,,,,,[5.1320 1.8214 4.1345],3706,2025-10-27 09:31:02.530000,earthquake_local,KEV.HE_20251027093102_HH_EV
HE,KEV,HH,69.75651,27.00356,,500,manual,0.5,,1588,manual,0.5,20251031T143446Z_20251031T143546Z,,,,,,,,,,,,,,,,,[-3.7247 0.9197 -0.0446],3111,2025-10-31 14:34:46.130000,earthquake_local,KEV.HE_20251031143446_HH_EV
HE,KEV,HH,69.75651,27.00356,,500,manual,0.5,,3008,manual,0.5,20251113T075158Z_20251113T075258Z,,,,,,,,,,,,,,,,,[0.2842 6.6997 4.1278],5999,2025-11-13 07:51:58.950000,earthquake_local,KEV.HE_20251113075158_HH_EV
HE,KEV,HH,69.75651,27.00356,,500,manual,0.5,,1389,manual,0.5,20251125T064750Z_20251125T064850Z,,,,,,,,,,,,,,,,,[0.4235 -0.8406 -3.4631],2634,2025-11-25 06:47:50.270000,earthquake_local,KEV.HE_20251125064750_HH_EV
HE,KEV,HH,69.75651,27.00356,,500,manual,0.5,,2495,manual,0.5,20251204T210400Z_20251204T210500Z,,,,,,,,,,,,,,,,,[-2.9007 -0.1018 -0.4043],5288,2025-12-04 21:04:00.770000,earthquake_local,KEV.HE_20251204210400_HH_EV
HE,KEV,HH,69.75651,27.00356,,500,manual,0.5,,3711,manual,0.5,20251215T175518Z_20251215T175618Z,,,,,,,,,,,,,,,,,[-4.5483 2.2434 -1.9948],5999,2025-12-15 17:55:18.460000,earthquake_local,KEV.HE_20251215175518_HH_EV
HE,KEV,HH,69.75651,27.00356,,500,manual,0.5,,2365,manual,0.5,20251218T155240Z_20251218T155340Z,,,,,,,,,,,,,,,,,[7.2636 2.6032 1.7024],4976,2025-12-18 15:52:40.150000,earthquake_local,KEV.HE_20251218155240_HH_EV
HE,KIF,HH,69.0432,20.804,,500,manual,0.5,,2608,manual,0.5,20250115T012759Z_20250115T012859Z,,,,,,,,,,,,,,,,,[12.1186 24.1826 15.2802],5559,2025-01-15 01:27:59.750000,earthquake_local,KIF.HE_20250115012759_HH_EV
HE,KIF,HH,69.0432,20.804,,500,manual,0.5,,1779,manual,0.5,20250115T075811Z_20250115T075911Z,,,,,,,,,,,,,,,,,[1.5616 -1.7463 2.5149],3570,2025-01-15 07:58:11.870000,earthquake_local,KIF.HE_20250115075811_HH_EV
HE,KIF,HH,69.0432,20.804,,500,manual,0.5,,1785,manual,0.5,20250117T213902Z_20250117T214002Z,,,,,,,,,,,,,,,,,[1.1221 0.0933 2.7829],3584,2025-01-17 21:39:02.220000,earthquake_local,KIF.HE_20250117213902_HH_EV
HE,KIF,HH,69.0432,20.804,,500,manual,0.5,,1800,manual,0.5,20250117T234451Z_20250117T234551Z,,,,,,,,,,,,,,,,,[-2.5844 -5.9123 1.1577],3620,2025-01-17 23:44:51.880000,earthquake_local,KIF.HE_20250117234451_HH_EV
HE,KIF,HH,69.0432,20.804,,500,manual,0.5,,2763,manual,0.5,20250121T122006Z_20250121T122106Z,,,,,,,,,,,,,,,,,[0.7562 1.4247 2.4100],5931,2025-01-21 12:20:06.710000,earthquake_local,KIF.HE_20250121122006_HH_EV
HE,KIF,HH,69.0432,20.804,,500,manual,0.5,,1696,manual,0.5,20250127T221858Z_20250127T221958Z,,,,,,,,,,,,,,,,,[4.0994 6.3516 2.0941],3370,2025-01-27 22:18:58.190000,earthquake_local,KIF.HE_20250127221858_HH_EV
HE,KIF,HH,69.0432,20.804,,500,manual,0.5,,1281,manual,0.5,20250202T002541Z_20250202T002641Z,,,,,,,,,,,,,,,,,[0.7063 -0.1172 -5.9022],2374,2025-02-02 00:25:41.990000,earthquake_local,KIF.HE_20250202002541_HH_EV
HE,KIF,HH,69.0432,20.804,,500,manual,0.5,,1726,manual,0.5,20250224T033055Z_20250224T033155Z,,,,,,,,,,,,,,,,,[-1.6112 6.0864 0.7947],3442,2025-02-24 03:30:55.430000,earthquake_local,KIF.HE_20250224033055_HH_EV
HE,KIF,HH,69.0432,20.804,,500,manual,0.5,,2314,manual,0.5,20250228T090345Z_20250228T090445Z,,,,,,,,,,,,,,,,,[1.6213 -1.1261 -1.3314],4854,2025-02-28 09:03:45.950000,earthquake_local,KIF.HE_20250228090345_HH_EV
HE,KIF,HH,69.0432,20.804,,500,manual,0.5,,2385,manual,0.5,20250301T062641Z_20250301T062741Z,,,,,,,,,,,,,,,,,[0.4000 -6.6804 -4.7614],5024,2025-03-01 06:26:41.270000,earthquake_local,KIF.HE_20250301062641_HH_EV
HE,KIF,HH,69.0432,20.804,,500,manual,0.5,,1779,manual,0.5,20250304T080323Z_20250304T080423Z,,,,,,,,,,,,,,,,,[-1.4060 -4.3137 -3.8922],3570,2025-03-04 08:03:23.690000,earthquake_local,KIF.HE_20250304080323_HH_EV
HE,KIF,HH,69.0432,20.804,,500,manual,0.5,,1973,manual,0.5,20250316T030159Z_20250316T030259Z,,,,,,,,,,,,,,,,,[-1.0014 -1.9799 -2.1290],4035,2025-03-16 03:01:59.830000,earthquake_local,KIF.HE_20250316030159_HH_EV
HE,KIF,HH,69.0432,20.804,,500,manual,0.5,,2173,manual,0.5,20250406T172608Z_20250406T172708Z,,,,,,,,,,,,,,,,,[1.3390 -0.0379 1.0881],4515,2025-04-06 17:26:08.060000,earthquake_local,KIF.HE_20250406172608_HH_EV
HE,KIF,HH,69.0432,20.804,,500,manual,0.5,,1799,manual,0.5,20250416T002820Z_20250416T002920Z,,,,,,,,,,,,,,,,,[2.4286 3.0813 -3.8168],3618,2025-04-16 00:28:20.720000,earthquake_local,KIF.HE_20250416002820_HH_EV
HE,KIF,HH,69.0432,20.804,,500,manual,0.5,,2454,manual,0.5,20250427T053606Z_20250427T053706Z,,,,,,,,,,,,,,,,,[1.9048 -4.1801 -4.4155],5190,2025-04-27 05:36:06.770000,earthquake_local,KIF.HE_20250427053606_HH_EV
HE,KIF,HH,69.0432,20.804,,500,manual,0.5,,2313,manual,0.5,20250501T063336Z_20250501T063436Z,,,,,,,,,,,,,,,,,[1.0282 1.2795 3.6208],4851,2025-05-01 06:33:36.570000,earthquake_local,KIF.HE_20250501063336_HH_EV
HE,KIF,HH,69.0432,20.804,,500,manual,0.5,,1652,manual,0.5,20250502T072946Z_20250502T073046Z,,,,,,,,,,,,,,,,,[-1.5714 -1.1847 0.8582],3265,2025-05-02 07:29:46.260000,earthquake_local,KIF.HE_20250502072946_HH_EV
HE,KIF,HH,69.0432,20.804,,500,manual,0.5,,2251,manual,0.5,20250509T033156Z_20250509T033256Z,,,,,,,,,,,,,,,,,[-0.1202 -0.6382 0.7637],4702,2025-05-09 03:31:56.240000,earthquake_local,KIF.HE_20250509033156_HH_EV
HE,KIF,HH,69.0432,20.804,,500,manual,0.5,,2013,manual,0.5,20250524T115324Z_20250524T115424Z,,,,,,,,,,,,,,,,,[-0.2969 -0.5708 0.9768],4131,2025-05-24 11:53:24.920000,earthquake_local,KIF.HE_20250524115324_HH_EV
HE,KIF,HH,69.0432,20.804,,500,manual,0.5,,2454,manual,0.5,20250525T020037Z_20250525T020137Z,,,,,,,,,,,,,,,,,[-1.4944 -1.5291 0.2995],5190,2025-05-25 02:00:37.970000,earthquake_local,KIF.HE_20250525020037_HH_EV
HE,KIF,HH,69.0432,20.804,,500,manual,0.5,,2836,manual,0.5,20250610T031648Z_20250610T031748Z,,,,,,,,,,,,,,,,,[0.1171 -2.1387 -0.5518],5999,2025-06-10 03:16:48.700000,earthquake_local,KIF.HE_20250610031648_HH_EV
HE,KIF,HH,69.0432,20.804,,500,manual,0.5,,1573,manual,0.5,20250621T042154Z_20250621T042254Z,,,,,,,,,,,,,,,,,[0.3827 2.1390 5.9292],3075,2025-06-21 04:21:54.060000,earthquake_local,KIF.HE_20250621042154_HH_EV
HE,KIF,HH,69.0432,20.804,,500,manual,0.5,,1728,manual,0.5,20250703T144148Z_20250703T144248Z,,,,,,,,,,,,,,,,,[-0.1296 -0.5182 -6.6003],3447,2025-07-03 14:41:48.800000,earthquake_local,KIF.HE_20250703144148_HH_EV
HE,KIF,HH,69.0432,20.804,,500,manual,0.5,,2316,manual,0.5,20250708T015415Z_20250708T015515Z,,,,,,,,,,,,,,,,,[-0.1238 -2.0950 -0.8602],4858,2025-07-08 01:54:15.480000,earthquake_local,KIF.HE_20250708015415_HH_EV
HE,KIF,HH,69.0432,20.804,,500,manual,0.5,,2618,manual,0.5,20250714T045813Z_20250714T045913Z,,,,,,,,,,,,,,,,,[8.9749 21.9431 9.3053],5583,2025-07-14 04:58:13.200000,earthquake_local,KIF.HE_20250714045813_HH_EV
HE,KIF,HH,69.0432,20.804,,500,manual,0.5,,2652,manual,0.5,20250715T051629Z_20250715T051729Z,,,,,,,,,,,,,,,,,[9.9498 13.5637 16.1690],5665,2025-07-15 05:16:29.780000,earthquake_local,KIF.HE_20250715051629_HH_EV
HE,KIF,HH,69.0432,20.804,,500,manual,0.5,,2538,manual,0.5,20250803T081303Z_20250803T081403Z,,,,,,,,,,,,,,,,,[0.0102 2.0529 1.9620],5391,2025-08-03 08:13:03.960000,earthquake_local,KIF.HE_20250803081303_HH_EV
HE,KIF,HH,69.0432,20.804,,500,manual,0.5,,1870,manual,0.5,20250822T033740Z_20250822T033840Z,,,,,,,,,,,,,,,,,[-1.4034 0.0089 4.7578],3788,2025-08-22 03:37:40.410000,earthquake_local,KIF.HE_20250822033740_HH_EV
HE,KIF,HH,69.0432,20.804,,500,manual,0.5,,2654,manual,0.5,20250922T083418Z_20250922T083518Z,,,,,,,,,,,,,,,,,[0.2903 0.7576 -1.3952],5670,2025-09-22 08:34:18.970000,earthquake_local,KIF.HE_20250922083418_HH_EV
HE,KIF,HH,69.0432,20.804,,500,manual,0.5,,2975,manual,0.5,20251012T004902Z_20251012T005002Z,,,,,,,,,,,,,,,,,[0.4679 0.0377 1.7056],5999,2025-10-12 00:49:02.900000,earthquake_local,KIF.HE_20251012004902_HH_EV
HE,KIF,HH,69.0432,20.804,,500,manual,0.5,,1336,manual,0.5,20251017T200611Z_20251017T200711Z,,,,,,,,,,,,,,,,,[4.5923 -6.2717 -1.3883],2506,2025-10-17 20:06:11.120000,earthquake_local,KIF.HE_20251017200611_HH_EV
HE,KIF,HH,69.0432,20.804,,500,manual,0.5,,2072,manual,0.5,20251027T093105Z_20251027T093205Z,,,,,,,,,,,,,,,,,[4.5494 2.0812 -1.9663],4273,2025-10-27 09:31:05.890000,earthquake_local,KIF.HE_20251027093105_HH_EV
HE,KIF,HH,69.0432,20.804,,500,manual,0.5,,1904,manual,0.5,20251103T221731Z_20251103T221831Z,,,,,,,,,,,,,,,,,[-0.3493 3.5102 2.4202],3870,2025-11-03 22:17:31.020000,earthquake_local,KIF.HE_20251103221731_HH_EV
HE,KIF,HH,69.0432,20.804,,500,manual,0.5,,1411,manual,0.5,20251113T075137Z_20251113T075237Z,,,,,,,,,,,,,,,,,[-0.2069 0.5229 -3.4978],2686,2025-11-13 07:51:37.030000,earthquake_local,KIF.HE_20251113075137_HH_EV
HE,KIF,HH,69.0432,20.804,,500,manual,0.5,,2542,manual,0.5,20251125T064805Z_20251125T064905Z,,,,,,,,,,,,,,,,,[-0.4870 -4.5016 -3.8271],5401,2025-11-25 06:48:05.250000,earthquake_local,KIF.HE_20251125064805_HH_EV
HE,KIF,HH,69.0432,20.804,,500,manual,0.5,,1396,manual,0.5,20251208T051526Z_20251208T051626Z,,,,,,,,,,,,,,,,,[-1.5670 2.0806 -1.8066],2650,2025-12-08 05:15:26.920000,earthquake_local,KIF.HE_20251208051526_HH_EV
HE,KIF,HH,69.0432,20.804,,500,manual,0.5,,2250,manual,0.5,20251215T175459Z_20251215T175559Z,,,,,,,,,,,,,,,,,[-4.6774 -4.0685 -1.5105],4700,2025-12-15 17:54:59.140000,earthquake_local,KIF.HE_20251215175459_HH_EV
HE,KIF,HH,69.0432,20.804,,500,manual,0.5,,2563,manual,0.5,20251217T080007Z_20251217T080107Z,,,,,,,,,,,,,,,,,[-0.2309 -6.4079 -1.4941],5451,2025-12-17 08:00:07.010000,earthquake_local,KIF.HE_20251217080007_HH_EV
HE,KIF,HH,69.0432,20.804,,500,manual,0.5,,1875,manual,0.5,20251218T155235Z_20251218T155335Z,,,,,,,,,,,,,,,,,[-5.1383 2.2872 4.5566],3800,2025-12-18 15:52:35.600000,earthquake_local,KIF.HE_20251218155235_HH_EV
HE,KIF,HH,69.0432,20.804,,500,manual,0.5,,1336,manual,0.5,20251222T125200Z_20251222T125300Z,,,,,,,,,,,,,,,,,[-0.2041 0.7542 1.4112],2506,2025-12-22 12:52:00.510000,earthquake_local,KIF.HE_20251222125200_HH_EV
FN,KLF,HH,67.2347,23.964,,502,manual,0.5,,1525,manual,0.5,20250101T092202Z_20250101T092302Z,,,,,,,,,,,,,,,,,[-3.1811 2.1135 -6.8974],2957,2025-01-01 09:22:02.750000,earthquake_local,KLF.FN_20250101092202_HH_EV
FN,KLF,HH,67.2347,23.964,,501,manual,0.5,,759,manual,0.5,20250102T044208Z_20250102T044308Z,,,,,,,,,,,,,,,,,[5.9119 0.3429 -1.4846],1120,2025-01-02 04:42:08.350000,earthquake_local,KLF.FN_20250102044208_HH_EV
FN,KLF,HH,67.2347,23.964,,502,manual,0.5,,1453,manual,0.5,20250105T161945Z_20250105T162045Z,,,,,,,,,,,,,,,,,[3.1860 -0.6348 -0.2409],2784,2025-01-05 16:19:45.450000,earthquake_local,KLF.FN_20250105161945_HH_EV
FN,KLF,HH,67.2347,23.964,,502,manual,0.5,,2605,manual,0.5,20250108T183519Z_20250108T183619Z,,,,,,,,,,,,,,,,,[3.3958 -0.6396 0.2872],5549,2025-01-08 18:35:19.750000,earthquake_local,KLF.FN_20250108183519_HH_EV
FN,KLF,HH,67.2347,23.964,,501,manual,0.5,,1911,manual,0.5,20250110T124351Z_20250110T124451Z,,,,,,,,,,,,,,,,,[-3.7797 0.4196 0.0950],3885,2025-01-10 12:43:51.750000,earthquake_local,KLF.FN_20250110124351_HH_EV
FN,KLF,HH,67.2347,23.964,,499,manual,0.5,,2351,manual,0.5,20250112T094243Z_20250112T094343Z,,,,,,,,,,,,,,,,,[7.0210 3.4772 11.3901],4944,2025-01-12 09:42:43.900000,earthquake_local,KLF.FN_20250112094243_HH_EV
FN,KLF,HH,67.2347,23.964,,501,manual,0.5,,2671,manual,0.5,20250112T172656Z_20250112T172756Z,,,,,,,,,,,,,,,,,[1.0808 0.1225 0.7927],5709,2025-01-12 17:26:56.200000,earthquake_local,KLF.FN_20250112172656_HH_EV
FN,KLF,HH,67.2347,23.964,,498,manual,0.5,,2933,manual,0.5,20250115T075826Z_20250115T075926Z,,,,,,,,,,,,,,,,,[4.3111 -0.5729 -0.2173],5999,2025-01-15 07:58:26.550000,earthquake_local,KLF.FN_20250115075826_HH_EV
FN,KLF,HH,67.2347,23.964,,502,manual,0.5,,1419,manual,0.5,20250115T105432Z_20250115T105532Z,,,,,,,,,,,,,,,,,[3.3984 1.4656 -5.4435],2703,2025-01-15 10:54:32.550000,earthquake_local,KLF.FN_20250115105432_HH_EV
FN,KLF,HH,67.2347,23.964,,499,manual,0.5,,3040,manual,0.5,20250117T213917Z_20250117T214017Z,,,,,,,,,,,,,,,,,[4.8981 1.1509 2.4046],5999,2025-01-17 21:39:17.300000,earthquake_local,KLF.FN_20250117213917_HH_EV
FN,KLF,HH,67.2347,23.964,,498,manual,0.5,,2933,manual,0.5,20250117T234507Z_20250117T234607Z,,,,,,,,,,,,,,,,,[-0.9634 5.5907 -2.8193],5999,2025-01-17 23:45:07.350000,earthquake_local,KLF.FN_20250117234507_HH_EV
FN,KLF,HH,67.2347,23.964,,501,manual,0.5,,1402,manual,0.5,20250119T020637Z_20250119T020737Z,,,,,,,,,,,,,,,,,[-1.4495 -1.8473 -2.7673],2663,2025-01-19 02:06:37.750000,earthquake_local,KLF.FN_20250119020637_HH_EV
FN,KLF,HH,67.2347,23.964,,501,manual,0.5,,1956,manual,0.5,20250120T005044Z_20250120T005144Z,,,,,,,,,,,,,,,,,[5.5033 -1.1682 -5.5925],3993,2025-01-20 00:50:44.100000,earthquake_local,KLF.FN_20250120005044_HH_EV
FN,KLF,HH,67.2347,23.964,,499,manual,0.5,,2240,manual,0.5,20250123T181835Z_20250123T181935Z,,,,,,,,,,,,,,,,,[2.3831 0.2497 1.6842],4677,2025-01-23 18:18:35.450000,earthquake_local,KLF.FN_20250123181835_HH_EV
FN,KLF,HH,67.2347,23.964,,500,manual,0.5,,798,manual,0.5,20250124T182532Z_20250124T182632Z,,,,,,,,,,,,,,,,,[16.3447 8.8560 11.7414],1215,2025-01-24 18:25:32.050000,earthquake_local,KLF.FN_20250124182532_HH_EV
FN,KLF,HH,67.2347,23.964,,500,manual,0.5,,1549,manual,0.5,20250126T204935Z_20250126T205035Z,,,,,,,,,,,,,,,,,[-3.4982 6.5640 6.6930],3018,2025-01-26 20:49:35.750000,earthquake_local,KLF.FN_20250126204935_HH_EV
FN,KLF,HH,67.2347,23.964,,502,manual,0.5,,1614,manual,0.5,20250127T191800Z_20250127T191900Z,,,,,,,,,,,,,,,,,[1.1381 -3.2882 -1.6756],3171,2025-01-27 19:18:00.200000,earthquake_local,KLF.FN_20250127191800_HH_EV
FN,KLF,HH,67.2347,23.964,,501,manual,0.5,,2695,manual,0.5,20250127T221911Z_20250127T222011Z,,,,,,,,,,,,,,,,,[10.6481 3.2671 1.4372],5767,2025-01-27 22:19:11.900000,earthquake_local,KLF.FN_20250127221911_HH_EV
FN,KLF,HH,67.2347,23.964,,498,manual,0.5,,2490,manual,0.5,20250131T023206Z_20250131T023306Z,,,,,,,,,,,,,,,,,[-0.6857 -0.4738 -3.4504],5279,2025-01-31 02:32:06.800000,earthquake_local,KLF.FN_20250131023206_HH_EV
FN,KLF,HH,67.2347,23.964,,500,manual,0.5,,771,manual,0.5,20250131T231318Z_20250131T231418Z,,,,,,,,,,,,,,,,,[12.2259 2.7663 9.8107],1150,2025-01-31 23:13:18.900000,earthquake_local,KLF.FN_20250131231318_HH_EV
FN,KLF,HH,67.2347,23.964,,498,manual,0.5,,2704,manual,0.5,20250202T002600Z_20250202T002700Z,,,,,,,,,,,,,,,,,[5.0375 0.5167 5.6629],5792,2025-02-02 00:26:00.750000,earthquake_local,KLF.FN_20250202002600_HH_EV
FN,KLF,HH,67.2347,23.964,,501,manual,0.5,,3684,manual,0.5,20250228T003126Z_20250228T003226Z,,,,,,,,,,,,,,,,,[7.1715 0.0194 -2.2527],5999,2025-02-28 00:31:26.300000,earthquake_local,KLF.FN_20250228003126_HH_EV
FN,KLF,HH,67.2347,23.964,,498,manual,0.5,,2674,manual,0.5,20250228T014702Z_20250228T014802Z,,,,,,,,,,,,,,,,,[6.8370 -1.4027 -4.2714],5720,2025-02-28 01:47:02.650000,earthquake_local,KLF.FN_20250228014702_HH_EV
FN,KLF,HH,67.2347,23.964,,498,manual,0.5,,2870,manual,0.5,20250228T090352Z_20250228T090452Z,,,,,,,,,,,,,,,,,[-2.0052 -0.4358 1.1138],5999,2025-02-28 09:03:52.950000,earthquake_local,KLF.FN_20250228090352_HH_EV
FN,KLF,HH,67.2347,23.964,,501,manual,0.5,,1699,manual,0.5,20250301T012356Z_20250301T012456Z,,,,,,,,,,,,,,,,,[3.6427 0.0272 -6.6989],3376,2025-03-01 01:23:56.800000,earthquake_local,KLF.FN_20250301012356_HH_EV
FN,KLF,HH,67.2347,23.964,,501,manual,0.5,,2984,manual,0.5,20250304T080339Z_20250304T080439Z,,,,,,,,,,,,,,,,,[6.2867 1.6535 10.2043],5999,2025-03-04 08:03:39.150000,earthquake_local,KLF.FN_20250304080339_HH_EV
FN,KLF,HH,67.2347,23.964,,499,manual,0.5,,2035,manual,0.5,20250305T073103Z_20250305T073203Z,,,,,,,,,,,,,,,,,[4.1534 -3.4215 -2.7312],4185,2025-03-05 07:31:04.000000,earthquake_local,KLF.FN_20250305073103_HH_EV
FN,KLF,HH,67.2347,23.964,,501,manual,0.5,,3350,manual,0.5,20250313T161905Z_20250313T162005Z,,,,,,,,,,,,,,,,,[0.4657 0.6387 3.4837],5999,2025-03-13 16:19:05.650000,earthquake_local,KLF.FN_20250313161905_HH_EV
FN,KLF,HH,67.2347,23.964,,498,manual,0.5,,2635,manual,0.5,20250316T030209Z_20250316T030309Z,,,,,,,,,,,,,,,,,[8.5248 -0.6997 5.5935],5627,2025-03-16 03:02:09.100000,earthquake_local,KLF.FN_20250316030209_HH_EV
FN,KLF,HH,67.2347,23.964,,498,manual,0.5,,2080,manual,0.5,20250317T083807Z_20250317T083907Z,,,,,,,,,,,,,,,,,[5.0825 -0.0237 -1.9957],4295,2025-03-17 08:38:07.100000,earthquake_local,KLF.FN_20250317083807_HH_EV
FN,KLF,HH,67.2347,23.964,,500,manual,0.5,,2639,manual,0.5,20250323T132905Z_20250323T133005Z,,,,,,,,,,,,,,,,,[-9.3586 1.9511 1.7273],5634,2025-03-23 13:29:05.150000,earthquake_local,KLF.FN_20250323132905_HH_EV
FN,KLF,HH,67.2347,23.964,,498,manual,0.5,,1576,manual,0.5,20250402T133333Z_20250402T133433Z,,,,,,,,,,,,,,,,,[5.4552 0.2973 -4.3233],3085,2025-04-02 13:33:33.900000,earthquake_local,KLF.FN_20250402133333_HH_EV
FN,KLF,HH,67.2347,23.964,,498,manual,0.5,,1561,manual,0.5,20250403T044313Z_20250403T044413Z,,,,,,,,,,,,,,,,,[1.9645 -0.3809 -2.1262],3049,2025-04-03 04:43:13.350000,earthquake_local,KLF.FN_20250403044313_HH_EV
FN,KLF,HH,67.2347,23.964,,502,manual,0.5,,2396,manual,0.5,20250405T124853Z_20250405T124953Z,,,,,,,,,,,,,,,,,[0.0655 -0.1637 2.8530],5048,2025-04-05 12:48:53.250000,earthquake_local,KLF.FN_20250405124853_HH_EV
FN,KLF,HH,67.2347,23.964,,498,manual,0.5,,1592,manual,0.5,20250406T172558Z_20250406T172658Z,,,,,,,,,,,,,,,,,[8.7479 0.4070 1.1083],3124,2025-04-06 17:25:58.550000,earthquake_local,KLF.FN_20250406172558_HH_EV
FN,KLF,HH,67.2347,23.964,,498,manual,0.5,,3648,manual,0.5,20250409T175928Z_20250409T180028Z,,,,,,,,,,,,,,,,,[-2.1725 5.3815 5.0999],5999,2025-04-09 17:59:28.550000,earthquake_local,KLF.FN_20250409175928_HH_EV
FN,KLF,HH,67.2347,23.964,,501,manual,0.5,,2316,manual,0.5,20250412T094028Z_20250412T094128Z,,,,,,,,,,,,,,,,,[-2.5816 0.8140 -3.2781],4857,2025-04-12 09:40:28.550000,earthquake_local,KLF.FN_20250412094028_HH_EV
FN,KLF,HH,67.2347,23.964,,502,manual,0.5,,2738,manual,0.5,20250412T203604Z_20250412T203704Z,,,,,,,,,,,,,,,,,[4.0148 -0.7405 0.0088],5868,2025-04-12 20:36:04.800000,earthquake_local,KLF.FN_20250412203604_HH_EV
FN,KLF,HH,67.2347,23.964,,500,manual,0.5,,880,manual,0.5,20250414T001143Z_20250414T001243Z,,,,,,,,,,,,,,,,,[2.9117 -0.0803 1.6175],1412,2025-04-14 00:11:43.900000,earthquake_local,KLF.FN_20250414001143_HH_EV
FN,KLF,HH,67.2347,23.964,,502,manual,0.5,,1412,manual,0.5,20250427T053552Z_20250427T053652Z,,,,,,,,,,,,,,,,,[3.6283 -0.9406 -3.1313],2686,2025-04-27 05:35:52.550000,earthquake_local,KLF.FN_20250427053552_HH_EV
FN,KLF,HH,67.2347,23.964,,500,manual,0.5,,1390,manual,0.5,20250427T071035Z_20250427T071135Z,,,,,,,,,,,,,,,,,[0.3141 0.7006 -0.1165],2636,2025-04-27 07:10:35.600000,earthquake_local,KLF.FN_20250427071035_HH_EV
FN,KLF,HH,67.2347,23.964,,500,manual,0.5,,2794,manual,0.5,20250501T063342Z_20250501T063442Z,,,,,,,,,,,,,,,,,[3.7842 -0.0941 -2.8854],5999,2025-05-01 06:33:42.650000,earthquake_local,KLF.FN_20250501063342_HH_EV
FN,KLF,HH,67.2347,23.964,,501,manual,0.5,,2234,manual,0.5,20250502T072954Z_20250502T073054Z,,,,,,,,,,,,,,,,,[-2.7887 -0.5831 -1.2213],4660,2025-05-02 07:29:54.000000,earthquake_local,KLF.FN_20250502072954_HH_EV
FN,KLF,HH,67.2347,23.964,,502,manual,0.5,,1555,manual,0.5,20250509T033147Z_20250509T033247Z,,,,,,,,,,,,,,,,,[0.5443 -0.0073 1.2848],3029,2025-05-09 03:31:47.000000,earthquake_local,KLF.FN_20250509033147_HH_EV
FN,KLF,HH,67.2347,23.964,,499,manual,0.5,,959,manual,0.5,20250510T203657Z_20250510T203757Z,,,,,,,,,,,,,,,,,[4.5852 0.2970 5.9584],1603,2025-05-10 20:36:57.200000,earthquake_local,KLF.FN_20250510203657_HH_EV
FN,KLF,HH,67.2347,23.964,,499,manual,0.5,,971,manual,0.5,20250511T013831Z_20250511T013931Z,,,,,,,,,,,,,,,,,[0.8787 0.3150 -0.2946],1632,2025-05-11 01:38:31.950000,earthquake_local,KLF.FN_20250511013831_HH_EV
FN,KLF,HH,67.2347,23.964,,499,manual,0.5,,3499,manual,0.5,20250512T031159Z_20250512T031259Z,,,,,,,,,,,,,,,,,[1.8771 0.0925 2.6568],5999,2025-05-12 03:11:59.300000,earthquake_local,KLF.FN_20250512031159_HH_EV
FN,KLF,HH,67.2347,23.964,,500,manual,0.5,,830,manual,0.5,20250515T132015Z_20250515T132115Z,,,,,,,,,,,,,,,,,[5.1422 7.7393 4.5151],1292,2025-05-15 13:20:15.300000,earthquake_local,KLF.FN_20250515132015_HH_EV
FN,KLF,HH,67.2347,23.964,,500,manual,0.5,,1510,manual,0.5,20250524T070654Z_20250524T070754Z,,,,,,,,,,,,,,,,,[1.3027 0.9888 -0.2940],2924,2025-05-24 07:06:54.900000,earthquake_local,KLF.FN_20250524070654_HH_EV
FN,KLF,HH,67.2347,23.964,,499,manual,0.5,,1174,manual,0.5,20250604T064506Z_20250604T064606Z,,,,,,,,,,,,,,,,,[0.5972 -0.3531 0.5669],2119,2025-06-04 06:45:06.100000,earthquake_local,KLF.FN_20250604064506_HH_EV
FN,KLF,HH,67.2347,23.964,,499,manual,0.5,,3560,manual,0.5,20250605T030311Z_20250605T030411Z,,,,,,,,,,,,,,,,,[4.9387 -0.9689 2.0740],5999,2025-06-05 03:03:11.400000,earthquake_local,KLF.FN_20250605030311_HH_EV
FN,KLF,HH,67.2347,23.964,,502,manual,0.5,,2325,manual,0.5,20250608T042704Z_20250608T042804Z,,,,,,,,,,,,,,,,,[0.2034 0.1183 0.7326],4877,2025-06-08 04:27:04.100000,earthquake_local,KLF.FN_20250608042704_HH_EV
FN,KLF,HH,67.2347,23.964,,501,manual,0.5,,2628,manual,0.5,20250609T023922Z_20250609T024022Z,,,,,,,,,,,,,,,,,[-0.0757 -0.2461 -2.5429],5606,2025-06-09 02:39:22.510000,earthquake_local,KLF.FN_20250609023922_HH_EV
FN,KLF,HH,67.2347,23.964,,501,manual,0.5,,1515,manual,0.5,20250610T031629Z_20250610T031729Z,,,,,,,,,,,,,,,,,[8.4021 0.5737 2.3816],2935,2025-06-10 03:16:29.200000,earthquake_local,KLF.FN_20250610031629_HH_EV
FN,KLF,HH,67.2347,23.964,,499,manual,0.5,,2793,manual,0.5,20250621T164121Z_20250621T164221Z,,,,,,,,,,,,,,,,,[5.7876 0.3140 8.5625],5999,2025-06-21 16:41:21.850000,earthquake_local,KLF.FN_20250621164121_HH_EV
FN,KLF,HH,67.2347,23.964,,498,manual,0.5,,3292,manual,0.5,20250624T203323Z_20250624T203423Z,,,,,,,,,,,,,,,,,[7.9126 0.6191 6.8320],5999,2025-06-24 20:33:23.900000,earthquake_local,KLF.FN_20250624203323_HH_EV
FN,KLF,HH,67.2347,23.964,,500,manual,0.5,,3862,manual,0.5,20250629T233318Z_20250629T233418Z,,,,,,,,,,,,,,,,,[-2.3593 1.0870 -4.7762],5999,2025-06-29 23:33:18.600000,earthquake_local,KLF.FN_20250629233318_HH_EV
FN,KLF,HH,67.2347,23.964,,501,manual,0.5,,2626,manual,0.5,20250703T144200Z_20250703T144300Z,,,,,,,,,,,,,,,,,[4.5293 -0.3188 -1.3974],5601,2025-07-03 14:42:00.650000,earthquake_local,KLF.FN_20250703144200_HH_EV
FN,KLF,HH,67.2347,23.964,,500,manual,0.5,,3654,manual,0.5,20250708T015431Z_20250708T015531Z,,,,,,,,,,,,,,,,,[2.2420 0.5154 3.2736],5999,2025-07-08 01:54:31.200000,earthquake_local,KLF.FN_20250708015431_HH_EV
FN,KLF,HH,67.2347,23.964,,502,manual,0.5,,1455,manual,0.5,20250725T140313Z_20250725T140413Z,,,,,,,,,,,,,,,,,[4.0522 -2.0985 -0.3595],2789,2025-07-25 14:03:13.600000,earthquake_local,KLF.FN_20250725140313_HH_EV
FN,KLF,HH,67.2347,23.964,,502,manual,0.5,,2566,manual,0.5,20250803T081303Z_20250803T081403Z,,,,,,,,,,,,,,,,,[1.6222 1.4363 1.4629],5456,2025-08-03 08:13:03.350000,earthquake_local,KLF.FN_20250803081303_HH_EV
FN,KLF,HH,67.2347,23.964,,498,manual,0.5,,2741,manual,0.5,20250804T051144Z_20250804T051244Z,,,,,,,,,,,,,,,,,[-2.8157 3.3935 -0.8925],5881,2025-08-04 05:11:44.050000,earthquake_local,KLF.FN_20250804051144_HH_EV
FN,KLF,HH,67.2347,23.964,,500,manual,0.5,,3321,manual,0.5,20250817T031533Z_20250817T031633Z,,,,,,,,,,,,,,,,,[2.4181 -0.7636 1.7772],5999,2025-08-17 03:15:33.400000,earthquake_local,KLF.FN_20250817031533_HH_EV
FN,KLF,HH,67.2347,23.964,,498,manual,0.5,,2834,manual,0.5,20250822T033753Z_20250822T033853Z,,,,,,,,,,,,,,,,,[3.6263 5.6795 3.3816],5999,2025-08-22 03:37:53.800000,earthquake_local,KLF.FN_20250822033753_HH_EV
FN,KLF,HH,67.2347,23.964,,500,manual,0.5,,1307,manual,0.5,20250823T205942Z_20250823T210042Z,,,,,,,,,,,,,,,,,[5.7380 -0.0316 2.0435],2437,2025-08-23 20:59:42.100000,earthquake_local,KLF.FN_20250823205942_HH_EV
FN,KLF,HH,67.2347,23.964,,499,manual,0.5,,2662,manual,0.5,20250826T105244Z_20250826T105344Z,,,,,,,,,,,,,,,,,[3.4675 0.4708 -3.4923],5690,2025-08-26 10:52:44.300000,earthquake_local,KLF.FN_20250826105244_HH_EV
FN,KLF,HH,67.2347,23.964,,499,manual,0.5,,1437,manual,0.5,20250826T174932Z_20250826T175032Z,,,,,,,,,,,,,,,,,[-0.0406 -0.4576 4.3814],2750,2025-08-26 17:49:32.600000,earthquake_local,KLF.FN_20250826174932_HH_EV
FN,KLF,HH,67.2347,23.964,,499,manual,0.5,,2015,manual,0.5,20250905T170834Z_20250905T170934Z,,,,,,,,,,,,,,,,,[-0.0029 0.0268 1.0860],4137,2025-09-05 17:08:34.700000,earthquake_local,KLF.FN_20250905170834_HH_EV
FN,KLF,HH,67.2347,23.964,,500,manual,0.5,,675,manual,0.5,20250911T131725Z_20250911T131825Z,,,,,,,,,,,,,,,,,[30.4288 17.9885 26.7545],920,2025-09-11 13:17:25.800000,earthquake_local,KLF.FN_20250911131725_HH_EV
FN,KLF,HH,67.2347,23.964,,501,manual,0.5,,676,manual,0.5,20250915T101723Z_20250915T101823Z,,,,,,,,,,,,,,,,,[23.3164 5.5360 11.6125],921,2025-09-15 10:17:23.700000,earthquake_local,KLF.FN_20250915101723_HH_EV
FN,KLF,HH,67.2347,23.964,,498,manual,0.5,,2173,manual,0.5,20250921T102619Z_20250921T102719Z,,,,,,,,,,,,,,,,,[-7.0855 -0.2037 4.5330],4518,2025-09-21 10:26:19.850000,earthquake_local,KLF.FN_20250921102619_HH_EV
FN,KLF,HH,67.2347,23.964,,499,manual,0.5,,2929,manual,0.5,20250930T144928Z_20250930T145028Z,,,,,,,,,,,,,,,,,[-2.8876 7.8025 -1.2272],5999,2025-09-30 14:49:28.050000,earthquake_local,KLF.FN_20250930144928_HH_EV
FN,KLF,HH,67.2347,23.964,,502,manual,0.5,,1648,manual,0.5,20251009T113225Z_20251009T113325Z,,,,,,,,,,,,,,,,,[-4.2403 -0.3927 1.9552],3252,2025-10-09 11:32:25.700000,earthquake_local,KLF.FN_20251009113225_HH_EV
FN,KLF,HH,67.2347,23.964,,499,manual,0.5,,1745,manual,0.5,20251012T004845Z_20251012T004945Z,,,,,,,,,,,,,,,,,[2.1904 -0.1234 7.3316],3489,2025-10-12 00:48:45.050000,earthquake_local,KLF.FN_20251012004845_HH_EV
FN,KLF,HH,67.2347,23.964,,499,manual,0.5,,1382,manual,0.5,20251012T115448Z_20251012T115548Z,,,,,,,,,,,,,,,,,[-0.0478 -0.8419 -0.8420],2618,2025-10-12 11:54:48.650000,earthquake_local,KLF.FN_20251012115448_HH_EV
FN,KLF,HH,67.2347,23.964,,500,manual,0.5,,808,manual,0.5,20251031T100005Z_20251031T100105Z,,,,,,,,,,,,,,,,,[-1.7383 0.8042 1.4816],1239,2025-10-31 10:00:05.400000,earthquake_local,KLF.FN_20251031100005_HH_EV
FN,KLF,HH,67.2347,23.964,,499,manual,0.5,,2600,manual,0.5,20251103T221740Z_20251103T221840Z,,,,,,,,,,,,,,,,,[0.2951 -0.1159 1.9944],5541,2025-11-03 22:17:40.650000,earthquake_local,KLF.FN_20251103221740_HH_EV
FN,KLF,HH,67.2347,23.964,,501,manual,0.5,,2381,manual,0.5,20251113T075150Z_20251113T075250Z,,,,,,,,,,,,,,,,,[-5.4437 -0.1367 -3.2221],5013,2025-11-13 07:51:50.300000,earthquake_local,KLF.FN_20251113075150_HH_EV
FN,KLF,HH,67.2347,23.964,,499,manual,0.5,,3132,manual,0.5,20251118T185812Z_20251118T185912Z,,,,,,,,,,,,,,,,,[-3.2033 1.5780 8.3272],5999,2025-11-18 18:58:12.200000,earthquake_local,KLF.FN_20251118185812_HH_EV
FN,KLF,HH,67.2347,23.964,,498,manual,0.5,,1386,manual,0.5,20251119T121146Z_20251119T121246Z,,,,,,,,,,,,,,,,,[2.0837 0.8755 0.0194],2629,2025-11-19 12:11:46.100000,earthquake_local,KLF.FN_20251119121146_HH_EV
FN,KLF,HH,67.2347,23.964,,500,manual,0.5,,2694,manual,0.5,20251121T013334Z_20251121T013434Z,,,,,,,,,,,,,,,,,[-2.7588 -0.0373 -3.1382],5766,2025-11-21 01:33:34.600000,earthquake_local,KLF.FN_20251121013334_HH_EV
FN,KLF,HH,67.2347,23.964,,500,manual,0.5,,1484,manual,0.5,20251121T064737Z_20251121T064837Z,,,,,,,,,,,,,,,,,[-1.9525 0.2594 3.8703],2862,2025-11-21 06:47:37.450000,earthquake_local,KLF.FN_20251121064737_HH_EV
FN,KLF,HH,67.2347,23.964,,500,manual,0.5,,957,manual,0.5,20251122T215419Z_20251122T215519Z,,,,,,,,,,,,,,,,,[0.7489 -0.1447 1.5470],1597,2025-11-22 21:54:19.250000,earthquake_local,KLF.FN_20251122215419_HH_EV
FN,KLF,HH,67.2347,23.964,,501,manual,0.5,,4025,manual,0.5,20251123T121838Z_20251123T121938Z,,,,,,,,,,,,,,,,,[3.3640 0.4133 -0.1773],5999,2025-11-23 12:18:38.800000,earthquake_local,KLF.FN_20251123121838_HH_EV
FN,KLF,HH,67.2347,23.964,,502,manual,0.5,,1466,manual,0.5,20251202T004309Z_20251202T004409Z,,,,,,,,,,,,,,,,,[9.0011 0.2375 6.1436],2816,2025-12-02 00:43:09.550000,earthquake_local,KLF.FN_20251202004309_HH_EV
FN,KLF,HH,67.2347,23.964,,498,manual,0.5,,1996,manual,0.5,20251204T210353Z_20251204T210453Z,,,,,,,,,,,,,,,,,[0.6964 0.3677 -0.3937],4093,2025-12-04 21:03:53.600000,earthquake_local,KLF.FN_20251204210353_HH_EV
FN,KLF,HH,67.2347,23.964,,499,manual,0.5,,2211,manual,0.5,20251209T140807Z_20251209T140907Z,,,,,,,,,,,,,,,,,[1.3961 -0.3865 5.5312],4608,2025-12-09 14:08:07.100000,earthquake_local,KLF.FN_20251209140807_HH_EV
FN,KLF,HH,67.2347,23.964,,498,manual,0.5,,1556,manual,0.5,20251211T234436Z_20251211T234536Z,,,,,,,,,,,,,,,,,[4.3199 -1.4135 3.7954],3037,2025-12-11 23:44:36.750000,earthquake_local,KLF.FN_20251211234436_HH_EV
FN,KLF,HH,67.2347,23.964,,502,manual,0.5,,1560,manual,0.5,20251212T002344Z_20251212T002444Z,,,,,,,,,,,,,,,,,[-0.0699 -0.2256 2.8029],3041,2025-12-12 00:23:44.050000,earthquake_local,KLF.FN_20251212002344_HH_EV
FN,KLF,HH,67.2347,23.964,,498,manual,0.5,,1569,manual,0.5,20251215T175449Z_20251215T175549Z,,,,,,,,,,,,,,,,,[9.5992 6.7019 13.2753],3068,2025-12-15 17:54:50.000000,earthquake_local,KLF.FN_20251215175449_HH_EV
FN,KLF,HH,67.2347,23.964,,502,manual,0.5,,2785,manual,0.5,20251217T080009Z_20251217T080109Z,,,,,,,,,,,,,,,,,[-1.8105 -0.1413 -2.0375],5981,2025-12-17 08:00:09.650000,earthquake_local,KLF.FN_20251217080009_HH_EV
FN,KLF,HH,67.2347,23.964,,499,manual,0.5,,988,manual,0.5,20251219T083713Z_20251219T083813Z,,,,,,,,,,,,,,,,,[19.9698 7.4133 5.0966],1673,2025-12-19 08:37:13.450000,earthquake_local,KLF.FN_20251219083713_HH_EV
FN,KLF,HH,67.2347,23.964,,499,manual,0.5,,2584,manual,0.5,20251222T125217Z_20251222T125317Z,,,,,,,,,,,,,,,,,[3.4435 -0.2555 2.3000],5503,2025-12-22 12:52:17.700000,earthquake_local,KLF.FN_20251222125217_HH_EV
FN,KLF,HH,67.2347,23.964,,501,manual,0.5,,1484,manual,0.5,20251227T013838Z_20251227T013938Z,,,,,,,,,,,,,,,,,[-1.5457 0.5487 1.3573],2860,2025-12-27 01:38:38.450000,earthquake_local,KLF.FN_20251227013838_HH_EV
FN,KMNF,HH,69.14895,26.99611,,501,manual,0.5,,1943,manual,0.5,20250117T181148Z_20250117T181248Z,,,,,,,,,,,,,,,,,[-5.5542 1.4052 2.1071],3962,2025-01-17 18:11:48.300000,earthquake_local,KMNF.FN_20250117181148_HH_EV
FN,KMNF,HH,69.14895,26.99611,,498,manual,0.5,,2189,manual,0.5,20250121T121958Z_20250121T122058Z,,,,,,,,,,,,,,,,,[9.1037 0.6365 0.9187],4556,2025-01-21 12:19:58.850000,earthquake_local,KMNF.FN_20250121121958_HH_EV
FN,KMNF,HH,69.14895,26.99611,,500,manual,0.5,,1651,manual,0.5,20250122T224727Z_20250122T224827Z,,,,,,,,,,,,,,,,,[3.1804 -0.0841 -0.0752],3262,2025-01-22 22:47:27.600000,earthquake_local,KMNF.FN_20250122224727_HH_EV
FN,KMNF,HH,69.14895,26.99611,,498,manual,0.5,,3103,manual,0.5,20250124T182601Z_20250124T182701Z,,,,,,,,,,,,,,,,,[-4.1646 -0.1020 0.2531],5999,2025-01-24 18:26:01.900000,earthquake_local,KMNF.FN_20250124182601_HH_EV
FN,KMNF,HH,69.14895,26.99611,,499,manual,0.5,,2779,manual,0.5,20250126T190630Z_20250126T190730Z,,,,,,,,,,,,,,,,,[6.7306 5.7142 -0.4843],5971,2025-01-26 19:06:30.350000,earthquake_local,KMNF.FN_20250126190630_HH_EV
FN,KMNF,HH,69.14895,26.99611,,500,manual,0.5,,2983,manual,0.5,20250126T204957Z_20250126T205057Z,,,,,,,,,,,,,,,,,[-3.9612 -5.5289 -4.1708],5999,2025-01-26 20:49:57.650000,earthquake_local,KMNF.FN_20250126204957_HH_EV
FN,KMNF,HH,69.14895,26.99611,,498,manual,0.5,,2117,manual,0.5,20250127T221904Z_20250127T222004Z,,,,,,,,,,,,,,,,,[5.5043 2.4249 -2.3844],4384,2025-01-27 22:19:04.100000,earthquake_local,KMNF.FN_20250127221904_HH_EV
FN,KMNF,HH,69.14895,26.99611,,498,manual,0.5,,2584,manual,0.5,20250131T023207Z_20250131T023307Z,,,,,,,,,,,,,,,,,[3.1750 0.1885 0.9161],5504,2025-01-31 02:32:07.850000,earthquake_local,KMNF.FN_20250131023207_HH_EV
FN,KMNF,HH,69.14895,26.99611,,502,manual,0.5,,3606,manual,0.5,20250202T003337Z_20250202T003437Z,,,,,,,,,,,,,,,,,[3.0902 0.0435 0.6702],5999,2025-02-02 00:33:37.000000,earthquake_local,KMNF.FN_20250202003337_HH_EV
FN,KMNF,HH,69.14895,26.99611,,500,manual,0.5,,2110,manual,0.5,20250224T033100Z_20250224T033200Z,,,,,,,,,,,,,,,,,[2.2782 1.0097 2.2385],4364,2025-02-24 03:31:00.500000,earthquake_local,KMNF.FN_20250224033100_HH_EV
FN,KMNF,HH,69.14895,26.99611,,499,manual,0.5,,1705,manual,0.5,20250225T231137Z_20250225T231237Z,,,,,,,,,,,,,,,,,[3.9177 -0.7772 -2.0941],3393,2025-02-25 23:11:37.250000,earthquake_local,KMNF.FN_20250225231137_HH_EV
FN,KMNF,HH,69.14895,26.99611,,498,manual,0.5,,1710,manual,0.5,20250227T183845Z_20250227T183945Z,,,,,,,,,,,,,,,,,[6.8141 -0.8842 0.6157],3407,2025-02-27 18:38:45.850000,earthquake_local,KMNF.FN_20250227183845_HH_EV
FN,KMNF,HH,69.14895,26.99611,,500,manual,0.5,,2940,manual,0.5,20250301T012413Z_20250301T012513Z,,,,,,,,,,,,,,,,,[-0.7476 -0.2662 1.4170],5999,2025-03-01 01:24:13.950000,earthquake_local,KMNF.FN_20250301012413_HH_EV
FN,KMNF,HH,69.14895,26.99611,,500,manual,0.5,,2507,manual,0.5,20250305T073110Z_20250305T073210Z,,,,,,,,,,,,,,,,,[3.6735 -1.1340 -1.2296],5317,2025-03-05 07:31:10.600000,earthquake_local,KMNF.FN_20250305073110_HH_EV
FN,KMNF,HH,69.14895,26.99611,,502,manual,0.5,,992,manual,0.5,20250313T161829Z_20250313T161929Z,,,,,,,,,,,,,,,,,[7.1504 0.8089 1.1119],1678,2025-03-13 16:18:29.300000,earthquake_local,KMNF.FN_20250313161829_HH_EV
FN,KMNF,HH,69.14895,26.99611,,502,manual,0.5,,2572,manual,0.5,20250317T083813Z_20250317T083913Z,,,,,,,,,,,,,,,,,[-2.7601 -0.3292 0.1774],5470,2025-03-17 08:38:13.700000,earthquake_local,KMNF.FN_20250317083813_HH_EV
FN,KMNF,HH,69.14895,26.99611,,500,manual,0.5,,2999,manual,0.5,20250406T172619Z_20250406T172719Z,,,,,,,,,,,,,,,,,[4.1078 0.5322 2.8340],5999,2025-04-06 17:26:19.900000,earthquake_local,KMNF.FN_20250406172619_HH_EV
FN,KMNF,HH,69.14895,26.99611,,501,manual,0.5,,1957,manual,0.5,20250426T203731Z_20250426T203831Z,,,,,,,,,,,,,,,,,[2.4760 -0.1293 0.9244],3995,2025-04-26 20:37:31.600000,earthquake_local,KMNF.FN_20250426203731_HH_EV
FN,KMNF,HH,69.14895,26.99611,,498,manual,0.5,,1788,manual,0.5,20250524T115321Z_20250524T115421Z,,,,,,,,,,,,,,,,,[-1.7647 0.1677 -0.5032],3594,2025-05-24 11:53:21.550000,earthquake_local,KMNF.FN_20250524115321_HH_EV
FN,KMNF,HH,69.14895,26.99611,,502,manual,0.5,,2133,manual,0.5,20250703T144154Z_20250703T144254Z,,,,,,,,,,,,,,,,,[-1.7783 -0.7091 -1.4094],4416,2025-07-03 14:41:54.250000,earthquake_local,KMNF.FN_20250703144154_HH_EV
FN,KMNF,HH,69.14895,26.99611,,499,manual,0.5,,1951,manual,0.5,20250708T015410Z_20250708T015510Z,,,,,,,,,,,,,,,,,[3.7401 0.0324 0.4171],3984,2025-07-08 01:54:10.550000,earthquake_local,KMNF.FN_20250708015410_HH_EV
FN,KMNF,HH,69.14895,26.99611,,502,manual,0.5,,4334,manual,0.5,20250714T045836Z_20250714T045936Z,,,,,,,,,,,,,,,,,[6.8331 0.3969 0.2860],5999,2025-07-14 04:58:36.000000,earthquake_local,KMNF.FN_20250714045836_HH_EV
FN,KMNF,HH,69.14895,26.99611,,499,manual,0.5,,4407,manual,0.5,20250715T051652Z_20250715T051752Z,,,,,,,,,,,,,,,,,[12.3125 0.7041 0.8069],5999,2025-07-15 05:16:52.650000,earthquake_local,KMNF.FN_20250715051652_HH_EV
FN,KMNF,HH,69.14895,26.99611,,500,manual,0.5,,4174,manual,0.5,20250803T081324Z_20250803T081424Z,,,,,,,,,,,,,,,,,[-1.1338 -0.7163 1.6912],5999,2025-08-03 08:13:24.950000,earthquake_local,KMNF.FN_20250803081324_HH_EV
FN,KMNF,HH,69.14895,26.99611,,500,manual,0.5,,3661,manual,0.5,20250822T033810Z_20250822T033910Z,,,,,,,,,,,,,,,,,[3.0061 2.4115 2.1090],5999,2025-08-22 03:38:10.400000,earthquake_local,KMNF.FN_20250822033810_HH_EV
FN,KMNF,HH,69.14895,26.99611,,499,manual,0.5,,3578,manual,0.5,20250904T120857Z_20250904T120957Z,,,,,,,,,,,,,,,,,[5.3784 0.1874 -0.0331],5999,2025-09-04 12:08:57.400000,earthquake_local,KMNF.FN_20250904120857_HH_EV
FN,KMNF,HH,69.14895,26.99611,,498,manual,0.5,,2623,manual,0.5,20250922T083418Z_20250922T083518Z,,,,,,,,,,,,,,,,,[4.2465 -0.6005 -0.0031],5598,2025-09-22 08:34:18.350000,earthquake_local,KMNF.FN_20250922083418_HH_EV
FN,KMNF,HH,69.14895,26.99611,,501,manual,0.5,,2105,manual,0.5,20251012T004849Z_20251012T004949Z,,,,,,,,,,,,,,,,,[-0.4006 -0.4215 4.1938],4351,2025-10-12 00:48:49.750000,earthquake_local,KMNF.FN_20251012004849_HH_EV
FN,KMNF,HH,69.14895,26.99611,,500,manual,0.5,,1094,manual,0.5,20251024T175250Z_20251024T175350Z,,,,,,,,,,,,,,,,,[1.1790 -0.0393 0.4736],1926,2025-10-24 17:52:50.800000,earthquake_local,KMNF.FN_20251024175250_HH_EV
FN,KMNF,HH,69.14895,26.99611,,502,manual,0.5,,1796,manual,0.5,20251027T093102Z_20251027T093202Z,,,,,,,,,,,,,,,,,[-0.5658 0.5758 -0.7671],3608,2025-10-27 09:31:02.450000,earthquake_local,KMNF.FN_20251027093102_HH_EV
FN,KMNF,HH,69.14895,26.99611,,499,manual,0.5,,2009,manual,0.5,20251031T143452Z_20251031T143552Z,,,,,,,,,,,,,,,,,[2.5514 0.3028 0.1083],4123,2025-10-31 14:34:52.250000,earthquake_local,KMNF.FN_20251031143452_HH_EV
FN,KMNF,HH,69.14895,26.99611,,498,manual,0.5,,2721,manual,0.5,20251113T075154Z_20251113T075254Z,,,,,,,,,,,,,,,,,[-2.1630 -0.0612 1.5166],5833,2025-11-13 07:51:54.950000,earthquake_local,KMNF.FN_20251113075154_HH_EV
FN,KMNF,HH,69.14895,26.99611,,499,manual,0.5,,1604,manual,0.5,20251125T064753Z_20251125T064853Z,,,,,,,,,,,,,,,,,[9.4011 0.5736 0.5809],3151,2025-11-25 06:47:53.100000,earthquake_local,KMNF.FN_20251125064753_HH_EV
FN,KMNF,HH,69.14895,26.99611,,502,manual,0.5,,1775,manual,0.5,20251204T210350Z_20251204T210450Z,,,,,,,,,,,,,,,,,[-4.7962 -0.6210 0.3571],3557,2025-12-04 21:03:50.200000,earthquake_local,KMNF.FN_20251204210350_HH_EV
FN,KMNF,HH,69.14895,26.99611,,499,manual,0.5,,3642,manual,0.5,20251208T051557Z_20251208T051657Z,,,,,,,,,,,,,,,,,[1.9849 0.1141 0.7916],5999,2025-12-08 05:15:57.550000,earthquake_local,KMNF.FN_20251208051557_HH_EV
FN,KMNF,HH,69.14895,26.99611,,501,manual,0.5,,3110,manual,0.5,20251215T175510Z_20251215T175610Z,,,,,,,,,,,,,,,,,[1.1872 2.0306 6.7737],5999,2025-12-15 17:55:10.750000,earthquake_local,KMNF.FN_20251215175510_HH_EV
FN,KMNF,HH,69.14895,26.99611,,498,manual,0.5,,3502,manual,0.5,20251218T005714Z_20251218T005814Z,,,,,,,,,,,,,,,,,[-1.3314 -2.0428 -1.2266],5999,2025-12-18 00:57:14.550000,earthquake_local,KMNF.FN_20251218005714_HH_EV
FN,KMNF,HH,69.14895,26.99611,,501,manual,0.5,,2029,manual,0.5,20251218T155239Z_20251218T155339Z,,,,,,,,,,,,,,,,,[-3.6886 -1.1495 1.6916],4168,2025-12-18 15:52:39.250000,earthquake_local,KMNF.FN_20251218155239_HH_EV
HE,KPF,HH,61.8337,22.0704,,500,manual,0.5,,2119,manual,0.5,20250131T071939Z_20250131T072039Z,,,,,,,,,,,,,,,,,[-1.2234 -1.1126 -0.0534],4386,2025-01-31 07:19:39.292000,earthquake_local,KPF.HE_20250131071939_HH_EV
HE,KPF,HH,61.8337,22.0704,,500,manual,0.5,,2653,manual,0.5,20250320T013406Z_20250320T013506Z,,,,,,,,,,,,,,,,,[-0.4057 -0.8772 -1.1159],5667,2025-03-20 01:34:06.780000,earthquake_local,KPF.HE_20250320013406_HH_EV
HE,KPF,HH,61.8337,22.0704,,500,manual,0.5,,3469,manual,0.5,20250326T050700Z_20250326T050800Z,,,,,,,,,,,,,,,,,[2.0797 1.5170 0.8924],5999,2025-03-26 05:07:00.368000,earthquake_local,KPF.HE_20250326050700_HH_EV
HE,KPF,HH,61.8337,22.0704,,500,manual,0.5,,3475,manual,0.5,20250423T183521Z_20250423T183621Z,,,,,,,,,,,,,,,,,[2.8180 0.0774 0.2616],5999,2025-04-23 18:35:21.204000,earthquake_local,KPF.HE_20250423183521_HH_EV
HE,KPF,HH,61.8337,22.0704,,500,manual,0.5,,3576,manual,0.5,20250425T214801Z_20250425T214901Z,,,,,,,,,,,,,,,,,[0.4709 -0.0477 0.4027],5999,2025-04-25 21:48:01.268000,earthquake_local,KPF.HE_20250425214801_HH_EV
HE,KPF,HH,61.8337,22.0704,,500,manual,0.5,,3235,manual,0.5,20250525T125201Z_20250525T125301Z,,,,,,,,,,,,,,,,,[-1.5886 -0.6103 -5.4086],5999,2025-05-25 12:52:01.652000,earthquake_local,KPF.HE_20250525125201_HH_EV
HE,KPF,HH,61.8337,22.0704,,500,manual,0.5,,3161,manual,0.5,20250615T213750Z_20250615T213850Z,,,,,,,,,,,,,,,,,[-2.6565 -0.4416 -0.0627],5999,2025-06-15 21:37:50.060000,earthquake_local,KPF.HE_20250615213750_HH_EV
HE,KPF,HH,61.8337,22.0704,,500,manual,0.5,,3439,manual,0.5,20250618T163557Z_20250618T163657Z,,,,,,,,,,,,,,,,,[2.9191 0.4814 -0.1425],5999,2025-06-18 16:35:57.536000,earthquake_local,KPF.HE_20250618163557_HH_EV
HE,KPF,HH,61.8337,22.0704,,500,manual,0.5,,2936,manual,0.5,20250628T154159Z_20250628T154259Z,,,,,,,,,,,,,,,,,[-0.9373 0.6976 -0.4610],5999,2025-06-28 15:41:59.208000,earthquake_local,KPF.HE_20250628154159_HH_EV
HE,KPF,HH,61.8337,22.0704,,500,manual,0.5,,3200,manual,0.5,20250630T005855Z_20250630T005955Z,,,,,,,,,,,,,,,,,[-6.4230 0.4826 0.6581],5999,2025-06-30 00:58:55.276000,earthquake_local,KPF.HE_20250630005855_HH_EV
HE,KPF,HH,61.8337,22.0704,,500,manual,0.5,,3808,manual,0.5,20250703T171929Z_20250703T172029Z,,,,,,,,,,,,,,,,,[0.9221 -0.1695 0.5022],5999,2025-07-03 17:19:29.108000,earthquake_local,KPF.HE_20250703171929_HH_EV
HE,KPF,HH,61.8337,22.0704,,500,manual,0.5,,2786,manual,0.5,20250727T015823Z_20250727T015923Z,,,,,,,,,,,,,,,,,[1.1478 -0.0745 0.1091],5986,2025-07-27 01:58:23.424000,earthquake_local,KPF.HE_20250727015823_HH_EV
HE,KPF,HH,61.8337,22.0704,,500,manual,0.5,,3039,manual,0.5,20250806T132423Z_20250806T132523Z,,,,,,,,,,,,,,,,,[-0.4772 1.1308 -0.2570],5999,2025-08-06 13:24:23.476000,earthquake_local,KPF.HE_20250806132423_HH_EV
HE,KPF,HH,61.8337,22.0704,,500,manual,0.5,,1505,manual,0.5,20250811T205840Z_20250811T205940Z,,,,,,,,,,,,,,,,,[2.0821 -0.1837 0.2296],2912,2025-08-11 20:58:40.720000,earthquake_local,KPF.HE_20250811205840_HH_EV
HE,KPF,HH,61.8337,22.0704,,500,manual,0.5,,3725,manual,0.5,20250813T152301Z_20250813T152401Z,,,,,,,,,,,,,,,,,[-1.4077 -0.3268 -0.1846],5999,2025-08-13 15:23:01.392000,earthquake_local,KPF.HE_20250813152301_HH_EV
HE,KPF,HH,61.8337,22.0704,,500,manual,0.5,,4216,manual,0.5,20250817T031546Z_20250817T031646Z,,,,,,,,,,,,,,,,,[-2.1512 0.2063 0.0648],5999,2025-08-17 03:15:46.504000,earthquake_local,KPF.HE_20250817031546_HH_EV
HE,KPF,HH,61.8337,22.0704,,500,manual,0.5,,2830,manual,0.5,20250817T045859Z_20250817T045959Z,,,,,,,,,,,,,,,,,[-0.0345 -1.0765 -0.1636],5999,2025-08-17 04:58:59.728000,earthquake_local,KPF.HE_20250817045859_HH_EV
HE,KPF,HH,61.8337,22.0704,,500,manual,0.5,,2976,manual,0.5,20250818T201341Z_20250818T201441Z,,,,,,,,,,,,,,,,,[2.1732 -0.0491 -0.6533],5999,2025-08-18 20:13:41.224000,earthquake_local,KPF.HE_20250818201341_HH_EV
HE,KPF,HH,61.8337,22.0704,,500,manual,0.5,,2112,manual,0.5,20250820T130603Z_20250820T130703Z,,,,,,,,,,,,,,,,,[2.0576 3.6972 0.3388],4369,2025-08-20 13:06:03.324000,earthquake_local,KPF.HE_20250820130603_HH_EV
HE,KPF,HH,61.8337,22.0704,,500,manual,0.5,,3073,manual,0.5,20250824T012020Z_20250824T012120Z,,,,,,,,,,,,,,,,,[0.1025 0.3978 0.0010],5999,2025-08-24 01:20:20.516000,earthquake_local,KPF.HE_20250824012020_HH_EV
HE,KPF,HH,61.8337,22.0704,,500,manual,0.5,,3787,manual,0.5,20250909T163132Z_20250909T163232Z,,,,,,,,,,,,,,,,,[-1.0932 -5.3383 -0.5053],5999,2025-09-09 16:31:32.400000,earthquake_local,KPF.HE_20250909163132_HH_EV
HE,KPF,HH,61.8337,22.0704,,500,manual,0.5,,3450,manual,0.5,20250914T060234Z_20250914T060334Z,,,,,,,,,,,,,,,,,[1.8792 -0.6935 0.0006],5999,2025-09-14 06:02:34.832000,earthquake_local,KPF.HE_20250914060234_HH_EV
HE,KPF,HH,61.8337,22.0704,,500,manual,0.5,,3228,manual,0.5,20250916T203518Z_20250916T203618Z,,,,,,,,,,,,,,,,,[-2.4837 0.4888 0.0535],5999,2025-09-16 20:35:18.964000,earthquake_local,KPF.HE_20250916203518_HH_EV
HE,KPF,HH,61.8337,22.0704,,500,manual,0.5,,2152,manual,0.5,20250919T032131Z_20250919T032231Z,,,,,,,,,,,,,,,,,[-1.7804 -0.7616 0.3148],4465,2025-09-19 03:21:31.620000,earthquake_local,KPF.HE_20250919032131_HH_EV
HE,KPF,HH,61.8337,22.0704,,500,manual,0.5,,3725,manual,0.5,20251002T093511Z_20251002T093611Z,,,,,,,,,,,,,,,,,[-1.9157 2.1843 0.4159],5999,2025-10-02 09:35:11.232000,earthquake_local,KPF.HE_20251002093511_HH_EV
HE,KPF,HH,61.8337,22.0704,,500,manual,0.5,,3435,manual,0.5,20251003T171617Z_20251003T171717Z,,,,,,,,,,,,,,,,,[8.3617 6.9271 2.3097],5999,2025-10-03 17:16:17.660000,earthquake_local,KPF.HE_20251003171617_HH_EV
HE,KPF,HH,61.8337,22.0704,,500,manual,0.5,,3886,manual,0.5,20251008T213848Z_20251008T213948Z,,,,,,,,,,,,,,,,,[0.8667 3.4629 5.0811],5999,2025-10-08 21:38:48.660000,earthquake_local,KPF.HE_20251008213848_HH_EV
HE,KPF,HH,61.8337,22.0704,,500,manual,0.5,,3331,manual,0.5,20251011T133157Z_20251011T133257Z,,,,,,,,,,,,,,,,,[-3.0117 -1.7835 -0.5375],5999,2025-10-11 13:31:57.760000,earthquake_local,KPF.HE_20251011133157_HH_EV
HE,KPF,HH,61.8337,22.0704,,500,manual,0.5,,1489,manual,0.5,20251012T173813Z_20251012T173913Z,,,,,,,,,,,,,,,,,[1.8861 -1.6244 -0.4570],2874,2025-10-12 17:38:13.644000,earthquake_local,KPF.HE_20251012173813_HH_EV
HE,KPF,HH,61.8337,22.0704,,500,manual,0.5,,3341,manual,0.5,20251018T035906Z_20251018T040006Z,,,,,,,,,,,,,,,,,[10.0448 0.0151 -0.1925],5999,2025-10-18 03:59:06.232000,earthquake_local,KPF.HE_20251018035906_HH_EV
HE,KPF,HH,61.8337,22.0704,,500,manual,0.5,,3340,manual,0.5,20251018T044009Z_20251018T044109Z,,,,,,,,,,,,,,,,,[-5.2970 0.1230 0.1954],5999,2025-10-18 04:40:09.732000,earthquake_local,KPF.HE_20251018044009_HH_EV
HE,KPF,HH,61.8337,22.0704,,500,manual,0.5,,2668,manual,0.5,20251030T093227Z_20251030T093327Z,,,,,,,,,,,,,,,,,[0.1977 -1.0226 -0.2675],5703,2025-10-30 09:32:27.404000,earthquake_local,KPF.HE_20251030093227_HH_EV
HE,KPF,HH,61.8337,22.0704,,500,manual,0.5,,2912,manual,0.5,20251113T032912Z_20251113T033012Z,,,,,,,,,,,,,,,,,[-4.1826 2.3195 -2.8689],5999,2025-11-13 03:29:12.388000,earthquake_local,KPF.HE_20251113032912_HH_EV
HE,KPF,HH,61.8337,22.0704,,500,manual,0.5,,3602,manual,0.5,20251120T230923Z_20251120T231023Z,,,,,,,,,,,,,,,,,[0.0082 0.4572 0.6184],5999,2025-11-20 23:09:23.732000,earthquake_local,KPF.HE_20251120230923_HH_EV
HE,KPF,HH,61.8337,22.0704,,500,manual,0.5,,842,manual,0.5,20251203T192739Z_20251203T192839Z,,,,,,,,,,,,,,,,,[18.4132 14.7423 10.5749],1321,2025-12-03 19:27:39.312000,earthquake_local,KPF.HE_20251203192739_HH_EV
HE,KPF,HH,61.8337,22.0704,,500,manual,0.5,,2978,manual,0.5,20251217T194331Z_20251217T194431Z,,,,,,,,,,,,,,,,,[-0.3512 2.4832 7.8939],5999,2025-12-17 19:43:31.464000,earthquake_local,KPF.HE_20251217194331_HH_EV
HE,KPF,HH,61.8337,22.0704,,500,manual,0.5,,3346,manual,0.5,20251221T061915Z_20251221T062015Z,,,,,,,,,,,,,,,,,[1.6986 -0.6614 -0.5697],5999,2025-12-21 06:19:15.732000,earthquake_local,KPF.HE_20251221061915_HH_EV
HE,KPF,HH,61.8337,22.0704,,500,manual,0.5,,3228,manual,0.5,20251222T221702Z_20251222T221802Z,,,,,,,,,,,,,,,,,[0.0194 0.2993 0.3507],5999,2025-12-22 22:17:02.028000,earthquake_local,KPF.HE_20251222221702_HH_EV
HE,KPF,HH,61.8337,22.0704,,500,manual,0.5,,1901,manual,0.5,20251230T114331Z_20251230T114431Z,,,,,,,,,,,,,,,,,[-7.3346 -1.0695 -1.8292],3862,2025-12-30 11:43:31.560000,earthquake_local,KPF.HE_20251230114331_HH_EV
HE,KU6,HH,66.02547,29.89067,,500,manual,0.5,,1048,manual,0.5,20250114T150830Z_20250114T150930Z,,,,,,,,,,,,,,,,,[-0.5736 -1.1709 -1.3198],1815,2025-01-14 15:08:30.670000,earthquake_local,KU6.HE_20250114150830_HH_EV
HE,KU6,HH,66.02547,29.89067,,500,manual,0.5,,2130,manual,0.5,20250125T042823Z_20250125T042923Z,,,,,,,,,,,,,,,,,[-0.0282 2.1941 -0.2042],4412,2025-01-25 04:28:23.300000,earthquake_local,KU6.HE_20250125042823_HH_EV
HE,KU6,HH,66.02547,29.89067,,500,manual,0.5,,2672,manual,0.5,20250131T023209Z_20250131T023309Z,,,,,,,,,,,,,,,,,[-0.0898 -3.8499 -0.2902],5713,2025-01-31 02:32:09.350000,earthquake_local,KU6.HE_20250131023209_HH_EV
HE,KU6,HH,66.02547,29.89067,,500,manual,0.5,,943,manual,0.5,20250201T193612Z_20250201T193712Z,,,,,,,,,,,,,,,,,[-0.1080 0.2263 -0.1627],1563,2025-02-01 19:36:12.000000,earthquake_local,KU6.HE_20250201193612_HH_EV
HE,KU6,HH,66.02547,29.89067,,500,manual,0.5,,3768,manual,0.5,20250202T003332Z_20250202T003432Z,,,,,,,,,,,,,,,,,[-0.4421 2.3245 0.1217],5999,2025-02-02 00:33:32.040000,earthquake_local,KU6.HE_20250202003332_HH_EV
HE,KU6,HH,66.02547,29.89067,,500,manual,0.5,,943,manual,0.5,20250215T210112Z_20250215T210212Z,,,,,,,,,,,,,,,,,[0.0340 1.2890 -0.3516],1563,2025-02-15 21:01:12.930000,earthquake_local,KU6.HE_20250215210112_HH_EV
HE,KU6,HH,66.02547,29.89067,,500,manual,0.5,,1027,manual,0.5,20250220T113052Z_20250220T113152Z,,,,,,,,,,,,,,,,,[0.2709 -4.8628 -0.8122],1765,2025-02-20 11:30:52.150000,earthquake_local,KU6.HE_20250220113052_HH_EV
HE,KU6,HH,66.02547,29.89067,,500,manual,0.5,,1247,manual,0.5,20250220T231956Z_20250220T232056Z,,,,,,,,,,,,,,,,,[0.2769 2.2617 0.4415],2293,2025-02-20 23:19:56.140000,earthquake_local,KU6.HE_20250220231956_HH_EV
HE,KU6,HH,66.02547,29.89067,,500,manual,0.5,,3469,manual,0.5,20250228T014710Z_20250228T014810Z,,,,,,,,,,,,,,,,,[0.0900 6.0401 0.1913],5999,2025-02-28 01:47:10.330000,earthquake_local,KU6.HE_20250228014710_HH_EV
HE,KU6,HH,66.02547,29.89067,,500,manual,0.5,,2937,manual,0.5,20250305T073116Z_20250305T073216Z,,,,,,,,,,,,,,,,,[-0.2305 1.9329 5.9149],5999,2025-03-05 07:31:16.300000,earthquake_local,KU6.HE_20250305073116_HH_EV
HE,KU6,HH,66.02547,29.89067,,500,manual,0.5,,1229,manual,0.5,20250308T143610Z_20250308T143710Z,,,,,,,,,,,,,,,,,[0.5547 -0.5038 0.1949],2250,2025-03-08 14:36:10.130000,earthquake_local,KU6.HE_20250308143610_HH_EV
HE,KU6,HH,66.02547,29.89067,,500,manual,0.5,,1128,manual,0.5,20250310T020906Z_20250310T021006Z,,,,,,,,,,,,,,,,,[0.1819 -0.6700 0.2524],2007,2025-03-10 02:09:06.400000,earthquake_local,KU6.HE_20250310020906_HH_EV
HE,KU6,HH,66.02547,29.89067,,500,manual,0.5,,1049,manual,0.5,20250315T023924Z_20250315T024024Z,,,,,,,,,,,,,,,,,[0.1829 -1.2764 0.4309],1818,2025-03-15 02:39:24.430000,earthquake_local,KU6.HE_20250315023924_HH_EV
HE,KU6,HH,66.02547,29.89067,,500,manual,0.5,,918,manual,0.5,20250405T071748Z_20250405T071848Z,,,,,,,,,,,,,,,,,[0.2558 0.0820 2.3856],1503,2025-04-05 07:17:48.430000,earthquake_local,KU6.HE_20250405071748_HH_EV
HE,KU6,HH,66.02547,29.89067,,500,manual,0.5,,838,manual,0.5,20250408T153556Z_20250408T153656Z,,,,,,,,,,,,,,,,,[-0.4965 0.5879 -0.2126],1311,2025-04-08 15:35:56.960000,earthquake_local,KU6.HE_20250408153556_HH_EV
HE,KU6,HH,66.02547,29.89067,,500,manual,0.5,,864,manual,0.5,20250420T190511Z_20250420T190611Z,,,,,,,,,,,,,,,,,[0.4311 3.5118 -0.4726],1374,2025-04-20 19:05:11.030000,earthquake_local,KU6.HE_20250420190511_HH_EV
HE,KU6,HH,66.02547,29.89067,,500,manual,0.5,,1018,manual,0.5,20250427T012159Z_20250427T012259Z,,,,,,,,,,,,,,,,,[0.0912 0.5215 3.4041],1743,2025-04-27 01:21:59.800000,earthquake_local,KU6.HE_20250427012159_HH_EV
HE,KU6,HH,66.02547,29.89067,,500,manual,0.5,,1167,manual,0.5,20250602T171110Z_20250602T171210Z,,,,,,,,,,,,,,,,,[0.0274 -0.4357 0.0873],2101,2025-06-02 17:11:10.860000,earthquake_local,KU6.HE_20250602171110_HH_EV
HE,KU6,HH,66.02547,29.89067,,500,manual,0.5,,792,manual,0.5,20250603T111830Z_20250603T111930Z,,,,,,,,,,,,,,,,,[0.0161 2.0263 -0.0057],1201,2025-06-03 11:18:30.440000,earthquake_local,KU6.HE_20250603111830_HH_EV
HE,KU6,HH,66.02547,29.89067,,500,manual,0.5,,892,manual,0.5,20250605T030235Z_20250605T030335Z,,,,,,,,,,,,,,,,,[2.2191 17.4776 6.9714],1441,2025-06-05 03:02:35.950000,earthquake_local,KU6.HE_20250605030235_HH_EV
HE,KU6,HH,66.02547,29.89067,,500,manual,0.5,,1834,manual,0.5,20250622T112108Z_20250622T112208Z,,,,,,,,,,,,,,,,,[0.3125 -3.5077 0.0921],3702,2025-06-22 11:21:08.510000,earthquake_local,KU6.HE_20250622112108_HH_EV
HE,KU6,HH,66.02547,29.89067,,500,manual,0.5,,2394,manual,0.5,20250630T062922Z_20250630T063022Z,,,,,,,,,,,,,,,,,[-0.0390 1.6906 -0.7636],5046,2025-06-30 06:29:22.530000,earthquake_local,KU6.HE_20250630062922_HH_EV
HE,KU6,HH,66.02547,29.89067,,500,manual,0.5,,851,manual,0.5,20250702T054705Z_20250702T054805Z,,,,,,,,,,,,,,,,,[0.9181 10.6432 0.6175],1342,2025-07-02 05:47:05.140000,earthquake_local,KU6.HE_20250702054705_HH_EV
HE,KU6,HH,66.02547,29.89067,,500,manual,0.5,,1903,manual,0.5,20250802T203537Z_20250802T203637Z,,,,,,,,,,,,,,,,,[-0.1996 0.3236 -0.2036],3867,2025-08-02 20:35:37.660000,earthquake_local,KU6.HE_20250802203537_HH_EV
HE,KU6,HH,66.02547,29.89067,,500,manual,0.5,,798,manual,0.5,20250813T060758Z_20250813T060858Z,,,,,,,,,,,,,,,,,[0.3258 7.9822 -0.2875],1215,2025-08-13 06:07:58.210000,earthquake_local,KU6.HE_20250813060758_HH_EV
HE,KU6,HH,66.02547,29.89067,,500,manual,0.5,,1019,manual,0.5,20250818T080604Z_20250818T080704Z,,,,,,,,,,,,,,,,,[0.1004 -0.0267 0.2315],1746,2025-08-18 08:06:04.850000,earthquake_local,KU6.HE_20250818080604_HH_EV
HE,KU6,HH,66.02547,29.89067,,500,manual,0.5,,1325,manual,0.5,20250824T104231Z_20250824T104331Z,,,,,,,,,,,,,,,,,[0.1084 -2.1947 0.1495],2480,2025-08-24 10:42:31.760000,earthquake_local,KU6.HE_20250824104231_HH_EV
HE,KU6,HH,66.02547,29.89067,,500,manual,0.5,,2089,manual,0.5,20250903T171319Z_20250903T171419Z,,,,,,,,,,,,,,,,,[0.0248 3.5108 -0.0278],4314,2025-09-03 17:13:19.340000,earthquake_local,KU6.HE_20250903171319_HH_EV
HE,KU6,HH,66.02547,29.89067,,500,manual,0.5,,1761,manual,0.5,20250904T120833Z_20250904T120933Z,,,,,,,,,,,,,,,,,[0.3957 3.8529 0.2420],3526,2025-09-04 12:08:33.250000,earthquake_local,KU6.HE_20250904120833_HH_EV
HE,KU6,HH,66.02547,29.89067,,500,manual,0.5,,1323,manual,0.5,20250920T161842Z_20250920T161942Z,,,,,,,,,,,,,,,,,[0.2972 -2.9298 -0.0267],2475,2025-09-20 16:18:42.520000,earthquake_local,KU6.HE_20250920161842_HH_EV
HE,KU6,HH,66.02547,29.89067,,500,manual,0.5,,781,manual,0.5,20251007T103756Z_20251007T103856Z,,,,,,,,,,,,,,,,,[-0.1590 -0.7886 -0.2630],1174,2025-10-07 10:37:56.900000,earthquake_local,KU6.HE_20251007103756_HH_EV
HE,KU6,HH,66.02547,29.89067,,500,manual,0.5,,1236,manual,0.5,20251020T001857Z_20251020T001957Z,,,,,,,,,,,,,,,,,[-0.1993 1.4443 0.0854],2266,2025-10-20 00:18:57.370000,earthquake_local,KU6.HE_20251020001857_HH_EV
HE,KU6,HH,66.02547,29.89067,,500,manual,0.5,,1114,manual,0.5,20251021T034257Z_20251021T034357Z,,,,,,,,,,,,,,,,,[0.0209 -1.3945 -0.1013],1974,2025-10-21 03:42:57.580000,earthquake_local,KU6.HE_20251021034257_HH_EV
HE,KU6,HH,66.02547,29.89067,,500,manual,0.5,,1013,manual,0.5,20251030T053451Z_20251030T053551Z,,,,,,,,,,,,,,,,,[-0.1584 -5.3140 -0.1107],1731,2025-10-30 05:34:51.100000,earthquake_local,KU6.HE_20251030053451_HH_EV
HE,KU6,HH,66.02547,29.89067,,500,manual,0.5,,785,manual,0.5,20251102T225701Z_20251102T225801Z,,,,,,,,,,,,,,,,,[0.7150 7.1470 0.4421],1184,2025-11-02 22:57:01.560000,earthquake_local,KU6.HE_20251102225701_HH_EV
HE,KU6,HH,66.02547,29.89067,,500,manual,0.5,,1270,manual,0.5,20251117T222917Z_20251117T223017Z,,,,,,,,,,,,,,,,,[-0.1818 -3.6941 -0.9079],2348,2025-11-17 22:29:17.120000,earthquake_local,KU6.HE_20251117222917_HH_EV
HE,KU6,HH,66.02547,29.89067,,500,manual,0.5,,1991,manual,0.5,20251129T233518Z_20251129T233618Z,,,,,,,,,,,,,,,,,[-0.2637 -2.9550 -1.4808],4078,2025-11-29 23:35:18.840000,earthquake_local,KU6.HE_20251129233518_HH_EV
HE,KU6,HH,66.02547,29.89067,,500,manual,0.5,,1410,manual,0.5,20251202T122132Z_20251202T122232Z,,,,,,,,,,,,,,,,,[-0.2207 0.8470 0.8482],2684,2025-12-02 12:21:32.480000,earthquake_local,KU6.HE_20251202122132_HH_EV
HE,KU6,HH,66.02547,29.89067,,500,manual,0.5,,2034,manual,0.5,20251218T005648Z_20251218T005748Z,,,,,,,,,,,,,,,,,[-0.2741 -2.4796 0.8889],4182,2025-12-18 00:56:48.480000,earthquake_local,KU6.HE_20251218005648_HH_EV
HE,KU6,HH,66.02547,29.89067,,500,manual,0.5,,3258,manual,0.5,20251219T083744Z_20251219T083844Z,,,,,,,,,,,,,,,,,[-0.0554 3.3768 -1.4580],5999,2025-12-19 08:37:44.640000,earthquake_local,KU6.HE_20251219083744_HH_EV
HE,KU6,HH,66.02547,29.89067,,500,manual,0.5,,2295,manual,0.5,20251228T223157Z_20251228T223257Z,,,,,,,,,,,,,,,,,[-0.2962 4.6373 0.3329],4808,2025-12-28 22:31:57.650000,earthquake_local,KU6.HE_20251228223157_HH_EV
HE,KUNI,HH,,,,500,manual,0.5,,1980,manual,0.5,20250115T090340Z_20250115T090440Z,,,,,,,,,,,,,,,,,[0.7363 1.7374 -0.0656],4052,2025-01-15 09:03:40.760000,earthquake_local,KUNI.HE_20250115090340_HH_EV
HE,KUNI,HH,,,,500,manual,0.5,,1824,manual,0.5,20250215T085600Z_20250215T085700Z,,,,,,,,,,,,,,,,,[0.9992 -0.4378 0.0059],3678,2025-02-15 08:56:00.528000,earthquake_local,KUNI.HE_20250215085600_HH_EV
HE,KUNI,HH,,,,500,manual,0.5,,2154,manual,0.5,20250430T120431Z_20250430T120531Z,,,,,,,,,,,,,,,,,[-0.2032 -0.2406 0.0663],4470,2025-04-30 12:04:31.392000,earthquake_local,KUNI.HE_20250430120431_HH_EV
HE,KUNI,HH,,,,500,manual,0.5,,2148,manual,0.5,20250430T213908Z_20250430T214008Z,,,,,,,,,,,,,,,,,[-0.0638 -0.4061 0.0176],4455,2025-04-30 21:39:08.060000,earthquake_local,KUNI.HE_20250430213908_HH_EV
HE,KUNI,HH,,,,500,manual,0.5,,2173,manual,0.5,20250514T213747Z_20250514T213847Z,,,,,,,,,,,,,,,,,[-0.0117 0.5289 -0.0001],4515,2025-05-14 21:37:47.768000,earthquake_local,KUNI.HE_20250514213747_HH_EV
HE,KUNI,HH,,,,500,manual,0.5,,2140,manual,0.5,20250514T214550Z_20250514T214650Z,,,,,,,,,,,,,,,,,[-1.0631 0.5208 0.0045],4436,2025-05-14 21:45:50.160000,earthquake_local,KUNI.HE_20250514214550_HH_EV
HE,KUNI,HH,,,,500,manual,0.5,,2175,manual,0.5,20250801T002006Z_20250801T002106Z,,,,,,,,,,,,,,,,,[0.1542 0.9428 0.0002],4520,2025-08-01 00:20:06.124000,earthquake_local,KUNI.HE_20250801002006_HH_EV
HE,KUNI,HH,,,,500,manual,0.5,,3082,manual,0.5,20250811T205901Z_20250811T210001Z,,,,,,,,,,,,,,,,,[0.0528 -0.0820 0.0129],5999,2025-08-11 20:59:01.304000,earthquake_local,KUNI.HE_20250811205901_HH_EV
HE,KUNI,HH,,,,500,manual,0.5,,1960,manual,0.5,20250813T150644Z_20250813T150744Z,,,,,,,,,,,,,,,,,[-0.0084 0.0007 -0.0000],4004,2025-08-13 15:06:44.936000,earthquake_local,KUNI.HE_20250813150644_HH_EV
HE,KUNI,HH,,,,500,manual,0.5,,987,manual,0.5,20250828T130439Z_20250828T130539Z,,,,,,,,,,,,,,,,,[-0.1230 0.1202 0.0215],1669,2025-08-28 13:04:39.116000,earthquake_local,KUNI.HE_20250828130439_HH_EV
HE,KUNI,HH,,,,500,manual,0.5,,2010,manual,0.5,20250909T163109Z_20250909T163209Z,,,,,,,,,,,,,,,,,[-0.1377 0.0780 -0.0227],4124,2025-09-09 16:31:09.256000,earthquake_local,KUNI.HE_20250909163109_HH_EV
HE,KUNI,HH,,,,500,manual,0.5,,3088,manual,0.5,20251012T173833Z_20251012T173933Z,,,,,,,,,,,,,,,,,[0.9223 1.3177 0.7445],5999,2025-10-12 17:38:33.968000,earthquake_local,KUNI.HE_20251012173833_HH_EV
HE,KUNI,HH,,,,500,manual,0.5,,1854,manual,0.5,20251107T205704Z_20251107T205804Z,,,,,,,,,,,,,,,,,[0.2554 0.4120 0.0134],3750,2025-11-07 20:57:04.860000,earthquake_local,KUNI.HE_20251107205704_HH_EV
HE,LAUT,HH,,,,500,manual,0.5,,2027,manual,0.5,20250115T090341Z_20250115T090441Z,,,,,,,,,,,,,,,,,[0.3840 0.7580 -0.0257],4165,2025-01-15 09:03:41.980000,earthquake_local,LAUT.HE_20250115090341_HH_EV
HE,LAUT,HH,,,,500,manual,0.5,,1968,manual,0.5,20250127T013002Z_20250127T013102Z,,,,,,,,,,,,,,,,,[-2.4291 3.7377 0.1131],4023,2025-01-27 01:30:02.264000,earthquake_local,LAUT.HE_20250127013002_HH_EV
HE,LAUT,HH,,,,500,manual,0.5,,1899,manual,0.5,20250215T085601Z_20250215T085701Z,,,,,,,,,,,,,,,,,[-0.1562 -0.0981 0.0659],3858,2025-02-15 08:56:01.296000,earthquake_local,LAUT.HE_20250215085601_HH_EV
HE,LAUT,HH,,,,500,manual,0.5,,2184,manual,0.5,20250430T120432Z_20250430T120532Z,,,,,,,,,,,,,,,,,[-0.0333 -0.1834 0.0204],4542,2025-04-30 12:04:32.432000,earthquake_local,LAUT.HE_20250430120432_HH_EV
HE,LAUT,HH,,,,500,manual,0.5,,2174,manual,0.5,20250430T213909Z_20250430T214009Z,,,,,,,,,,,,,,,,,[-0.7247 0.7206 0.0041],4518,2025-04-30 21:39:09.152000,earthquake_local,LAUT.HE_20250430213909_HH_EV
HE,LAUT,HH,,,,500,manual,0.5,,2240,manual,0.5,20250514T213748Z_20250514T213848Z,,,,,,,,,,,,,,,,,[-0.1057 0.5009 0.0057],4676,2025-05-14 21:37:48.772000,earthquake_local,LAUT.HE_20250514213748_HH_EV
HE,LAUT,HH,,,,500,manual,0.5,,1729,manual,0.5,20250824T012002Z_20250824T012102Z,,,,,,,,,,,,,,,,,[1.2826 0.0601 0.0013],3450,2025-08-24 01:20:02.388000,earthquake_local,LAUT.HE_20250824012002_HH_EV
HE,LAUT,HH,,,,500,manual,0.5,,2115,manual,0.5,20250909T163110Z_20250909T163210Z,,,,,,,,,,,,,,,,,[0.0405 -0.0332 -0.1174],4376,2025-09-09 16:31:10.740000,earthquake_local,LAUT.HE_20250909163110_HH_EV
HE,LAUT,HH,,,,500,manual,0.5,,1896,manual,0.5,20251107T205705Z_20251107T205805Z,,,,,,,,,,,,,,,,,[-0.5743 -0.0487 -0.0008],3850,2025-11-07 20:57:05.908000,earthquake_local,LAUT.HE_20251107205705_HH_EV
HE,LAUT,HH,,,,500,manual,0.5,,780,manual,0.5,20251223T085614Z_20251223T085714Z,,,,,,,,,,,,,,,,,[0.6894 2.4148 -0.0002],1172,2025-12-23 08:56:14.560000,earthquake_local,LAUT.HE_20251223085614_HH_EV
HE,MEF,HH,60.2172,24.3958,,500,manual,0.5,,2337,manual,0.5,20250115T090345Z_20250115T090445Z,,,,,,,,,,,,,,,,,[1.7238 -0.5777 0.4740],4909,2025-01-15 09:03:45.470000,earthquake_local,MEF.HE_20250115090345_HH_EV
HE,MEF,HH,60.2172,24.3958,,500,manual,0.5,,2768,manual,0.5,20250125T132049Z_20250125T132149Z,,,,,,,,,,,,,,,,,[1.3262 -0.0526 0.1776],5943,2025-01-25 13:20:49.910000,earthquake_local,MEF.HE_20250125132049_HH_EV
HE,MEF,HH,60.2172,24.3958,,500,manual,0.5,,2176,manual,0.5,20250127T013005Z_20250127T013105Z,,,,,,,,,,,,,,,,,[1.6278 -2.9647 -4.8441],4522,2025-01-27 01:30:05.540000,earthquake_local,MEF.HE_20250127013005_HH_EV
HE,MEF,HH,60.2172,24.3958,,500,manual,0.5,,2203,manual,0.5,20250215T085605Z_20250215T085705Z,,,,,,,,,,,,,,,,,[2.8241 0.1515 -0.1375],4587,2025-02-15 08:56:05.010000,earthquake_local,MEF.HE_20250215085605_HH_EV
HE,MEF,HH,60.2172,24.3958,,500,manual,0.5,,2193,manual,0.5,20250215T085741Z_20250215T085841Z,,,,,,,,,,,,,,,,,[-2.2207 0.2809 -0.0583],4563,2025-02-15 08:57:41.100000,earthquake_local,MEF.HE_20250215085741_HH_EV
HE,MEF,HH,60.2172,24.3958,,500,manual,0.5,,3062,manual,0.5,20250326T050656Z_20250326T050756Z,,,,,,,,,,,,,,,,,[-1.2468 1.3349 -3.3360],5999,2025-03-26 05:06:56.530000,earthquake_local,MEF.HE_20250326050656_HH_EV
HE,MEF,HH,60.2172,24.3958,,500,manual,0.5,,3138,manual,0.5,20250425T183855Z_20250425T183955Z,,,,,,,,,,,,,,,,,[-0.2604 -0.7498 0.1181],5999,2025-04-25 18:38:55.060000,earthquake_local,MEF.HE_20250425183855_HH_EV
HE,MEF,HH,60.2172,24.3958,,500,manual,0.5,,2180,manual,0.5,20250425T214742Z_20250425T214842Z,,,,,,,,,,,,,,,,,[-0.0963 0.0033 -0.1919],4532,2025-04-25 21:47:42.580000,earthquake_local,MEF.HE_20250425214742_HH_EV
HE,MEF,HH,60.2172,24.3958,,500,manual,0.5,,2468,manual,0.5,20250430T120436Z_20250430T120536Z,,,,,,,,,,,,,,,,,[1.4371 -0.2564 0.0523],5223,2025-04-30 12:04:36.390000,earthquake_local,MEF.HE_20250430120436_HH_EV
HE,MEF,HH,60.2172,24.3958,,500,manual,0.5,,2496,manual,0.5,20250430T161148Z_20250430T161248Z,,,,,,,,,,,,,,,,,[0.5001 -0.0662 -0.1603],5290,2025-04-30 16:11:48.420000,earthquake_local,MEF.HE_20250430161148_HH_EV
HE,MEF,HH,60.2172,24.3958,,500,manual,0.5,,2502,manual,0.5,20250430T213912Z_20250430T214012Z,,,,,,,,,,,,,,,,,[-0.3183 0.1161 -0.0132],5305,2025-04-30 21:39:12.700000,earthquake_local,MEF.HE_20250430213912_HH_EV
HE,MEF,HH,60.2172,24.3958,,500,manual,0.5,,2494,manual,0.5,20250514T212427Z_20250514T212527Z,,,,,,,,,,,,,,,,,[0.8714 -0.4755 -0.0510],5286,2025-05-14 21:24:27.730000,earthquake_local,MEF.HE_20250514212427_HH_EV
HE,MEF,HH,60.2172,24.3958,,500,manual,0.5,,2486,manual,0.5,20250514T213752Z_20250514T213852Z,,,,,,,,,,,,,,,,,[-0.1051 -0.6007 -0.0029],5266,2025-05-14 21:37:52.670000,earthquake_local,MEF.HE_20250514213752_HH_EV
HE,MEF,HH,60.2172,24.3958,,500,manual,0.5,,2483,manual,0.5,20250514T214554Z_20250514T214654Z,,,,,,,,,,,,,,,,,[0.2767 -0.3525 0.0393],5259,2025-05-14 21:45:54.970000,earthquake_local,MEF.HE_20250514214554_HH_EV
HE,MEF,HH,60.2172,24.3958,,500,manual,0.5,,2281,manual,0.5,20250629T201545Z_20250629T201645Z,,,,,,,,,,,,,,,,,[-2.7779 -0.7365 -0.2806],4774,2025-06-29 20:15:45.590000,earthquake_local,MEF.HE_20250629201545_HH_EV
HE,MEF,HH,60.2172,24.3958,,500,manual,0.5,,1311,manual,0.5,20250704T153100Z_20250704T153200Z,,,,,,,,,,,,,,,,,[-0.3802 0.5717 -0.1614],2446,2025-07-04 15:31:00.670000,earthquake_local,MEF.HE_20250704153100_HH_EV
HE,MEF,HH,60.2172,24.3958,,500,manual,0.5,,2454,manual,0.5,20250801T002010Z_20250801T002110Z,,,,,,,,,,,,,,,,,[0.2596 0.0326 0.0024],5190,2025-08-01 00:20:10.970000,earthquake_local,MEF.HE_20250801002010_HH_EV
HE,MEF,HH,60.2172,24.3958,,500,manual,0.5,,2816,manual,0.5,20250811T205857Z_20250811T205957Z,,,,,,,,,,,,,,,,,[0.0123 -1.0635 0.1198],5999,2025-08-11 20:58:57.890000,earthquake_local,MEF.HE_20250811205857_HH_EV
HE,MEF,HH,60.2172,24.3958,,500,manual,0.5,,2336,manual,0.5,20250813T150648Z_20250813T150748Z,,,,,,,,,,,,,,,,,[1.5596 -0.2069 -0.0187],4906,2025-08-13 15:06:48.840000,earthquake_local,MEF.HE_20250813150648_HH_EV
HE,MEF,HH,60.2172,24.3958,,500,manual,0.5,,2239,manual,0.5,20250817T045852Z_20250817T045952Z,,,,,,,,,,,,,,,,,[-0.5087 0.3600 0.0204],4674,2025-08-17 04:58:52.900000,earthquake_local,MEF.HE_20250817045852_HH_EV
HE,MEF,HH,60.2172,24.3958,,500,manual,0.5,,1457,manual,0.5,20250818T201319Z_20250818T201419Z,,,,,,,,,,,,,,,,,[0.2600 0.1642 -0.0388],2797,2025-08-18 20:13:19.290000,earthquake_local,MEF.HE_20250818201319_HH_EV
HE,MEF,HH,60.2172,24.3958,,500,manual,0.5,,1461,manual,0.5,20250824T011958Z_20250824T012058Z,,,,,,,,,,,,,,,,,[0.1168 0.1885 -0.0228],2806,2025-08-24 01:19:58.810000,earthquake_local,MEF.HE_20250824011958_HH_EV
HE,MEF,HH,60.2172,24.3958,,500,manual,0.5,,2370,manual,0.5,20250909T163113Z_20250909T163213Z,,,,,,,,,,,,,,,,,[-0.6375 -0.0065 -0.0042],4988,2025-09-09 16:31:13.440000,earthquake_local,MEF.HE_20250909163113_HH_EV
HE,MEF,HH,60.2172,24.3958,,500,manual,0.5,,1622,manual,0.5,20251003T171553Z_20251003T171653Z,,,,,,,,,,,,,,,,,[-1.0527 5.6011 -4.1447],3193,2025-10-03 17:15:53.800000,earthquake_local,MEF.HE_20251003171553_HH_EV
HE,MEF,HH,60.2172,24.3958,,500,manual,0.5,,2817,manual,0.5,20251012T173830Z_20251012T173930Z,,,,,,,,,,,,,,,,,[1.9952 0.0481 0.1229],5999,2025-10-12 17:38:30.780000,earthquake_local,MEF.HE_20251012173830_HH_EV
HE,MEF,HH,60.2172,24.3958,,500,manual,0.5,,1756,manual,0.5,20251018T035845Z_20251018T035945Z,,,,,,,,,,,,,,,,,[0.1153 -0.2893 0.0369],3514,2025-10-18 03:58:45.110000,earthquake_local,MEF.HE_20251018035845_HH_EV
HE,MEF,HH,60.2172,24.3958,,500,manual,0.5,,2845,manual,0.5,20251030T093229Z_20251030T093329Z,,,,,,,,,,,,,,,,,[-0.0885 0.0507 0.0003],5999,2025-10-30 09:32:29.570000,earthquake_local,MEF.HE_20251030093229_HH_EV
HE,MEF,HH,60.2172,24.3958,,500,manual,0.5,,2166,manual,0.5,20251107T205709Z_20251107T205809Z,,,,,,,,,,,,,,,,,[0.5042 -0.8007 2.1462],4498,2025-11-07 20:57:09.730000,earthquake_local,MEF.HE_20251107205709_HH_EV
HE,MEF,HH,60.2172,24.3958,,500,manual,0.5,,1759,manual,0.5,20251221T061853Z_20251221T061953Z,,,,,,,,,,,,,,,,,[-2.1497 -1.1274 -0.6451],3522,2025-12-21 06:18:53.160000,earthquake_local,MEF.HE_20251221061853_HH_EV
HE,MEF,HH,60.2172,24.3958,,500,manual,0.5,,1039,manual,0.5,20251222T221631Z_20251222T221731Z,,,,,,,,,,,,,,,,,[-0.2498 -0.0111 0.0320],1794,2025-12-22 22:16:31.980000,earthquake_local,MEF.HE_20251222221631_HH_EV
HE,MEF,HH,60.2172,24.3958,,500,manual,0.5,,877,manual,0.5,20251223T085616Z_20251223T085716Z,,,,,,,,,,,,,,,,,[1.1064 0.0165 0.0182],1405,2025-12-23 08:56:16.020000,earthquake_local,MEF.HE_20251223085616_HH_EV
HE,MEF,HH,60.2172,24.3958,,500,manual,0.5,,2210,manual,0.5,20251230T114336Z_20251230T114436Z,,,,,,,,,,,,,,,,,[-1.2435 -2.5857 -1.4229],4604,2025-12-30 11:43:36.820000,earthquake_local,MEF.HE_20251230114336_HH_EV
FN,MSF,HH,65.91131,29.04019,,500,manual,0.5,,742,manual,0.5,20250114T150826Z_20250114T150926Z,,,,,,,,,,,,,,,,,[-0.0022 -0.0473 -0.0023],1081,2025-01-14 15:08:26.370000,earthquake_local,MSF.FN_20250114150826_HH_EV
FN,MSF,HH,65.91131,29.04019,,500,manual,0.5,,3059,manual,0.5,20250120T005058Z_20250120T005158Z,,,,,,,,,,,,,,,,,[0.0005 0.2670 0.0321],5999,2025-01-20 00:50:58.240000,earthquake_local,MSF.FN_20250120005058_HH_EV
FN,MSF,HH,65.91131,29.04019,,500,manual,0.5,,2602,manual,0.5,20250125T042829Z_20250125T042929Z,,,,,,,,,,,,,,,,,[0.0006 -0.0312 -0.0308],5545,2025-01-25 04:28:29.450000,earthquake_local,MSF.FN_20250125042829_HH_EV
FN,MSF,HH,65.91131,29.04019,,500,manual,0.5,,869,manual,0.5,20250130T030156Z_20250130T030256Z,,,,,,,,,,,,,,,,,[-0.0019 -0.0123 0.0293],1386,2025-01-30 03:01:56.900000,earthquake_local,MSF.FN_20250130030156_HH_EV
FN,MSF,HH,65.91131,29.04019,,500,manual,0.5,,2581,manual,0.5,20250131T023208Z_20250131T023308Z,,,,,,,,,,,,,,,,,[0.0015 0.0168 -0.0115],5494,2025-01-31 02:32:08.940000,earthquake_local,MSF.FN_20250131023208_HH_EV
FN,MSF,HH,65.91131,29.04019,,500,manual,0.5,,1156,manual,0.5,20250201T193614Z_20250201T193714Z,,,,,,,,,,,,,,,,,[0.0011 0.0346 0.0181],2074,2025-02-01 19:36:14.970000,earthquake_local,MSF.FN_20250201193614_HH_EV
FN,MSF,HH,65.91131,29.04019,,500,manual,0.5,,4090,manual,0.5,20250202T003337Z_20250202T003437Z,,,,,,,,,,,,,,,,,[0.0014 0.0555 0.0108],5999,2025-02-02 00:33:37.180000,earthquake_local,MSF.FN_20250202003337_HH_EV
FN,MSF,HH,65.91131,29.04019,,500,manual,0.5,,991,manual,0.5,20250215T210113Z_20250215T210213Z,,,,,,,,,,,,,,,,,[0.0012 0.0235 -0.0055],1678,2025-02-15 21:01:13.700000,earthquake_local,MSF.FN_20250215210113_HH_EV
FN,MSF,HH,65.91131,29.04019,,500,manual,0.5,,665,manual,0.5,20250220T113048Z_20250220T113148Z,,,,,,,,,,,,,,,,,[0.0016 0.0734 0.0344],896,2025-02-20 11:30:48.610000,earthquake_local,MSF.FN_20250220113048_HH_EV
FN,MSF,HH,65.91131,29.04019,,500,manual,0.5,,902,manual,0.5,20250220T231950Z_20250220T232050Z,,,,,,,,,,,,,,,,,[-0.0021 -0.1093 -0.0191],1465,2025-02-20 23:19:50.980000,earthquake_local,MSF.FN_20250220231950_HH_EV
FN,MSF,HH,65.91131,29.04019,,500,manual,0.5,,2866,manual,0.5,20250228T014705Z_20250228T014805Z,,,,,,,,,,,,,,,,,[-0.0005 -0.0292 0.0023],5999,2025-02-28 01:47:05.150000,earthquake_local,MSF.FN_20250228014705_HH_EV
FN,MSF,HH,65.91131,29.04019,,500,manual,0.5,,2851,manual,0.5,20250305T073115Z_20250305T073215Z,,,,,,,,,,,,,,,,,[0.0032 -0.2215 0.0235],5999,2025-03-05 07:31:15.280000,earthquake_local,MSF.FN_20250305073115_HH_EV
FN,MSF,HH,65.91131,29.04019,,500,manual,0.5,,1065,manual,0.5,20250305T093515Z_20250305T093615Z,,,,,,,,,,,,,,,,,[-0.0009 0.3788 0.1314],1856,2025-03-05 09:35:15.390000,earthquake_local,MSF.FN_20250305093515_HH_EV
FN,MSF,HH,65.91131,29.04019,,500,manual,0.5,,1409,manual,0.5,20250308T143612Z_20250308T143712Z,,,,,,,,,,,,,,,,,[-0.0008 -0.2530 0.0100],2682,2025-03-08 14:36:12.820000,earthquake_local,MSF.FN_20250308143612_HH_EV
FN,MSF,HH,65.91131,29.04019,,500,manual,0.5,,736,manual,0.5,20250310T020901Z_20250310T021001Z,,,,,,,,,,,,,,,,,[0.0011 -0.0767 0.0154],1066,2025-03-10 02:09:01.760000,earthquake_local,MSF.FN_20250310020901_HH_EV
FN,MSF,HH,65.91131,29.04019,,500,manual,0.5,,1010,manual,0.5,20250315T023923Z_20250315T024023Z,,,,,,,,,,,,,,,,,[0.0020 0.0413 0.0187],1724,2025-03-15 02:39:23.770000,earthquake_local,MSF.FN_20250315023923_HH_EV
FN,MSF,HH,65.91131,29.04019,,500,manual,0.5,,1020,manual,0.5,20250405T071750Z_20250405T071850Z,,,,,,,,,,,,,,,,,[-0.0004 -0.0540 0.0159],1748,2025-04-05 07:17:50.090000,earthquake_local,MSF.FN_20250405071750_HH_EV
FN,MSF,HH,65.91131,29.04019,,500,manual,0.5,,817,manual,0.5,20250408T153556Z_20250408T153656Z,,,,,,,,,,,,,,,,,[0.0001 0.1262 -0.0018],1261,2025-04-08 15:35:56.770000,earthquake_local,MSF.FN_20250408153556_HH_EV
FN,MSF,HH,65.91131,29.04019,,500,manual,0.5,,964,manual,0.5,20250420T190512Z_20250420T190612Z,,,,,,,,,,,,,,,,,[0.0004 0.1110 0.0450],1614,2025-04-20 19:05:12.460000,earthquake_local,MSF.FN_20250420190512_HH_EV
FN,MSF,HH,65.91131,29.04019,,500,manual,0.5,,919,manual,0.5,20250427T012158Z_20250427T012258Z,,,,,,,,,,,,,,,,,[0.0003 -0.0388 -0.0077],1506,2025-04-27 01:21:58.620000,earthquake_local,MSF.FN_20250427012158_HH_EV
FN,MSF,HH,65.91131,29.04019,,500,manual,0.5,,790,manual,0.5,20250602T171104Z_20250602T171204Z,,,,,,,,,,,,,,,,,[-0.0005 -0.0137 0.0026],1196,2025-06-02 17:11:04.610000,earthquake_local,MSF.FN_20250602171104_HH_EV
FN,MSF,HH,65.91131,29.04019,,500,manual,0.5,,1028,manual,0.5,20250603T111833Z_20250603T111933Z,,,,,,,,,,,,,,,,,[-0.0002 0.0644 0.0053],1767,2025-06-03 11:18:33.790000,earthquake_local,MSF.FN_20250603111833_HH_EV
FN,MSF,HH,65.91131,29.04019,,500,manual,0.5,,955,manual,0.5,20250605T030236Z_20250605T030336Z,,,,,,,,,,,,,,,,,[-0.0004 0.2373 -0.0030],1592,2025-06-05 03:02:36.910000,earthquake_local,MSF.FN_20250605030236_HH_EV
FN,MSF,HH,65.91131,29.04019,,500,manual,0.5,,2813,manual,0.5,20250621T164125Z_20250621T164225Z,,,,,,,,,,,,,,,,,[-0.0001 0.0045 0.0026],5999,2025-06-21 16:41:25.420000,earthquake_local,MSF.FN_20250621164125_HH_EV
FN,MSF,HH,65.91131,29.04019,,500,manual,0.5,,2184,manual,0.5,20250622T112113Z_20250622T112213Z,,,,,,,,,,,,,,,,,[0.0002 0.0266 -0.0006],4542,2025-06-22 11:21:13.310000,earthquake_local,MSF.FN_20250622112113_HH_EV
FN,MSF,HH,65.91131,29.04019,,500,manual,0.5,,2836,manual,0.5,20250630T062928Z_20250630T063028Z,,,,,,,,,,,,,,,,,[-0.0014 -0.0168 0.0126],5999,2025-06-30 06:29:28.620000,earthquake_local,MSF.FN_20250630062928_HH_EV
FN,MSF,HH,65.91131,29.04019,,500,manual,0.5,,1010,manual,0.5,20250702T054707Z_20250702T054807Z,,,,,,,,,,,,,,,,,[-0.0005 0.0213 -0.0044],1724,2025-07-02 05:47:07.200000,earthquake_local,MSF.FN_20250702054707_HH_EV
FN,MSF,HH,65.91131,29.04019,,500,manual,0.5,,907,manual,0.5,20250713T191950Z_20250713T192050Z,,,,,,,,,,,,,,,,,[-0.0000 0.1190 -0.0013],1477,2025-07-13 19:19:50.500000,earthquake_local,MSF.FN_20250713191950_HH_EV
FN,MSF,HH,65.91131,29.04019,,500,manual,0.5,,2542,manual,0.5,20250715T204101Z_20250715T204201Z,,,,,,,,,,,,,,,,,[-0.0001 -0.0012 -0.0034],5401,2025-07-15 20:41:01.530000,earthquake_local,MSF.FN_20250715204101_HH_EV
FN,MSF,HH,65.91131,29.04019,,500,manual,0.5,,2379,manual,0.5,20250802T203543Z_20250802T203643Z,,,,,,,,,,,,,,,,,[0.0003 -0.0145 0.0050],5010,2025-08-02 20:35:43.820000,earthquake_local,MSF.FN_20250802203543_HH_EV
FN,MSF,HH,65.91131,29.04019,,500,manual,0.5,,875,manual,0.5,20250818T080602Z_20250818T080702Z,,,,,,,,,,,,,,,,,[0.0001 0.0448 0.0108],1400,2025-08-18 08:06:02.940000,earthquake_local,MSF.FN_20250818080602_HH_EV
FN,MSF,HH,65.91131,29.04019,,500,manual,0.5,,3404,manual,0.5,20250823T210009Z_20250823T210109Z,,,,,,,,,,,,,,,,,[-0.0002 0.0126 0.0044],5999,2025-08-23 21:00:09.810000,earthquake_local,MSF.FN_20250823210009_HH_EV
FN,MSF,HH,65.91131,29.04019,,500,manual,0.5,,903,manual,0.5,20250824T104226Z_20250824T104326Z,,,,,,,,,,,,,,,,,[-0.0006 -0.0052 -0.0002],1467,2025-08-24 10:42:26.230000,earthquake_local,MSF.FN_20250824104226_HH_EV
FN,MSF,HH,65.91131,29.04019,,500,manual,0.5,,2547,manual,0.5,20250903T171325Z_20250903T171425Z,,,,,,,,,,,,,,,,,[-0.0003 -0.0349 -0.0007],5413,2025-09-03 17:13:25.920000,earthquake_local,MSF.FN_20250903171325_HH_EV
FN,MSF,HH,65.91131,29.04019,,500,manual,0.5,,2082,manual,0.5,20250904T120837Z_20250904T120937Z,,,,,,,,,,,,,,,,,[-0.0003 0.0229 -0.0014],4297,2025-09-04 12:08:37.810000,earthquake_local,MSF.FN_20250904120837_HH_EV
FN,MSF,HH,65.91131,29.04019,,500,manual,0.5,,1154,manual,0.5,20250920T161839Z_20250920T161939Z,,,,,,,,,,,,,,,,,[0.0009 0.0717 -0.0040],2070,2025-09-20 16:18:39.740000,earthquake_local,MSF.FN_20250920161839_HH_EV
FN,MSF,HH,65.91131,29.04019,,500,manual,0.5,,870,manual,0.5,20251007T103758Z_20251007T103858Z,,,,,,,,,,,,,,,,,[-0.0009 -0.0493 0.0078],1388,2025-10-07 10:37:58.100000,earthquake_local,MSF.FN_20251007103758_HH_EV
FN,MSF,HH,65.91131,29.04019,,500,manual,0.5,,1707,manual,0.5,20251020T001903Z_20251020T002003Z,,,,,,,,,,,,,,,,,[0.0010 0.1262 0.0103],3397,2025-10-20 00:19:03.310000,earthquake_local,MSF.FN_20251020001903_HH_EV
FN,MSF,HH,65.91131,29.04019,,500,manual,0.5,,1490,manual,0.5,20251021T034302Z_20251021T034402Z,,,,,,,,,,,,,,,,,[-0.0001 -0.0878 -0.0120],2876,2025-10-21 03:43:02.230000,earthquake_local,MSF.FN_20251021034302_HH_EV
FN,MSF,HH,65.91131,29.04019,,500,manual,0.5,,847,manual,0.5,20251030T053448Z_20251030T053548Z,,,,,,,,,,,,,,,,,[0.0000 -0.0524 0.0009],1333,2025-10-30 05:34:48.650000,earthquake_local,MSF.FN_20251030053448_HH_EV
FN,MSF,HH,65.91131,29.04019,,500,manual,0.5,,993,manual,0.5,20251102T225704Z_20251102T225804Z,,,,,,,,,,,,,,,,,[0.0010 -0.0256 -0.0297],1683,2025-11-02 22:57:04.530000,earthquake_local,MSF.FN_20251102225704_HH_EV
FN,MSF,HH,65.91131,29.04019,,500,manual,0.5,,937,manual,0.5,20251117T222912Z_20251117T223012Z,,,,,,,,,,,,,,,,,[-0.0008 0.1640 0.0794],1549,2025-11-17 22:29:12.660000,earthquake_local,MSF.FN_20251117222912_HH_EV
FN,MSF,HH,65.91131,29.04019,,500,manual,0.5,,2368,manual,0.5,20251129T233524Z_20251129T233624Z,,,,,,,,,,,,,,,,,[-0.0020 -0.1151 -0.0230],4983,2025-11-29 23:35:24.290000,earthquake_local,MSF.FN_20251129233524_HH_EV
FN,MSF,HH,65.91131,29.04019,,500,manual,0.5,,1815,manual,0.5,20251202T122139Z_20251202T122239Z,,,,,,,,,,,,,,,,,[0.0038 0.1244 0.0304],3656,2025-12-02 12:21:39.010000,earthquake_local,MSF.FN_20251202122139_HH_EV
FN,MSF,HH,65.91131,29.04019,,500,manual,0.5,,2408,manual,0.5,20251218T005654Z_20251218T005754Z,,,,,,,,,,,,,,,,,[-0.0009 -0.1342 0.0094],5079,2025-12-18 00:56:54.160000,earthquake_local,MSF.FN_20251218005654_HH_EV
FN,MSF,HH,65.91131,29.04019,,500,manual,0.5,,3189,manual,0.5,20251219T083743Z_20251219T083843Z,,,,,,,,,,,,,,,,,[-0.0100 -0.0704 0.0485],5999,2025-12-19 08:37:43.470000,earthquake_local,MSF.FN_20251219083743_HH_EV
FN,MSF,HH,65.91131,29.04019,,500,manual,0.5,,1908,manual,0.5,20251228T223152Z_20251228T223252Z,,,,,,,,,,,,,,,,,[0.0008 0.2431 -0.0755],3879,2025-12-28 22:31:52.450000,earthquake_local,MSF.FN_20251228223152_HH_EV
HE,NIF,HH,63.390016,27.810279,,500,manual,0.5,,3371,manual,0.5,20250125T132057Z_20250125T132157Z,,,,,,,,,,,,,,,,,[1.1929 0.1697 2.1865],5999,2025-01-25 13:20:57.664000,earthquake_local,NIF.HE_20250125132057_HH_EV
HE,NIF,HH,63.390016,27.810279,,500,manual,0.5,,3313,manual,0.5,20250607T191612Z_20250607T191712Z,,,,,,,,,,,,,,,,,[0.0977 -0.0092 -0.0802],5999,2025-06-07 19:16:12.100000,earthquake_local,NIF.HE_20250607191612_HH_EV
HE,NIF,HH,63.390016,27.810279,,500,manual,0.5,,776,manual,0.5,20250608T133946Z_20250608T134046Z,,,,,,,,,,,,,,,,,[8.5605 8.6570 0.6410],1162,2025-06-08 13:39:46.072000,earthquake_local,NIF.HE_20250608133946_HH_EV
HE,NIF,HH,63.390016,27.810279,,500,manual,0.5,,3168,manual,0.5,20250613T143819Z_20250613T143919Z,,,,,,,,,,,,,,,,,[0.0555 -0.1503 -0.0445],5999,2025-06-13 14:38:19.468000,earthquake_local,NIF.HE_20250613143819_HH_EV
HE,NIF,HH,63.390016,27.810279,,500,manual,0.5,,3495,manual,0.5,20250629T201602Z_20250629T201702Z,,,,,,,,,,,,,,,,,[-0.6924 -0.0686 -1.9226],5999,2025-06-29 20:16:02.244000,earthquake_local,NIF.HE_20250629201602_HH_EV
HE,NIF,HH,63.390016,27.810279,,500,manual,0.5,,2159,manual,0.5,20250703T171910Z_20250703T172010Z,,,,,,,,,,,,,,,,,[0.3030 0.0412 2.2378],4482,2025-07-03 17:19:10.920000,earthquake_local,NIF.HE_20250703171910_HH_EV
HE,NIF,HH,63.390016,27.810279,,500,manual,0.5,,2523,manual,0.5,20250906T180949Z_20250906T181049Z,,,,,,,,,,,,,,,,,[-0.0215 -0.0405 0.0269],5355,2025-09-06 18:09:49.488000,earthquake_local,NIF.HE_20250906180949_HH_EV
HE,NIF,HH,63.390016,27.810279,,500,manual,0.5,,1383,manual,0.5,20251016T142538Z_20251016T142638Z,,,,,,,,,,,,,,,,,[0.2648 -0.6798 -1.7525],2619,2025-10-16 14:25:38.828000,earthquake_local,NIF.HE_20251016142538_HH_EV
HE,NIF,HH,63.390016,27.810279,,500,manual,0.5,,2558,manual,0.5,20251228T223201Z_20251228T223301Z,,,,,,,,,,,,,,,,,[-0.9871 0.6538 1.8313],5439,2025-12-28 22:32:01.408000,earthquake_local,NIF.HE_20251228223201_HH_EV
HE,NIF,HH,63.390016,27.810279,,500,manual,0.5,,3634,manual,0.5,20251230T114354Z_20251230T114454Z,,,,,,,,,,,,,,,,,[0.9774 0.5118 3.9192],5999,2025-12-30 11:43:54.760000,earthquake_local,NIF.HE_20251230114354_HH_EV
HE,NUR,HH,,,,500,manual,0.5,,2020,manual,0.5,20250215T085602Z_20250215T085702Z,,,,,,,,,,,,,,,,,[2.7149 1.6162 2.4405],4148,2025-02-15 08:56:02.520000,earthquake_local,NUR.HE_20250215085602_HH_EV
HE,NUR,HH,,,,500,manual,0.5,,2934,manual,0.5,20250425T183852Z_20250425T183952Z,,,,,,,,,,,,,,,,,[3.6388 6.4557 2.8477],5999,2025-04-25 18:38:52.480000,earthquake_local,NUR.HE_20250425183852_HH_EV
HE,NUR,HH,,,,500,manual,0.5,,2302,manual,0.5,20250430T120433Z_20250430T120533Z,,,,,,,,,,,,,,,,,[9.0879 8.1313 6.6623],4825,2025-04-30 12:04:33.516000,earthquake_local,NUR.HE_20250430120433_HH_EV
HE,NUR,HH,,,,500,manual,0.5,,2342,manual,0.5,20250430T213909Z_20250430T214009Z,,,,,,,,,,,,,,,,,[3.0928 4.5628 2.7262],4921,2025-04-30 21:39:09.972000,earthquake_local,NUR.HE_20250430213909_HH_EV
HE,NUR,HH,,,,500,manual,0.5,,2303,manual,0.5,20250514T212425Z_20250514T212525Z,,,,,,,,,,,,,,,,,[5.3445 5.1044 4.3750],4827,2025-05-14 21:24:25.240000,earthquake_local,NUR.HE_20250514212425_HH_EV
HE,NUR,HH,,,,500,manual,0.5,,2319,manual,0.5,20250514T213749Z_20250514T213849Z,,,,,,,,,,,,,,,,,[4.3982 2.6078 6.9160],4866,2025-05-14 21:37:49.908000,earthquake_local,NUR.HE_20250514213749_HH_EV
HE,NUR,HH,,,,500,manual,0.5,,2306,manual,0.5,20250514T214552Z_20250514T214652Z,,,,,,,,,,,,,,,,,[2.8946 5.0602 0.1549],4834,2025-05-14 21:45:52.288000,earthquake_local,NUR.HE_20250514214552_HH_EV
HE,NUR,HH,,,,500,manual,0.5,,1917,manual,0.5,20250629T201540Z_20250629T201640Z,,,,,,,,,,,,,,,,,[2.1734 1.7446 0.7382],3901,2025-06-29 20:15:40.916000,earthquake_local,NUR.HE_20250629201540_HH_EV
HE,NUR,HH,,,,500,manual,0.5,,1451,manual,0.5,20250701T212401Z_20250701T212501Z,,,,,,,,,,,,,,,,,[2.1706 0.1599 3.9643],2782,2025-07-01 21:24:01.416000,earthquake_local,NUR.HE_20250701212401_HH_EV
HE,NUR,HH,,,,500,manual,0.5,,1198,manual,0.5,20250704T153059Z_20250704T153159Z,,,,,,,,,,,,,,,,,[1.2700 1.5334 2.2532],2175,2025-07-04 15:30:59.024000,earthquake_local,NUR.HE_20250704153059_HH_EV
HE,NUR,HH,,,,500,manual,0.5,,2291,manual,0.5,20250801T002008Z_20250801T002108Z,,,,,,,,,,,,,,,,,[8.3830 6.2250 7.4724],4798,2025-08-01 00:20:08.188000,earthquake_local,NUR.HE_20250801002008_HH_EV
HE,NUR,HH,,,,500,manual,0.5,,2796,manual,0.5,20250811T205857Z_20250811T205957Z,,,,,,,,,,,,,,,,,[5.0000 4.1717 4.6500],5999,2025-08-11 20:58:57.568000,earthquake_local,NUR.HE_20250811205857_HH_EV
HE,NUR,HH,,,,500,manual,0.5,,1981,manual,0.5,20250813T150645Z_20250813T150745Z,,,,,,,,,,,,,,,,,[3.1253 -0.5264 1.4335],4054,2025-08-13 15:06:45.324000,earthquake_local,NUR.HE_20250813150645_HH_EV
HE,NUR,HH,,,,500,manual,0.5,,1998,manual,0.5,20250813T152238Z_20250813T152338Z,,,,,,,,,,,,,,,,,[2.0420 2.3452 1.7824],4095,2025-08-13 15:22:38.700000,earthquake_local,NUR.HE_20250813152238_HH_EV
HE,NUR,HH,,,,500,manual,0.5,,2478,manual,0.5,20250817T045855Z_20250817T045955Z,,,,,,,,,,,,,,,,,[-0.6428 -1.0268 0.0353],5247,2025-08-17 04:58:55.888000,earthquake_local,NUR.HE_20250817045855_HH_EV
HE,NUR,HH,,,,500,manual,0.5,,1828,manual,0.5,20250818T201323Z_20250818T201423Z,,,,,,,,,,,,,,,,,[0.6429 2.7685 5.9788],3687,2025-08-18 20:13:23.796000,earthquake_local,NUR.HE_20250818201323_HH_EV
HE,NUR,HH,,,,500,manual,0.5,,1808,manual,0.5,20250824T012003Z_20250824T012103Z,,,,,,,,,,,,,,,,,[-2.5926 -1.1501 1.7332],3639,2025-08-24 01:20:03.680000,earthquake_local,NUR.HE_20250824012003_HH_EV
HE,NUR,HH,,,,500,manual,0.5,,2038,manual,0.5,20250909T163109Z_20250909T163209Z,,,,,,,,,,,,,,,,,[11.1748 8.7463 12.8257],4191,2025-09-09 16:31:09.516000,earthquake_local,NUR.HE_20250909163109_HH_EV
HE,NUR,HH,,,,500,manual,0.5,,1458,manual,0.5,20250914T060209Z_20250914T060309Z,,,,,,,,,,,,,,,,,[1.9241 0.9735 2.2096],2799,2025-09-14 06:02:09.068000,earthquake_local,NUR.HE_20250914060209_HH_EV
HE,NUR,HH,,,,500,manual,0.5,,1449,manual,0.5,20251011T133131Z_20251011T133231Z,,,,,,,,,,,,,,,,,[0.3763 2.5604 4.9304],2778,2025-10-11 13:31:31.084000,earthquake_local,NUR.HE_20251011133131_HH_EV
HE,NUR,HH,,,,500,manual,0.5,,2775,manual,0.5,20251012T173830Z_20251012T173930Z,,,,,,,,,,,,,,,,,[-1.8356 0.5732 2.9593],5960,2025-10-12 17:38:30.416000,earthquake_local,NUR.HE_20251012173830_HH_EV
HE,NUR,HH,,,,500,manual,0.5,,1457,manual,0.5,20251018T035840Z_20251018T035940Z,,,,,,,,,,,,,,,,,[-0.4882 0.9630 2.6297],2797,2025-10-18 03:58:40.680000,earthquake_local,NUR.HE_20251018035840_HH_EV
HE,NUR,HH,,,,500,manual,0.5,,1445,manual,0.5,20251018T043944Z_20251018T044044Z,,,,,,,,,,,,,,,,,[4.6061 3.8088 2.1376],2768,2025-10-18 04:39:44.184000,earthquake_local,NUR.HE_20251018043944_HH_EV
HE,NUR,HH,,,,500,manual,0.5,,2998,manual,0.5,20251030T093232Z_20251030T093332Z,,,,,,,,,,,,,,,,,[0.8166 0.5495 0.6110],5999,2025-10-30 09:32:32.116000,earthquake_local,NUR.HE_20251030093232_HH_EV
HE,NUR,HH,,,,500,manual,0.5,,2001,manual,0.5,20251107T205706Z_20251107T205806Z,,,,,,,,,,,,,,,,,[2.5510 2.4094 1.9612],4102,2025-11-07 20:57:06.748000,earthquake_local,NUR.HE_20251107205706_HH_EV
HE,NUR,HH,,,,500,manual,0.5,,3296,manual,0.5,20251203T192811Z_20251203T192911Z,,,,,,,,,,,,,,,,,[0.2561 5.7902 6.5671],5999,2025-12-03 19:28:11.320000,earthquake_local,NUR.HE_20251203192811_HH_EV
HE,NUR,HH,,,,500,manual,0.5,,1475,manual,0.5,20251221T061848Z_20251221T061948Z,,,,,,,,,,,,,,,,,[3.4105 2.9818 -0.8171],2840,2025-12-21 06:18:48.836000,earthquake_local,NUR.HE_20251221061848_HH_EV
HE,NUR,HH,,,,500,manual,0.5,,1409,manual,0.5,20251222T221637Z_20251222T221737Z,,,,,,,,,,,,,,,,,[-1.0093 1.0919 7.6769],2682,2025-12-22 22:16:37.528000,earthquake_local,NUR.HE_20251222221637_HH_EV
HE,NUR,HH,,,,500,manual,0.5,,1204,manual,0.5,20251223T085620Z_20251223T085720Z,,,,,,,,,,,,,,,,,[4.0498 2.2888 5.2928],2190,2025-12-23 08:56:20.632000,earthquake_local,NUR.HE_20251223085620_HH_EV
HE,NUR,HH,,,,500,manual,0.5,,2842,manual,0.5,20251226T111316Z_20251226T111416Z,,,,,,,,,,,,,,,,,[3.3143 -0.2210 -2.0180],5999,2025-12-26 11:13:16.904000,earthquake_local,NUR.HE_20251226111316_HH_EV
HE,NUR,HH,,,,500,manual,0.5,,1908,manual,0.5,20251230T114331Z_20251230T114431Z,,,,,,,,,,,,,,,,,[-1.3349 -0.2526 3.5450],3879,2025-12-30 11:43:31.700000,earthquake_local,NUR.HE_20251230114331_HH_EV
HE,OBF0,HH,,,,500,manual,0.5,,2407,manual,0.5,20250105T045500Z_20250105T045600Z,,,,,,,,,,,,,,,,,[0.1265 0.3629 0.0074],5077,2025-01-05 04:55:00.540000,earthquake_local,OBF0.HE_20250105045500_HH_EV
HE,OBF0,HH,,,,500,manual,0.5,,892,manual,0.5,20250107T041416Z_20250107T041516Z,,,,,,,,,,,,,,,,,[0.0317 -0.8037 -0.3580],1441,2025-01-07 04:14:16.868000,earthquake_local,OBF0.HE_20250107041416_HH_EV
HE,OBF0,HH,,,,500,manual,0.5,,2405,manual,0.5,20250109T034019Z_20250109T034119Z,,,,,,,,,,,,,,,,,[0.6649 0.0323 0.2998],5072,2025-01-09 03:40:19.844000,earthquake_local,OBF0.HE_20250109034019_HH_EV
HE,OBF0,HH,,,,500,manual,0.5,,2256,manual,0.5,20250112T094243Z_20250112T094343Z,,,,,,,,,,,,,,,,,[1.1950 2.1801 -0.0812],4714,2025-01-12 09:42:43.448000,earthquake_local,OBF0.HE_20250112094243_HH_EV
HE,OBF0,HH,,,,500,manual,0.5,,3293,manual,0.5,20250115T105457Z_20250115T105557Z,,,,,,,,,,,,,,,,,[-0.5276 0.4035 0.0807],5999,2025-01-15 10:54:57.540000,earthquake_local,OBF0.HE_20250115105457_HH_EV
HE,OBF0,HH,,,,500,manual,0.5,,2502,manual,0.5,20250120T005051Z_20250120T005151Z,,,,,,,,,,,,,,,,,[2.4187 -0.1002 0.2417],5305,2025-01-20 00:50:51.532000,earthquake_local,OBF0.HE_20250120005051_HH_EV
HE,OBF0,HH,,,,500,manual,0.5,,2537,manual,0.5,20250123T181839Z_20250123T181939Z,,,,,,,,,,,,,,,,,[-0.3598 -0.1257 -0.2456],5389,2025-01-23 18:18:39.192000,earthquake_local,OBF0.HE_20250123181839_HH_EV
HE,OBF0,HH,,,,500,manual,0.5,,2892,manual,0.5,20250228T003119Z_20250228T003219Z,,,,,,,,,,,,,,,,,[0.8407 0.1487 0.0341],5999,2025-02-28 00:31:19.260000,earthquake_local,OBF0.HE_20250228003119_HH_EV
HE,OBF0,HH,,,,500,manual,0.5,,1895,manual,0.5,20250228T014651Z_20250228T014751Z,,,,,,,,,,,,,,,,,[-1.2872 -0.2394 0.0971],3848,2025-02-28 01:46:51.516000,earthquake_local,OBF0.HE_20250228014651_HH_EV
HE,OBF0,HH,,,,500,manual,0.5,,2079,manual,0.5,20250323T132856Z_20250323T132956Z,,,,,,,,,,,,,,,,,[1.1595 1.1420 0.0752],4290,2025-03-23 13:28:56.620000,earthquake_local,OBF0.HE_20250323132856_HH_EV
HE,OBF0,HH,,,,500,manual,0.5,,2580,manual,0.5,20250330T131422Z_20250330T131522Z,,,,,,,,,,,,,,,,,[-0.8439 5.2104 -0.8140],5492,2025-03-30 13:14:22.012000,earthquake_local,OBF0.HE_20250330131422_HH_EV
HE,OBF0,HH,,,,500,manual,0.5,,1650,manual,0.5,20250409T175905Z_20250409T180005Z,,,,,,,,,,,,,,,,,[2.9835 1.1673 -0.1622],3260,2025-04-09 17:59:05.248000,earthquake_local,OBF0.HE_20250409175905_HH_EV
HE,OBF0,HH,,,,500,manual,0.5,,2239,manual,0.5,20250412T203555Z_20250412T203655Z,,,,,,,,,,,,,,,,,[0.1705 0.3064 -0.0515],4674,2025-04-12 20:35:55.728000,earthquake_local,OBF0.HE_20250412203555_HH_EV
HE,OBF0,HH,,,,500,manual,0.5,,2160,manual,0.5,20250413T021717Z_20250413T021817Z,,,,,,,,,,,,,,,,,[-0.6037 -0.0353 -0.1913],4484,2025-04-13 02:17:17.212000,earthquake_local,OBF0.HE_20250413021717_HH_EV
HE,OBF0,HH,,,,500,manual,0.5,,2418,manual,0.5,20250423T183507Z_20250423T183607Z,,,,,,,,,,,,,,,,,[0.1675 0.1806 -0.0084],5103,2025-04-23 18:35:07.800000,earthquake_local,OBF0.HE_20250423183507_HH_EV
HE,OBF0,HH,,,,500,manual,0.5,,1824,manual,0.5,20250512T031139Z_20250512T031239Z,,,,,,,,,,,,,,,,,[0.6392 -0.0949 0.0169],3678,2025-05-12 03:11:39.140000,earthquake_local,OBF0.HE_20250512031139_HH_EV
HE,OBF0,HH,,,,500,manual,0.5,,2816,manual,0.5,20250608T042711Z_20250608T042811Z,,,,,,,,,,,,,,,,,[0.1690 0.2182 0.0002],5999,2025-06-08 04:27:11.388000,earthquake_local,OBF0.HE_20250608042711_HH_EV
HE,OBF0,HH,,,,500,manual,0.5,,2278,manual,0.5,20250618T032841Z_20250618T032941Z,,,,,,,,,,,,,,,,,[0.0698 0.0475 0.0051],4767,2025-06-18 03:28:41.860000,earthquake_local,OBF0.HE_20250618032841_HH_EV
HE,OBF0,HH,,,,500,manual,0.5,,1917,manual,0.5,20250621T164112Z_20250621T164212Z,,,,,,,,,,,,,,,,,[-0.0323 0.1040 0.0049],3901,2025-06-21 16:41:12.124000,earthquake_local,OBF0.HE_20250621164112_HH_EV
HE,OBF0,HH,,,,500,manual,0.5,,2135,manual,0.5,20250621T180410Z_20250621T180510Z,,,,,,,,,,,,,,,,,[0.4588 -0.1953 -0.0002],4424,2025-06-21 18:04:10.120000,earthquake_local,OBF0.HE_20250621180410_HH_EV
HE,OBF0,HH,,,,500,manual,0.5,,2474,manual,0.5,20250622T035558Z_20250622T035658Z,,,,,,,,,,,,,,,,,[0.4258 -0.0883 -0.0076],5238,2025-06-22 03:55:58.892000,earthquake_local,OBF0.HE_20250622035558_HH_EV
HE,OBF0,HH,,,,500,manual,0.5,,1869,manual,0.5,20250624T203306Z_20250624T203406Z,,,,,,,,,,,,,,,,,[0.7062 0.2812 0.8916],3786,2025-06-24 20:33:06.952000,earthquake_local,OBF0.HE_20250624203306_HH_EV
HE,OBF0,HH,,,,500,manual,0.5,,2570,manual,0.5,20250628T154153Z_20250628T154253Z,,,,,,,,,,,,,,,,,[0.1309 0.0441 -0.0063],5468,2025-06-28 15:41:53.308000,earthquake_local,OBF0.HE_20250628154153_HH_EV
HE,OBF0,HH,,,,500,manual,0.5,,2884,manual,0.5,20250629T233306Z_20250629T233406Z,,,,,,,,,,,,,,,,,[0.8483 -0.2778 0.0811],5999,2025-06-29 23:33:06.152000,earthquake_local,OBF0.HE_20250629233306_HH_EV
HE,OBF0,HH,,,,500,manual,0.5,,1437,manual,0.5,20250703T171901Z_20250703T172001Z,,,,,,,,,,,,,,,,,[1.5939 0.4459 0.0176],2749,2025-07-03 17:19:01.332000,earthquake_local,OBF0.HE_20250703171901_HH_EV
HE,OBF0,HH,,,,500,manual,0.5,,2755,manual,0.5,20250705T045054Z_20250705T045154Z,,,,,,,,,,,,,,,,,[-0.1302 0.0550 -0.0150],5912,2025-07-05 04:50:54.576000,earthquake_local,OBF0.HE_20250705045054_HH_EV
HE,OBF0,HH,,,,500,manual,0.5,,2214,manual,0.5,20250709T022602Z_20250709T022702Z,,,,,,,,,,,,,,,,,[-0.0688 -0.1623 -0.0036],4614,2025-07-09 02:26:02.404000,earthquake_local,OBF0.HE_20250709022602_HH_EV
HE,OBF0,HH,,,,500,manual,0.5,,1941,manual,0.5,20250711T140017Z_20250711T140117Z,,,,,,,,,,,,,,,,,[-0.9580 -0.0864 0.0075],3958,2025-07-11 14:00:17.296000,earthquake_local,OBF0.HE_20250711140017_HH_EV
HE,OBF0,HH,,,,500,manual,0.5,,2831,manual,0.5,20250718T110626Z_20250718T110726Z,,,,,,,,,,,,,,,,,[-0.1283 0.5700 0.0046],5999,2025-07-18 11:06:26.440000,earthquake_local,OBF0.HE_20250718110626_HH_EV
HE,OBF0,HH,,,,500,manual,0.5,,2365,manual,0.5,20250804T051140Z_20250804T051240Z,,,,,,,,,,,,,,,,,[-3.7495 -2.7066 0.3696],4976,2025-08-04 05:11:40.592000,earthquake_local,OBF0.HE_20250804051140_HH_EV
HE,OBF0,HH,,,,500,manual,0.5,,2327,manual,0.5,20250817T031519Z_20250817T031619Z,,,,,,,,,,,,,,,,,[2.9166 1.1325 0.0022],4885,2025-08-17 03:15:19.556000,earthquake_local,OBF0.HE_20250817031519_HH_EV
HE,OBF0,HH,,,,500,manual,0.5,,2507,manual,0.5,20250905T170841Z_20250905T170941Z,,,,,,,,,,,,,,,,,[0.5836 -0.0312 -0.0014],5317,2025-09-05 17:08:41.048000,earthquake_local,OBF0.HE_20250905170841_HH_EV
HE,OBF0,HH,,,,500,manual,0.5,,1874,manual,0.5,20250914T142604Z_20250914T142704Z,,,,,,,,,,,,,,,,,[0.1910 0.0327 0.0065],3798,2025-09-14 14:26:04.540000,earthquake_local,OBF0.HE_20250914142604_HH_EV
HE,OBF0,HH,,,,500,manual,0.5,,2606,manual,0.5,20250919T204614Z_20250919T204714Z,,,,,,,,,,,,,,,,,[0.9619 -0.0576 0.0478],5554,2025-09-19 20:46:14.356000,earthquake_local,OBF0.HE_20250919204614_HH_EV
HE,OBF0,HH,,,,500,manual,0.5,,1574,manual,0.5,20250930T144910Z_20250930T145010Z,,,,,,,,,,,,,,,,,[0.5984 -2.4888 -7.1096],3078,2025-09-30 14:49:10.212000,earthquake_local,OBF0.HE_20250930144910_HH_EV
HE,OBF0,HH,,,,500,manual,0.5,,2324,manual,0.5,20251007T225040Z_20251007T225140Z,,,,,,,,,,,,,,,,,[0.7709 0.3541 -0.1117],4878,2025-10-07 22:50:40.164000,earthquake_local,OBF0.HE_20251007225040_HH_EV
HE,OBF0,HH,,,,500,manual,0.5,,2499,manual,0.5,20251024T163927Z_20251024T164027Z,,,,,,,,,,,,,,,,,[0.6594 0.1538 0.2117],5298,2025-10-24 16:39:27.624000,earthquake_local,OBF0.HE_20251024163927_HH_EV
HE,OBF0,HH,,,,500,manual,0.5,,2357,manual,0.5,20251027T194949Z_20251027T195049Z,,,,,,,,,,,,,,,,,[0.2288 -0.3111 0.0663],4957,2025-10-27 19:49:49.184000,earthquake_local,OBF0.HE_20251027194949_HH_EV
HE,OBF0,HH,,,,500,manual,0.5,,2339,manual,0.5,20251111T022422Z_20251111T022522Z,,,,,,,,,,,,,,,,,[-0.5443 0.0537 0.0148],4914,2025-11-11 02:24:22.664000,earthquake_local,OBF0.HE_20251111022422_HH_EV
HE,OBF0,HH,,,,500,manual,0.5,,2192,manual,0.5,20251113T032903Z_20251113T033003Z,,,,,,,,,,,,,,,,,[0.0527 -0.3453 -0.0908],4561,2025-11-13 03:29:03.504000,earthquake_local,OBF0.HE_20251113032903_HH_EV
HE,OBF0,HH,,,,500,manual,0.5,,1821,manual,0.5,20251118T185754Z_20251118T185854Z,,,,,,,,,,,,,,,,,[2.5513 0.5804 0.0192],3670,2025-11-18 18:57:54.084000,earthquake_local,OBF0.HE_20251118185754_HH_EV
HE,OBF0,HH,,,,500,manual,0.5,,2459,manual,0.5,20251123T121823Z_20251123T121923Z,,,,,,,,,,,,,,,,,[0.1847 0.1340 1.3333],5202,2025-11-23 12:18:23.044000,earthquake_local,OBF0.HE_20251123121823_HH_EV
HE,OBF0,HH,,,,500,manual,0.5,,2517,manual,0.5,20251211T111850Z_20251211T111950Z,,,,,,,,,,,,,,,,,[-0.4166 -1.5264 -0.0014],5341,2025-12-11 11:18:50.944000,earthquake_local,OBF0.HE_20251211111850_HH_EV
HE,OBF0,HH,,,,500,manual,0.5,,1924,manual,0.5,20251213T060341Z_20251213T060441Z,,,,,,,,,,,,,,,,,[-3.8110 -1.0557 0.0602],3918,2025-12-13 06:03:41.048000,earthquake_local,OBF0.HE_20251213060341_HH_EV
HE,OBF0,HH,,,,500,manual,0.5,,2292,manual,0.5,20251219T213316Z_20251219T213416Z,,,,,,,,,,,,,,,,,[0.6492 1.2545 -0.4719],4801,2025-12-19 21:33:16.912000,earthquake_local,OBF0.HE_20251219213316_HH_EV
HE,OBF3,HH,,,,500,manual,0.5,,2653,manual,0.5,20250105T045504Z_20250105T045604Z,,,,,,,,,,,,,,,,,[-0.3080 -1.2463 -0.0326],5667,2025-01-05 04:55:04.204000,earthquake_local,OBF3.HE_20250105045504_HH_EV
HE,OBF3,HH,,,,500,manual,0.5,,1154,manual,0.5,20250107T041420Z_20250107T041520Z,,,,,,,,,,,,,,,,,[0.9391 -0.1095 0.1254],2070,2025-01-07 04:14:20.280000,earthquake_local,OBF3.HE_20250107041420_HH_EV
HE,OBF3,HH,,,,500,manual,0.5,,2736,manual,0.5,20250109T034024Z_20250109T034124Z,,,,,,,,,,,,,,,,,[0.0836 -0.2901 -0.0429],5866,2025-01-09 03:40:24.128000,earthquake_local,OBF3.HE_20250109034024_HH_EV
HE,OBF3,HH,,,,500,manual,0.5,,2008,manual,0.5,20250112T094239Z_20250112T094339Z,,,,,,,,,,,,,,,,,[3.6880 -1.1770 0.0878],4119,2025-01-12 09:42:39.288000,earthquake_local,OBF3.HE_20250112094239_HH_EV
HE,OBF3,HH,,,,500,manual,0.5,,1963,manual,0.5,20250112T172646Z_20250112T172746Z,,,,,,,,,,,,,,,,,[-1.1434 0.0989 0.0028],4011,2025-01-12 17:26:46.204000,earthquake_local,OBF3.HE_20250112172646_HH_EV
HE,OBF3,HH,,,,500,manual,0.5,,2966,manual,0.5,20250115T105453Z_20250115T105553Z,,,,,,,,,,,,,,,,,[-0.3479 -0.1879 0.3074],5999,2025-01-15 10:54:53.340000,earthquake_local,OBF3.HE_20250115105453_HH_EV
HE,OBF3,HH,,,,500,manual,0.5,,2125,manual,0.5,20250120T005046Z_20250120T005146Z,,,,,,,,,,,,,,,,,[0.3058 -0.5951 0.0709],4400,2025-01-20 00:50:46.644000,earthquake_local,OBF3.HE_20250120005046_HH_EV
HE,OBF3,HH,,,,500,manual,0.5,,2272,manual,0.5,20250123T181835Z_20250123T181935Z,,,,,,,,,,,,,,,,,[0.6081 0.2270 -0.0084],4753,2025-01-23 18:18:35.680000,earthquake_local,OBF3.HE_20250123181835_HH_EV
HE,OBF3,HH,,,,500,manual,0.5,,2899,manual,0.5,20250228T003120Z_20250228T003220Z,,,,,,,,,,,,,,,,,[-0.2826 -0.3235 0.0940],5999,2025-02-28 00:31:20.180000,earthquake_local,OBF3.HE_20250228003120_HH_EV
HE,OBF3,HH,,,,500,manual,0.5,,1473,manual,0.5,20250228T014645Z_20250228T014745Z,,,,,,,,,,,,,,,,,[-0.5384 -0.2305 0.0034],2835,2025-02-28 01:46:45.652000,earthquake_local,OBF3.HE_20250228014645_HH_EV
HE,OBF3,HH,,,,500,manual,0.5,,1921,manual,0.5,20250323T132853Z_20250323T132953Z,,,,,,,,,,,,,,,,,[1.9738 0.0433 -0.0118],3910,2025-03-23 13:28:53.916000,earthquake_local,OBF3.HE_20250323132853_HH_EV
HE,OBF3,HH,,,,500,manual,0.5,,2875,manual,0.5,20250330T131425Z_20250330T131525Z,,,,,,,,,,,,,,,,,[-4.3624 -3.4927 -0.2193],5999,2025-03-30 13:14:25.700000,earthquake_local,OBF3.HE_20250330131425_HH_EV
HE,OBF3,HH,,,,500,manual,0.5,,2537,manual,0.5,20250402T133346Z_20250402T133446Z,,,,,,,,,,,,,,,,,[0.0864 -0.0013 -0.3457],5389,2025-04-02 13:33:46.776000,earthquake_local,OBF3.HE_20250402133346_HH_EV
HE,OBF3,HH,,,,500,manual,0.5,,1762,manual,0.5,20250409T175906Z_20250409T180006Z,,,,,,,,,,,,,,,,,[-0.4821 0.3575 -0.1614],3529,2025-04-09 17:59:06.496000,earthquake_local,OBF3.HE_20250409175906_HH_EV
HE,OBF3,HH,,,,500,manual,0.5,,2137,manual,0.5,20250412T203554Z_20250412T203654Z,,,,,,,,,,,,,,,,,[0.2137 -0.1320 0.2190],4429,2025-04-12 20:35:54.120000,earthquake_local,OBF3.HE_20250412203554_HH_EV
HE,OBF3,HH,,,,500,manual,0.5,,2424,manual,0.5,20250413T021720Z_20250413T021820Z,,,,,,,,,,,,,,,,,[0.3162 -0.0227 0.0888],5118,2025-04-13 02:17:20.312000,earthquake_local,OBF3.HE_20250413021720_HH_EV
HE,OBF3,HH,,,,500,manual,0.5,,2780,manual,0.5,20250423T183512Z_20250423T183612Z,,,,,,,,,,,,,,,,,[-0.2292 -0.1829 0.0493],5972,2025-04-23 18:35:12.612000,earthquake_local,OBF3.HE_20250423183512_HH_EV
HE,OBF3,HH,,,,500,manual,0.5,,1921,manual,0.5,20250512T031140Z_20250512T031240Z,,,,,,,,,,,,,,,,,[-0.0829 0.0080 0.0062],3910,2025-05-12 03:11:40.008000,earthquake_local,OBF3.HE_20250512031140_HH_EV
HE,OBF3,HH,,,,500,manual,0.5,,3456,manual,0.5,20250605T030309Z_20250605T030409Z,,,,,,,,,,,,,,,,,[-0.5159 -0.1058 -0.0626],5999,2025-06-05 03:03:09.116000,earthquake_local,OBF3.HE_20250605030309_HH_EV
HE,OBF3,HH,,,,500,manual,0.5,,2597,manual,0.5,20250608T042708Z_20250608T042808Z,,,,,,,,,,,,,,,,,[-0.1335 0.0191 -0.0035],5533,2025-06-08 04:27:08.620000,earthquake_local,OBF3.HE_20250608042708_HH_EV
HE,OBF3,HH,,,,500,manual,0.5,,2022,manual,0.5,20250609T023913Z_20250609T024013Z,,,,,,,,,,,,,,,,,[-0.0490 -0.0366 0.0196],4153,2025-06-09 02:39:13.852000,earthquake_local,OBF3.HE_20250609023913_HH_EV
HE,OBF3,HH,,,,500,manual,0.5,,1433,manual,0.5,20250621T164106Z_20250621T164206Z,,,,,,,,,,,,,,,,,[0.0495 -0.0468 -0.0836],2739,2025-06-21 16:41:06.356000,earthquake_local,OBF3.HE_20250621164106_HH_EV
HE,OBF3,HH,,,,500,manual,0.5,,2368,manual,0.5,20250621T180413Z_20250621T180513Z,,,,,,,,,,,,,,,,,[-0.2937 0.0015 -0.0386],4983,2025-06-21 18:04:13.672000,earthquake_local,OBF3.HE_20250621180413_HH_EV
HE,OBF3,HH,,,,500,manual,0.5,,2758,manual,0.5,20250622T035602Z_20250622T035702Z,,,,,,,,,,,,,,,,,[-0.0001 -0.0088 -0.0152],5919,2025-06-22 03:56:02.616000,earthquake_local,OBF3.HE_20250622035602_HH_EV
HE,OBF3,HH,,,,500,manual,0.5,,1870,manual,0.5,20250624T203306Z_20250624T203406Z,,,,,,,,,,,,,,,,,[-0.1900 -0.0283 0.3016],3788,2025-06-24 20:33:06.316000,earthquake_local,OBF3.HE_20250624203306_HH_EV
HE,OBF3,HH,,,,500,manual,0.5,,3052,manual,0.5,20250628T154158Z_20250628T154258Z,,,,,,,,,,,,,,,,,[-0.1629 0.0021 0.0748],5999,2025-06-28 15:41:58.552000,earthquake_local,OBF3.HE_20250628154158_HH_EV
HE,OBF3,HH,,,,500,manual,0.5,,3012,manual,0.5,20250629T233308Z_20250629T233408Z,,,,,,,,,,,,,,,,,[0.3815 -0.2617 -0.0530],5999,2025-06-29 23:33:08.408000,earthquake_local,OBF3.HE_20250629233308_HH_EV
HE,OBF3,HH,,,,500,manual,0.5,,1675,manual,0.5,20250703T171904Z_20250703T172004Z,,,,,,,,,,,,,,,,,[0.3023 -0.0432 0.7091],3320,2025-07-03 17:19:04.856000,earthquake_local,OBF3.HE_20250703171904_HH_EV
HE,OBF3,HH,,,,500,manual,0.5,,2522,manual,0.5,20250709T022605Z_20250709T022705Z,,,,,,,,,,,,,,,,,[-0.2846 0.0005 -0.0209],5353,2025-07-09 02:26:05.976000,earthquake_local,OBF3.HE_20250709022605_HH_EV
HE,OBF3,HH,,,,500,manual,0.5,,2119,manual,0.5,20250711T140019Z_20250711T140119Z,,,,,,,,,,,,,,,,,[2.8941 -0.0374 0.0176],4386,2025-07-11 14:00:19.520000,earthquake_local,OBF3.HE_20250711140019_HH_EV
HE,OBF3,HH,,,,500,manual,0.5,,3289,manual,0.5,20250713T192023Z_20250713T192123Z,,,,,,,,,,,,,,,,,[0.0597 -0.0567 -0.0078],5999,2025-07-13 19:20:23.920000,earthquake_local,OBF3.HE_20250713192023_HH_EV
HE,OBF3,HH,,,,500,manual,0.5,,1976,manual,0.5,20250804T051134Z_20250804T051234Z,,,,,,,,,,,,,,,,,[1.6593 -0.8947 -0.6249],4042,2025-08-04 05:11:34.044000,earthquake_local,OBF3.HE_20250804051134_HH_EV
HE,OBF3,HH,,,,500,manual,0.5,,2416,manual,0.5,20250817T031520Z_20250817T031620Z,,,,,,,,,,,,,,,,,[0.4950 0.0676 0.0110],5098,2025-08-17 03:15:20.704000,earthquake_local,OBF3.HE_20250817031520_HH_EV
HE,OBF3,HH,,,,500,manual,0.5,,2134,manual,0.5,20250826T105236Z_20250826T105336Z,,,,,,,,,,,,,,,,,[-0.1394 -0.0176 0.4108],4422,2025-08-26 10:52:36.144000,earthquake_local,OBF3.HE_20250826105236_HH_EV
HE,OBF3,HH,,,,500,manual,0.5,,2152,manual,0.5,20250905T170836Z_20250905T170936Z,,,,,,,,,,,,,,,,,[-0.0145 -0.0276 -0.0339],4465,2025-09-05 17:08:36.552000,earthquake_local,OBF3.HE_20250905170836_HH_EV
HE,OBF3,HH,,,,500,manual,0.5,,2551,manual,0.5,20250906T180949Z_20250906T181049Z,,,,,,,,,,,,,,,,,[0.1622 0.0818 -0.0135],5422,2025-09-06 18:09:49.140000,earthquake_local,OBF3.HE_20250906180949_HH_EV
HE,OBF3,HH,,,,500,manual,0.5,,2099,manual,0.5,20250914T142608Z_20250914T142708Z,,,,,,,,,,,,,,,,,[0.0894 0.0181 0.0407],4338,2025-09-14 14:26:08.116000,earthquake_local,OBF3.HE_20250914142608_HH_EV
HE,OBF3,HH,,,,500,manual,0.5,,2832,manual,0.5,20250919T204617Z_20250919T204717Z,,,,,,,,,,,,,,,,,[0.1222 -0.0051 0.0034],5999,2025-09-19 20:46:17.136000,earthquake_local,OBF3.HE_20250919204617_HH_EV
HE,OBF3,HH,,,,500,manual,0.5,,1296,manual,0.5,20250930T144906Z_20250930T145006Z,,,,,,,,,,,,,,,,,[6.7825 5.4801 -1.4893],2410,2025-09-30 14:49:06.388000,earthquake_local,OBF3.HE_20250930144906_HH_EV
HE,OBF3,HH,,,,500,manual,0.5,,2605,manual,0.5,20251111T022425Z_20251111T022525Z,,,,,,,,,,,,,,,,,[0.1111 0.5678 -0.2593],5552,2025-11-11 02:24:25.652000,earthquake_local,OBF3.HE_20251111022425_HH_EV
HE,OBF3,HH,,,,500,manual,0.5,,2664,manual,0.5,20251113T032909Z_20251113T033009Z,,,,,,,,,,,,,,,,,[-0.7459 0.3857 -0.1171],5694,2025-11-13 03:29:09.240000,earthquake_local,OBF3.HE_20251113032909_HH_EV
HE,OBF3,HH,,,,500,manual,0.5,,1867,manual,0.5,20251118T185753Z_20251118T185853Z,,,,,,,,,,,,,,,,,[-0.8846 -0.1403 -0.1533],3781,2025-11-18 18:57:53.976000,earthquake_local,OBF3.HE_20251118185753_HH_EV
HE,OBF3,HH,,,,500,manual,0.5,,2669,manual,0.5,20251123T121825Z_20251123T121925Z,,,,,,,,,,,,,,,,,[-0.1216 -0.0925 -0.0008],5706,2025-11-23 12:18:25.120000,earthquake_local,OBF3.HE_20251123121825_HH_EV
HE,OBF3,HH,,,,500,manual,0.5,,2865,manual,0.5,20251211T111854Z_20251211T111954Z,,,,,,,,,,,,,,,,,[-0.0088 -0.3640 -0.0124],5999,2025-12-11 11:18:54.864000,earthquake_local,OBF3.HE_20251211111854_HH_EV
HE,OBF3,HH,,,,500,manual,0.5,,1950,manual,0.5,20251213T060340Z_20251213T060440Z,,,,,,,,,,,,,,,,,[0.7391 0.2155 0.1974],3980,2025-12-13 06:03:40.652000,earthquake_local,OBF3.HE_20251213060340_HH_EV
HE,OBF3,HH,,,,500,manual,0.5,,2172,manual,0.5,20251219T213314Z_20251219T213414Z,,,,,,,,,,,,,,,,,[1.2552 -0.4139 0.2201],4513,2025-12-19 21:33:14.616000,earthquake_local,OBF3.HE_20251219213314_HH_EV
HE,OBF3,HH,,,,500,manual,0.5,,1969,manual,0.5,20251228T223152Z_20251228T223252Z,,,,,,,,,,,,,,,,,[-0.4932 -0.2007 0.3225],4026,2025-12-28 22:31:53.000000,earthquake_local,OBF3.HE_20251228223152_HH_EV
HE,OBF8,HH,64.4402,24.5172,,500,manual,0.5,,1942,manual,0.5,20250105T045454Z_20250105T045554Z,,,,,,,,,,,,,,,,,[0.6190 1.3340 -0.0112],3961,2025-01-05 04:54:54.756000,earthquake_local,OBF8.HE_20250105045454_HH_EV
HE,OBF8,HH,64.4402,24.5172,,500,manual,0.5,,1235,manual,0.5,20250107T041421Z_20250107T041521Z,,,,,,,,,,,,,,,,,[0.0651 0.2041 0.0785],2264,2025-01-07 04:14:21.656000,earthquake_local,OBF8.HE_20250107041421_HH_EV
HE,OBF8,HH,64.4402,24.5172,,500,manual,0.5,,1953,manual,0.5,20250109T034013Z_20250109T034113Z,,,,,,,,,,,,,,,,,[-0.1783 -0.4294 -0.0279],3987,2025-01-09 03:40:13.968000,earthquake_local,OBF8.HE_20250109034013_HH_EV
HE,OBF8,HH,64.4402,24.5172,,500,manual,0.5,,2487,manual,0.5,20250112T094244Z_20250112T094344Z,,,,,,,,,,,,,,,,,[-0.1447 -0.6893 -0.1538],5269,2025-01-12 09:42:44.672000,earthquake_local,OBF8.HE_20250112094244_HH_EV
HE,OBF8,HH,64.4402,24.5172,,500,manual,0.5,,2250,manual,0.5,20250228T014656Z_20250228T014756Z,,,,,,,,,,,,,,,,,[0.4312 -3.0005 0.0299],4700,2025-02-28 01:46:56.016000,earthquake_local,OBF8.HE_20250228014656_HH_EV
HE,OBF8,HH,64.4402,24.5172,,500,manual,0.5,,2119,manual,0.5,20250330T131416Z_20250330T131516Z,,,,,,,,,,,,,,,,,[-6.9076 3.6641 -2.9133],4386,2025-03-30 13:14:16.056000,earthquake_local,OBF8.HE_20250330131416_HH_EV
HE,OBF8,HH,64.4402,24.5172,,500,manual,0.5,,1522,manual,0.5,20250409T175902Z_20250409T180002Z,,,,,,,,,,,,,,,,,[1.3045 -0.9320 0.0805],2953,2025-04-09 17:59:02.940000,earthquake_local,OBF8.HE_20250409175902_HH_EV
HE,OBF8,HH,64.4402,24.5172,,500,manual,0.5,,2229,manual,0.5,20250412T203555Z_20250412T203655Z,,,,,,,,,,,,,,,,,[0.1090 0.0753 -0.0129],4650,2025-04-12 20:35:55.464000,earthquake_local,OBF8.HE_20250412203555_HH_EV
HE,OBF8,HH,64.4402,24.5172,,500,manual,0.5,,1947,manual,0.5,20250423T183501Z_20250423T183601Z,,,,,,,,,,,,,,,,,[0.3597 5.1175 0.0076],3973,2025-04-23 18:35:01.520000,earthquake_local,OBF8.HE_20250423183501_HH_EV
HE,OBF8,HH,64.4402,24.5172,,500,manual,0.5,,1668,manual,0.5,20250512T031136Z_20250512T031236Z,,,,,,,,,,,,,,,,,[0.1026 14.4225 -0.0179],3303,2025-05-12 03:11:36.836000,earthquake_local,OBF8.HE_20250512031136_HH_EV
HE,OBF8,HH,64.4402,24.5172,,500,manual,0.5,,1909,manual,0.5,20250618T032837Z_20250618T032937Z,,,,,,,,,,,,,,,,,[0.0205 0.9325 -0.0067],3882,2025-06-18 03:28:37.724000,earthquake_local,OBF8.HE_20250618032837_HH_EV
HE,OBF8,HH,64.4402,24.5172,,500,manual,0.5,,1826,manual,0.5,20250621T180405Z_20250621T180505Z,,,,,,,,,,,,,,,,,[0.0576 -0.5417 -0.0098],3682,2025-06-21 18:04:05.196000,earthquake_local,OBF8.HE_20250621180405_HH_EV
HE,OBF8,HH,64.4402,24.5172,,500,manual,0.5,,1992,manual,0.5,20250622T035553Z_20250622T035653Z,,,,,,,,,,,,,,,,,[-0.0782 -1.8927 -0.0128],4081,2025-06-22 03:55:53.244000,earthquake_local,OBF8.HE_20250622035553_HH_EV
HE,OBF8,HH,64.4402,24.5172,,500,manual,0.5,,1824,manual,0.5,20250624T203306Z_20250624T203406Z,,,,,,,,,,,,,,,,,[0.2490 5.6226 0.0134],3678,2025-06-24 20:33:06.264000,earthquake_local,OBF8.HE_20250624203306_HH_EV
HE,OBF8,HH,64.4402,24.5172,,500,manual,0.5,,2111,manual,0.5,20250628T154146Z_20250628T154246Z,,,,,,,,,,,,,,,,,[-0.0506 -0.5327 0.0347],4366,2025-06-28 15:41:46.860000,earthquake_local,OBF8.HE_20250628154146_HH_EV
HE,OBF8,HH,64.4402,24.5172,,500,manual,0.5,,2522,manual,0.5,20250629T233302Z_20250629T233402Z,,,,,,,,,,,,,,,,,[0.1925 -3.7590 -0.0401],5353,2025-06-29 23:33:02.112000,earthquake_local,OBF8.HE_20250629233302_HH_EV
HE,OBF8,HH,64.4402,24.5172,,500,manual,0.5,,1587,manual,0.5,20250703T171903Z_20250703T172003Z,,,,,,,,,,,,,,,,,[0.1521 4.7912 -0.0126],3109,2025-07-03 17:19:03.724000,earthquake_local,OBF8.HE_20250703171903_HH_EV
HE,OBF8,HH,64.4402,24.5172,,500,manual,0.5,,2316,manual,0.5,20250705T045049Z_20250705T045149Z,,,,,,,,,,,,,,,,,[0.0349 0.2902 -0.0311],4858,2025-07-05 04:50:49.428000,earthquake_local,OBF8.HE_20250705045049_HH_EV
HE,OBF8,HH,64.4402,24.5172,,500,manual,0.5,,2902,manual,0.5,20250710T233941Z_20250710T234041Z,,,,,,,,,,,,,,,,,[0.0482 0.1990 -0.0027],5999,2025-07-10 23:39:41.332000,earthquake_local,OBF8.HE_20250710233941_HH_EV
HE,OBF8,HH,64.4402,24.5172,,500,manual,0.5,,1718,manual,0.5,20250711T140013Z_20250711T140113Z,,,,,,,,,,,,,,,,,[-0.0375 -0.0027 -0.0626],3423,2025-07-11 14:00:13.500000,earthquake_local,OBF8.HE_20250711140013_HH_EV
HE,OBF8,HH,64.4402,24.5172,,500,manual,0.5,,2538,manual,0.5,20250718T110621Z_20250718T110721Z,,,,,,,,,,,,,,,,,[-0.0388 0.0786 -0.0063],5391,2025-07-18 11:06:21.840000,earthquake_local,OBF8.HE_20250718110621_HH_EV
HE,OBF8,HH,64.4402,24.5172,,500,manual,0.5,,2725,manual,0.5,20250905T170843Z_20250905T170943Z,,,,,,,,,,,,,,,,,[0.0422 -0.1108 0.0067],5840,2025-09-05 17:08:43.436000,earthquake_local,OBF8.HE_20250905170843_HH_EV
HE,OBF8,HH,64.4402,24.5172,,500,manual,0.5,,1545,manual,0.5,20250914T142559Z_20250914T142659Z,,,,,,,,,,,,,,,,,[-0.0242 -0.1764 0.0201],3008,2025-09-14 14:25:59.684000,earthquake_local,OBF8.HE_20250914142559_HH_EV
HE,OBF8,HH,64.4402,24.5172,,500,manual,0.5,,2277,manual,0.5,20250919T204609Z_20250919T204709Z,,,,,,,,,,,,,,,,,[0.5361 1.8367 -0.0740],4765,2025-09-19 20:46:09.468000,earthquake_local,OBF8.HE_20250919204609_HH_EV
HE,OBF8,HH,64.4402,24.5172,,500,manual,0.5,,2059,manual,0.5,20251024T163921Z_20251024T164021Z,,,,,,,,,,,,,,,,,[-0.0404 -0.1501 0.0427],4242,2025-10-24 16:39:21.836000,earthquake_local,OBF8.HE_20251024163921_HH_EV
HE,OBF8,HH,64.4402,24.5172,,500,manual,0.5,,2006,manual,0.5,20251111T022417Z_20251111T022517Z,,,,,,,,,,,,,,,,,[0.1096 0.2733 0.1937],4114,2025-11-11 02:24:17.456000,earthquake_local,OBF8.HE_20251111022417_HH_EV
HE,OBF8,HH,64.4402,24.5172,,500,manual,0.5,,1711,manual,0.5,20251118T185752Z_20251118T185852Z,,,,,,,,,,,,,,,,,[0.6869 -0.4517 -0.0801],3406,2025-11-18 18:57:52.640000,earthquake_local,OBF8.HE_20251118185752_HH_EV
HE,OBF8,HH,64.4402,24.5172,,500,manual,0.5,,2166,manual,0.5,20251123T121818Z_20251123T121918Z,,,,,,,,,,,,,,,,,[0.4631 0.7280 0.0036],4498,2025-11-23 12:18:18.920000,earthquake_local,OBF8.HE_20251123121818_HH_EV
HE,OBF8,HH,64.4402,24.5172,,500,manual,0.5,,2059,manual,0.5,20251211T111844Z_20251211T111944Z,,,,,,,,,,,,,,,,,[-0.6084 0.6303 0.0522],4242,2025-12-11 11:18:44.888000,earthquake_local,OBF8.HE_20251211111844_HH_EV
FN,OLKF,HH,66.3206,29.4003,,498,manual,0.5,,1032,manual,0.5,20250114T150830Z_20250114T150930Z,,,,,,,,,,,,,,,,,[0.4252 -0.2867 -0.3217],1780,2025-01-14 15:08:30.550000,earthquake_local,OLKF.FN_20250114150830_HH_EV
FN,OLKF,HH,66.3206,29.4003,,500,manual,0.5,,3225,manual,0.5,20250120T005100Z_20250120T005200Z,,,,,,,,,,,,,,,,,[4.9545 2.4461 -0.3847],5999,2025-01-20 00:51:00.550000,earthquake_local,OLKF.FN_20250120005100_HH_EV
FN,OLKF,HH,66.3206,29.4003,,502,manual,0.5,,2192,manual,0.5,20250125T042824Z_20250125T042924Z,,,,,,,,,,,,,,,,,[4.9251 -0.1357 -0.7613],4558,2025-01-25 04:28:24.400000,earthquake_local,OLKF.FN_20250125042824_HH_EV
FN,OLKF,HH,66.3206,29.4003,,502,manual,0.5,,2179,manual,0.5,20250131T023202Z_20250131T023302Z,,,,,,,,,,,,,,,,,[1.3001 1.0605 0.1418],4527,2025-01-31 02:32:02.950000,earthquake_local,OLKF.FN_20250131023202_HH_EV
FN,OLKF,HH,66.3206,29.4003,,500,manual,0.5,,1341,manual,0.5,20250201T193617Z_20250201T193717Z,,,,,,,,,,,,,,,,,[1.5734 -0.3903 0.5722],2518,2025-02-01 19:36:17.700000,earthquake_local,OLKF.FN_20250201193617_HH_EV
FN,OLKF,HH,66.3206,29.4003,,501,manual,0.5,,3634,manual,0.5,20250202T003330Z_20250202T003430Z,,,,,,,,,,,,,,,,,[1.9341 -0.5030 0.4568],5999,2025-02-02 00:33:30.850000,earthquake_local,OLKF.FN_20250202003330_HH_EV
FN,OLKF,HH,66.3206,29.4003,,499,manual,0.5,,1292,manual,0.5,20250215T210118Z_20250215T210218Z,,,,,,,,,,,,,,,,,[-1.4159 -0.2262 -0.0545],2402,2025-02-15 21:01:18.300000,earthquake_local,OLKF.FN_20250215210118_HH_EV
FN,OLKF,HH,66.3206,29.4003,,502,manual,0.5,,1114,manual,0.5,20250220T113054Z_20250220T113154Z,,,,,,,,,,,,,,,,,[1.5244 -1.0969 0.6014],1971,2025-02-20 11:30:54.000000,earthquake_local,OLKF.FN_20250220113054_HH_EV
FN,OLKF,HH,66.3206,29.4003,,499,manual,0.5,,1175,manual,0.5,20250220T231954Z_20250220T232054Z,,,,,,,,,,,,,,,,,[0.5604 -1.2821 -0.2192],2121,2025-02-20 23:19:54.300000,earthquake_local,OLKF.FN_20250220231954_HH_EV
FN,OLKF,HH,66.3206,29.4003,,498,manual,0.5,,3289,manual,0.5,20250228T014708Z_20250228T014808Z,,,,,,,,,,,,,,,,,[0.4913 -0.8343 -0.3986],5999,2025-02-28 01:47:08.250000,earthquake_local,OLKF.FN_20250228014708_HH_EV
FN,OLKF,HH,66.3206,29.4003,,501,manual,0.5,,2514,manual,0.5,20250305T073110Z_20250305T073210Z,,,,,,,,,,,,,,,,,[-3.8084 6.9628 -0.4648],5332,2025-03-05 07:31:10.850000,earthquake_local,OLKF.FN_20250305073110_HH_EV
FN,OLKF,HH,66.3206,29.4003,,498,manual,0.5,,1696,manual,0.5,20250308T143616Z_20250308T143716Z,,,,,,,,,,,,,,,,,[2.6082 1.6426 0.0535],3373,2025-03-08 14:36:16.650000,earthquake_local,OLKF.FN_20250308143616_HH_EV
FN,OLKF,HH,66.3206,29.4003,,500,manual,0.5,,1245,manual,0.5,20250310T020908Z_20250310T021008Z,,,,,,,,,,,,,,,,,[0.4177 0.1420 0.0865],2288,2025-03-10 02:09:08.600000,earthquake_local,OLKF.FN_20250310020908_HH_EV
FN,OLKF,HH,66.3206,29.4003,,501,manual,0.5,,1264,manual,0.5,20250315T023927Z_20250315T024027Z,,,,,,,,,,,,,,,,,[-0.8919 1.3217 0.1747],2332,2025-03-15 02:39:27.900000,earthquake_local,OLKF.FN_20250315023927_HH_EV
FN,OLKF,HH,66.3206,29.4003,,501,manual,0.5,,3278,manual,0.5,20250402T133356Z_20250402T133456Z,,,,,,,,,,,,,,,,,[2.4643 0.6326 -0.1867],5999,2025-04-02 13:33:56.200000,earthquake_local,OLKF.FN_20250402133356_HH_EV
FN,OLKF,HH,66.3206,29.4003,,499,manual,0.5,,864,manual,0.5,20250405T071747Z_20250405T071847Z,,,,,,,,,,,,,,,,,[-2.6901 -1.0403 -0.7979],1375,2025-04-05 07:17:47.950000,earthquake_local,OLKF.FN_20250405071747_HH_EV
FN,OLKF,HH,66.3206,29.4003,,499,manual,0.5,,874,manual,0.5,20250408T153557Z_20250408T153657Z,,,,,,,,,,,,,,,,,[0.5236 0.3895 -0.0552],1399,2025-04-08 15:35:57.950000,earthquake_local,OLKF.FN_20250408153557_HH_EV
FN,OLKF,HH,66.3206,29.4003,,502,manual,0.5,,956,manual,0.5,20250420T190512Z_20250420T190612Z,,,,,,,,,,,,,,,,,[-0.9051 -0.1374 -0.3470],1592,2025-04-20 19:05:12.600000,earthquake_local,OLKF.FN_20250420190512_HH_EV
FN,OLKF,HH,66.3206,29.4003,,501,manual,0.5,,887,manual,0.5,20250427T012157Z_20250427T012257Z,,,,,,,,,,,,,,,,,[-0.7860 -0.3996 0.1754],1427,2025-04-27 01:21:57.850000,earthquake_local,OLKF.FN_20250427012157_HH_EV
FN,OLKF,HH,66.3206,29.4003,,502,manual,0.5,,1309,manual,0.5,20250602T171112Z_20250602T171212Z,,,,,,,,,,,,,,,,,[0.2792 0.1866 0.1232],2439,2025-06-02 17:11:12.100000,earthquake_local,OLKF.FN_20250602171112_HH_EV
FN,OLKF,HH,66.3206,29.4003,,501,manual,0.5,,1096,manual,0.5,20250603T111835Z_20250603T111935Z,,,,,,,,,,,,,,,,,[0.6843 0.1801 -0.0149],1929,2025-06-03 11:18:35.050000,earthquake_local,OLKF.FN_20250603111835_HH_EV
FN,OLKF,HH,66.3206,29.4003,,499,manual,0.5,,1089,manual,0.5,20250605T030238Z_20250605T030338Z,,,,,,,,,,,,,,,,,[0.3753 -0.2150 -0.0155],1915,2025-06-05 03:02:38.850000,earthquake_local,OLKF.FN_20250605030238_HH_EV
FN,OLKF,HH,66.3206,29.4003,,501,manual,0.5,,1696,manual,0.5,20250622T112106Z_20250622T112206Z,,,,,,,,,,,,,,,,,[0.7114 0.2014 -0.1561],3369,2025-06-22 11:21:06.500000,earthquake_local,OLKF.FN_20250622112106_HH_EV
FN,OLKF,HH,66.3206,29.4003,,501,manual,0.5,,2582,manual,0.5,20250630T062925Z_20250630T063025Z,,,,,,,,,,,,,,,,,[-2.3234 0.8711 -0.1539],5495,2025-06-30 06:29:25.200000,earthquake_local,OLKF.FN_20250630062925_HH_EV
FN,OLKF,HH,66.3206,29.4003,,502,manual,0.5,,1227,manual,0.5,20250702T054710Z_20250702T054810Z,,,,,,,,,,,,,,,,,[-0.6155 1.7987 0.2682],2242,2025-07-02 05:47:10.450000,earthquake_local,OLKF.FN_20250702054710_HH_EV
FN,OLKF,HH,66.3206,29.4003,,500,manual,0.5,,963,manual,0.5,20250713T191951Z_20250713T192051Z,,,,,,,,,,,,,,,,,[1.6180 0.5822 0.0217],1611,2025-07-13 19:19:51.200000,earthquake_local,OLKF.FN_20250713191951_HH_EV
FN,OLKF,HH,66.3206,29.4003,,500,manual,0.5,,2349,manual,0.5,20250715T204058Z_20250715T204158Z,,,,,,,,,,,,,,,,,[0.1882 0.1585 0.1532],4938,2025-07-15 20:40:58.350000,earthquake_local,OLKF.FN_20250715204058_HH_EV
FN,OLKF,HH,66.3206,29.4003,,501,manual,0.5,,2647,manual,0.5,20250725T140329Z_20250725T140429Z,,,,,,,,,,,,,,,,,[0.2565 -0.3974 0.0826],5651,2025-07-25 14:03:29.750000,earthquake_local,OLKF.FN_20250725140329_HH_EV
FN,OLKF,HH,66.3206,29.4003,,501,manual,0.5,,2015,manual,0.5,20250802T203540Z_20250802T203640Z,,,,,,,,,,,,,,,,,[0.2904 -0.0431 -0.1311],4135,2025-08-02 20:35:40.350000,earthquake_local,OLKF.FN_20250802203540_HH_EV
FN,OLKF,HH,66.3206,29.4003,,501,manual,0.5,,2202,manual,0.5,20250804T051137Z_20250804T051237Z,,,,,,,,,,,,,,,,,[-4.4799 -0.1292 3.7012],4583,2025-08-04 05:11:37.750000,earthquake_local,OLKF.FN_20250804051137_HH_EV
FN,OLKF,HH,66.3206,29.4003,,500,manual,0.5,,890,manual,0.5,20250813T060800Z_20250813T060900Z,,,,,,,,,,,,,,,,,[1.8368 -0.6301 -0.0837],1436,2025-08-13 06:08:00.250000,earthquake_local,OLKF.FN_20250813060800_HH_EV
FN,OLKF,HH,66.3206,29.4003,,501,manual,0.5,,1229,manual,0.5,20250818T080608Z_20250818T080708Z,,,,,,,,,,,,,,,,,[-0.0277 0.3332 -0.1007],2248,2025-08-18 08:06:08.150000,earthquake_local,OLKF.FN_20250818080608_HH_EV
FN,OLKF,HH,66.3206,29.4003,,499,manual,0.5,,5284,manual,0.5,20250822T033825Z_20250822T033925Z,,,,,,,,,,,,,,,,,[-2.5271 0.3083 14.2081],5999,2025-08-22 03:38:25.150000,earthquake_local,OLKF.FN_20250822033825_HH_EV
FN,OLKF,HH,66.3206,29.4003,,499,manual,0.5,,1412,manual,0.5,20250824T104233Z_20250824T104333Z,,,,,,,,,,,,,,,,,[-1.1090 0.3193 -0.0068],2690,2025-08-24 10:42:33.850000,earthquake_local,OLKF.FN_20250824104233_HH_EV
FN,OLKF,HH,66.3206,29.4003,,501,manual,0.5,,2118,manual,0.5,20250903T171320Z_20250903T171420Z,,,,,,,,,,,,,,,,,[-0.3458 -0.1861 0.0330],4382,2025-09-03 17:13:20.550000,earthquake_local,OLKF.FN_20250903171320_HH_EV
FN,OLKF,HH,66.3206,29.4003,,502,manual,0.5,,1609,manual,0.5,20250904T120830Z_20250904T120930Z,,,,,,,,,,,,,,,,,[8.9779 4.5263 1.7378],3159,2025-09-04 12:08:30.750000,earthquake_local,OLKF.FN_20250904120830_HH_EV
FN,OLKF,HH,66.3206,29.4003,,501,manual,0.5,,1631,manual,0.5,20250920T161846Z_20250920T161946Z,,,,,,,,,,,,,,,,,[3.4724 0.8572 0.7534],3213,2025-09-20 16:18:46.350000,earthquake_local,OLKF.FN_20250920161846_HH_EV
FN,OLKF,HH,66.3206,29.4003,,501,manual,0.5,,3314,manual,0.5,20251012T004906Z_20251012T005006Z,,,,,,,,,,,,,,,,,[-4.2440 -0.1325 0.3714],5999,2025-10-12 00:49:06.750000,earthquake_local,OLKF.FN_20251012004906_HH_EV
FN,OLKF,HH,66.3206,29.4003,,499,manual,0.5,,1289,manual,0.5,20251020T001858Z_20251020T001958Z,,,,,,,,,,,,,,,,,[1.2680 0.2455 -0.5624],2395,2025-10-20 00:18:58.800000,earthquake_local,OLKF.FN_20251020001858_HH_EV
FN,OLKF,HH,66.3206,29.4003,,501,manual,0.5,,1053,manual,0.5,20251021T034256Z_20251021T034356Z,,,,,,,,,,,,,,,,,[-0.7886 -0.3716 -0.2451],1826,2025-10-21 03:42:56.700000,earthquake_local,OLKF.FN_20251021034256_HH_EV
FN,OLKF,HH,66.3206,29.4003,,498,manual,0.5,,1216,manual,0.5,20251030T053454Z_20251030T053554Z,,,,,,,,,,,,,,,,,[-1.2091 -0.0755 0.1629],2221,2025-10-30 05:34:54.250000,earthquake_local,OLKF.FN_20251030053454_HH_EV
FN,OLKF,HH,66.3206,29.4003,,499,manual,0.5,,1159,manual,0.5,20251102T225707Z_20251102T225807Z,,,,,,,,,,,,,,,,,[0.1999 -1.0896 -0.0372],2083,2025-11-02 22:57:07.450000,earthquake_local,OLKF.FN_20251102225707_HH_EV
FN,OLKF,HH,66.3206,29.4003,,498,manual,0.5,,1166,manual,0.5,20251117T222915Z_20251117T223015Z,,,,,,,,,,,,,,,,,[2.1993 -0.0787 1.2944],2101,2025-11-17 22:29:15.750000,earthquake_local,OLKF.FN_20251117222915_HH_EV
FN,OLKF,HH,66.3206,29.4003,,500,manual,0.5,,1886,manual,0.5,20251129T233517Z_20251129T233617Z,,,,,,,,,,,,,,,,,[5.5673 0.8448 0.3692],3826,2025-11-29 23:35:17.750000,earthquake_local,OLKF.FN_20251129233517_HH_EV
FN,OLKF,HH,66.3206,29.4003,,498,manual,0.5,,1590,manual,0.5,20251202T122135Z_20251202T122235Z,,,,,,,,,,,,,,,,,[-1.8666 1.7139 -0.8208],3119,2025-12-02 12:21:35.300000,earthquake_local,OLKF.FN_20251202122135_HH_EV
FN,OLKF,HH,66.3206,29.4003,,500,manual,0.5,,1939,manual,0.5,20251218T005647Z_20251218T005747Z,,,,,,,,,,,,,,,,,[-1.2977 7.9116 0.7031],3954,2025-12-18 00:56:47.200000,earthquake_local,OLKF.FN_20251218005647_HH_EV
FN,OLKF,HH,66.3206,29.4003,,502,manual,0.5,,2936,manual,0.5,20251219T083740Z_20251219T083840Z,,,,,,,,,,,,,,,,,[3.6825 -0.9482 -0.4578],5999,2025-12-19 08:37:40.200000,earthquake_local,OLKF.FN_20251219083740_HH_EV
FN,OLKF,HH,66.3206,29.4003,,499,manual,0.5,,2530,manual,0.5,20251227T013852Z_20251227T013952Z,,,,,,,,,,,,,,,,,[2.2480 -0.4418 1.7501],5373,2025-12-27 01:38:52.750000,earthquake_local,OLKF.FN_20251227013852_HH_EV
FN,OLKF,HH,66.3206,29.4003,,500,manual,0.5,,2373,manual,0.5,20251228T223159Z_20251228T223259Z,,,,,,,,,,,,,,,,,[5.8579 0.1217 0.1435],4995,2025-12-28 22:31:59.400000,earthquake_local,OLKF.FN_20251228223159_HH_EV
HE,OUF,HH,64.3673,24.7314,,500,manual,0.5,,2731,manual,0.5,20250105T045503Z_20250105T045603Z,,,,,,,,,,,,,,,,,[-1.9729 0.1638 -0.1634],5854,2025-01-05 04:55:03.870000,earthquake_local,OUF.HE_20250105045503_HH_EV
HE,OUF,HH,64.3673,24.7314,,500,manual,0.5,,718,manual,0.5,20250107T041414Z_20250107T041514Z,,,,,,,,,,,,,,,,,[12.6988 17.3788 -4.2814],1023,2025-01-07 04:14:14.440000,earthquake_local,OUF.HE_20250107041414_HH_EV
HE,OUF,HH,64.3673,24.7314,,500,manual,0.5,,2663,manual,0.5,20250109T034023Z_20250109T034123Z,,,,,,,,,,,,,,,,,[2.7921 -1.2376 3.4450],5691,2025-01-09 03:40:23.280000,earthquake_local,OUF.HE_20250109034023_HH_EV
HE,OUF,HH,64.3673,24.7314,,500,manual,0.5,,2538,manual,0.5,20250112T094246Z_20250112T094346Z,,,,,,,,,,,,,,,,,[8.0712 -1.9434 -3.1227],5391,2025-01-12 09:42:46.330000,earthquake_local,OUF.HE_20250112094246_HH_EV
HE,OUF,HH,64.3673,24.7314,,500,manual,0.5,,2454,manual,0.5,20250112T172652Z_20250112T172752Z,,,,,,,,,,,,,,,,,[-1.2581 -3.1508 -2.9982],5190,2025-01-12 17:26:52.530000,earthquake_local,OUF.HE_20250112172652_HH_EV
HE,OUF,HH,64.3673,24.7314,,500,manual,0.5,,2692,manual,0.5,20250120T005054Z_20250120T005154Z,,,,,,,,,,,,,,,,,[13.8811 1.2068 0.4294],5761,2025-01-20 00:50:54.170000,earthquake_local,OUF.HE_20250120005054_HH_EV
HE,OUF,HH,64.3673,24.7314,,500,manual,0.5,,2764,manual,0.5,20250123T181842Z_20250123T181942Z,,,,,,,,,,,,,,,,,[1.1392 -4.4745 -0.0499],5934,2025-01-23 18:18:42.620000,earthquake_local,OUF.HE_20250123181842_HH_EV
HE,OUF,HH,64.3673,24.7314,,500,manual,0.5,,3190,manual,0.5,20250228T003124Z_20250228T003224Z,,,,,,,,,,,,,,,,,[3.1332 -3.7338 -1.4052],5999,2025-02-28 00:31:24.060000,earthquake_local,OUF.HE_20250228003124_HH_EV
HE,OUF,HH,64.3673,24.7314,,500,manual,0.5,,2079,manual,0.5,20250228T014653Z_20250228T014753Z,,,,,,,,,,,,,,,,,[4.3752 0.1411 0.3748],4290,2025-02-28 01:46:53.420000,earthquake_local,OUF.HE_20250228014653_HH_EV
HE,OUF,HH,64.3673,24.7314,,500,manual,0.5,,2401,manual,0.5,20250323T132900Z_20250323T133000Z,,,,,,,,,,,,,,,,,[5.3115 -1.8105 2.3143],5062,2025-03-23 13:29:00.080000,earthquake_local,OUF.HE_20250323132900_HH_EV
HE,OUF,HH,64.3673,24.7314,,500,manual,0.5,,2219,manual,0.5,20250914T142608Z_20250914T142708Z,,,,,,,,,,,,,,,,,[0.4597 0.1962 -0.0447],4626,2025-09-14 14:26:08.080000,earthquake_local,OUF.HE_20250914142608_HH_EV
HE,OUF,HH,64.3673,24.7314,,500,manual,0.5,,2901,manual,0.5,20250919T204617Z_20250919T204717Z,,,,,,,,,,,,,,,,,[4.5276 4.8242 4.5764],5999,2025-09-19 20:46:17.980000,earthquake_local,OUF.HE_20250919204617_HH_EV
HE,OUF,HH,64.3673,24.7314,,500,manual,0.5,,1775,manual,0.5,20250930T144913Z_20250930T145013Z,,,,,,,,,,,,,,,,,[4.6040 -0.0801 -0.5432],3560,2025-09-30 14:49:13.380000,earthquake_local,OUF.HE_20250930144913_HH_EV
HE,OUF,HH,64.3673,24.7314,,500,manual,0.5,,2598,manual,0.5,20251007T225044Z_20251007T225144Z,,,,,,,,,,,,,,,,,[-0.2783 2.0587 0.8390],5535,2025-10-07 22:50:44.440000,earthquake_local,OUF.HE_20251007225044_HH_EV
HE,OUF,HH,64.3673,24.7314,,500,manual,0.5,,2770,manual,0.5,20251024T163931Z_20251024T164031Z,,,,,,,,,,,,,,,,,[2.2366 -0.9939 1.2340],5948,2025-10-24 16:39:31.310000,earthquake_local,OUF.HE_20251024163931_HH_EV
HE,OUF,HH,64.3673,24.7314,,500,manual,0.5,,2629,manual,0.5,20251111T022426Z_20251111T022526Z,,,,,,,,,,,,,,,,,[2.9602 -0.1773 1.6711],5610,2025-11-11 02:24:26.020000,earthquake_local,OUF.HE_20251111022426_HH_EV
HE,OUF,HH,64.3673,24.7314,,500,manual,0.5,,2151,manual,0.5,20251118T185758Z_20251118T185858Z,,,,,,,,,,,,,,,,,[3.1067 -0.8092 -1.9345],4462,2025-11-18 18:57:58.340000,earthquake_local,OUF.HE_20251118185758_HH_EV
HE,OUF,HH,64.3673,24.7314,,500,manual,0.5,,2737,manual,0.5,20251123T121826Z_20251123T121926Z,,,,,,,,,,,,,,,,,[0.6237 -0.6252 1.8426],5869,2025-11-23 12:18:26.950000,earthquake_local,OUF.HE_20251123121826_HH_EV
HE,OUF,HH,64.3673,24.7314,,500,manual,0.5,,2743,manual,0.5,20251211T111854Z_20251211T111954Z,,,,,,,,,,,,,,,,,[10.4310 -0.2911 7.7968],5883,2025-12-11 11:18:54.230000,earthquake_local,OUF.HE_20251211111854_HH_EV
HE,OUF,HH,64.3673,24.7314,,500,manual,0.5,,2226,manual,0.5,20251213T060345Z_20251213T060445Z,,,,,,,,,,,,,,,,,[-1.0715 -3.4995 -0.6075],4642,2025-12-13 06:03:45.400000,earthquake_local,OUF.HE_20251213060345_HH_EV
HE,OUF,HH,64.3673,24.7314,,500,manual,0.5,,2211,manual,0.5,20251228T223155Z_20251228T223255Z,,,,,,,,,,,,,,,,,[5.9714 0.0134 -0.8323],4606,2025-12-28 22:31:55.560000,earthquake_local,OUF.HE_20251228223155_HH_EV
FN,OUL,HH,65.0859,25.8926,,500,manual,0.5,,1649,manual,0.5,20250107T041427Z_20250107T041527Z,,,,,,,,,,,,,,,,,[-1.4376 -0.9765 -0.1022],3258,2025-01-07 04:14:27.540000,earthquake_local,OUL.FN_20250107041427_HH_EV
FN,OUL,HH,65.0859,25.8926,,500,manual,0.5,,2204,manual,0.5,20250112T094241Z_20250112T094341Z,,,,,,,,,,,,,,,,,[1.0724 3.6646 2.9057],4590,2025-01-12 09:42:41.440000,earthquake_local,OUL.FN_20250112094241_HH_EV
FN,OUL,HH,65.0859,25.8926,,500,manual,0.5,,2261,manual,0.5,20250112T172651Z_20250112T172751Z,,,,,,,,,,,,,,,,,[-5.1714 0.0919 -3.8951],4726,2025-01-12 17:26:51.260000,earthquake_local,OUL.FN_20250112172651_HH_EV
FN,OUL,HH,65.0859,25.8926,,500,manual,0.5,,2927,manual,0.5,20250115T105453Z_20250115T105553Z,,,,,,,,,,,,,,,,,[-1.8276 -7.0614 -3.5878],5999,2025-01-15 10:54:53.030000,earthquake_local,OUL.FN_20250115105453_HH_EV
FN,OUL,HH,65.0859,25.8926,,500,manual,0.5,,2093,manual,0.5,20250120T005045Z_20250120T005145Z,,,,,,,,,,,,,,,,,[1.4372 -1.9613 -0.0362],4323,2025-01-20 00:50:45.460000,earthquake_local,OUL.FN_20250120005045_HH_EV
FN,OUL,HH,65.0859,25.8926,,500,manual,0.5,,2498,manual,0.5,20250123T181838Z_20250123T181938Z,,,,,,,,,,,,,,,,,[0.4312 -2.4579 -1.0880],5295,2025-01-23 18:18:38.250000,earthquake_local,OUL.FN_20250123181838_HH_EV
FN,OUL,HH,65.0859,25.8926,,500,manual,0.5,,2272,manual,0.5,20250220T232009Z_20250220T232109Z,,,,,,,,,,,,,,,,,[2.4969 -4.1962 -1.3499],4753,2025-02-20 23:20:09.600000,earthquake_local,OUL.FN_20250220232009_HH_EV
FN,OUL,HH,65.0859,25.8926,,500,manual,0.5,,3237,manual,0.5,20250228T003125Z_20250228T003225Z,,,,,,,,,,,,,,,,,[-0.9640 -3.1699 -1.5840],5999,2025-02-28 00:31:25.680000,earthquake_local,OUL.FN_20250228003125_HH_EV
FN,OUL,HH,65.0859,25.8926,,500,manual,0.5,,1396,manual,0.5,20250228T014644Z_20250228T014744Z,,,,,,,,,,,,,,,,,[8.7280 -1.7736 3.8362],2650,2025-02-28 01:46:44.790000,earthquake_local,OUL.FN_20250228014644_HH_EV
FN,OUL,HH,65.0859,25.8926,,500,manual,0.5,,2240,manual,0.5,20250323T132858Z_20250323T132958Z,,,,,,,,,,,,,,,,,[1.8802 -2.5065 0.8507],4676,2025-03-23 13:28:58.590000,earthquake_local,OUL.FN_20250323132858_HH_EV
FN,OUL,HH,65.0859,25.8926,,500,manual,0.5,,2446,manual,0.5,20250402T133345Z_20250402T133445Z,,,,,,,,,,,,,,,,,[2.2594 -1.1748 -0.2721],5170,2025-04-02 13:33:45.400000,earthquake_local,OUL.FN_20250402133345_HH_EV
FN,OUL,HH,65.0859,25.8926,,500,manual,0.5,,2250,manual,0.5,20250405T124852Z_20250405T124952Z,,,,,,,,,,,,,,,,,[2.0577 -7.0883 -6.1030],4700,2025-04-05 12:48:52.710000,earthquake_local,OUL.FN_20250405124852_HH_EV
FN,OUL,HH,65.0859,25.8926,,500,manual,0.5,,2356,manual,0.5,20250409T175914Z_20250409T180014Z,,,,,,,,,,,,,,,,,[-2.1512 0.2926 4.1716],4954,2025-04-09 17:59:14.920000,earthquake_local,OUL.FN_20250409175914_HH_EV
FN,OUL,HH,65.0859,25.8926,,500,manual,0.5,,2480,manual,0.5,20250412T203600Z_20250412T203700Z,,,,,,,,,,,,,,,,,[1.1557 0.8934 2.1829],5252,2025-04-12 20:36:00.130000,earthquake_local,OUL.FN_20250412203600_HH_EV
FN,OUL,HH,65.0859,25.8926,,500,manual,0.5,,3501,manual,0.5,20250423T183521Z_20250423T183621Z,,,,,,,,,,,,,,,,,[-0.0758 1.6601 1.0035],5999,2025-04-23 18:35:21.990000,earthquake_local,OUL.FN_20250423183521_HH_EV
FN,OUL,HH,65.0859,25.8926,,500,manual,0.5,,2480,manual,0.5,20250512T031148Z_20250512T031248Z,,,,,,,,,,,,,,,,,[0.3157 2.5561 0.0345],5252,2025-05-12 03:11:48.230000,earthquake_local,OUL.FN_20250512031148_HH_EV
FN,OUL,HH,65.0859,25.8926,,500,manual,0.5,,2216,manual,0.5,20250602T171124Z_20250602T171224Z,,,,,,,,,,,,,,,,,[0.0162 -1.5391 -0.9030],4618,2025-06-02 17:11:24.790000,earthquake_local,OUL.FN_20250602171124_HH_EV
FN,OUL,HH,65.0859,25.8926,,500,manual,0.5,,2719,manual,0.5,20250605T030300Z_20250605T030400Z,,,,,,,,,,,,,,,,,[-0.0190 -0.8862 -1.9353],5826,2025-06-05 03:03:00.900000,earthquake_local,OUL.FN_20250605030300_HH_EV
FN,OUL,HH,65.0859,25.8926,,500,manual,0.5,,2863,manual,0.5,20250608T042712Z_20250608T042812Z,,,,,,,,,,,,,,,,,[0.0976 -0.6769 1.7579],5999,2025-06-08 04:27:12.100000,earthquake_local,OUL.FN_20250608042712_HH_EV
FN,OUL,HH,65.0859,25.8926,,500,manual,0.5,,2299,manual,0.5,20250609T023918Z_20250609T024018Z,,,,,,,,,,,,,,,,,[0.4434 -4.3285 -3.7759],4818,2025-06-09 02:39:18.170000,earthquake_local,OUL.FN_20250609023918_HH_EV
FN,OUL,HH,65.0859,25.8926,,500,manual,0.5,,1391,manual,0.5,20250621T164105Z_20250621T164205Z,,,,,,,,,,,,,,,,,[0.0515 -1.0193 0.1713],2638,2025-06-21 16:41:05.430000,earthquake_local,OUL.FN_20250621164105_HH_EV
FN,OUL,HH,65.0859,25.8926,,500,manual,0.5,,3125,manual,0.5,20250621T180421Z_20250621T180521Z,,,,,,,,,,,,,,,,,[0.7194 1.6230 1.6531],5999,2025-06-21 18:04:21.870000,earthquake_local,OUL.FN_20250621180421_HH_EV
FN,OUL,HH,65.0859,25.8926,,500,manual,0.5,,2342,manual,0.5,20250624T203313Z_20250624T203413Z,,,,,,,,,,,,,,,,,[-0.4098 -1.5166 -0.8345],4921,2025-06-24 20:33:13.530000,earthquake_local,OUL.FN_20250624203313_HH_EV
FN,OUL,HH,65.0859,25.8926,,500,manual,0.5,,3537,manual,0.5,20250629T233314Z_20250629T233414Z,,,,,,,,,,,,,,,,,[-2.8766 0.9697 -1.4946],5999,2025-06-29 23:33:14.890000,earthquake_local,OUL.FN_20250629233314_HH_EV
FN,OUL,HH,65.0859,25.8926,,500,manual,0.5,,5487,manual,0.5,20250630T062950Z_20250630T063050Z,,,,,,,,,,,,,,,,,[2.6465 -0.4379 3.5583],5999,2025-06-30 06:29:50.140000,earthquake_local,OUL.FN_20250630062950_HH_EV
FN,OUL,HH,65.0859,25.8926,,500,manual,0.5,,2755,manual,0.5,20250702T054731Z_20250702T054831Z,,,,,,,,,,,,,,,,,[3.1906 -1.1127 -1.4526],5912,2025-07-02 05:47:31.100000,earthquake_local,OUL.FN_20250702054731_HH_EV
FN,OUL,HH,65.0859,25.8926,,500,manual,0.5,,2052,manual,0.5,20250703T171909Z_20250703T172009Z,,,,,,,,,,,,,,,,,[2.7074 5.7129 5.0232],4225,2025-07-03 17:19:09.810000,earthquake_local,OUL.FN_20250703171909_HH_EV
FN,OUL,HH,65.0859,25.8926,,500,manual,0.5,,2723,manual,0.5,20250713T192015Z_20250713T192115Z,,,,,,,,,,,,,,,,,[0.1031 2.1934 0.5175],5835,2025-07-13 19:20:15.830000,earthquake_local,OUL.FN_20250713192015_HH_EV
FN,OUL,HH,65.0859,25.8926,,500,manual,0.5,,1382,manual,0.5,20250804T051125Z_20250804T051225Z,,,,,,,,,,,,,,,,,[6.3431 0.1022 5.4770],2617,2025-08-04 05:11:25.780000,earthquake_local,OUL.FN_20250804051125_HH_EV
FN,OUL,HH,65.0859,25.8926,,500,manual,0.5,,2897,manual,0.5,20250817T031526Z_20250817T031626Z,,,,,,,,,,,,,,,,,[1.6343 0.4160 0.3562],5999,2025-08-17 03:15:26.880000,earthquake_local,OUL.FN_20250817031526_HH_EV
FN,OUL,HH,65.0859,25.8926,,500,manual,0.5,,2807,manual,0.5,20250823T210003Z_20250823T210103Z,,,,,,,,,,,,,,,,,[-0.1252 3.8053 0.7475],5999,2025-08-23 21:00:03.290000,earthquake_local,OUL.FN_20250823210003_HH_EV
FN,OUL,HH,65.0859,25.8926,,500,manual,0.5,,2090,manual,0.5,20250824T104243Z_20250824T104343Z,,,,,,,,,,,,,,,,,[-0.9520 -1.4346 -0.4237],4316,2025-08-24 10:42:43.490000,earthquake_local,OUL.FN_20250824104243_HH_EV
FN,OUL,HH,65.0859,25.8926,,500,manual,0.5,,2526,manual,0.5,20250826T105240Z_20250826T105340Z,,,,,,,,,,,,,,,,,[3.1561 4.0467 1.1684],5362,2025-08-26 10:52:40.490000,earthquake_local,OUL.FN_20250826105240_HH_EV
FN,OUL,HH,65.0859,25.8926,,500,manual,0.5,,2205,manual,0.5,20250905T170836Z_20250905T170936Z,,,,,,,,,,,,,,,,,[-0.2787 -2.5399 1.0134],4592,2025-09-05 17:08:36.730000,earthquake_local,OUL.FN_20250905170836_HH_EV
FN,OUL,HH,65.0859,25.8926,,500,manual,0.5,,1865,manual,0.5,20250906T180941Z_20250906T181041Z,,,,,,,,,,,,,,,,,[0.3148 -0.3297 -0.6485],3776,2025-09-06 18:09:41.030000,earthquake_local,OUL.FN_20250906180941_HH_EV
FN,OUL,HH,65.0859,25.8926,,500,manual,0.5,,2308,manual,0.5,20250920T161856Z_20250920T161956Z,,,,,,,,,,,,,,,,,[-2.3806 6.5543 0.4852],4839,2025-09-20 16:18:56.120000,earthquake_local,OUL.FN_20250920161856_HH_EV
FN,OUL,HH,65.0859,25.8926,,500,manual,0.5,,1992,manual,0.5,20250921T102618Z_20250921T102718Z,,,,,,,,,,,,,,,,,[0.6236 3.0243 1.6833],4081,2025-09-21 10:26:18.270000,earthquake_local,OUL.FN_20250921102618_HH_EV
FN,OUL,HH,65.0859,25.8926,,500,manual,0.5,,1632,manual,0.5,20250930T144910Z_20250930T145010Z,,,,,,,,,,,,,,,,,[3.3722 -3.1805 -2.1225],3217,2025-09-30 14:49:10.250000,earthquake_local,OUL.FN_20250930144910_HH_EV
FN,OUL,HH,65.0859,25.8926,,500,manual,0.5,,2202,manual,0.5,20251021T061611Z_20251021T061711Z,,,,,,,,,,,,,,,,,[-0.8403 13.4609 1.0612],4585,2025-10-21 06:16:11.850000,earthquake_local,OUL.FN_20251021061611_HH_EV
FN,OUL,HH,65.0859,25.8926,,500,manual,0.5,,2456,manual,0.5,20251030T053511Z_20251030T053611Z,,,,,,,,,,,,,,,,,[0.4831 4.6906 -2.1154],5194,2025-10-30 05:35:11.210000,earthquake_local,OUL.FN_20251030053511_HH_EV
FN,OUL,HH,65.0859,25.8926,,500,manual,0.5,,2773,manual,0.5,20251102T225729Z_20251102T225829Z,,,,,,,,,,,,,,,,,[0.9132 -2.5508 -0.9884],5955,2025-11-02 22:57:29.860000,earthquake_local,OUL.FN_20251102225729_HH_EV
FN,OUL,HH,65.0859,25.8926,,500,manual,0.5,,2421,manual,0.5,20251118T185801Z_20251118T185901Z,,,,,,,,,,,,,,,,,[-0.9502 1.9720 0.0977],5110,2025-11-18 18:58:01.860000,earthquake_local,OUL.FN_20251118185801_HH_EV
FN,OUL,HH,65.0859,25.8926,,500,manual,0.5,,3306,manual,0.5,20251123T121831Z_20251123T121931Z,,,,,,,,,,,,,,,,,[-0.9368 1.3129 0.9435],5999,2025-11-23 12:18:31.860000,earthquake_local,OUL.FN_20251123121831_HH_EV
FN,OUL,HH,65.0859,25.8926,,500,manual,0.5,,3194,manual,0.5,20251211T234457Z_20251211T234557Z,,,,,,,,,,,,,,,,,[3.2925 2.9250 -3.8743],5999,2025-12-11 23:44:57.820000,earthquake_local,OUL.FN_20251211234457_HH_EV
FN,OUL,HH,65.0859,25.8926,,500,manual,0.5,,2425,manual,0.5,20251213T060347Z_20251213T060447Z,,,,,,,,,,,,,,,,,[-5.6576 -0.8982 4.2339],5120,2025-12-13 06:03:47.900000,earthquake_local,OUL.FN_20251213060347_HH_EV
FN,OUL,HH,65.0859,25.8926,,500,manual,0.5,,1321,manual,0.5,20251228T223144Z_20251228T223244Z,,,,,,,,,,,,,,,,,[0.3026 3.9690 -1.4002],2470,2025-12-28 22:31:44.510000,earthquake_local,OUL.FN_20251228223144_HH_EV
HE,RAF,HH,61.0224,21.7646,,500,manual,0.5,,3893,manual,0.5,20250113T034129Z_20250113T034229Z,,,,,,,,,,,,,,,,,[9.7180 8.9409 7.8958],5999,2025-01-13 03:41:29.590000,earthquake_local,RAF.HE_20250113034129_HH_EV
HE,RAF,HH,61.0224,21.7646,,500,manual,0.5,,2570,manual,0.5,20250131T071944Z_20250131T072044Z,,,,,,,,,,,,,,,,,[-0.2752 -0.2898 -0.0744],5468,2025-01-31 07:19:44.080000,earthquake_local,RAF.HE_20250131071944_HH_EV
HE,RAF,HH,61.0224,21.7646,,500,manual,0.5,,1666,manual,0.5,20250320T013353Z_20250320T013453Z,,,,,,,,,,,,,,,,,[-1.6620 -0.7292 -2.6842],3298,2025-03-20 01:33:53.360000,earthquake_local,RAF.HE_20250320013353_HH_EV
HE,RAF,HH,61.0224,21.7646,,500,manual,0.5,,2458,manual,0.5,20250326T050646Z_20250326T050746Z,,,,,,,,,,,,,,,,,[-2.6633 2.6654 -0.3161],5199,2025-03-26 05:06:46.770000,earthquake_local,RAF.HE_20250326050646_HH_EV
HE,RAF,HH,61.0224,21.7646,,500,manual,0.5,,3607,manual,0.5,20250425T214800Z_20250425T214900Z,,,,,,,,,,,,,,,,,[-5.9729 7.7134 0.5935],5999,2025-04-25 21:48:00.670000,earthquake_local,RAF.HE_20250425214800_HH_EV
HE,RAF,HH,61.0224,21.7646,,500,manual,0.5,,3250,manual,0.5,20250520T011248Z_20250520T011348Z,,,,,,,,,,,,,,,,,[0.2440 -0.5825 0.2911],5999,2025-05-20 01:12:48.070000,earthquake_local,RAF.HE_20250520011248_HH_EV
HE,RAF,HH,61.0224,21.7646,,500,manual,0.5,,3005,manual,0.5,20250525T125158Z_20250525T125258Z,,,,,,,,,,,,,,,,,[3.1524 -3.3027 -4.2853],5999,2025-05-25 12:51:58.380000,earthquake_local,RAF.HE_20250525125158_HH_EV
HE,RAF,HH,61.0224,21.7646,,500,manual,0.5,,3372,manual,0.5,20250618T163557Z_20250618T163657Z,,,,,,,,,,,,,,,,,[-0.6642 0.3291 0.2944],5999,2025-06-18 16:35:57.140000,earthquake_local,RAF.HE_20250618163557_HH_EV
HE,RAF,HH,61.0224,21.7646,,500,manual,0.5,,3986,manual,0.5,20250628T154211Z_20250628T154311Z,,,,,,,,,,,,,,,,,[-0.8031 -1.4639 0.5180],5999,2025-06-28 15:42:11.710000,earthquake_local,RAF.HE_20250628154211_HH_EV
HE,RAF,HH,61.0224,21.7646,,500,manual,0.5,,3440,manual,0.5,20250629T201600Z_20250629T201700Z,,,,,,,,,,,,,,,,,[-1.4312 -1.9491 0.2770],5999,2025-06-29 20:16:00.950000,earthquake_local,RAF.HE_20250629201600_HH_EV
HE,RAF,HH,61.0224,21.7646,,500,manual,0.5,,3417,manual,0.5,20250630T005855Z_20250630T005955Z,,,,,,,,,,,,,,,,,[2.4265 0.6809 3.0375],5999,2025-06-30 00:58:55.430000,earthquake_local,RAF.HE_20250630005855_HH_EV
HE,RAF,HH,61.0224,21.7646,,500,manual,0.5,,1506,manual,0.5,20250705T220610Z_20250705T220710Z,,,,,,,,,,,,,,,,,[0.3685 1.1423 0.3343],2914,2025-07-05 22:06:10.020000,earthquake_local,RAF.HE_20250705220610_HH_EV
HE,RAF,HH,61.0224,21.7646,,500,manual,0.5,,1685,manual,0.5,20250727T015809Z_20250727T015909Z,,,,,,,,,,,,,,,,,[0.0627 3.4238 0.2710],3344,2025-07-27 01:58:09.050000,earthquake_local,RAF.HE_20250727015809_HH_EV
HE,RAF,HH,61.0224,21.7646,,500,manual,0.5,,1757,manual,0.5,20250729T213211Z_20250729T213311Z,,,,,,,,,,,,,,,,,[-0.1830 0.2629 0.2821],3517,2025-07-29 21:32:11.320000,earthquake_local,RAF.HE_20250729213211_HH_EV
HE,RAF,HH,61.0224,21.7646,,500,manual,0.5,,3163,manual,0.5,20250806T132425Z_20250806T132525Z,,,,,,,,,,,,,,,,,[0.8272 -2.3007 0.0036],5999,2025-08-06 13:24:25.270000,earthquake_local,RAF.HE_20250806132425_HH_EV
HE,RAF,HH,61.0224,21.7646,,500,manual,0.5,,819,manual,0.5,20250811T205830Z_20250811T205930Z,,,,,,,,,,,,,,,,,[7.4334 6.3500 1.4129],1266,2025-08-11 20:58:30.480000,earthquake_local,RAF.HE_20250811205830_HH_EV
HE,RAF,HH,61.0224,21.7646,,500,manual,0.5,,3848,manual,0.5,20250813T152300Z_20250813T152400Z,,,,,,,,,,,,,,,,,[1.0306 0.7409 1.7988],5999,2025-08-13 15:23:00.930000,earthquake_local,RAF.HE_20250813152300_HH_EV
HE,RAF,HH,61.0224,21.7646,,500,manual,0.5,,1732,manual,0.5,20250817T045845Z_20250817T045945Z,,,,,,,,,,,,,,,,,[-1.8729 0.4264 -1.0418],3457,2025-08-17 04:58:45.050000,earthquake_local,RAF.HE_20250817045845_HH_EV
HE,RAF,HH,61.0224,21.7646,,500,manual,0.5,,2144,manual,0.5,20250818T201328Z_20250818T201428Z,,,,,,,,,,,,,,,,,[1.4274 1.3202 -0.6251],4446,2025-08-18 20:13:28.700000,earthquake_local,RAF.HE_20250818201328_HH_EV
HE,RAF,HH,61.0224,21.7646,,500,manual,0.5,,1044,manual,0.5,20250820T130548Z_20250820T130648Z,,,,,,,,,,,,,,,,,[0.1686 1.4945 0.2400],1806,2025-08-20 13:05:48.490000,earthquake_local,RAF.HE_20250820130548_HH_EV
HE,RAF,HH,61.0224,21.7646,,500,manual,0.5,,2208,manual,0.5,20250824T012008Z_20250824T012108Z,,,,,,,,,,,,,,,,,[1.1311 -0.1695 -0.0782],4599,2025-08-24 01:20:08.290000,earthquake_local,RAF.HE_20250824012008_HH_EV
HE,RAF,HH,61.0224,21.7646,,500,manual,0.5,,1735,manual,0.5,20250829T191714Z_20250829T191814Z,,,,,,,,,,,,,,,,,[-1.8519 0.4354 0.2270],3464,2025-08-29 19:17:14.220000,earthquake_local,RAF.HE_20250829191714_HH_EV
HE,RAF,HH,61.0224,21.7646,,500,manual,0.5,,2854,manual,0.5,20250903T113421Z_20250903T113521Z,,,,,,,,,,,,,,,,,[2.3143 -0.7478 -0.5534],5999,2025-09-03 11:34:21.840000,earthquake_local,RAF.HE_20250903113421_HH_EV
HE,RAF,HH,61.0224,21.7646,,500,manual,0.5,,3838,manual,0.5,20250909T163131Z_20250909T163231Z,,,,,,,,,,,,,,,,,[-0.1729 0.9115 0.5217],5999,2025-09-09 16:31:31.530000,earthquake_local,RAF.HE_20250909163131_HH_EV
HE,RAF,HH,61.0224,21.7646,,500,manual,0.5,,3358,manual,0.5,20250914T060232Z_20250914T060332Z,,,,,,,,,,,,,,,,,[1.1799 2.1162 -0.4315],5999,2025-09-14 06:02:32.740000,earthquake_local,RAF.HE_20250914060232_HH_EV
HE,RAF,HH,61.0224,21.7646,,500,manual,0.5,,2479,manual,0.5,20250915T172408Z_20250915T172508Z,,,,,,,,,,,,,,,,,[-2.1475 5.7460 -1.7946],5250,2025-09-15 17:24:08.420000,earthquake_local,RAF.HE_20250915172408_HH_EV
HE,RAF,HH,61.0224,21.7646,,500,manual,0.5,,3220,manual,0.5,20250916T203519Z_20250916T203619Z,,,,,,,,,,,,,,,,,[-4.3452 0.6554 -2.0822],5999,2025-09-16 20:35:19.870000,earthquake_local,RAF.HE_20250916203519_HH_EV
HE,RAF,HH,61.0224,21.7646,,500,manual,0.5,,2576,manual,0.5,20250919T032136Z_20250919T032236Z,,,,,,,,,,,,,,,,,[0.3015 0.1648 -0.2407],5482,2025-09-19 03:21:36.560000,earthquake_local,RAF.HE_20250919032136_HH_EV
HE,RAF,HH,61.0224,21.7646,,500,manual,0.5,,3728,manual,0.5,20250921T114603Z_20250921T114703Z,,,,,,,,,,,,,,,,,[-2.9988 -2.2237 -1.1679],5999,2025-09-21 11:46:03.350000,earthquake_local,RAF.HE_20250921114603_HH_EV
HE,RAF,HH,61.0224,21.7646,,500,manual,0.5,,3319,manual,0.5,20251003T171614Z_20251003T171714Z,,,,,,,,,,,,,,,,,[11.8732 -6.8596 3.5120],5999,2025-10-03 17:16:14.410000,earthquake_local,RAF.HE_20251003171614_HH_EV
HE,RAF,HH,61.0224,21.7646,,500,manual,0.5,,3122,manual,0.5,20251011T133154Z_20251011T133254Z,,,,,,,,,,,,,,,,,[-2.6969 -3.8353 -4.9378],5999,2025-10-11 13:31:54.980000,earthquake_local,RAF.HE_20251011133154_HH_EV
HE,RAF,HH,61.0224,21.7646,,500,manual,0.5,,821,manual,0.5,20251012T173803Z_20251012T173903Z,,,,,,,,,,,,,,,,,[1.0983 7.4917 3.6668],1270,2025-10-12 17:38:03.400000,earthquake_local,RAF.HE_20251012173803_HH_EV
HE,RAF,HH,61.0224,21.7646,,500,manual,0.5,,1690,manual,0.5,20251030T093212Z_20251030T093312Z,,,,,,,,,,,,,,,,,[-0.2091 -0.0296 1.0618],3356,2025-10-30 09:32:12.980000,earthquake_local,RAF.HE_20251030093212_HH_EV
HE,RAF,HH,61.0224,21.7646,,500,manual,0.5,,1802,manual,0.5,20251203T192752Z_20251203T192852Z,,,,,,,,,,,,,,,,,[-0.1314 -4.6657 -3.9119],3625,2025-12-03 19:27:52.890000,earthquake_local,RAF.HE_20251203192752_HH_EV
HE,RAF,HH,61.0224,21.7646,,500,manual,0.5,,2450,manual,0.5,20251222T221651Z_20251222T221751Z,,,,,,,,,,,,,,,,,[1.5849 2.5394 0.4890],5180,2025-12-22 22:16:51.330000,earthquake_local,RAF.HE_20251222221651_HH_EV
HE,RAF,HH,61.0224,21.7646,,500,manual,0.5,,2783,manual,0.5,20251223T085643Z_20251223T085743Z,,,,,,,,,,,,,,,,,[1.7357 -1.8534 -0.0540],5979,2025-12-23 08:56:43.380000,earthquake_local,RAF.HE_20251223085643_HH_EV
FN,RAJF,HH,68.47512,28.31099,,500,manual,0.5,,970,manual,0.5,20250117T181134Z_20250117T181234Z,,,,,,,,,,,,,,,,,[-0.2154 4.1600 2.2944],1628,2025-01-17 18:11:34.950000,earthquake_local,RAJF.FN_20250117181134_HH_EV
FN,RAJF,HH,68.47512,28.31099,,502,manual,0.5,,3005,manual,0.5,20250124T182600Z_20250124T182700Z,,,,,,,,,,,,,,,,,[0.5719 -3.4387 -0.4013],5999,2025-01-24 18:26:00.100000,earthquake_local,RAJF.FN_20250124182600_HH_EV
FN,RAJF,HH,68.47512,28.31099,,502,manual,0.5,,2830,manual,0.5,20250127T221912Z_20250127T222012Z,,,,,,,,,,,,,,,,,[1.8760 1.7551 0.6939],5999,2025-01-27 22:19:12.650000,earthquake_local,RAJF.FN_20250127221912_HH_EV
FN,RAJF,HH,68.47512,28.31099,,499,manual,0.5,,1653,manual,0.5,20250131T023155Z_20250131T023255Z,,,,,,,,,,,,,,,,,[-0.0339 4.9340 0.6610],3269,2025-01-31 02:31:55.300000,earthquake_local,RAJF.FN_20250131023155_HH_EV
FN,RAJF,HH,68.47512,28.31099,,499,manual,0.5,,3074,manual,0.5,20250202T003328Z_20250202T003428Z,,,,,,,,,,,,,,,,,[0.4960 -2.6114 -1.6623],5999,2025-02-02 00:33:28.400000,earthquake_local,RAJF.FN_20250202003328_HH_EV
FN,RAJF,HH,68.47512,28.31099,,502,manual,0.5,,2703,manual,0.5,20250227T183859Z_20250227T183959Z,,,,,,,,,,,,,,,,,[-0.4596 -2.3650 -0.4024],5784,2025-02-27 18:38:59.550000,earthquake_local,RAJF.FN_20250227183859_HH_EV
FN,RAJF,HH,68.47512,28.31099,,502,manual,0.5,,1849,manual,0.5,20250305T073101Z_20250305T073201Z,,,,,,,,,,,,,,,,,[-0.1271 2.1343 0.3435],3735,2025-03-05 07:31:01.200000,earthquake_local,RAJF.FN_20250305073101_HH_EV
FN,RAJF,HH,68.47512,28.31099,,501,manual,0.5,,1512,manual,0.5,20250313T161836Z_20250313T161936Z,,,,,,,,,,,,,,,,,[0.0979 -1.2349 0.4906],2927,2025-03-13 16:18:36.100000,earthquake_local,RAJF.FN_20250313161836_HH_EV
FN,RAJF,HH,68.47512,28.31099,,501,manual,0.5,,2906,manual,0.5,20250317T083818Z_20250317T083918Z,,,,,,,,,,,,,,,,,[-1.6769 -1.1040 -0.4813],5999,2025-03-17 08:38:18.850000,earthquake_local,RAJF.FN_20250317083818_HH_EV
FN,RAJF,HH,68.47512,28.31099,,500,manual,0.5,,3213,manual,0.5,20250406T172624Z_20250406T172724Z,,,,,,,,,,,,,,,,,[0.0594 4.4957 0.1613],5999,2025-04-06 17:26:24.200000,earthquake_local,RAJF.FN_20250406172624_HH_EV
FN,RAJF,HH,68.47512,28.31099,,502,manual,0.5,,2661,manual,0.5,20250524T115332Z_20250524T115432Z,,,,,,,,,,,,,,,,,[0.0477 1.2888 0.1455],5684,2025-05-24 11:53:32.000000,earthquake_local,RAJF.FN_20250524115332_HH_EV
FN,RAJF,HH,68.47512,28.31099,,498,manual,0.5,,4448,manual,0.5,20250630T062943Z_20250630T063043Z,,,,,,,,,,,,,,,,,[0.1814 -1.6132 -0.1909],5999,2025-06-30 06:29:43.200000,earthquake_local,RAJF.FN_20250630062943_HH_EV
FN,RAJF,HH,68.47512,28.31099,,501,manual,0.5,,2724,manual,0.5,20250703T144203Z_20250703T144303Z,,,,,,,,,,,,,,,,,[0.4852 -2.9100 -2.8191],5836,2025-07-03 14:42:03.300000,earthquake_local,RAJF.FN_20250703144203_HH_EV
FN,RAJF,HH,68.47512,28.31099,,498,manual,0.5,,2996,manual,0.5,20250708T015423Z_20250708T015523Z,,,,,,,,,,,,,,,,,[-0.0033 1.2248 0.0145],5999,2025-07-08 01:54:23.500000,earthquake_local,RAJF.FN_20250708015423_HH_EV
FN,RAJF,HH,68.47512,28.31099,,501,manual,0.5,,5119,manual,0.5,20250715T051703Z_20250715T051803Z,,,,,,,,,,,,,,,,,[-0.0609 1.3169 0.8567],5999,2025-07-15 05:17:03.150000,earthquake_local,RAJF.FN_20250715051703_HH_EV
FN,RAJF,HH,68.47512,28.31099,,499,manual,0.5,,4248,manual,0.5,20250822T033812Z_20250822T033912Z,,,,,,,,,,,,,,,,,[7.0553 -0.1962 -2.1369],5999,2025-08-22 03:38:12.400000,earthquake_local,RAJF.FN_20250822033812_HH_EV
FN,RAJF,HH,68.47512,28.31099,,501,manual,0.5,,3807,manual,0.5,20250823T210013Z_20250823T210113Z,,,,,,,,,,,,,,,,,[-0.1672 0.3436 -0.5776],5999,2025-08-23 21:00:13.800000,earthquake_local,RAJF.FN_20250823210013_HH_EV
FN,RAJF,HH,68.47512,28.31099,,500,manual,0.5,,2748,manual,0.5,20250904T120845Z_20250904T120945Z,,,,,,,,,,,,,,,,,[-0.0434 1.2417 0.5631],5895,2025-09-04 12:08:45.850000,earthquake_local,RAJF.FN_20250904120845_HH_EV
FN,RAJF,HH,68.47512,28.31099,,500,manual,0.5,,1910,manual,0.5,20251012T004847Z_20251012T004947Z,,,,,,,,,,,,,,,,,[-1.0796 0.6594 -0.4375],3884,2025-10-12 00:48:47.600000,earthquake_local,RAJF.FN_20251012004847_HH_EV
FN,RAJF,HH,68.47512,28.31099,,500,manual,0.5,,1846,manual,0.5,20251024T175300Z_20251024T175400Z,,,,,,,,,,,,,,,,,[0.1671 2.7852 0.4203],3730,2025-10-24 17:53:00.500000,earthquake_local,RAJF.FN_20251024175300_HH_EV
FN,RAJF,HH,68.47512,28.31099,,502,manual,0.5,,2743,manual,0.5,20251027T093114Z_20251027T093214Z,,,,,,,,,,,,,,,,,[0.1743 1.9291 1.7126],5880,2025-10-27 09:31:14.650000,earthquake_local,RAJF.FN_20251027093114_HH_EV
FN,RAJF,HH,68.47512,28.31099,,501,manual,0.5,,2601,manual,0.5,20251125T064806Z_20251125T064906Z,,,,,,,,,,,,,,,,,[-0.1543 -0.9206 -0.1351],5541,2025-11-25 06:48:06.000000,earthquake_local,RAJF.FN_20251125064806_HH_EV
FN,RAJF,HH,68.47512,28.31099,,501,manual,0.5,,1592,manual,0.5,20251204T210347Z_20251204T210447Z,,,,,,,,,,,,,,,,,[-0.4489 1.5253 -0.5038],3119,2025-12-04 21:03:47.950000,earthquake_local,RAJF.FN_20251204210347_HH_EV
FN,RAJF,HH,68.47512,28.31099,,498,manual,0.5,,1534,manual,0.5,20251209T140757Z_20251209T140857Z,,,,,,,,,,,,,,,,,[0.3711 -1.3349 0.7846],2984,2025-12-09 14:07:57.050000,earthquake_local,RAJF.FN_20251209140757_HH_EV
FN,RAJF,HH,68.47512,28.31099,,501,manual,0.5,,3386,manual,0.5,20251215T175514Z_20251215T175614Z,,,,,,,,,,,,,,,,,[3.3675 11.7191 4.7196],5999,2025-12-15 17:55:14.250000,earthquake_local,RAJF.FN_20251215175514_HH_EV
FN,RAJF,HH,68.47512,28.31099,,500,manual,0.5,,2951,manual,0.5,20251218T005701Z_20251218T005801Z,,,,,,,,,,,,,,,,,[-0.4090 4.8826 6.4530],5999,2025-12-18 00:57:01.450000,earthquake_local,RAJF.FN_20251218005701_HH_EV
FN,RANF,HH,66.0147,26.7886,,498,manual,0.5,,2488,manual,0.5,20250102T044230Z_20250102T044330Z,,,,,,,,,,,,,,,,,[3.5038 9.2364 -3.6446],5274,2025-01-02 04:42:30.900000,earthquake_local,RANF.FN_20250102044230_HH_EV
FN,RANF,HH,66.0147,26.7886,,498,manual,0.5,,2917,manual,0.5,20250110T124407Z_20250110T124507Z,,,,,,,,,,,,,,,,,[-0.1616 -0.0666 -1.3584],5999,2025-01-10 12:44:07.300000,earthquake_local,RANF.FN_20250110124407_HH_EV
FN,RANF,HH,66.0147,26.7886,,502,manual,0.5,,2355,manual,0.5,20250112T094244Z_20250112T094344Z,,,,,,,,,,,,,,,,,[-7.4640 3.1957 -5.3766],4949,2025-01-12 09:42:44.000000,earthquake_local,RANF.FN_20250112094244_HH_EV
FN,RANF,HH,66.0147,26.7886,,501,manual,0.5,,2609,manual,0.5,20250112T172656Z_20250112T172756Z,,,,,,,,,,,,,,,,,[0.7328 -0.7686 1.6228],5560,2025-01-12 17:26:56.100000,earthquake_local,RANF.FN_20250112172656_HH_EV
FN,RANF,HH,66.0147,26.7886,,501,manual,0.5,,1628,manual,0.5,20250114T150838Z_20250114T150938Z,,,,,,,,,,,,,,,,,[-0.3631 5.5899 -1.7659],3206,2025-01-14 15:08:38.450000,earthquake_local,RANF.FN_20250114150838_HH_EV
FN,RANF,HH,66.0147,26.7886,,499,manual,0.5,,2607,manual,0.5,20250115T105448Z_20250115T105548Z,,,,,,,,,,,,,,,,,[0.0282 -5.7485 -4.4582],5558,2025-01-15 10:54:48.450000,earthquake_local,RANF.FN_20250115105448_HH_EV
FN,RANF,HH,66.0147,26.7886,,502,manual,0.5,,2773,manual,0.5,20250119T020655Z_20250119T020755Z,,,,,,,,,,,,,,,,,[5.4827 -3.6234 -1.3976],5952,2025-01-19 02:06:55.200000,earthquake_local,RANF.FN_20250119020655_HH_EV
FN,RANF,HH,66.0147,26.7886,,499,manual,0.5,,1853,manual,0.5,20250120T005043Z_20250120T005143Z,,,,,,,,,,,,,,,,,[5.0169 -1.2304 0.7708],3749,2025-01-20 00:50:43.200000,earthquake_local,RANF.FN_20250120005043_HH_EV
FN,RANF,HH,66.0147,26.7886,,500,manual,0.5,,2520,manual,0.5,20250123T181839Z_20250123T181939Z,,,,,,,,,,,,,,,,,[1.9433 -0.4825 0.2065],5348,2025-01-23 18:18:39.500000,earthquake_local,RANF.FN_20250123181839_HH_EV
FN,RANF,HH,66.0147,26.7886,,500,manual,0.5,,2666,manual,0.5,20250124T182559Z_20250124T182659Z,,,,,,,,,,,,,,,,,[5.9430 0.7735 -3.6818],5698,2025-01-24 18:25:59.200000,earthquake_local,RANF.FN_20250124182559_HH_EV
FN,RANF,HH,66.0147,26.7886,,499,manual,0.5,,3607,manual,0.5,20250125T042841Z_20250125T042941Z,,,,,,,,,,,,,,,,,[2.7833 -0.0268 5.9251],5999,2025-01-25 04:28:41.850000,earthquake_local,RANF.FN_20250125042841_HH_EV
FN,RANF,HH,66.0147,26.7886,,498,manual,0.5,,2979,manual,0.5,20250127T191818Z_20250127T191918Z,,,,,,,,,,,,,,,,,[-2.3048 0.3383 -2.9392],5999,2025-01-27 19:18:18.300000,earthquake_local,RANF.FN_20250127191818_HH_EV
FN,RANF,HH,66.0147,26.7886,,499,manual,0.5,,2504,manual,0.5,20250131T023207Z_20250131T023307Z,,,,,,,,,,,,,,,,,[-0.1204 2.3341 -0.0099],5311,2025-01-31 02:32:07.450000,earthquake_local,RANF.FN_20250131023207_HH_EV
FN,RANF,HH,66.0147,26.7886,,499,manual,0.5,,2297,manual,0.5,20250201T193630Z_20250201T193730Z,,,,,,,,,,,,,,,,,[3.4781 -0.7078 0.1603],4814,2025-02-01 19:36:30.700000,earthquake_local,RANF.FN_20250201193630_HH_EV
FN,RANF,HH,66.0147,26.7886,,502,manual,0.5,,1688,manual,0.5,20250220T113102Z_20250220T113202Z,,,,,,,,,,,,,,,,,[5.5204 4.0895 -2.4198],3348,2025-02-20 11:31:02.300000,earthquake_local,RANF.FN_20250220113102_HH_EV
FN,RANF,HH,66.0147,26.7886,,498,manual,0.5,,1347,manual,0.5,20250220T231957Z_20250220T232057Z,,,,,,,,,,,,,,,,,[2.0689 2.3516 3.1773],2536,2025-02-20 23:19:57.500000,earthquake_local,RANF.FN_20250220231957_HH_EV
FN,RANF,HH,66.0147,26.7886,,498,manual,0.5,,1768,manual,0.5,20250228T014649Z_20250228T014749Z,,,,,,,,,,,,,,,,,[-0.3383 0.0715 4.3208],3546,2025-02-28 01:46:50.000000,earthquake_local,RANF.FN_20250228014649_HH_EV
FN,RANF,HH,66.0147,26.7886,,502,manual,0.5,,2501,manual,0.5,20250305T073110Z_20250305T073210Z,,,,,,,,,,,,,,,,,[1.4187 -1.8469 0.4556],5300,2025-03-05 07:31:10.250000,earthquake_local,RANF.FN_20250305073110_HH_EV
FN,RANF,HH,66.0147,26.7886,,499,manual,0.5,,1317,manual,0.5,20250305T093518Z_20250305T093618Z,,,,,,,,,,,,,,,,,[-0.7567 -7.1122 6.0964],2462,2025-03-05 09:35:18.950000,earthquake_local,RANF.FN_20250305093518_HH_EV
FN,RANF,HH,66.0147,26.7886,,501,manual,0.5,,1666,manual,0.5,20250310T020914Z_20250310T021014Z,,,,,,,,,,,,,,,,,[0.2661 0.1842 1.1095],3297,2025-03-10 02:09:14.350000,earthquake_local,RANF.FN_20250310020914_HH_EV
FN,RANF,HH,66.0147,26.7886,,498,manual,0.5,,2624,manual,0.5,20250323T132903Z_20250323T133003Z,,,,,,,,,,,,,,,,,[-2.7568 0.7884 -0.5324],5600,2025-03-23 13:29:03.950000,earthquake_local,RANF.FN_20250323132903_HH_EV
FN,RANF,HH,66.0147,26.7886,,498,manual,0.5,,2049,manual,0.5,20250402T133339Z_20250402T133439Z,,,,,,,,,,,,,,,,,[2.7193 -1.2954 -5.3268],4220,2025-04-02 13:33:39.750000,earthquake_local,RANF.FN_20250402133339_HH_EV
FN,RANF,HH,66.0147,26.7886,,499,manual,0.5,,1809,manual,0.5,20250408T153611Z_20250408T153711Z,,,,,,,,,,,,,,,,,[-2.9026 1.4519 6.0032],3643,2025-04-08 15:36:11.150000,earthquake_local,RANF.FN_20250408153611_HH_EV
FN,RANF,HH,66.0147,26.7886,,498,manual,0.5,,3117,manual,0.5,20250409T175925Z_20250409T180025Z,,,,,,,,,,,,,,,,,[2.8764 5.8526 1.7042],5999,2025-04-09 17:59:25.400000,earthquake_local,RANF.FN_20250409175925_HH_EV
FN,RANF,HH,66.0147,26.7886,,502,manual,0.5,,3020,manual,0.5,20250412T203605Z_20250412T203705Z,,,,,,,,,,,,,,,,,[-0.0053 2.9884 1.4350],5999,2025-04-12 20:36:05.150000,earthquake_local,RANF.FN_20250412203605_HH_EV
FN,RANF,HH,66.0147,26.7886,,500,manual,0.5,,1724,manual,0.5,20250427T012209Z_20250427T012309Z,,,,,,,,,,,,,,,,,[-0.7303 -0.1963 -0.6965],3438,2025-04-27 01:22:09.750000,earthquake_local,RANF.FN_20250427012209_HH_EV
FN,RANF,HH,66.0147,26.7886,,498,manual,0.5,,2340,manual,0.5,20250510T203715Z_20250510T203815Z,,,,,,,,,,,,,,,,,[0.1260 2.0034 0.4969],4919,2025-05-10 20:37:15.650000,earthquake_local,RANF.FN_20250510203715_HH_EV
FN,RANF,HH,66.0147,26.7886,,500,manual,0.5,,2332,manual,0.5,20250511T013850Z_20250511T013950Z,,,,,,,,,,,,,,,,,[-0.0794 1.1444 1.8609],4897,2025-05-11 01:38:50.950000,earthquake_local,RANF.FN_20250511013850_HH_EV
FN,RANF,HH,66.0147,26.7886,,502,manual,0.5,,3326,manual,0.5,20250512T031156Z_20250512T031256Z,,,,,,,,,,,,,,,,,[-0.2285 -0.6768 0.6098],5999,2025-05-12 03:11:56.600000,earthquake_local,RANF.FN_20250512031156_HH_EV
FN,RANF,HH,66.0147,26.7886,,502,manual,0.5,,2579,manual,0.5,20250515T132039Z_20250515T132139Z,,,,,,,,,,,,,,,,,[1.1887 -2.5960 -2.6928],5487,2025-05-15 13:20:39.150000,earthquake_local,RANF.FN_20250515132039_HH_EV
FN,RANF,HH,66.0147,26.7886,,498,manual,0.5,,1599,manual,0.5,20250602T171115Z_20250602T171215Z,,,,,,,,,,,,,,,,,[0.8898 0.6289 2.1884],3140,2025-06-02 17:11:15.750000,earthquake_local,RANF.FN_20250602171115_HH_EV
FN,RANF,HH,66.0147,26.7886,,502,manual,0.5,,1966,manual,0.5,20250605T030251Z_20250605T030351Z,,,,,,,,,,,,,,,,,[-0.7061 0.2221 3.4218],4016,2025-06-05 03:02:51.250000,earthquake_local,RANF.FN_20250605030251_HH_EV
FN,RANF,HH,66.0147,26.7886,,500,manual,0.5,,2901,manual,0.5,20250608T042713Z_20250608T042813Z,,,,,,,,,,,,,,,,,[-0.4241 -0.4697 -0.4352],5999,2025-06-08 04:27:13.150000,earthquake_local,RANF.FN_20250608042713_HH_EV
FN,RANF,HH,66.0147,26.7886,,502,manual,0.5,,2618,manual,0.5,20250609T023922Z_20250609T024022Z,,,,,,,,,,,,,,,,,[-1.1975 0.1251 9.1013],5580,2025-06-09 02:39:22.700000,earthquake_local,RANF.FN_20250609023922_HH_EV
FN,RANF,HH,66.0147,26.7886,,501,manual,0.5,,3453,manual,0.5,20250610T031653Z_20250610T031753Z,,,,,,,,,,,,,,,,,[-0.1631 -0.2636 -4.9358],5999,2025-06-10 03:16:53.550000,earthquake_local,RANF.FN_20250610031653_HH_EV
FN,RANF,HH,66.0147,26.7886,,502,manual,0.5,,3949,manual,0.5,20250629T233323Z_20250629T233423Z,,,,,,,,,,,,,,,,,[1.8507 -1.7656 -2.1797],5999,2025-06-29 23:33:23.000000,earthquake_local,RANF.FN_20250629233323_HH_EV
FN,RANF,HH,66.0147,26.7886,,502,manual,0.5,,4367,manual,0.5,20250630T062941Z_20250630T063041Z,,,,,,,,,,,,,,,,,[-0.6224 -0.6092 1.5535],5999,2025-06-30 06:29:41.200000,earthquake_local,RANF.FN_20250630062941_HH_EV
FN,RANF,HH,66.0147,26.7886,,500,manual,0.5,,2082,manual,0.5,20250702T054722Z_20250702T054822Z,,,,,,,,,,,,,,,,,[1.8753 0.1143 -2.1065],4297,2025-07-02 05:47:22.950000,earthquake_local,RANF.FN_20250702054722_HH_EV
FN,RANF,HH,66.0147,26.7886,,499,manual,0.5,,1930,manual,0.5,20250713T192005Z_20250713T192105Z,,,,,,,,,,,,,,,,,[-0.2939 0.1850 2.8922],3933,2025-07-13 19:20:05.250000,earthquake_local,RANF.FN_20250713192005_HH_EV
FN,RANF,HH,66.0147,26.7886,,502,manual,0.5,,3526,manual,0.5,20250715T204113Z_20250715T204213Z,,,,,,,,,,,,,,,,,[-0.2217 -0.4803 -2.9275],5999,2025-07-15 20:41:13.950000,earthquake_local,RANF.FN_20250715204113_HH_EV
FN,RANF,HH,66.0147,26.7886,,500,manual,0.5,,1783,manual,0.5,20250725T140319Z_20250725T140419Z,,,,,,,,,,,,,,,,,[-0.5940 -0.6456 -4.4541],3579,2025-07-25 14:03:19.050000,earthquake_local,RANF.FN_20250725140319_HH_EV
FN,RANF,HH,66.0147,26.7886,,502,manual,0.5,,917,manual,0.5,20250804T051119Z_20250804T051219Z,,,,,,,,,,,,,,,,,[-5.5713 2.0783 2.9669],1498,2025-08-04 05:11:19.100000,earthquake_local,RANF.FN_20250804051119_HH_EV
FN,RANF,HH,66.0147,26.7886,,502,manual,0.5,,3472,manual,0.5,20250817T031533Z_20250817T031633Z,,,,,,,,,,,,,,,,,[-0.9906 2.3518 0.6967],5999,2025-08-17 03:15:33.550000,earthquake_local,RANF.FN_20250817031533_HH_EV
FN,RANF,HH,66.0147,26.7886,,498,manual,0.5,,1845,manual,0.5,20250818T080617Z_20250818T080717Z,,,,,,,,,,,,,,,,,[0.3037 -1.6711 0.5033],3731,2025-08-18 08:06:17.050000,earthquake_local,RANF.FN_20250818080617_HH_EV
FN,RANF,HH,66.0147,26.7886,,498,manual,0.5,,5285,manual,0.5,20250822T033816Z_20250822T033916Z,,,,,,,,,,,,,,,,,[-4.1142 14.8819 5.6869],5999,2025-08-22 03:38:16.050000,earthquake_local,RANF.FN_20250822033816_HH_EV
FN,RANF,HH,66.0147,26.7886,,499,manual,0.5,,2331,manual,0.5,20250823T205956Z_20250823T210056Z,,,,,,,,,,,,,,,,,[0.2911 1.3081 -1.1509],4896,2025-08-23 20:59:56.450000,earthquake_local,RANF.FN_20250823205956_HH_EV
FN,RANF,HH,66.0147,26.7886,,499,manual,0.5,,1560,manual,0.5,20250824T104235Z_20250824T104335Z,,,,,,,,,,,,,,,,,[-0.3003 0.4120 -1.4343],3045,2025-08-24 10:42:35.650000,earthquake_local,RANF.FN_20250824104235_HH_EV
FN,RANF,HH,66.0147,26.7886,,500,manual,0.5,,2930,manual,0.5,20250826T105245Z_20250826T105345Z,,,,,,,,,,,,,,,,,[2.0469 -0.3390 -1.0511],5999,2025-08-26 10:52:45.450000,earthquake_local,RANF.FN_20250826105245_HH_EV
FN,RANF,HH,66.0147,26.7886,,499,manual,0.5,,3476,manual,0.5,20250903T171338Z_20250903T171438Z,,,,,,,,,,,,,,,,,[-0.2851 -0.6218 1.4527],5999,2025-09-03 17:13:38.700000,earthquake_local,RANF.FN_20250903171338_HH_EV
FN,RANF,HH,66.0147,26.7886,,498,manual,0.5,,2817,manual,0.5,20250904T120847Z_20250904T120947Z,,,,,,,,,,,,,,,,,[3.7823 4.0278 4.3476],5999,2025-09-04 12:08:47.300000,earthquake_local,RANF.FN_20250904120847_HH_EV
FN,RANF,HH,66.0147,26.7886,,501,manual,0.5,,2110,manual,0.5,20250905T170835Z_20250905T170935Z,,,,,,,,,,,,,,,,,[0.1423 -0.5006 0.0121],4363,2025-09-05 17:08:35.750000,earthquake_local,RANF.FN_20250905170835_HH_EV
FN,RANF,HH,66.0147,26.7886,,499,manual,0.5,,2070,manual,0.5,20250906T180943Z_20250906T181043Z,,,,,,,,,,,,,,,,,[0.3263 0.0070 -0.2397],4269,2025-09-06 18:09:43.350000,earthquake_local,RANF.FN_20250906180943_HH_EV
FN,RANF,HH,66.0147,26.7886,,501,manual,0.5,,2500,manual,0.5,20250911T131751Z_20250911T131851Z,,,,,,,,,,,,,,,,,[0.6876 -0.2627 0.2371],5299,2025-09-11 13:17:51.000000,earthquake_local,RANF.FN_20250911131751_HH_EV
FN,RANF,HH,66.0147,26.7886,,501,manual,0.5,,2512,manual,0.5,20250915T101748Z_20250915T101848Z,,,,,,,,,,,,,,,,,[3.0790 0.1577 0.0194],5327,2025-09-15 10:17:48.450000,earthquake_local,RANF.FN_20250915101748_HH_EV
FN,RANF,HH,66.0147,26.7886,,498,manual,0.5,,1944,manual,0.5,20250920T161850Z_20250920T161950Z,,,,,,,,,,,,,,,,,[2.3185 0.7290 0.9322],3968,2025-09-20 16:18:50.950000,earthquake_local,RANF.FN_20250920161850_HH_EV
FN,RANF,HH,66.0147,26.7886,,502,manual,0.5,,2021,manual,0.5,20250921T102618Z_20250921T102718Z,,,,,,,,,,,,,,,,,[-0.6519 0.9623 2.3475],4148,2025-09-21 10:26:18.550000,earthquake_local,RANF.FN_20250921102618_HH_EV
FN,RANF,HH,66.0147,26.7886,,499,manual,0.5,,2267,manual,0.5,20250930T144918Z_20250930T145018Z,,,,,,,,,,,,,,,,,[-0.9209 -2.1817 0.8472],4742,2025-09-30 14:49:18.800000,earthquake_local,RANF.FN_20250930144918_HH_EV
FN,RANF,HH,66.0147,26.7886,,501,manual,0.5,,3069,manual,0.5,20251012T004903Z_20251012T005003Z,,,,,,,,,,,,,,,,,[2.5741 1.0979 2.8495],5999,2025-10-12 00:49:03.150000,earthquake_local,RANF.FN_20251012004903_HH_EV
FN,RANF,HH,66.0147,26.7886,,502,manual,0.5,,2702,manual,0.5,20251020T001917Z_20251020T002017Z,,,,,,,,,,,,,,,,,[3.2962 0.7388 5.0539],5782,2025-10-20 00:19:17.100000,earthquake_local,RANF.FN_20251020001917_HH_EV
FN,RANF,HH,66.0147,26.7886,,498,manual,0.5,,2401,manual,0.5,20251021T034314Z_20251021T034414Z,,,,,,,,,,,,,,,,,[2.8174 -1.7764 3.7161],5065,2025-10-21 03:43:14.700000,earthquake_local,RANF.FN_20251021034314_HH_EV
FN,RANF,HH,66.0147,26.7886,,500,manual,0.5,,2362,manual,0.5,20251021T061614Z_20251021T061714Z,,,,,,,,,,,,,,,,,[5.4675 0.8235 0.1061],4969,2025-10-21 06:16:14.100000,earthquake_local,RANF.FN_20251021061614_HH_EV
FN,RANF,HH,66.0147,26.7886,,501,manual,0.5,,1813,manual,0.5,20251030T053502Z_20251030T053602Z,,,,,,,,,,,,,,,,,[0.0380 1.1772 2.0496],3650,2025-10-30 05:35:02.500000,earthquake_local,RANF.FN_20251030053502_HH_EV
FN,RANF,HH,66.0147,26.7886,,499,manual,0.5,,2104,manual,0.5,20251102T225720Z_20251102T225820Z,,,,,,,,,,,,,,,,,[1.9362 2.4786 2.7705],4351,2025-11-02 22:57:20.950000,earthquake_local,RANF.FN_20251102225720_HH_EV
FN,RANF,HH,66.0147,26.7886,,499,manual,0.5,,1427,manual,0.5,20251117T222919Z_20251117T223019Z,,,,,,,,,,,,,,,,,[6.5882 0.0172 4.3361],2726,2025-11-17 22:29:19.850000,earthquake_local,RANF.FN_20251117222919_HH_EV
FN,RANF,HH,66.0147,26.7886,,501,manual,0.5,,3115,manual,0.5,20251118T185810Z_20251118T185910Z,,,,,,,,,,,,,,,,,[-1.0773 4.0506 -0.0211],5999,2025-11-18 18:58:10.000000,earthquake_local,RANF.FN_20251118185810_HH_EV
FN,RANF,HH,66.0147,26.7886,,498,manual,0.5,,3132,manual,0.5,20251121T064758Z_20251121T064858Z,,,,,,,,,,,,,,,,,[-0.3947 1.0357 0.4645],5999,2025-11-21 06:47:58.650000,earthquake_local,RANF.FN_20251121064758_HH_EV
FN,RANF,HH,66.0147,26.7886,,500,manual,0.5,,2899,manual,0.5,20251211T234453Z_20251211T234553Z,,,,,,,,,,,,,,,,,[2.3192 -1.9733 -1.7631],5999,2025-12-11 23:44:53.900000,earthquake_local,RANF.FN_20251211234453_HH_EV
FN,RANF,HH,66.0147,26.7886,,499,manual,0.5,,3155,manual,0.5,20251213T060355Z_20251213T060455Z,,,,,,,,,,,,,,,,,[3.0711 1.9053 2.8743],5999,2025-12-13 06:03:55.950000,earthquake_local,RANF.FN_20251213060355_HH_EV
FN,RANF,HH,66.0147,26.7886,,500,manual,0.5,,3670,manual,0.5,20251215T175517Z_20251215T175617Z,,,,,,,,,,,,,,,,,[-0.2095 6.7930 1.8316],5999,2025-12-15 17:55:17.760000,earthquake_local,RANF.FN_20251215175517_HH_EV
FN,RANF,HH,66.0147,26.7886,,499,manual,0.5,,3221,manual,0.5,20251218T005705Z_20251218T005805Z,,,,,,,,,,,,,,,,,[0.4949 -4.7570 -5.8726],5999,2025-12-18 00:57:05.350000,earthquake_local,RANF.FN_20251218005705_HH_EV
FN,RANF,HH,66.0147,26.7886,,502,manual,0.5,,2250,manual,0.5,20251219T083731Z_20251219T083831Z,,,,,,,,,,,,,,,,,[-0.2782 4.5080 5.6439],4697,2025-12-19 08:37:31.000000,earthquake_local,RANF.FN_20251219083731_HH_EV
FN,RANF,HH,66.0147,26.7886,,502,manual,0.5,,2801,manual,0.5,20251219T213322Z_20251219T213422Z,,,,,,,,,,,,,,,,,[-2.4906 5.5607 4.5213],5999,2025-12-19 21:33:22.800000,earthquake_local,RANF.FN_20251219213322_HH_EV
FN,RANF,HH,66.0147,26.7886,,498,manual,0.5,,1752,manual,0.5,20251227T013842Z_20251227T013942Z,,,,,,,,,,,,,,,,,[-1.5550 0.4659 3.7000],3508,2025-12-27 01:38:42.450000,earthquake_local,RANF.FN_20251227013842_HH_EV
FN,RANF,HH,66.0147,26.7886,,500,manual,0.5,,1787,manual,0.5,20251228T223150Z_20251228T223250Z,,,,,,,,,,,,,,,,,[-1.7126 2.6775 -0.7812],3589,2025-12-28 22:31:50.600000,earthquake_local,RANF.FN_20251228223150_HH_EV
HE,RMF,HH,64.2175,29.9318,,500,manual,0.5,,3647,manual,0.5,20250125T042843Z_20250125T042943Z,,,,,,,,,,,,,,,,,[-0.1718 0.0645 -1.7418],5999,2025-01-25 04:28:43.032000,earthquake_local,RMF.HE_20250125042843_HH_EV
HE,RMF,HH,64.2175,29.9318,,500,manual,0.5,,3727,manual,0.5,20250630T062942Z_20250630T063042Z,,,,,,,,,,,,,,,,,[4.9780 -1.3182 1.1869],5999,2025-06-30 06:29:42.224000,earthquake_local,RMF.HE_20250630062942_HH_EV
HE,RMF,HH,64.2175,29.9318,,500,manual,0.5,,2472,manual,0.5,20250702T054727Z_20250702T054827Z,,,,,,,,,,,,,,,,,[3.4670 -3.7838 -1.4774],5233,2025-07-02 05:47:27.740000,earthquake_local,RMF.HE_20250702054727_HH_EV
HE,RMF,HH,64.2175,29.9318,,500,manual,0.5,,3006,manual,0.5,20250703T171923Z_20250703T172023Z,,,,,,,,,,,,,,,,,[0.2408 -1.2636 -0.1785],5999,2025-07-03 17:19:23.716000,earthquake_local,RMF.HE_20250703171923_HH_EV
HE,RMF,HH,64.2175,29.9318,,500,manual,0.5,,3674,manual,0.5,20250904T120858Z_20250904T120958Z,,,,,,,,,,,,,,,,,[2.4667 4.0952 -0.5350],5999,2025-09-04 12:08:58.732000,earthquake_local,RMF.HE_20250904120858_HH_EV
HE,RMF,HH,64.2175,29.9318,,500,manual,0.5,,1761,manual,0.5,20250906T180939Z_20250906T181039Z,,,,,,,,,,,,,,,,,[-0.2412 0.1183 0.0163],3526,2025-09-06 18:09:39.076000,earthquake_local,RMF.HE_20250906180939_HH_EV
HE,RMF,HH,64.2175,29.9318,,500,manual,0.5,,2124,manual,0.5,20250920T161853Z_20250920T161953Z,,,,,,,,,,,,,,,,,[0.9236 2.2378 3.4941],4398,2025-09-20 16:18:53.104000,earthquake_local,RMF.HE_20250920161853_HH_EV
HE,RMF,HH,64.2175,29.9318,,500,manual,0.5,,1551,manual,0.5,20251016T142541Z_20251016T142641Z,,,,,,,,,,,,,,,,,[1.3793 -0.0803 1.7388],3022,2025-10-16 14:25:41.272000,earthquake_local,RMF.HE_20251016142541_HH_EV
HE,RMF,HH,64.2175,29.9318,,500,manual,0.5,,2460,manual,0.5,20251030T053511Z_20251030T053611Z,,,,,,,,,,,,,,,,,[6.1077 2.9801 2.1052],5204,2025-10-30 05:35:11.212000,earthquake_local,RMF.HE_20251030053511_HH_EV
HE,RMF,HH,64.2175,29.9318,,500,manual,0.5,,2556,manual,0.5,20251102T225725Z_20251102T225825Z,,,,,,,,,,,,,,,,,[-3.8773 5.6423 1.3616],5434,2025-11-02 22:57:25.112000,earthquake_local,RMF.HE_20251102225725_HH_EV
HE,RMF,HH,64.2175,29.9318,,500,manual,0.5,,2228,manual,0.5,20251228T223156Z_20251228T223256Z,,,,,,,,,,,,,,,,,[1.6134 -2.3426 -0.0898],4647,2025-12-28 22:31:56.744000,earthquake_local,RMF.HE_20251228223156_HH_EV
FN,RNF,HH,66.61216,26.01074,,500,manual,0.5,,2709,manual,0.5,20250101T092218Z_20250101T092318Z,,,,,,,,,,,,,,,,,[4.1656 -0.0273 0.0567],5802,2025-01-01 09:22:18.810000,earthquake_local,RNF.FN_20250101092218_HH_EV
FN,RNF,HH,66.61216,26.01074,,500,manual,0.5,,1637,manual,0.5,20250102T044220Z_20250102T044320Z,,,,,,,,,,,,,,,,,[-3.7477 0.0210 0.0215],3229,2025-01-02 04:42:20.750000,earthquake_local,RNF.FN_20250102044220_HH_EV
FN,RNF,HH,66.61216,26.01074,,500,manual,0.5,,2806,manual,0.5,20250105T162002Z_20250105T162102Z,,,,,,,,,,,,,,,,,[-1.0652 0.0309 0.0557],5999,2025-01-05 16:20:02.780000,earthquake_local,RNF.FN_20250105162002_HH_EV
FN,RNF,HH,66.61216,26.01074,,500,manual,0.5,,2526,manual,0.5,20250110T124400Z_20250110T124500Z,,,,,,,,,,,,,,,,,[3.7999 0.1176 -0.0219],5362,2025-01-10 12:44:00.920000,earthquake_local,RNF.FN_20250110124400_HH_EV
FN,RNF,HH,66.61216,26.01074,,500,manual,0.5,,2118,manual,0.5,20250112T094243Z_20250112T094343Z,,,,,,,,,,,,,,,,,[-2.1378 0.4305 0.0974],4383,2025-01-12 09:42:43.310000,earthquake_local,RNF.FN_20250112094243_HH_EV
FN,RNF,HH,66.61216,26.01074,,500,manual,0.5,,2555,manual,0.5,20250112T172655Z_20250112T172755Z,,,,,,,,,,,,,,,,,[-1.3951 -0.0450 -0.0269],5432,2025-01-12 17:26:55.320000,earthquake_local,RNF.FN_20250112172655_HH_EV
FN,RNF,HH,66.61216,26.01074,,500,manual,0.5,,2028,manual,0.5,20250115T105441Z_20250115T105541Z,,,,,,,,,,,,,,,,,[-0.3837 0.0028 -0.0658],4167,2025-01-15 10:54:41.080000,earthquake_local,RNF.FN_20250115105441_HH_EV
FN,RNF,HH,66.61216,26.01074,,500,manual,0.5,,2753,manual,0.5,20250117T181157Z_20250117T181257Z,,,,,,,,,,,,,,,,,[9.8483 -0.6051 -0.1466],5907,2025-01-17 18:11:57.720000,earthquake_local,RNF.FN_20250117181157_HH_EV
FN,RNF,HH,66.61216,26.01074,,500,manual,0.5,,2135,manual,0.5,20250119T020647Z_20250119T020747Z,,,,,,,,,,,,,,,,,[-4.5417 0.4809 -0.0045],4424,2025-01-19 02:06:47.750000,earthquake_local,RNF.FN_20250119020647_HH_EV
FN,RNF,HH,66.61216,26.01074,,500,manual,0.5,,1669,manual,0.5,20250120T005040Z_20250120T005140Z,,,,,,,,,,,,,,,,,[0.3147 -0.1912 -0.0905],3306,2025-01-20 00:50:40.310000,earthquake_local,RNF.FN_20250120005040_HH_EV
FN,RNF,HH,66.61216,26.01074,,500,manual,0.5,,2295,manual,0.5,20250123T181837Z_20250123T181937Z,,,,,,,,,,,,,,,,,[-0.7951 -0.1011 0.0150],4808,2025-01-23 18:18:37.240000,earthquake_local,RNF.FN_20250123181837_HH_EV
FN,RNF,HH,66.61216,26.01074,,500,manual,0.5,,1879,manual,0.5,20250124T182547Z_20250124T182647Z,,,,,,,,,,,,,,,,,[-0.2998 -0.0723 0.6470],3810,2025-01-24 18:25:47.300000,earthquake_local,RNF.FN_20250124182547_HH_EV
FN,RNF,HH,66.61216,26.01074,,500,manual,0.5,,3697,manual,0.5,20250125T042843Z_20250125T042943Z,,,,,,,,,,,,,,,,,[-0.1831 -0.0660 0.0556],5999,2025-01-25 04:28:43.010000,earthquake_local,RNF.FN_20250125042843_HH_EV
FN,RNF,HH,66.61216,26.01074,,500,manual,0.5,,2825,manual,0.5,20250126T204953Z_20250126T205053Z,,,,,,,,,,,,,,,,,[0.1324 -0.0645 8.8638],5999,2025-01-26 20:49:53.710000,earthquake_local,RNF.FN_20250126204953_HH_EV
FN,RNF,HH,66.61216,26.01074,,500,manual,0.5,,2391,manual,0.5,20250127T191811Z_20250127T191911Z,,,,,,,,,,,,,,,,,[0.1500 -0.8463 -1.5247],5038,2025-01-27 19:18:11.320000,earthquake_local,RNF.FN_20250127191811_HH_EV
FN,RNF,HH,66.61216,26.01074,,500,manual,0.5,,1997,manual,0.5,20250131T023200Z_20250131T023300Z,,,,,,,,,,,,,,,,,[-0.1102 -0.0034 -2.8230],4093,2025-01-31 02:32:00.420000,earthquake_local,RNF.FN_20250131023200_HH_EV
FN,RNF,HH,66.61216,26.01074,,500,manual,0.5,,1728,manual,0.5,20250131T231331Z_20250131T231431Z,,,,,,,,,,,,,,,,,[0.0330 0.0847 -2.1180],3447,2025-01-31 23:13:31.410000,earthquake_local,RNF.FN_20250131231331_HH_EV
FN,RNF,HH,66.61216,26.01074,,500,manual,0.5,,1949,manual,0.5,20250220T232005Z_20250220T232105Z,,,,,,,,,,,,,,,,,[-0.0402 -0.1171 -2.6764],3978,2025-02-20 23:20:05.180000,earthquake_local,RNF.FN_20250220232005_HH_EV
FN,RNF,HH,66.61216,26.01074,,500,manual,0.5,,1597,manual,0.5,20250402T133333Z_20250402T133433Z,,,,,,,,,,,,,,,,,[1.7382 10.4971 0.7183],3133,2025-04-02 13:33:33.970000,earthquake_local,RNF.FN_20250402133333_HH_EV
FN,RNF,HH,66.61216,26.01074,,500,manual,0.5,,2352,manual,0.5,20250405T071808Z_20250405T071908Z,,,,,,,,,,,,,,,,,[-0.5839 5.1606 0.0073],4945,2025-04-05 07:18:08.830000,earthquake_local,RNF.FN_20250405071808_HH_EV
FN,RNF,HH,66.61216,26.01074,,500,manual,0.5,,2880,manual,0.5,20250406T172616Z_20250406T172716Z,,,,,,,,,,,,,,,,,[0.0772 1.1721 0.6591],5999,2025-04-06 17:26:16.530000,earthquake_local,RNF.FN_20250406172616_HH_EV
FN,RNF,HH,66.61216,26.01074,,500,manual,0.5,,2361,manual,0.5,20250408T153617Z_20250408T153717Z,,,,,,,,,,,,,,,,,[1.5439 5.4555 2.4054],4966,2025-04-08 15:36:17.950000,earthquake_local,RNF.FN_20250408153617_HH_EV
FN,RNF,HH,66.61216,26.01074,,500,manual,0.5,,3418,manual,0.5,20250409T175926Z_20250409T180026Z,,,,,,,,,,,,,,,,,[5.7828 -0.2271 -2.5325],5999,2025-04-09 17:59:26.200000,earthquake_local,RNF.FN_20250409175926_HH_EV
FN,RNF,HH,66.61216,26.01074,,500,manual,0.5,,2703,manual,0.5,20250412T094035Z_20250412T094135Z,,,,,,,,,,,,,,,,,[1.1514 0.5067 1.7873],5787,2025-04-12 09:40:35.850000,earthquake_local,RNF.FN_20250412094035_HH_EV
FN,RNF,HH,66.61216,26.01074,,500,manual,0.5,,2858,manual,0.5,20250412T203605Z_20250412T203705Z,,,,,,,,,,,,,,,,,[3.3812 2.2206 1.3659],5999,2025-04-12 20:36:05.280000,earthquake_local,RNF.FN_20250412203605_HH_EV
FN,RNF,HH,66.61216,26.01074,,500,manual,0.5,,1751,manual,0.5,20250414T001155Z_20250414T001255Z,,,,,,,,,,,,,,,,,[-0.2152 -0.4521 0.3994],3502,2025-04-14 00:11:55.520000,earthquake_local,RNF.FN_20250414001155_HH_EV
FN,RNF,HH,66.61216,26.01074,,500,manual,0.5,,2170,manual,0.5,20250427T012216Z_20250427T012316Z,,,,,,,,,,,,,,,,,[-0.1563 -5.4361 -0.8682],4508,2025-04-27 01:22:16.160000,earthquake_local,RNF.FN_20250427012216_HH_EV
FN,RNF,HH,66.61216,26.01074,,500,manual,0.5,,2706,manual,0.5,20250427T053610Z_20250427T053710Z,,,,,,,,,,,,,,,,,[2.6930 -0.2194 0.0189],5794,2025-04-27 05:36:10.060000,earthquake_local,RNF.FN_20250427053610_HH_EV
FN,RNF,HH,66.61216,26.01074,,500,manual,0.5,,1604,manual,0.5,20250510T203706Z_20250510T203806Z,,,,,,,,,,,,,,,,,[1.9054 2.2342 0.7168],3150,2025-05-10 20:37:06.160000,earthquake_local,RNF.FN_20250510203706_HH_EV
FN,RNF,HH,66.61216,26.01074,,500,manual,0.5,,1637,manual,0.5,20250511T013841Z_20250511T013941Z,,,,,,,,,,,,,,,,,[-0.1688 -1.5427 -0.1306],3229,2025-05-11 01:38:41.170000,earthquake_local,RNF.FN_20250511013841_HH_EV
FN,RNF,HH,66.61216,26.01074,,500,manual,0.5,,3484,manual,0.5,20250512T031158Z_20250512T031258Z,,,,,,,,,,,,,,,,,[0.2667 7.6324 0.1444],5999,2025-05-12 03:11:58.870000,earthquake_local,RNF.FN_20250512031158_HH_EV
FN,RNF,HH,66.61216,26.01074,,500,manual,0.5,,1878,manual,0.5,20250515T132029Z_20250515T132129Z,,,,,,,,,,,,,,,,,[0.5133 2.7916 0.4283],3807,2025-05-15 13:20:29.160000,earthquake_local,RNF.FN_20250515132029_HH_EV
FN,RNF,HH,66.61216,26.01074,,500,manual,0.5,,2298,manual,0.5,20250602T171125Z_20250602T171225Z,,,,,,,,,,,,,,,,,[-0.3525 5.3864 0.4671],4815,2025-06-02 17:11:25.660000,earthquake_local,RNF.FN_20250602171125_HH_EV
FN,RNF,HH,66.61216,26.01074,,500,manual,0.5,,1734,manual,0.5,20250604T064513Z_20250604T064613Z,,,,,,,,,,,,,,,,,[-0.4677 0.1567 -0.2699],3462,2025-06-04 06:45:13.780000,earthquake_local,RNF.FN_20250604064513_HH_EV
FN,RNF,HH,66.61216,26.01074,,500,manual,0.5,,2567,manual,0.5,20250605T030258Z_20250605T030358Z,,,,,,,,,,,,,,,,,[1.6870 2.7270 -1.4382],5461,2025-06-05 03:02:58.140000,earthquake_local,RNF.FN_20250605030258_HH_EV
FN,RNF,HH,66.61216,26.01074,,500,manual,0.5,,2608,manual,0.5,20250608T042709Z_20250608T042809Z,,,,,,,,,,,,,,,,,[0.1760 3.1973 -0.4192],5559,2025-06-08 04:27:09.410000,earthquake_local,RNF.FN_20250608042709_HH_EV
FN,RNF,HH,66.61216,26.01074,,500,manual,0.5,,2493,manual,0.5,20250609T023922Z_20250609T024022Z,,,,,,,,,,,,,,,,,[-1.2674 4.9123 0.3059],5283,2025-06-09 02:39:22.350000,earthquake_local,RNF.FN_20250609023922_HH_EV
FN,RNF,HH,66.61216,26.01074,,500,manual,0.5,,2652,manual,0.5,20250610T031645Z_20250610T031745Z,,,,,,,,,,,,,,,,,[0.2819 1.9948 0.1453],5665,2025-06-10 03:16:45.510000,earthquake_local,RNF.FN_20250610031645_HH_EV
FN,RNF,HH,66.61216,26.01074,,500,manual,0.5,,4599,manual,0.5,20250630T062947Z_20250630T063047Z,,,,,,,,,,,,,,,,,[3.2678 1.5973 -0.3811],5999,2025-06-30 06:29:47.650000,earthquake_local,RNF.FN_20250630062947_HH_EV
FN,RNF,HH,66.61216,26.01074,,500,manual,0.5,,2728,manual,0.5,20250702T054730Z_20250702T054830Z,,,,,,,,,,,,,,,,,[1.7028 6.0764 1.5519],5847,2025-07-02 05:47:30.500000,earthquake_local,RNF.FN_20250702054730_HH_EV
FN,RNF,HH,66.61216,26.01074,,500,manual,0.5,,3695,manual,0.5,20250703T144213Z_20250703T144313Z,,,,,,,,,,,,,,,,,[-4.0519 15.3351 2.0588],5999,2025-07-03 14:42:14.000000,earthquake_local,RNF.FN_20250703144213_HH_EV
FN,RNF,HH,66.61216,26.01074,,500,manual,0.5,,2490,manual,0.5,20250713T192011Z_20250713T192111Z,,,,,,,,,,,,,,,,,[0.3151 3.3760 0.1069],5276,2025-07-13 19:20:11.950000,earthquake_local,RNF.FN_20250713192011_HH_EV
FN,RNF,HH,66.61216,26.01074,,500,manual,0.5,,942,manual,0.5,20250725T140306Z_20250725T140406Z,,,,,,,,,,,,,,,,,[0.1466 1.4551 -0.1925],1561,2025-07-25 14:03:06.910000,earthquake_local,RNF.FN_20250725140306_HH_EV
FN,RNF,HH,66.61216,26.01074,,500,manual,0.5,,3899,manual,0.5,20250802T203600Z_20250802T203700Z,,,,,,,,,,,,,,,,,[-0.1124 2.0945 0.2235],5999,2025-08-02 20:36:00.530000,earthquake_local,RNF.FN_20250802203600_HH_EV
FN,RNF,HH,66.61216,26.01074,,500,manual,0.5,,3685,manual,0.5,20250803T081319Z_20250803T081419Z,,,,,,,,,,,,,,,,,[0.7190 2.1851 1.7753],5999,2025-08-03 08:13:19.140000,earthquake_local,RNF.FN_20250803081319_HH_EV
FN,RNF,HH,66.61216,26.01074,,500,manual,0.5,,1566,manual,0.5,20250804T051129Z_20250804T051229Z,,,,,,,,,,,,,,,,,[-0.2366 -4.8606 0.1509],3058,2025-08-04 05:11:29.030000,earthquake_local,RNF.FN_20250804051129_HH_EV
FN,RNF,HH,66.61216,26.01074,,500,manual,0.5,,4097,manual,0.5,20250822T033810Z_20250822T033910Z,,,,,,,,,,,,,,,,,[-0.4680 0.9952 6.7629],5999,2025-08-22 03:38:10.400000,earthquake_local,RNF.FN_20250822033810_HH_EV
FN,RNF,HH,66.61216,26.01074,,500,manual,0.5,,1718,manual,0.5,20250823T205947Z_20250823T210047Z,,,,,,,,,,,,,,,,,[0.4473 -3.5973 0.2323],3423,2025-08-23 20:59:47.890000,earthquake_local,RNF.FN_20250823205947_HH_EV
FN,RNF,HH,66.61216,26.01074,,500,manual,0.5,,2351,manual,0.5,20250824T104246Z_20250824T104346Z,,,,,,,,,,,,,,,,,[5.8921 1.2641 0.1901],4942,2025-08-24 10:42:46.250000,earthquake_local,RNF.FN_20250824104246_HH_EV
FN,RNF,HH,66.61216,26.01074,,500,manual,0.5,,2721,manual,0.5,20250826T105244Z_20250826T105344Z,,,,,,,,,,,,,,,,,[-1.0917 0.2851 -0.0630],5830,2025-08-26 10:52:44.860000,earthquake_local,RNF.FN_20250826105244_HH_EV
FN,RNF,HH,66.61216,26.01074,,500,manual,0.5,,2723,manual,0.5,20250826T174950Z_20250826T175050Z,,,,,,,,,,,,,,,,,[1.7270 2.6344 -0.5264],5835,2025-08-26 17:49:50.090000,earthquake_local,RNF.FN_20250826174950_HH_EV
FN,RNF,HH,66.61216,26.01074,,500,manual,0.5,,2942,manual,0.5,20250904T120847Z_20250904T120947Z,,,,,,,,,,,,,,,,,[-0.8839 8.4077 0.4185],5999,2025-09-04 12:08:47.770000,earthquake_local,RNF.FN_20250904120847_HH_EV
FN,RNF,HH,66.61216,26.01074,,500,manual,0.5,,1885,manual,0.5,20250905T170832Z_20250905T170932Z,,,,,,,,,,,,,,,,,[0.0267 2.8678 -0.0314],3824,2025-09-05 17:08:32.830000,earthquake_local,RNF.FN_20250905170832_HH_EV
FN,RNF,HH,66.61216,26.01074,,500,manual,0.5,,2859,manual,0.5,20250906T180954Z_20250906T181054Z,,,,,,,,,,,,,,,,,[-0.1510 -1.8278 0.0725],5999,2025-09-06 18:09:54.830000,earthquake_local,RNF.FN_20250906180954_HH_EV
FN,RNF,HH,66.61216,26.01074,,500,manual,0.5,,1667,manual,0.5,20250911T131740Z_20250911T131840Z,,,,,,,,,,,,,,,,,[-1.1300 1.4831 -0.1000],3301,2025-09-11 13:17:40.270000,earthquake_local,RNF.FN_20250911131740_HH_EV
FN,RNF,HH,66.61216,26.01074,,500,manual,0.5,,1699,manual,0.5,20250915T101737Z_20250915T101837Z,,,,,,,,,,,,,,,,,[-0.4055 -3.3918 -3.1894],3378,2025-09-15 10:17:37.950000,earthquake_local,RNF.FN_20250915101737_HH_EV
FN,RNF,HH,66.61216,26.01074,,500,manual,0.5,,2668,manual,0.5,20250920T161900Z_20250920T162000Z,,,,,,,,,,,,,,,,,[-1.2621 4.7882 -1.4553],5703,2025-09-20 16:19:00.300000,earthquake_local,RNF.FN_20250920161900_HH_EV
FN,RNF,HH,66.61216,26.01074,,500,manual,0.5,,1910,manual,0.5,20250921T102616Z_20250921T102716Z,,,,,,,,,,,,,,,,,[-2.3117 -3.7724 0.8263],3884,2025-09-21 10:26:16.640000,earthquake_local,RNF.FN_20250921102616_HH_EV
FN,RNF,HH,66.61216,26.01074,,500,manual,0.5,,2423,manual,0.5,20250930T144922Z_20250930T145022Z,,,,,,,,,,,,,,,,,[-0.0409 3.8534 0.7273],5115,2025-09-30 14:49:22.210000,earthquake_local,RNF.FN_20250930144922_HH_EV
FN,RNF,HH,66.61216,26.01074,,500,manual,0.5,,2268,manual,0.5,20251012T004852Z_20251012T004952Z,,,,,,,,,,,,,,,,,[6.2089 3.2411 2.8244],4743,2025-10-12 00:48:52.660000,earthquake_local,RNF.FN_20251012004852_HH_EV
FN,RNF,HH,66.61216,26.01074,,500,manual,0.5,,2635,manual,0.5,20251021T034317Z_20251021T034417Z,,,,,,,,,,,,,,,,,[2.8702 -1.3729 0.5963],5624,2025-10-21 03:43:17.910000,earthquake_local,RNF.FN_20251021034317_HH_EV
FN,RNF,HH,66.61216,26.01074,,500,manual,0.5,,2503,manual,0.5,20251030T053510Z_20251030T053610Z,,,,,,,,,,,,,,,,,[0.9583 -7.8958 -0.3952],5307,2025-10-30 05:35:10.930000,earthquake_local,RNF.FN_20251030053510_HH_EV
FN,RNF,HH,66.61216,26.01074,,500,manual,0.5,,2725,manual,0.5,20251102T225729Z_20251102T225829Z,,,,,,,,,,,,,,,,,[1.0573 -2.5075 0.5064],5840,2025-11-02 22:57:29.010000,earthquake_local,RNF.FN_20251102225729_HH_EV
FN,RNF,HH,66.61216,26.01074,,500,manual,0.5,,3950,manual,0.5,20251103T221756Z_20251103T221856Z,,,,,,,,,,,,,,,,,[0.4259 1.1058 0.3020],5999,2025-11-03 22:17:56.590000,earthquake_local,RNF.FN_20251103221756_HH_EV
FN,RNF,HH,66.61216,26.01074,,500,manual,0.5,,1989,manual,0.5,20251117T222927Z_20251117T223027Z,,,,,,,,,,,,,,,,,[-0.6166 -0.3530 -1.1876],4074,2025-11-17 22:29:27.270000,earthquake_local,RNF.FN_20251117222927_HH_EV
FN,RNF,HH,66.61216,26.01074,,500,manual,0.5,,3021,manual,0.5,20251118T185811Z_20251118T185911Z,,,,,,,,,,,,,,,,,[1.7170 5.0656 1.6204],5999,2025-11-18 18:58:11.600000,earthquake_local,RNF.FN_20251118185811_HH_EV
FN,RNF,HH,66.61216,26.01074,,500,manual,0.5,,1640,manual,0.5,20251122T215428Z_20251122T215528Z,,,,,,,,,,,,,,,,,[-1.4420 10.6990 -0.4010],3236,2025-11-22 21:54:28.460000,earthquake_local,RNF.FN_20251122215428_HH_EV
FN,RNF,HH,66.61216,26.01074,,500,manual,0.5,,2789,manual,0.5,20251202T004328Z_20251202T004428Z,,,,,,,,,,,,,,,,,[1.0540 1.1643 1.0859],5994,2025-12-02 00:43:28.010000,earthquake_local,RNF.FN_20251202004328_HH_EV
FN,RNF,HH,66.61216,26.01074,,500,manual,0.5,,2455,manual,0.5,20251204T210358Z_20251204T210458Z,,,,,,,,,,,,,,,,,[-0.0793 1.9113 -0.0481],5192,2025-12-04 21:03:58.590000,earthquake_local,RNF.FN_20251204210358_HH_EV
FN,RNF,HH,66.61216,26.01074,,500,manual,0.5,,2129,manual,0.5,20251209T140805Z_20251209T140905Z,,,,,,,,,,,,,,,,,[0.0502 6.0177 0.6185],4410,2025-12-09 14:08:05.290000,earthquake_local,RNF.FN_20251209140805_HH_EV
FN,RNF,HH,66.61216,26.01074,,500,manual,0.5,,2350,manual,0.5,20251211T234446Z_20251211T234546Z,,,,,,,,,,,,,,,,,[-3.0756 1.8863 -0.5149],4940,2025-12-11 23:44:46.850000,earthquake_local,RNF.FN_20251211234446_HH_EV
FN,RNF,HH,66.61216,26.01074,,500,manual,0.5,,2314,manual,0.5,20251212T002353Z_20251212T002453Z,,,,,,,,,,,,,,,,,[7.3012 9.4708 -1.4106],4854,2025-12-12 00:23:53.940000,earthquake_local,RNF.FN_20251212002353_HH_EV
FN,RNF,HH,66.61216,26.01074,,500,manual,0.5,,3086,manual,0.5,20251213T060356Z_20251213T060456Z,,,,,,,,,,,,,,,,,[4.3686 -1.8419 0.3685],5999,2025-12-13 06:03:56.340000,earthquake_local,RNF.FN_20251213060356_HH_EV
FN,RNF,HH,66.61216,26.01074,,500,manual,0.5,,2856,manual,0.5,20251215T175506Z_20251215T175606Z,,,,,,,,,,,,,,,,,[1.5654 -1.3819 -3.0519],5999,2025-12-15 17:55:06.780000,earthquake_local,RNF.FN_20251215175506_HH_EV
FN,RNF,HH,66.61216,26.01074,,500,manual,0.5,,3255,manual,0.5,20251218T005705Z_20251218T005805Z,,,,,,,,,,,,,,,,,[1.0914 -6.7622 -3.4691],5999,2025-12-18 00:57:05.010000,earthquake_local,RNF.FN_20251218005705_HH_EV
FN,RNF,HH,66.61216,26.01074,,500,manual,0.5,,1453,manual,0.5,20251219T083720Z_20251219T083820Z,,,,,,,,,,,,,,,,,[2.9754 -1.3546 -2.9830],2787,2025-12-19 08:37:20.190000,earthquake_local,RNF.FN_20251219083720_HH_EV
FN,RNF,HH,66.61216,26.01074,,500,manual,0.5,,2670,manual,0.5,20251219T213321Z_20251219T213421Z,,,,,,,,,,,,,,,,,[5.7101 -2.4863 2.1891],5708,2025-12-19 21:33:21.410000,earthquake_local,RNF.FN_20251219213321_HH_EV
FN,RNF,HH,66.61216,26.01074,,500,manual,0.5,,882,manual,0.5,20251227T013830Z_20251227T013930Z,,,,,,,,,,,,,,,,,[3.2849 7.5920 2.9496],1417,2025-12-27 01:38:30.500000,earthquake_local,RNF.FN_20251227013830_HH_EV
FN,RNF,HH,66.61216,26.01074,,500,manual,0.5,,2556,manual,0.5,20251228T223201Z_20251228T223301Z,,,,,,,,,,,,,,,,,[-3.7369 -3.6469 -2.7778],5434,2025-12-28 22:32:01.430000,earthquake_local,RNF.FN_20251228223201_HH_EV
HE,RSUO,HH,60.2027,24.90306,,500,manual,0.5,,1839,manual,0.5,20250215T085600Z_20250215T085700Z,,,,,,,,,,,,,,,,,[0.1576 1.2216 0.3237],3714,2025-02-15 08:56:00.804000,earthquake_local,RSUO.HE_20250215085600_HH_EV
HE,RSUO,HH,60.2027,24.90306,,500,manual,0.5,,2148,manual,0.5,20250801T002006Z_20250801T002106Z,,,,,,,,,,,,,,,,,[0.3027 1.1302 -0.0001],4455,2025-08-01 00:20:06.616000,earthquake_local,RSUO.HE_20250801002006_HH_EV
HE,RUF,HH,61.4247,28.9497,,500,manual,0.5,,2164,manual,0.5,20250115T090342Z_20250115T090442Z,,,,,,,,,,,,,,,,,[-0.3045 0.1174 0.0805],4494,2025-01-15 09:03:42.824000,earthquake_local,RUF.HE_20250115090342_HH_EV
HE,RUF,HH,61.4247,28.9497,,500,manual,0.5,,1614,manual,0.5,20250125T132034Z_20250125T132134Z,,,,,,,,,,,,,,,,,[-0.4642 -4.2956 -1.3271],3174,2025-01-25 13:20:34.696000,earthquake_local,RUF.HE_20250125132034_HH_EV
HE,RUF,HH,61.4247,28.9497,,500,manual,0.5,,2295,manual,0.5,20250215T085607Z_20250215T085707Z,,,,,,,,,,,,,,,,,[0.2450 -0.4628 0.1575],4808,2025-02-15 08:56:07.120000,earthquake_local,RUF.HE_20250215085607_HH_EV
HE,RUF,HH,61.4247,28.9497,,500,manual,0.5,,1390,manual,0.5,20250425T183832Z_20250425T183932Z,,,,,,,,,,,,,,,,,[0.1694 -0.5642 0.2255],2636,2025-04-25 18:38:32.216000,earthquake_local,RUF.HE_20250425183832_HH_EV
HE,RUF,HH,61.4247,28.9497,,500,manual,0.5,,2190,manual,0.5,20250425T214741Z_20250425T214841Z,,,,,,,,,,,,,,,,,[0.0566 2.6211 -0.2630],4556,2025-04-25 21:47:41.104000,earthquake_local,RUF.HE_20250425214741_HH_EV
HE,RUF,HH,61.4247,28.9497,,500,manual,0.5,,2162,manual,0.5,20250430T120430Z_20250430T120530Z,,,,,,,,,,,,,,,,,[-2.1568 1.1395 0.1108],4489,2025-04-30 12:04:30.696000,earthquake_local,RUF.HE_20250430120430_HH_EV
HE,RUF,HH,61.4247,28.9497,,500,manual,0.5,,2122,manual,0.5,20250430T213907Z_20250430T214007Z,,,,,,,,,,,,,,,,,[-0.0298 -0.5627 0.0422],4393,2025-04-30 21:39:07.500000,earthquake_local,RUF.HE_20250430213907_HH_EV
HE,RUF,HH,61.4247,28.9497,,500,manual,0.5,,2112,manual,0.5,20250514T213747Z_20250514T213847Z,,,,,,,,,,,,,,,,,[-0.2392 0.7025 -0.1300],4369,2025-05-14 21:37:47.368000,earthquake_local,RUF.HE_20250514213747_HH_EV
HE,RUF,HH,61.4247,28.9497,,500,manual,0.5,,2135,manual,0.5,20250514T214549Z_20250514T214649Z,,,,,,,,,,,,,,,,,[-0.0112 -1.5876 -0.1102],4424,2025-05-14 21:45:49.512000,earthquake_local,RUF.HE_20250514214549_HH_EV
HE,RUF,HH,61.4247,28.9497,,500,manual,0.5,,1135,manual,0.5,20250607T191541Z_20250607T191641Z,,,,,,,,,,,,,,,,,[0.0459 -1.9651 -0.0809],2024,2025-06-07 19:15:41.856000,earthquake_local,RUF.HE_20250607191541_HH_EV
HE,RUF,HH,61.4247,28.9497,,500,manual,0.5,,2973,manual,0.5,20250608T134015Z_20250608T134115Z,,,,,,,,,,,,,,,,,[-0.5544 3.5709 -0.3287],5999,2025-06-08 13:40:15.824000,earthquake_local,RUF.HE_20250608134015_HH_EV
HE,RUF,HH,61.4247,28.9497,,500,manual,0.5,,1048,manual,0.5,20250613T143752Z_20250613T143852Z,,,,,,,,,,,,,,,,,[0.5045 3.0303 0.1293],1815,2025-06-13 14:37:52.060000,earthquake_local,RUF.HE_20250613143752_HH_EV
HE,RUF,HH,61.4247,28.9497,,500,manual,0.5,,2189,manual,0.5,20250715T001545Z_20250715T001645Z,,,,,,,,,,,,,,,,,[0.0126 1.0180 -0.0811],4554,2025-07-15 00:15:45.212000,earthquake_local,RUF.HE_20250715001545_HH_EV
HE,RUF,HH,61.4247,28.9497,,500,manual,0.5,,2168,manual,0.5,20250801T002005Z_20250801T002105Z,,,,,,,,,,,,,,,,,[-0.1543 -0.4224 -0.0289],4503,2025-08-01 00:20:05.516000,earthquake_local,RUF.HE_20250801002005_HH_EV
HE,RUF,HH,61.4247,28.9497,,500,manual,0.5,,922,manual,0.5,20250813T104011Z_20250813T104111Z,,,,,,,,,,,,,,,,,[0.3501 3.2641 0.1592],1513,2025-08-13 10:40:11.456000,earthquake_local,RUF.HE_20250813104011_HH_EV
HE,RUF,HH,61.4247,28.9497,,500,manual,0.5,,1935,manual,0.5,20250813T150644Z_20250813T150744Z,,,,,,,,,,,,,,,,,[-0.6160 -0.9742 0.0594],3944,2025-08-13 15:06:44.196000,earthquake_local,RUF.HE_20250813150644_HH_EV
HE,RUF,HH,61.4247,28.9497,,500,manual,0.5,,1874,manual,0.5,20250813T152237Z_20250813T152337Z,,,,,,,,,,,,,,,,,[0.1733 0.0239 0.1116],3798,2025-08-13 15:22:37.528000,earthquake_local,RUF.HE_20250813152237_HH_EV
HE,RUF,HH,61.4247,28.9497,,500,manual,0.5,,1966,manual,0.5,20250909T163108Z_20250909T163208Z,,,,,,,,,,,,,,,,,[0.1563 -0.1495 -0.1060],4018,2025-09-09 16:31:08.096000,earthquake_local,RUF.HE_20250909163108_HH_EV
HE,RUF,HH,61.4247,28.9497,,500,manual,0.5,,2526,manual,0.5,20250914T060223Z_20250914T060323Z,,,,,,,,,,,,,,,,,[0.1072 -1.4276 -0.2929],5362,2025-09-14 06:02:23.544000,earthquake_local,RUF.HE_20250914060223_HH_EV
HE,RUF,HH,61.4247,28.9497,,500,manual,0.5,,2500,manual,0.5,20251011T133145Z_20251011T133245Z,,,,,,,,,,,,,,,,,[0.6593 0.6772 1.1940],5300,2025-10-11 13:31:45.648000,earthquake_local,RUF.HE_20251011133145_HH_EV
HE,RUF,HH,61.4247,28.9497,,500,manual,0.5,,2245,manual,0.5,20251107T205711Z_20251107T205811Z,,,,,,,,,,,,,,,,,[0.0128 10.2139 0.6437],4688,2025-11-07 20:57:11.304000,earthquake_local,RUF.HE_20251107205711_HH_EV
HE,RUF,HH,61.4247,28.9497,,500,manual,0.5,,1375,manual,0.5,20251226T111257Z_20251226T111357Z,,,,,,,,,,,,,,,,,[1.6679 6.7029 0.1814],2600,2025-12-26 11:12:57.452000,earthquake_local,RUF.HE_20251226111257_HH_EV
HE,RUF,HH,61.4247,28.9497,,500,manual,0.5,,3447,manual,0.5,20251230T114350Z_20251230T114450Z,,,,,,,,,,,,,,,,,[0.7733 -3.5718 0.1687],5999,2025-12-30 11:43:50.496000,earthquake_local,RUF.HE_20251230114350_HH_EV
FN,SGF,HH,,,,500,manual,0.5,,2313,manual,0.5,20250101T092212Z_20250101T092312Z,,,,,,,,,,,,,,,,,[-2.2036 -2.1431 2.3985],4851,2025-01-01 09:22:13.000000,earthquake_local,SGF.FN_20250101092212_HH_EV
FN,SGF,HH,,,,500,manual,0.5,,1811,manual,0.5,20250102T044222Z_20250102T044322Z,,,,,,,,,,,,,,,,,[3.3512 2.3549 3.5983],3646,2025-01-02 04:42:22.980000,earthquake_local,SGF.FN_20250102044222_HH_EV
FN,SGF,HH,,,,500,manual,0.5,,3211,manual,0.5,20250110T124407Z_20250110T124507Z,,,,,,,,,,,,,,,,,[0.0578 2.6170 1.1699],5999,2025-01-10 12:44:07.220000,earthquake_local,SGF.FN_20250110124407_HH_EV
FN,SGF,HH,,,,500,manual,0.5,,3237,manual,0.5,20250112T094254Z_20250112T094354Z,,,,,,,,,,,,,,,,,[3.2375 6.7950 5.0251],5999,2025-01-12 09:42:54.050000,earthquake_local,SGF.FN_20250112094254_HH_EV
FN,SGF,HH,,,,500,manual,0.5,,3778,manual,0.5,20250115T075837Z_20250115T075937Z,,,,,,,,,,,,,,,,,[4.3580 3.2029 5.0693],5999,2025-01-15 07:58:37.710000,earthquake_local,SGF.FN_20250115075837_HH_EV
FN,SGF,HH,,,,500,manual,0.5,,2586,manual,0.5,20250115T105447Z_20250115T105547Z,,,,,,,,,,,,,,,,,[1.0328 4.6230 3.7269],5506,2025-01-15 10:54:47.620000,earthquake_local,SGF.FN_20250115105447_HH_EV
FN,SGF,HH,,,,500,manual,0.5,,1622,manual,0.5,20250117T181143Z_20250117T181243Z,,,,,,,,,,,,,,,,,[2.4619 5.4704 2.9922],3193,2025-01-17 18:11:43.890000,earthquake_local,SGF.FN_20250117181143_HH_EV
FN,SGF,HH,,,,500,manual,0.5,,2539,manual,0.5,20250119T020654Z_20250119T020754Z,,,,,,,,,,,,,,,,,[-0.4231 -0.2960 -3.2800],5394,2025-01-19 02:06:54.480000,earthquake_local,SGF.FN_20250119020654_HH_EV
FN,SGF,HH,,,,500,manual,0.5,,2606,manual,0.5,20250120T005052Z_20250120T005152Z,,,,,,,,,,,,,,,,,[0.3338 -2.1185 -1.4085],5554,2025-01-20 00:50:52.620000,earthquake_local,SGF.FN_20250120005052_HH_EV
FN,SGF,HH,,,,500,manual,0.5,,3279,manual,0.5,20250123T181847Z_20250123T181947Z,,,,,,,,,,,,,,,,,[-0.9986 -1.2616 -0.8488],5999,2025-01-23 18:18:47.620000,earthquake_local,SGF.FN_20250123181847_HH_EV
FN,SGF,HH,,,,500,manual,0.5,,1622,manual,0.5,20250124T182544Z_20250124T182644Z,,,,,,,,,,,,,,,,,[3.4689 3.0865 9.2240],3193,2025-01-24 18:25:44.160000,earthquake_local,SGF.FN_20250124182544_HH_EV
FN,SGF,HH,,,,500,manual,0.5,,3858,manual,0.5,20250125T042841Z_20250125T042941Z,,,,,,,,,,,,,,,,,[-2.8848 -2.1641 4.0778],5999,2025-01-25 04:28:41.370000,earthquake_local,SGF.FN_20250125042841_HH_EV
FN,SGF,HH,,,,500,manual,0.5,,2510,manual,0.5,20250126T204949Z_20250126T205049Z,,,,,,,,,,,,,,,,,[4.5188 0.2460 0.5336],5324,2025-01-26 20:49:49.240000,earthquake_local,SGF.FN_20250126204949_HH_EV
FN,SGF,HH,,,,500,manual,0.5,,2827,manual,0.5,20250127T191816Z_20250127T191916Z,,,,,,,,,,,,,,,,,[1.3602 -9.5831 -4.2627],5999,2025-01-27 19:18:16.940000,earthquake_local,SGF.FN_20250127191816_HH_EV
FN,SGF,HH,,,,500,manual,0.5,,1216,manual,0.5,20250131T023148Z_20250131T023248Z,,,,,,,,,,,,,,,,,[5.1545 2.5493 7.3236],2218,2025-01-31 02:31:48.910000,earthquake_local,SGF.FN_20250131023148_HH_EV
FN,SGF,HH,,,,500,manual,0.5,,1903,manual,0.5,20250131T231334Z_20250131T231434Z,,,,,,,,,,,,,,,,,[-7.8192 1.3182 0.8801],3867,2025-01-31 23:13:34.260000,earthquake_local,SGF.FN_20250131231334_HH_EV
FN,SGF,HH,,,,500,manual,0.5,,3648,manual,0.5,20250202T003338Z_20250202T003438Z,,,,,,,,,,,,,,,,,[-2.5136 4.3977 6.1097],5999,2025-02-02 00:33:38.110000,earthquake_local,SGF.FN_20250202003338_HH_EV
FN,SGF,HH,,,,500,manual,0.5,,3099,manual,0.5,20250228T014708Z_20250228T014808Z,,,,,,,,,,,,,,,,,[-4.6533 -5.5915 -2.5450],5999,2025-02-28 01:47:08.510000,earthquake_local,SGF.FN_20250228014708_HH_EV
FN,SGF,HH,,,,500,manual,0.5,,2552,manual,0.5,20250301T012408Z_20250301T012508Z,,,,,,,,,,,,,,,,,[-5.2320 -0.9088 4.0188],5425,2025-03-01 01:24:08.190000,earthquake_local,SGF.FN_20250301012408_HH_EV
FN,SGF,HH,,,,500,manual,0.5,,758,manual,0.5,20250305T073046Z_20250305T073146Z,,,,,,,,,,,,,,,,,[6.3255 6.6146 3.9052],1119,2025-03-05 07:30:46.260000,earthquake_local,SGF.FN_20250305073046_HH_EV
FN,SGF,HH,,,,500,manual,0.5,,2898,manual,0.5,20250313T161855Z_20250313T161955Z,,,,,,,,,,,,,,,,,[-2.3838 2.9387 6.3371],5999,2025-03-13 16:18:55.120000,earthquake_local,SGF.FN_20250313161855_HH_EV
FN,SGF,HH,,,,500,manual,0.5,,2560,manual,0.5,20250317T083813Z_20250317T083913Z,,,,,,,,,,,,,,,,,[-1.5695 -3.9808 2.6734],5444,2025-03-17 08:38:13.970000,earthquake_local,SGF.FN_20250317083813_HH_EV
FN,SGF,HH,,,,500,manual,0.5,,2384,manual,0.5,20250402T133343Z_20250402T133443Z,,,,,,,,,,,,,,,,,[6.5736 0.6548 3.3418],5022,2025-04-02 13:33:43.930000,earthquake_local,SGF.FN_20250402133343_HH_EV
FN,SGF,HH,,,,500,manual,0.5,,2550,manual,0.5,20250406T172612Z_20250406T172712Z,,,,,,,,,,,,,,,,,[-1.6646 3.0144 2.2441],5420,2025-04-06 17:26:12.180000,earthquake_local,SGF.FN_20250406172612_HH_EV
FN,SGF,HH,,,,500,manual,0.5,,2489,manual,0.5,20250427T053607Z_20250427T053707Z,,,,,,,,,,,,,,,,,[0.1880 -3.3734 -0.3894],5274,2025-04-27 05:36:07.700000,earthquake_local,SGF.FN_20250427053607_HH_EV
FN,SGF,HH,,,,500,manual,0.5,,2486,manual,0.5,20250509T033159Z_20250509T033259Z,,,,,,,,,,,,,,,,,[-3.7135 -1.8299 -2.6325],5266,2025-05-09 03:31:59.530000,earthquake_local,SGF.FN_20250509033159_HH_EV
FN,SGF,HH,,,,500,manual,0.5,,2005,manual,0.5,20250510T203711Z_20250510T203811Z,,,,,,,,,,,,,,,,,[7.5834 -6.5451 -1.0661],4112,2025-05-10 20:37:11.090000,earthquake_local,SGF.FN_20250510203711_HH_EV
FN,SGF,HH,,,,500,manual,0.5,,2059,manual,0.5,20250515T132031Z_20250515T132131Z,,,,,,,,,,,,,,,,,[-2.5806 -1.1639 3.7561],4242,2025-05-15 13:20:31.820000,earthquake_local,SGF.FN_20250515132031_HH_EV
FN,SGF,HH,,,,500,manual,0.5,,2949,manual,0.5,20250605T030303Z_20250605T030403Z,,,,,,,,,,,,,,,,,[7.0970 1.9918 8.3079],5999,2025-06-05 03:03:03.750000,earthquake_local,SGF.FN_20250605030303_HH_EV
FN,SGF,HH,,,,500,manual,0.5,,2753,manual,0.5,20250610T031646Z_20250610T031746Z,,,,,,,,,,,,,,,,,[-4.5054 0.7132 -1.1023],5907,2025-06-10 03:16:46.650000,earthquake_local,SGF.FN_20250610031646_HH_EV
FN,SGF,HH,,,,500,manual,0.5,,2845,manual,0.5,20250622T112121Z_20250622T112221Z,,,,,,,,,,,,,,,,,[-1.9056 -0.7992 1.6533],5999,2025-06-22 11:21:21.670000,earthquake_local,SGF.FN_20250622112121_HH_EV
FN,SGF,HH,,,,500,manual,0.5,,3619,manual,0.5,20250630T062946Z_20250630T063046Z,,,,,,,,,,,,,,,,,[-1.7113 1.3247 0.7358],5999,2025-06-30 06:29:46.400000,earthquake_local,SGF.FN_20250630062946_HH_EV
FN,SGF,HH,,,,500,manual,0.5,,2854,manual,0.5,20250703T144203Z_20250703T144303Z,,,,,,,,,,,,,,,,,[4.9829 2.1834 4.0017],5999,2025-07-03 14:42:03.510000,earthquake_local,SGF.FN_20250703144203_HH_EV
FN,SGF,HH,,,,500,manual,0.5,,3535,manual,0.5,20250708T015430Z_20250708T015530Z,,,,,,,,,,,,,,,,,[2.0794 -0.6240 1.6204],5999,2025-07-08 01:54:30.650000,earthquake_local,SGF.FN_20250708015430_HH_EV
FN,SGF,HH,,,,500,manual,0.5,,2773,manual,0.5,20250713T192016Z_20250713T192116Z,,,,,,,,,,,,,,,,,[1.1959 0.9408 -0.0387],5955,2025-07-13 19:20:16.330000,earthquake_local,SGF.FN_20250713192016_HH_EV
FN,SGF,HH,,,,500,manual,0.5,,1410,manual,0.5,20250725T140313Z_20250725T140413Z,,,,,,,,,,,,,,,,,[-2.4031 1.6517 -1.1581],2684,2025-07-25 14:03:13.520000,earthquake_local,SGF.FN_20250725140313_HH_EV
FN,SGF,HH,,,,500,manual,0.5,,3725,manual,0.5,20250803T081318Z_20250803T081418Z,,,,,,,,,,,,,,,,,[4.4109 -1.1372 0.8236],5999,2025-08-03 08:13:18.840000,earthquake_local,SGF.FN_20250803081318_HH_EV
FN,SGF,HH,,,,500,manual,0.5,,4069,manual,0.5,20250822T033805Z_20250822T033905Z,,,,,,,,,,,,,,,,,[6.2956 6.6477 -8.3864],5999,2025-08-22 03:38:05.010000,earthquake_local,SGF.FN_20250822033805_HH_EV
FN,SGF,HH,,,,500,manual,0.5,,2282,manual,0.5,20250823T205955Z_20250823T210055Z,,,,,,,,,,,,,,,,,[-2.9807 -0.8519 -1.1075],4777,2025-08-23 20:59:55.840000,earthquake_local,SGF.FN_20250823205955_HH_EV
FN,SGF,HH,,,,500,manual,0.5,,2620,manual,0.5,20250826T174947Z_20250826T175047Z,,,,,,,,,,,,,,,,,[-6.3705 -5.4359 -8.1243],5588,2025-08-26 17:49:47.910000,earthquake_local,SGF.FN_20250826174947_HH_EV
FN,SGF,HH,,,,500,manual,0.5,,2696,manual,0.5,20250904T120845Z_20250904T120945Z,,,,,,,,,,,,,,,,,[10.3744 5.5144 5.3053],5770,2025-09-04 12:08:45.490000,earthquake_local,SGF.FN_20250904120845_HH_EV
FN,SGF,HH,,,,500,manual,0.5,,2770,manual,0.5,20250905T170844Z_20250905T170944Z,,,,,,,,,,,,,,,,,[-0.6598 0.8427 -0.5097],5948,2025-09-05 17:08:44.590000,earthquake_local,SGF.FN_20250905170844_HH_EV
FN,SGF,HH,,,,500,manual,0.5,,1339,manual,0.5,20251012T004839Z_20251012T004939Z,,,,,,,,,,,,,,,,,[2.5991 1.9632 8.2201],2514,2025-10-12 00:48:39.570000,earthquake_local,SGF.FN_20251012004839_HH_EV
FN,SGF,HH,,,,500,manual,0.5,,3465,manual,0.5,20251103T221752Z_20251103T221852Z,,,,,,,,,,,,,,,,,[2.2857 3.6680 1.9955],5999,2025-11-03 22:17:52.740000,earthquake_local,SGF.FN_20251103221752_HH_EV
FN,SGF,HH,,,,500,manual,0.5,,2758,manual,0.5,20251121T064755Z_20251121T064855Z,,,,,,,,,,,,,,,,,[-0.4237 -3.3736 -0.4483],5919,2025-11-21 06:47:55.390000,earthquake_local,SGF.FN_20251121064755_HH_EV
FN,SGF,HH,,,,500,manual,0.5,,2509,manual,0.5,20251202T004324Z_20251202T004424Z,,,,,,,,,,,,,,,,,[2.5380 2.7513 -4.2314],5322,2025-12-02 00:43:24.210000,earthquake_local,SGF.FN_20251202004324_HH_EV
FN,SGF,HH,,,,500,manual,0.5,,1386,manual,0.5,20251204T210344Z_20251204T210444Z,,,,,,,,,,,,,,,,,[4.0229 -2.0165 -3.1177],2626,2025-12-04 21:03:44.770000,earthquake_local,SGF.FN_20251204210344_HH_EV
FN,SGF,HH,,,,500,manual,0.5,,1059,manual,0.5,20251209T140750Z_20251209T140850Z,,,,,,,,,,,,,,,,,[3.9385 2.4291 2.6167],1842,2025-12-09 14:07:50.350000,earthquake_local,SGF.FN_20251209140750_HH_EV
FN,SGF,HH,,,,500,manual,0.5,,2807,manual,0.5,20251211T234452Z_20251211T234552Z,,,,,,,,,,,,,,,,,[-1.3091 -2.9460 1.3376],5999,2025-12-11 23:44:52.780000,earthquake_local,SGF.FN_20251211234452_HH_EV
FN,SGF,HH,,,,500,manual,0.5,,2915,manual,0.5,20251218T005703Z_20251218T005803Z,,,,,,,,,,,,,,,,,[2.3560 3.2711 1.2350],5999,2025-12-18 00:57:03.490000,earthquake_local,SGF.FN_20251218005703_HH_EV
FN,SGF,HH,,,,500,manual,0.5,,1582,manual,0.5,20251219T083721Z_20251219T083821Z,,,,,,,,,,,,,,,,,[0.8394 -0.4952 -1.2293],3097,2025-12-19 08:37:21.870000,earthquake_local,SGF.FN_20251219083721_HH_EV
FN,SGF,HH,,,,500,manual,0.5,,1303,manual,0.5,20251227T013836Z_20251227T013936Z,,,,,,,,,,,,,,,,,[5.2788 4.5629 1.3702],2427,2025-12-27 01:38:36.490000,earthquake_local,SGF.FN_20251227013836_HH_EV
HE,SUF,HH,62.7194,26.1474,,500,manual,0.5,,2702,manual,0.5,20250107T041442Z_20250107T041542Z,,,,,,,,,,,,,,,,,[5.2046 -0.4930 2.5379],5785,2025-01-07 04:14:42.240000,earthquake_local,SUF.HE_20250107041442_HH_EV
HE,SUF,HH,62.7194,26.1474,,500,manual,0.5,,3517,manual,0.5,20250115T090359Z_20250115T090459Z,,,,,,,,,,,,,,,,,[4.0244 1.4954 0.4954],5999,2025-01-15 09:03:59.108000,earthquake_local,SUF.HE_20250115090359_HH_EV
HE,SUF,HH,62.7194,26.1474,,500,manual,0.5,,2560,manual,0.5,20250125T132047Z_20250125T132147Z,,,,,,,,,,,,,,,,,[-4.1445 -3.1719 -2.6090],5444,2025-01-25 13:20:47.508000,earthquake_local,SUF.HE_20250125132047_HH_EV
HE,SUF,HH,62.7194,26.1474,,500,manual,0.5,,3034,manual,0.5,20250127T013016Z_20250127T013116Z,,,,,,,,,,,,,,,,,[2.9695 -1.3525 1.8136],5999,2025-01-27 01:30:16.748000,earthquake_local,SUF.HE_20250127013016_HH_EV
HE,SUF,HH,62.7194,26.1474,,500,manual,0.5,,2832,manual,0.5,20250425T214752Z_20250425T214852Z,,,,,,,,,,,,,,,,,[-0.0410 0.0831 -0.8930],5999,2025-04-25 21:47:52.272000,earthquake_local,SUF.HE_20250425214752_HH_EV
HE,SUF,HH,62.7194,26.1474,,500,manual,0.5,,3577,manual,0.5,20250430T120450Z_20250430T120550Z,,,,,,,,,,,,,,,,,[-0.0002 0.9709 0.2962],5999,2025-04-30 12:04:50.128000,earthquake_local,SUF.HE_20250430120450_HH_EV
HE,SUF,HH,62.7194,26.1474,,500,manual,0.5,,3536,manual,0.5,20250514T213806Z_20250514T213906Z,,,,,,,,,,,,,,,,,[1.1309 0.5533 1.1113],5999,2025-05-14 21:38:06.552000,earthquake_local,SUF.HE_20250514213806_HH_EV
HE,SUF,HH,62.7194,26.1474,,500,manual,0.5,,2816,manual,0.5,20250607T191606Z_20250607T191706Z,,,,,,,,,,,,,,,,,[0.6748 -0.4443 0.0467],5999,2025-06-07 19:16:06.320000,earthquake_local,SUF.HE_20250607191606_HH_EV
HE,SUF,HH,62.7194,26.1474,,500,manual,0.5,,1922,manual,0.5,20250608T134002Z_20250608T134102Z,,,,,,,,,,,,,,,,,[7.5246 7.0535 0.8868],3913,2025-06-08 13:40:02.844000,earthquake_local,SUF.HE_20250608134002_HH_EV
HE,SUF,HH,62.7194,26.1474,,500,manual,0.5,,3211,manual,0.5,20250613T143820Z_20250613T143920Z,,,,,,,,,,,,,,,,,[0.3217 -0.1229 0.3227],5999,2025-06-13 14:38:20.760000,earthquake_local,SUF.HE_20250613143820_HH_EV
HE,SUF,HH,62.7194,26.1474,,500,manual,0.5,,3685,manual,0.5,20250628T154208Z_20250628T154308Z,,,,,,,,,,,,,,,,,[0.7442 0.0631 0.5195],5999,2025-06-28 15:42:08.640000,earthquake_local,SUF.HE_20250628154208_HH_EV
HE,SUF,HH,62.7194,26.1474,,500,manual,0.5,,2130,manual,0.5,20250703T171910Z_20250703T172010Z,,,,,,,,,,,,,,,,,[-0.0337 -0.9590 -0.7649],4412,2025-07-03 17:19:10.544000,earthquake_local,SUF.HE_20250703171910_HH_EV
HE,SUF,HH,62.7194,26.1474,,500,manual,0.5,,3522,manual,0.5,20250801T002024Z_20250801T002124Z,,,,,,,,,,,,,,,,,[0.3515 -0.0487 -0.0265],5999,2025-08-01 00:20:24.524000,earthquake_local,SUF.HE_20250801002024_HH_EV
HE,SUF,HH,62.7194,26.1474,,500,manual,0.5,,2998,manual,0.5,20250813T104041Z_20250813T104141Z,,,,,,,,,,,,,,,,,[0.1261 -0.3709 1.5963],5999,2025-08-13 10:40:41.128000,earthquake_local,SUF.HE_20250813104041_HH_EV
HE,SUF,HH,62.7194,26.1474,,500,manual,0.5,,4096,manual,0.5,20250817T031545Z_20250817T031645Z,,,,,,,,,,,,,,,,,[0.0293 0.4502 -0.0326],5999,2025-08-17 03:15:45.096000,earthquake_local,SUF.HE_20250817031545_HH_EV
HE,SUF,HH,62.7194,26.1474,,500,manual,0.5,,2943,manual,0.5,20250909T163122Z_20250909T163222Z,,,,,,,,,,,,,,,,,[0.2205 -0.3625 -0.2843],5999,2025-09-09 16:31:22.084000,earthquake_local,SUF.HE_20250909163122_HH_EV
HE,SUF,HH,62.7194,26.1474,,500,manual,0.5,,3006,manual,0.5,20250914T060230Z_20250914T060330Z,,,,,,,,,,,,,,,,,[-1.8645 0.0426 -0.2810],5999,2025-09-14 06:02:30.888000,earthquake_local,SUF.HE_20250914060230_HH_EV
HE,SUF,HH,62.7194,26.1474,,500,manual,0.5,,3370,manual,0.5,20251003T171614Z_20251003T171714Z,,,,,,,,,,,,,,,,,[-1.3961 -0.0704 -2.9749],5999,2025-10-03 17:16:14.868000,earthquake_local,SUF.HE_20251003171614_HH_EV
HE,SUF,HH,62.7194,26.1474,,500,manual,0.5,,3053,manual,0.5,20251011T133152Z_20251011T133252Z,,,,,,,,,,,,,,,,,[-2.8249 1.5805 -3.1978],5999,2025-10-11 13:31:52.424000,earthquake_local,SUF.HE_20251011133152_HH_EV
HE,SUF,HH,62.7194,26.1474,,500,manual,0.5,,2587,manual,0.5,20251016T142554Z_20251016T142654Z,,,,,,,,,,,,,,,,,[0.0886 2.4847 -1.5444],5509,2025-10-16 14:25:54.772000,earthquake_local,SUF.HE_20251016142554_HH_EV
HE,SUF,HH,62.7194,26.1474,,500,manual,0.5,,3011,manual,0.5,20251018T035902Z_20251018T040002Z,,,,,,,,,,,,,,,,,[-3.6678 2.0606 0.0119],5999,2025-10-18 03:59:02.196000,earthquake_local,SUF.HE_20251018035902_HH_EV
HE,SUF,HH,62.7194,26.1474,,500,manual,0.5,,3146,manual,0.5,20251018T044005Z_20251018T044105Z,,,,,,,,,,,,,,,,,[1.4582 -0.1340 -0.4340],5999,2025-10-18 04:40:05.352000,earthquake_local,SUF.HE_20251018044005_HH_EV
HE,SUF,HH,62.7194,26.1474,,500,manual,0.5,,3586,manual,0.5,20251107T205726Z_20251107T205826Z,,,,,,,,,,,,,,,,,[2.4051 -1.1097 4.2010],5999,2025-11-07 20:57:26.376000,earthquake_local,SUF.HE_20251107205726_HH_EV
HE,SUF,HH,62.7194,26.1474,,500,manual,0.5,,3279,manual,0.5,20251113T032917Z_20251113T033017Z,,,,,,,,,,,,,,,,,[3.3588 5.8832 -0.2940],5999,2025-11-13 03:29:17.072000,earthquake_local,SUF.HE_20251113032917_HH_EV
HE,SUF,HH,62.7194,26.1474,,500,manual,0.5,,3431,manual,0.5,20251203T192812Z_20251203T192912Z,,,,,,,,,,,,,,,,,[-0.3328 1.4476 2.4851],5999,2025-12-03 19:28:12.420000,earthquake_local,SUF.HE_20251203192812_HH_EV
HE,SUF,HH,62.7194,26.1474,,500,manual,0.5,,2357,manual,0.5,20251230T114338Z_20251230T114438Z,,,,,,,,,,,,,,,,,[4.8889 -3.4758 1.8114],4957,2025-12-30 11:43:38.420000,earthquake_local,SUF.HE_20251230114338_HH_EV
HE,TOF,HH,66.077745,24.332007,,500,manual,0.5,,1798,manual,0.5,20250102T044222Z_20250102T044322Z,,,,,,,,,,,,,,,,,[-0.0890 -1.0923 -0.6263],3615,2025-01-02 04:42:22.460000,earthquake_local,TOF.HE_20250102044222_HH_EV
HE,TOF,HH,66.077745,24.332007,,500,manual,0.5,,1580,manual,0.5,20250106T190146Z_20250106T190246Z,,,,,,,,,,,,,,,,,[0.6889 -6.7141 0.1311],3092,2025-01-06 19:01:46.060000,earthquake_local,TOF.HE_20250106190146_HH_EV
HE,TOF,HH,66.077745,24.332007,,500,manual,0.5,,2714,manual,0.5,20250107T041441Z_20250107T041541Z,,,,,,,,,,,,,,,,,[-2.6695 -1.2469 -0.2440],5814,2025-01-07 04:14:41.610000,earthquake_local,TOF.HE_20250107041441_HH_EV
HE,TOF,HH,66.077745,24.332007,,500,manual,0.5,,1780,manual,0.5,20250110T124349Z_20250110T124449Z,,,,,,,,,,,,,,,,,[1.0608 3.2185 0.5306],3572,2025-01-10 12:43:49.900000,earthquake_local,TOF.HE_20250110124349_HH_EV
HE,TOF,HH,66.077745,24.332007,,500,manual,0.5,,1099,manual,0.5,20250112T094227Z_20250112T094327Z,,,,,,,,,,,,,,,,,[8.7026 1.5140 -0.2363],1938,2025-01-12 09:42:27.060000,earthquake_local,TOF.HE_20250112094227_HH_EV
HE,TOF,HH,66.077745,24.332007,,500,manual,0.5,,1459,manual,0.5,20250112T172640Z_20250112T172740Z,,,,,,,,,,,,,,,,,[1.1378 -0.6811 -0.2376],2802,2025-01-12 17:26:40.020000,earthquake_local,TOF.HE_20250112172640_HH_EV
HE,TOF,HH,66.077745,24.332007,,500,manual,0.5,,1469,manual,0.5,20250115T105433Z_20250115T105533Z,,,,,,,,,,,,,,,,,[-0.8597 -4.7784 -0.3677],2826,2025-01-15 10:54:33.430000,earthquake_local,TOF.HE_20250115105433_HH_EV
HE,TOF,HH,66.077745,24.332007,,500,manual,0.5,,1569,manual,0.5,20250119T020640Z_20250119T020740Z,,,,,,,,,,,,,,,,,[3.3459 -5.0478 0.0202],3066,2025-01-19 02:06:40.380000,earthquake_local,TOF.HE_20250119020640_HH_EV
HE,TOF,HH,66.077745,24.332007,,500,manual,0.5,,632,manual,0.5,20250120T005025Z_20250120T005125Z,,,,,,,,,,,,,,,,,[12.2380 15.5439 3.3778],817,2025-01-20 00:50:25.180000,earthquake_local,TOF.HE_20250120005025_HH_EV
HE,TOF,HH,66.077745,24.332007,,500,manual,0.5,,1252,manual,0.5,20250123T181822Z_20250123T181922Z,,,,,,,,,,,,,,,,,[-2.4997 -1.4770 -0.6177],2305,2025-01-23 18:18:22.310000,earthquake_local,TOF.HE_20250123181822_HH_EV
HE,TOF,HH,66.077745,24.332007,,500,manual,0.5,,2131,manual,0.5,20250124T182552Z_20250124T182652Z,,,,,,,,,,,,,,,,,[0.5794 -0.0136 0.2132],4414,2025-01-24 18:25:52.680000,earthquake_local,TOF.HE_20250124182552_HH_EV
HE,TOF,HH,66.077745,24.332007,,500,manual,0.5,,2927,manual,0.5,20250126T204955Z_20250126T205055Z,,,,,,,,,,,,,,,,,[0.4049 -2.0301 -2.4764],5999,2025-01-26 20:49:55.110000,earthquake_local,TOF.HE_20250126204955_HH_EV
HE,TOF,HH,66.077745,24.332007,,500,manual,0.5,,1811,manual,0.5,20250127T191804Z_20250127T191904Z,,,,,,,,,,,,,,,,,[-1.8739 -2.2715 -0.1505],3646,2025-01-27 19:18:04.150000,earthquake_local,TOF.HE_20250127191804_HH_EV
HE,TOF,HH,66.077745,24.332007,,500,manual,0.5,,2922,manual,0.5,20250131T023215Z_20250131T023315Z,,,,,,,,,,,,,,,,,[-2.0861 -3.7773 2.5747],5999,2025-01-31 02:32:15.720000,earthquake_local,TOF.HE_20250131023215_HH_EV
HE,TOF,HH,66.077745,24.332007,,500,manual,0.5,,2662,manual,0.5,20250228T003118Z_20250228T003218Z,,,,,,,,,,,,,,,,,[7.0145 -3.7630 -1.2096],5689,2025-02-28 00:31:18.660000,earthquake_local,TOF.HE_20250228003118_HH_EV
HE,TOF,HH,66.077745,24.332007,,500,manual,0.5,,1175,manual,0.5,20250228T014641Z_20250228T014741Z,,,,,,,,,,,,,,,,,[2.8665 2.2752 -0.4330],2120,2025-02-28 01:46:41.850000,earthquake_local,TOF.HE_20250228014641_HH_EV
HE,TOF,HH,66.077745,24.332007,,500,manual,0.5,,3127,manual,0.5,20250301T012417Z_20250301T012517Z,,,,,,,,,,,,,,,,,[-2.2796 0.6702 1.6312],5999,2025-03-01 01:24:17.200000,earthquake_local,TOF.HE_20250301012417_HH_EV
HE,TOF,HH,66.077745,24.332007,,500,manual,0.5,,2817,manual,0.5,20250305T073114Z_20250305T073214Z,,,,,,,,,,,,,,,,,[0.9502 0.7732 -3.8807],5999,2025-03-05 07:31:14.440000,earthquake_local,TOF.HE_20250305073114_HH_EV
HE,TOF,HH,66.077745,24.332007,,500,manual,0.5,,2978,manual,0.5,20250605T030306Z_20250605T030406Z,,,,,,,,,,,,,,,,,[0.5886 0.3566 -0.2658],5999,2025-06-05 03:03:06.090000,earthquake_local,TOF.HE_20250605030306_HH_EV
HE,TOF,HH,66.077745,24.332007,,500,manual,0.5,,1701,manual,0.5,20250608T042656Z_20250608T042756Z,,,,,,,,,,,,,,,,,[-0.5018 0.0221 0.1023],3382,2025-06-08 04:26:56.060000,earthquake_local,TOF.HE_20250608042656_HH_EV
HE,TOF,HH,66.077745,24.332007,,500,manual,0.5,,1394,manual,0.5,20250609T023906Z_20250609T024006Z,,,,,,,,,,,,,,,,,[-0.2475 0.4779 -0.0223],2646,2025-06-09 02:39:06.510000,earthquake_local,TOF.HE_20250609023906_HH_EV
HE,TOF,HH,66.077745,24.332007,,500,manual,0.5,,2343,manual,0.5,20250610T031642Z_20250610T031742Z,,,,,,,,,,,,,,,,,[0.3817 0.0720 0.0323],4923,2025-06-10 03:16:42.130000,earthquake_local,TOF.HE_20250610031642_HH_EV
HE,TOF,HH,66.077745,24.332007,,500,manual,0.5,,1168,manual,0.5,20250621T164102Z_20250621T164202Z,,,,,,,,,,,,,,,,,[-0.3604 -1.8275 -0.0437],2103,2025-06-21 16:41:02.540000,earthquake_local,TOF.HE_20250621164102_HH_EV
HE,TOF,HH,66.077745,24.332007,,500,manual,0.5,,2931,manual,0.5,20250621T180420Z_20250621T180520Z,,,,,,,,,,,,,,,,,[-0.3598 -0.7629 0.0632],5999,2025-06-21 18:04:20.410000,earthquake_local,TOF.HE_20250621180420_HH_EV
HE,TOF,HH,66.077745,24.332007,,500,manual,0.5,,3279,manual,0.5,20250629T233309Z_20250629T233409Z,,,,,,,,,,,,,,,,,[-0.0467 5.8931 -0.1415],5999,2025-06-29 23:33:09.680000,earthquake_local,TOF.HE_20250629233309_HH_EV
HE,TOF,HH,66.077745,24.332007,,500,manual,0.5,,3550,manual,0.5,20250702T054737Z_20250702T054837Z,,,,,,,,,,,,,,,,,[-0.0648 -0.0928 -0.1978],5999,2025-07-02 05:47:37.380000,earthquake_local,TOF.HE_20250702054737_HH_EV
HE,TOF,HH,66.077745,24.332007,,500,manual,0.5,,3310,manual,0.5,20250705T045102Z_20250705T045202Z,,,,,,,,,,,,,,,,,[-1.4882 0.5531 0.9550],5999,2025-07-05 04:51:02.620000,earthquake_local,TOF.HE_20250705045102_HH_EV
HE,TOF,HH,66.077745,24.332007,,500,manual,0.5,,1656,manual,0.5,20250725T140317Z_20250725T140417Z,,,,,,,,,,,,,,,,,[1.0308 -1.0766 -0.0468],3274,2025-07-25 14:03:17.950000,earthquake_local,TOF.HE_20250725140317_HH_EV
HE,TOF,HH,66.077745,24.332007,,500,manual,0.5,,3383,manual,0.5,20250803T081314Z_20250803T081414Z,,,,,,,,,,,,,,,,,[0.9985 0.8888 -0.0336],5999,2025-08-03 08:13:14.120000,earthquake_local,TOF.HE_20250803081314_HH_EV
HE,TOF,HH,66.077745,24.332007,,500,manual,0.5,,1637,manual,0.5,20250804T051128Z_20250804T051228Z,,,,,,,,,,,,,,,,,[-1.7459 -7.3763 0.2072],3229,2025-08-04 05:11:28.860000,earthquake_local,TOF.HE_20250804051128_HH_EV
HE,TOF,HH,66.077745,24.332007,,500,manual,0.5,,2568,manual,0.5,20250817T031522Z_20250817T031622Z,,,,,,,,,,,,,,,,,[1.4259 0.7741 -0.4168],5463,2025-08-17 03:15:22.570000,earthquake_local,TOF.HE_20250817031522_HH_EV
HE,TOF,HH,66.077745,24.332007,,500,manual,0.5,,4085,manual,0.5,20250822T033806Z_20250822T033906Z,,,,,,,,,,,,,,,,,[6.4651 22.6404 -7.9502],5999,2025-08-22 03:38:06.140000,earthquake_local,TOF.HE_20250822033806_HH_EV
HE,TOF,HH,66.077745,24.332007,,500,manual,0.5,,1305,manual,0.5,20250823T205942Z_20250823T210042Z,,,,,,,,,,,,,,,,,[0.4549 1.5796 0.9233],2432,2025-08-23 20:59:42.260000,earthquake_local,TOF.HE_20250823205942_HH_EV
HE,TOF,HH,66.077745,24.332007,,500,manual,0.5,,1610,manual,0.5,20250826T105229Z_20250826T105329Z,,,,,,,,,,,,,,,,,[-1.1749 0.0561 -0.1366],3164,2025-08-26 10:52:29.420000,earthquake_local,TOF.HE_20250826105229_HH_EV
HE,TOF,HH,66.077745,24.332007,,500,manual,0.5,,2700,manual,0.5,20250826T174949Z_20250826T175049Z,,,,,,,,,,,,,,,,,[-0.6742 -0.9153 0.3793],5780,2025-08-26 17:49:49.520000,earthquake_local,TOF.HE_20250826174949_HH_EV
HE,TOF,HH,66.077745,24.332007,,500,manual,0.5,,839,manual,0.5,20250905T170818Z_20250905T170918Z,,,,,,,,,,,,,,,,,[10.9894 16.7173 -0.1185],1314,2025-09-05 17:08:18.010000,earthquake_local,TOF.HE_20250905170818_HH_EV
HE,TOF,HH,66.077745,24.332007,,500,manual,0.5,,2912,manual,0.5,20250906T180956Z_20250906T181056Z,,,,,,,,,,,,,,,,,[-0.0448 0.4589 0.0223],5999,2025-09-06 18:09:56.320000,earthquake_local,TOF.HE_20250906180956_HH_EV
HE,TOF,HH,66.077745,24.332007,,500,manual,0.5,,1797,manual,0.5,20250911T131742Z_20250911T131842Z,,,,,,,,,,,,,,,,,[2.1464 -0.3824 0.1676],3613,2025-09-11 13:17:42.540000,earthquake_local,TOF.HE_20250911131742_HH_EV
HE,TOF,HH,66.077745,24.332007,,500,manual,0.5,,1847,manual,0.5,20250915T101740Z_20250915T101840Z,,,,,,,,,,,,,,,,,[0.3115 -0.1968 0.9370],3733,2025-09-15 10:17:40.250000,earthquake_local,TOF.HE_20250915101740_HH_EV
HE,TOF,HH,66.077745,24.332007,,500,manual,0.5,,836,manual,0.5,20250921T102601Z_20250921T102701Z,,,,,,,,,,,,,,,,,[1.5385 0.8045 -2.0981],1306,2025-09-21 10:26:01.390000,earthquake_local,TOF.HE_20250921102601_HH_EV
HE,TOF,HH,66.077745,24.332007,,500,manual,0.5,,1470,manual,0.5,20250930T144909Z_20250930T145009Z,,,,,,,,,,,,,,,,,[-12.2465 6.1399 3.9480],2828,2025-09-30 14:49:09.130000,earthquake_local,TOF.HE_20250930144909_HH_EV
HE,TOF,HH,66.077745,24.332007,,500,manual,0.5,,1131,manual,0.5,20251021T061557Z_20251021T061657Z,,,,,,,,,,,,,,,,,[4.2463 -0.2152 1.9087],2014,2025-10-21 06:15:57.830000,earthquake_local,TOF.HE_20251021061557_HH_EV
HE,TOF,HH,66.077745,24.332007,,500,manual,0.5,,3880,manual,0.5,20251103T221753Z_20251103T221853Z,,,,,,,,,,,,,,,,,[1.1748 6.7826 0.4837],5999,2025-11-03 22:17:53.510000,earthquake_local,TOF.HE_20251103221753_HH_EV
HE,TOF,HH,66.077745,24.332007,,500,manual,0.5,,1109,manual,0.5,20251109T112059Z_20251109T112159Z,,,,,,,,,,,,,,,,,[0.2613 1.8922 -0.4809],1962,2025-11-09 11:20:59.590000,earthquake_local,TOF.HE_20251109112059_HH_EV
HE,TOF,HH,66.077745,24.332007,,500,manual,0.5,,2044,manual,0.5,20251118T185757Z_20251118T185857Z,,,,,,,,,,,,,,,,,[-2.3004 1.9330 2.1373],4206,2025-11-18 18:57:57.180000,earthquake_local,TOF.HE_20251118185757_HH_EV
HE,TOF,HH,66.077745,24.332007,,500,manual,0.5,,2014,manual,0.5,20251121T064744Z_20251121T064844Z,,,,,,,,,,,,,,,,,[-1.0217 1.6428 -5.5079],4134,2025-11-21 06:47:44.590000,earthquake_local,TOF.HE_20251121064744_HH_EV
HE,TOF,HH,66.077745,24.332007,,500,manual,0.5,,1562,manual,0.5,20251122T215427Z_20251122T215527Z,,,,,,,,,,,,,,,,,[0.3485 -1.2570 -0.0248],3049,2025-11-22 21:54:27.720000,earthquake_local,TOF.HE_20251122215427_HH_EV
HE,TOF,HH,66.077745,24.332007,,500,manual,0.5,,2837,manual,0.5,20251123T121828Z_20251123T121928Z,,,,,,,,,,,,,,,,,[-4.3367 -1.2945 -0.4028],5999,2025-11-23 12:18:28.360000,earthquake_local,TOF.HE_20251123121828_HH_EV
HE,TOF,HH,66.077745,24.332007,,500,manual,0.5,,2752,manual,0.5,20251202T004329Z_20251202T004429Z,,,,,,,,,,,,,,,,,[0.5656 1.9032 -0.0512],5905,2025-12-02 00:43:29.610000,earthquake_local,TOF.HE_20251202004329_HH_EV
HE,TOF,HH,66.077745,24.332007,,500,manual,0.5,,1694,manual,0.5,20251211T234438Z_20251211T234538Z,,,,,,,,,,,,,,,,,[0.2891 6.3297 -0.3585],3366,2025-12-11 23:44:38.740000,earthquake_local,TOF.HE_20251211234438_HH_EV
HE,TOF,HH,66.077745,24.332007,,500,manual,0.5,,1711,manual,0.5,20251212T002346Z_20251212T002446Z,,,,,,,,,,,,,,,,,[1.7826 -0.2581 0.0764],3406,2025-12-12 00:23:46.180000,earthquake_local,TOF.HE_20251212002346_HH_EV
HE,TOF,HH,66.077745,24.332007,,500,manual,0.5,,2893,manual,0.5,20251215T175508Z_20251215T175608Z,,,,,,,,,,,,,,,,,[-2.1425 0.9507 -1.4448],5999,2025-12-15 17:55:08.070000,earthquake_local,TOF.HE_20251215175508_HH_EV
HE,TOF,HH,66.077745,24.332007,,500,manual,0.5,,3427,manual,0.5,20251217T080019Z_20251217T080119Z,,,,,,,,,,,,,,,,,[-0.4537 -2.6143 -1.0666],5999,2025-12-17 08:00:19.060000,earthquake_local,TOF.HE_20251217080019_HH_EV
HE,TOF,HH,66.077745,24.332007,,500,manual,0.5,,1792,manual,0.5,20251219T083725Z_20251219T083825Z,,,,,,,,,,,,,,,,,[-0.7536 -3.0664 -1.8859],3601,2025-12-19 08:37:25.100000,earthquake_local,TOF.HE_20251219083725_HH_EV
HE,TOF,HH,66.077745,24.332007,,500,manual,0.5,,1566,manual,0.5,20251219T213307Z_20251219T213407Z,,,,,,,,,,,,,,,,,[-1.7116 12.9775 1.4421],3058,2025-12-19 21:33:07.020000,earthquake_local,TOF.HE_20251219213307_HH_EV
HE,TOF,HH,66.077745,24.332007,,500,manual,0.5,,1749,manual,0.5,20251227T013842Z_20251227T013942Z,,,,,,,,,,,,,,,,,[2.3296 6.7044 0.0620],3498,2025-12-27 01:38:42.480000,earthquake_local,TOF.HE_20251227013842_HH_EV
HE,TOF,HH,66.077745,24.332007,,500,manual,0.5,,2534,manual,0.5,20251228T223200Z_20251228T223300Z,,,,,,,,,,,,,,,,,[8.1597 1.6103 0.4732],5382,2025-12-28 22:32:00.760000,earthquake_local,TOF.HE_20251228223200_HH_EV
HE,TVF,HH,,,,500,manual,0.5,,3217,manual,0.5,20250115T090356Z_20250115T090456Z,,,,,,,,,,,,,,,,,[3.9926 -2.8368 0.0346],5999,2025-01-15 09:03:56.124000,earthquake_local,TVF.HE_20250115090356_HH_EV
HE,TVF,HH,,,,500,manual,0.5,,2998,manual,0.5,20250215T085616Z_20250215T085716Z,,,,,,,,,,,,,,,,,[1.4901 -2.1874 -0.0490],5999,2025-02-15 08:56:16.716000,earthquake_local,TVF.HE_20250215085616_HH_EV
HE,TVF,HH,,,,500,manual,0.5,,2384,manual,0.5,20250320T013403Z_20250320T013503Z,,,,,,,,,,,,,,,,,[-0.5203 0.6533 0.0249],5022,2025-03-20 01:34:03.260000,earthquake_local,TVF.HE_20250320013403_HH_EV
HE,TVF,HH,,,,500,manual,0.5,,2332,manual,0.5,20250326T050646Z_20250326T050746Z,,,,,,,,,,,,,,,,,[-2.8980 -0.7472 0.0526],4897,2025-03-26 05:06:46.100000,earthquake_local,TVF.HE_20250326050646_HH_EV
HE,TVF,HH,,,,500,manual,0.5,,3030,manual,0.5,20250425T214754Z_20250425T214854Z,,,,,,,,,,,,,,,,,[1.4532 4.4511 -0.0433],5999,2025-04-25 21:47:54.940000,earthquake_local,TVF.HE_20250425214754_HH_EV
HE,TVF,HH,,,,500,manual,0.5,,3313,manual,0.5,20250430T120445Z_20250430T120545Z,,,,,,,,,,,,,,,,,[1.3389 -3.0686 0.0007],5999,2025-04-30 12:04:45.972000,earthquake_local,TVF.HE_20250430120445_HH_EV
HE,TVF,HH,,,,500,manual,0.5,,3296,manual,0.5,20250514T213803Z_20250514T213903Z,,,,,,,,,,,,,,,,,[1.8250 16.5187 -0.0979],5999,2025-05-14 21:38:03.388000,earthquake_local,TVF.HE_20250514213803_HH_EV
HE,TVF,HH,,,,500,manual,0.5,,1349,manual,0.5,20250705T220607Z_20250705T220707Z,,,,,,,,,,,,,,,,,[-0.0777 -6.1069 -0.1015],2538,2025-07-05 22:06:07.904000,earthquake_local,TVF.HE_20250705220607_HH_EV
HE,TVF,HH,,,,500,manual,0.5,,1576,manual,0.5,20250727T015807Z_20250727T015907Z,,,,,,,,,,,,,,,,,[-0.1929 -1.1174 -0.0246],3082,2025-07-27 01:58:07.176000,earthquake_local,TVF.HE_20250727015807_HH_EV
HE,TVF,HH,,,,500,manual,0.5,,3358,manual,0.5,20250801T002020Z_20250801T002120Z,,,,,,,,,,,,,,,,,[-0.6747 -1.4475 0.0492],5999,2025-08-01 00:20:20.712000,earthquake_local,TVF.HE_20250801002020_HH_EV
HE,TVF,HH,,,,500,manual,0.5,,2581,manual,0.5,20250811T205855Z_20250811T205955Z,,,,,,,,,,,,,,,,,[-0.2789 -7.6673 -0.0145],5494,2025-08-11 20:58:55.320000,earthquake_local,TVF.HE_20250811205855_HH_EV
HE,TVF,HH,,,,500,manual,0.5,,1510,manual,0.5,20250817T045843Z_20250817T045943Z,,,,,,,,,,,,,,,,,[3.6657 -8.2430 -0.4747],2924,2025-08-17 04:58:43.604000,earthquake_local,TVF.HE_20250817045843_HH_EV
HE,TVF,HH,,,,500,manual,0.5,,683,manual,0.5,20250818T201307Z_20250818T201407Z,,,,,,,,,,,,,,,,,[-0.2462 8.0373 -0.0164],939,2025-08-18 20:13:07.860000,earthquake_local,TVF.HE_20250818201307_HH_EV
HE,TVF,HH,,,,500,manual,0.5,,684,manual,0.5,20250824T011947Z_20250824T012047Z,,,,,,,,,,,,,,,,,[-0.6381 -3.4811 0.0109],942,2025-08-24 01:19:47.432000,earthquake_local,TVF.HE_20250824011947_HH_EV
HE,TVF,HH,,,,500,manual,0.5,,2625,manual,0.5,20250914T060225Z_20250914T060325Z,,,,,,,,,,,,,,,,,[0.7639 3.0325 0.1265],5600,2025-09-14 06:02:25.652000,earthquake_local,TVF.HE_20250914060225_HH_EV
HE,TVF,HH,,,,500,manual,0.5,,2635,manual,0.5,20251011T133147Z_20251011T133247Z,,,,,,,,,,,,,,,,,[-5.3318 -1.0642 9.3568],5624,2025-10-11 13:31:47.552000,earthquake_local,TVF.HE_20251011133147_HH_EV
HE,TVF,HH,,,,500,manual,0.5,,2574,manual,0.5,20251012T173828Z_20251012T173928Z,,,,,,,,,,,,,,,,,[0.6910 -3.2651 -0.0701],5478,2025-10-12 17:38:28.016000,earthquake_local,TVF.HE_20251012173828_HH_EV
HE,TVF,HH,,,,500,manual,0.5,,2649,manual,0.5,20251018T044000Z_20251018T044100Z,,,,,,,,,,,,,,,,,[4.0934 0.9399 -0.0915],5658,2025-10-18 04:40:00.636000,earthquake_local,TVF.HE_20251018044000_HH_EV
HE,TVF,HH,,,,500,manual,0.5,,2199,manual,0.5,20251030T093221Z_20251030T093321Z,,,,,,,,,,,,,,,,,[-0.3327 0.0461 -0.0456],4578,2025-10-30 09:32:21.124000,earthquake_local,TVF.HE_20251030093221_HH_EV
HE,TVF,HH,,,,500,manual,0.5,,881,manual,0.5,20251222T221629Z_20251222T221729Z,,,,,,,,,,,,,,,,,[-0.2092 11.6141 -0.0348],1414,2025-12-22 22:16:29.104000,earthquake_local,TVF.HE_20251222221629_HH_EV
HE,VAF,HH,63.0471,22.6683,,500,manual,0.5,,2590,manual,0.5,20250105T045503Z_20250105T045603Z,,,,,,,,,,,,,,,,,[-0.0282 -2.4687 2.9926],5516,2025-01-05 04:55:03.660000,earthquake_local,VAF.HE_20250105045503_HH_EV
HE,VAF,HH,63.0471,22.6683,,500,manual,0.5,,2566,manual,0.5,20250106T060337Z_20250106T060437Z,,,,,,,,,,,,,,,,,[-1.0426 -1.4559 -3.8088],5458,2025-01-06 06:03:37.980000,earthquake_local,VAF.HE_20250106060337_HH_EV
HE,VAF,HH,63.0471,22.6683,,500,manual,0.5,,2496,manual,0.5,20250106T122653Z_20250106T122753Z,,,,,,,,,,,,,,,,,[-3.6462 2.8566 -3.0911],5290,2025-01-06 12:26:53.610000,earthquake_local,VAF.HE_20250106122653_HH_EV
HE,VAF,HH,63.0471,22.6683,,500,manual,0.5,,2546,manual,0.5,20250107T041439Z_20250107T041539Z,,,,,,,,,,,,,,,,,[-3.7103 10.3087 -3.6739],5410,2025-01-07 04:14:39.440000,earthquake_local,VAF.HE_20250107041439_HH_EV
HE,VAF,HH,63.0471,22.6683,,500,manual,0.5,,2656,manual,0.5,20250108T105016Z_20250108T105116Z,,,,,,,,,,,,,,,,,[-1.0646 -5.3578 -4.1164],5674,2025-01-08 10:50:16.740000,earthquake_local,VAF.HE_20250108105016_HH_EV
HE,VAF,HH,63.0471,22.6683,,500,manual,0.5,,2415,manual,0.5,20250109T034019Z_20250109T034119Z,,,,,,,,,,,,,,,,,[-0.4316 2.0183 3.2024],5096,2025-01-09 03:40:19.850000,earthquake_local,VAF.HE_20250109034019_HH_EV
HE,VAF,HH,63.0471,22.6683,,500,manual,0.5,,2146,manual,0.5,20250129T060327Z_20250129T060427Z,,,,,,,,,,,,,,,,,[3.5576 2.1699 6.5955],4450,2025-01-29 06:03:27.800000,earthquake_local,VAF.HE_20250129060327_HH_EV
HE,VAF,HH,63.0471,22.6683,,500,manual,0.5,,2682,manual,0.5,20250131T071947Z_20250131T072047Z,,,,,,,,,,,,,,,,,[-1.3883 -0.1094 -0.3331],5737,2025-01-31 07:19:47.620000,earthquake_local,VAF.HE_20250131071947_HH_EV
HE,VAF,HH,63.0471,22.6683,,500,manual,0.5,,3663,manual,0.5,20250209T074636Z_20250209T074736Z,,,,,,,,,,,,,,,,,[3.8975 1.9641 -1.2987],5999,2025-02-09 07:46:36.910000,earthquake_local,VAF.HE_20250209074636_HH_EV
HE,VAF,HH,63.0471,22.6683,,500,manual,0.5,,2576,manual,0.5,20250314T233044Z_20250314T233144Z,,,,,,,,,,,,,,,,,[2.1199 6.0863 1.4860],5482,2025-03-14 23:30:44.820000,earthquake_local,VAF.HE_20250314233044_HH_EV
HE,VAF,HH,63.0471,22.6683,,500,manual,0.5,,2544,manual,0.5,20250330T131421Z_20250330T131521Z,,,,,,,,,,,,,,,,,[-0.8546 8.1732 4.8160],5406,2025-03-30 13:14:21.430000,earthquake_local,VAF.HE_20250330131421_HH_EV
HE,VAF,HH,63.0471,22.6683,,500,manual,0.5,,2930,manual,0.5,20250409T175922Z_20250409T180022Z,,,,,,,,,,,,,,,,,[-3.8040 6.8037 2.3892],5999,2025-04-09 17:59:22.880000,earthquake_local,VAF.HE_20250409175922_HH_EV
HE,VAF,HH,63.0471,22.6683,,500,manual,0.5,,2755,manual,0.5,20250413T021726Z_20250413T021826Z,,,,,,,,,,,,,,,,,[3.3047 -1.9383 6.8385],5912,2025-04-13 02:17:26.300000,earthquake_local,VAF.HE_20250413021726_HH_EV
HE,VAF,HH,63.0471,22.6683,,500,manual,0.5,,2176,manual,0.5,20250423T183504Z_20250423T183604Z,,,,,,,,,,,,,,,,,[7.8372 17.3886 8.3798],4522,2025-04-23 18:35:04.930000,earthquake_local,VAF.HE_20250423183504_HH_EV
HE,VAF,HH,63.0471,22.6683,,500,manual,0.5,,3147,manual,0.5,20250512T031155Z_20250512T031255Z,,,,,,,,,,,,,,,,,[1.6886 1.2497 -0.6634],5999,2025-05-12 03:11:55.940000,earthquake_local,VAF.HE_20250512031155_HH_EV
HE,VAF,HH,63.0471,22.6683,,500,manual,0.5,,3357,manual,0.5,20250520T011250Z_20250520T011350Z,,,,,,,,,,,,,,,,,[0.3595 7.7821 0.4898],5999,2025-05-20 01:12:50.070000,earthquake_local,VAF.HE_20250520011250_HH_EV
HE,VAF,HH,63.0471,22.6683,,500,manual,0.5,,3248,manual,0.5,20250529T005526Z_20250529T005626Z,,,,,,,,,,,,,,,,,[0.5300 5.0299 3.0923],5999,2025-05-29 00:55:26.160000,earthquake_local,VAF.HE_20250529005526_HH_EV
HE,VAF,HH,63.0471,22.6683,,500,manual,0.5,,3521,manual,0.5,20250615T213751Z_20250615T213851Z,,,,,,,,,,,,,,,,,[-0.2330 0.6461 -1.3657],5999,2025-06-15 21:37:51.040000,earthquake_local,VAF.HE_20250615213751_HH_EV
HE,VAF,HH,63.0471,22.6683,,500,manual,0.5,,2748,manual,0.5,20250621T180418Z_20250621T180518Z,,,,,,,,,,,,,,,,,[-0.3343 -0.9749 -0.5207],5895,2025-06-21 18:04:18.570000,earthquake_local,VAF.HE_20250621180418_HH_EV
HE,VAF,HH,63.0471,22.6683,,500,manual,0.5,,2560,manual,0.5,20250622T035600Z_20250622T035700Z,,,,,,,,,,,,,,,,,[-0.3161 0.2187 -1.1487],5444,2025-06-22 03:56:00.360000,earthquake_local,VAF.HE_20250622035600_HH_EV
HE,VAF,HH,63.0471,22.6683,,500,manual,0.5,,1793,manual,0.5,20250628T154143Z_20250628T154243Z,,,,,,,,,,,,,,,,,[1.2028 1.3410 5.9128],3603,2025-06-28 15:41:43.020000,earthquake_local,VAF.HE_20250628154143_HH_EV
HE,VAF,HH,63.0471,22.6683,,500,manual,0.5,,3316,manual,0.5,20250629T233312Z_20250629T233412Z,,,,,,,,,,,,,,,,,[0.9097 -4.2245 -1.7930],5999,2025-06-29 23:33:12.510000,earthquake_local,VAF.HE_20250629233312_HH_EV
HE,VAF,HH,63.0471,22.6683,,500,manual,0.5,,3760,manual,0.5,20250630T005902Z_20250630T010002Z,,,,,,,,,,,,,,,,,[-3.7953 -4.1611 -7.2183],5999,2025-06-30 00:59:02.450000,earthquake_local,VAF.HE_20250630005902_HH_EV
HE,VAF,HH,63.0471,22.6683,,500,manual,0.5,,2300,manual,0.5,20250703T171913Z_20250703T172013Z,,,,,,,,,,,,,,,,,[-0.3321 -3.1874 -0.6277],4820,2025-07-03 17:19:13.310000,earthquake_local,VAF.HE_20250703171913_HH_EV
HE,VAF,HH,63.0471,22.6683,,500,manual,0.5,,2986,manual,0.5,20250705T045058Z_20250705T045158Z,,,,,,,,,,,,,,,,,[-0.8348 3.2877 1.5232],5999,2025-07-05 04:50:58.400000,earthquake_local,VAF.HE_20250705045058_HH_EV
HE,VAF,HH,63.0471,22.6683,,500,manual,0.5,,2654,manual,0.5,20250709T022609Z_20250709T022709Z,,,,,,,,,,,,,,,,,[-0.1878 -3.0794 -0.4640],5670,2025-07-09 02:26:09.600000,earthquake_local,VAF.HE_20250709022609_HH_EV
HE,VAF,HH,63.0471,22.6683,,500,manual,0.5,,2799,manual,0.5,20250710T233941Z_20250710T234041Z,,,,,,,,,,,,,,,,,[0.0078 3.3862 0.8056],5999,2025-07-10 23:39:41.220000,earthquake_local,VAF.HE_20250710233941_HH_EV
HE,VAF,HH,63.0471,22.6683,,500,manual,0.5,,3650,manual,0.5,20250806T132431Z_20250806T132531Z,,,,,,,,,,,,,,,,,[-0.0830 6.9821 0.4380],5999,2025-08-06 13:24:31.060000,earthquake_local,VAF.HE_20250806132431_HH_EV
HE,VAF,HH,63.0471,22.6683,,500,manual,0.5,,3028,manual,0.5,20250817T031530Z_20250817T031630Z,,,,,,,,,,,,,,,,,[-0.5570 -1.0894 1.0583],5999,2025-08-17 03:15:30.710000,earthquake_local,VAF.HE_20250817031530_HH_EV
HE,VAF,HH,63.0471,22.6683,,500,manual,0.5,,2846,manual,0.5,20250902T160113Z_20250902T160213Z,,,,,,,,,,,,,,,,,[0.1442 4.0795 1.4860],5999,2025-09-02 16:01:13.740000,earthquake_local,VAF.HE_20250902160113_HH_EV
HE,VAF,HH,63.0471,22.6683,,500,manual,0.5,,3754,manual,0.5,20250916T203527Z_20250916T203627Z,,,,,,,,,,,,,,,,,[0.6380 2.4966 -1.1763],5999,2025-09-16 20:35:27.050000,earthquake_local,VAF.HE_20250916203527_HH_EV
HE,VAF,HH,63.0471,22.6683,,500,manual,0.5,,2705,manual,0.5,20250919T032139Z_20250919T032239Z,,,,,,,,,,,,,,,,,[3.1250 1.4640 -2.2884],5792,2025-09-19 03:21:39.220000,earthquake_local,VAF.HE_20250919032139_HH_EV
HE,VAF,HH,63.0471,22.6683,,500,manual,0.5,,2992,manual,0.5,20250919T204619Z_20250919T204719Z,,,,,,,,,,,,,,,,,[1.2472 -0.5397 -1.7892],5999,2025-09-19 20:46:19.140000,earthquake_local,VAF.HE_20250919204619_HH_EV
HE,VAF,HH,63.0471,22.6683,,500,manual,0.5,,3181,manual,0.5,20251012T173834Z_20251012T173934Z,,,,,,,,,,,,,,,,,[-3.6076 3.9420 5.4527],5999,2025-10-12 17:38:34.880000,earthquake_local,VAF.HE_20251012173834_HH_EV
HE,VAF,HH,63.0471,22.6683,,500,manual,0.5,,2507,manual,0.5,20251024T163929Z_20251024T164029Z,,,,,,,,,,,,,,,,,[0.1816 -1.8421 0.6126],5317,2025-10-24 16:39:29.550000,earthquake_local,VAF.HE_20251024163929_HH_EV
HE,VAF,HH,63.0471,22.6683,,500,manual,0.5,,1798,manual,0.5,20251027T194942Z_20251027T195042Z,,,,,,,,,,,,,,,,,[-0.5048 6.0179 0.9971],3615,2025-10-27 19:49:42.380000,earthquake_local,VAF.HE_20251027194942_HH_EV
HE,VAF,HH,63.0471,22.6683,,500,manual,0.5,,2569,manual,0.5,20251111T022426Z_20251111T022526Z,,,,,,,,,,,,,,,,,[-2.8450 6.0901 -2.1130],5466,2025-11-11 02:24:26.760000,earthquake_local,VAF.HE_20251111022426_HH_EV
HE,VAF,HH,63.0471,22.6683,,500,manual,0.5,,1442,manual,0.5,20251113T032852Z_20251113T032952Z,,,,,,,,,,,,,,,,,[-0.1147 0.8373 4.1913],2761,2025-11-13 03:28:52.770000,earthquake_local,VAF.HE_20251113032852_HH_EV
HE,VAF,HH,63.0471,22.6683,,500,manual,0.5,,4036,manual,0.5,20251120T230931Z_20251120T231031Z,,,,,,,,,,,,,,,,,[0.8784 2.2300 2.3214],5999,2025-11-20 23:09:31.870000,earthquake_local,VAF.HE_20251120230931_HH_EV
HE,VAF,HH,63.0471,22.6683,,500,manual,0.5,,3290,manual,0.5,20251123T121831Z_20251123T121931Z,,,,,,,,,,,,,,,,,[-0.3785 8.4163 0.4296],5999,2025-11-23 12:18:31.850000,earthquake_local,VAF.HE_20251123121831_HH_EV
HE,VAF,HH,63.0471,22.6683,,500,manual,0.5,,1952,manual,0.5,20251203T192755Z_20251203T192855Z,,,,,,,,,,,,,,,,,[6.4708 2.5515 5.3945],3985,2025-12-03 19:27:55.290000,earthquake_local,VAF.HE_20251203192755_HH_EV
HE,VAF,HH,63.0471,22.6683,,500,manual,0.5,,2506,manual,0.5,20251211T054353Z_20251211T054453Z,,,,,,,,,,,,,,,,,[-1.0070 11.7301 -1.5702],5314,2025-12-11 05:43:53.870000,earthquake_local,VAF.HE_20251211054353_HH_EV
HE,VAF,HH,63.0471,22.6683,,500,manual,0.5,,2473,manual,0.5,20251211T111850Z_20251211T111950Z,,,,,,,,,,,,,,,,,[1.8158 -4.2298 -4.1587],5235,2025-12-11 11:18:50.830000,earthquake_local,VAF.HE_20251211111850_HH_EV
HE,VAF,HH,63.0471,22.6683,,500,manual,0.5,,2533,manual,0.5,20251217T194326Z_20251217T194426Z,,,,,,,,,,,,,,,,,[5.1545 -5.4870 -6.7723],5379,2025-12-17 19:43:26.010000,earthquake_local,VAF.HE_20251217194326_HH_EV
HE,VAF,HH,63.0471,22.6683,,500,manual,0.5,,2425,manual,0.5,20251220T023523Z_20251220T023623Z,,,,,,,,,,,,,,,,,[-5.5368 -5.6301 -1.5188],5120,2025-12-20 02:35:23.910000,earthquake_local,VAF.HE_20251220023523_HH_EV
HE,VAF,HH,63.0471,22.6683,,500,manual,0.5,,1750,manual,0.5,20251225T163751Z_20251225T163851Z,,,,,,,,,,,,,,,,,[2.7900 0.9997 1.2782],3500,2025-12-25 16:37:51.250000,earthquake_local,VAF.HE_20251225163751_HH_EV
HE,VAF,HH,63.0471,22.6683,,500,manual,0.5,,2613,manual,0.5,20251230T114342Z_20251230T114442Z,,,,,,,,,,,,,,,,,[-0.6630 4.1027 -1.0167],5571,2025-12-30 11:43:42.440000,earthquake_local,VAF.HE_20251230114342_HH_EV
HE,VJF,HH,60.5388,27.555,,500,manual,0.5,,761,manual,0.5,20250115T090323Z_20250115T090423Z,,,,,,,,,,,,,,,,,[7.9329 8.9405 4.2309],1126,2025-01-15 09:03:23.684000,earthquake_local,VJF.HE_20250115090323_HH_EV
HE,VJF,HH,60.5388,27.555,,500,manual,0.5,,1444,manual,0.5,20250125T132031Z_20250125T132131Z,,,,,,,,,,,,,,,,,[0.5454 8.0553 -2.3971],2766,2025-01-25 13:20:31.696000,earthquake_local,VJF.HE_20250125132031_HH_EV
HE,VJF,HH,60.5388,27.555,,500,manual,0.5,,1035,manual,0.5,20250127T012949Z_20250127T013049Z,,,,,,,,,,,,,,,,,[2.4132 5.5737 4.3032],1784,2025-01-27 01:29:49.644000,earthquake_local,VJF.HE_20250127012949_HH_EV
HE,VJF,HH,60.5388,27.555,,500,manual,0.5,,917,manual,0.5,20250215T085547Z_20250215T085647Z,,,,,,,,,,,,,,,,,[7.8124 19.1639 8.5995],1501,2025-02-15 08:55:47.256000,earthquake_local,VJF.HE_20250215085547_HH_EV
HE,VJF,HH,60.5388,27.555,,500,manual,0.5,,905,manual,0.5,20250215T085723Z_20250215T085823Z,,,,,,,,,,,,,,,,,[2.7374 6.7602 -2.1137],1472,2025-02-15 08:57:23.644000,earthquake_local,VJF.HE_20250215085723_HH_EV
HE,VJF,HH,60.5388,27.555,,500,manual,0.5,,1108,manual,0.5,20250425T183828Z_20250425T183928Z,,,,,,,,,,,,,,,,,[10.8645 11.6910 7.6805],1959,2025-04-25 18:38:28.236000,earthquake_local,VJF.HE_20250425183828_HH_EV
HE,VJF,HH,60.5388,27.555,,500,manual,0.5,,1189,manual,0.5,20250425T210859Z_20250425T210959Z,,,,,,,,,,,,,,,,,[0.2929 -0.2118 10.6508],2154,2025-04-25 21:08:59.616000,earthquake_local,VJF.HE_20250425210859_HH_EV
HE,VJF,HH,60.5388,27.555,,500,manual,0.5,,1309,manual,0.5,20250425T214729Z_20250425T214829Z,,,,,,,,,,,,,,,,,[5.6552 0.8877 1.9705],2442,2025-04-25 21:47:29.716000,earthquake_local,VJF.HE_20250425214729_HH_EV
HE,VJF,HH,60.5388,27.555,,500,manual,0.5,,659,manual,0.5,20250430T120410Z_20250430T120510Z,,,,,,,,,,,,,,,,,[33.6113 34.7853 25.8307],882,2025-04-30 12:04:10.952000,earthquake_local,VJF.HE_20250430120410_HH_EV
HE,VJF,HH,60.5388,27.555,,500,manual,0.5,,671,manual,0.5,20250430T161123Z_20250430T161223Z,,,,,,,,,,,,,,,,,[22.0366 23.0017 15.6043],910,2025-04-30 16:11:23.780000,earthquake_local,VJF.HE_20250430161123_HH_EV
HE,VJF,HH,60.5388,27.555,,500,manual,0.5,,666,manual,0.5,20250430T213847Z_20250430T213947Z,,,,,,,,,,,,,,,,,[23.8845 12.4699 13.2471],898,2025-04-30 21:38:47.696000,earthquake_local,VJF.HE_20250430213847_HH_EV
HE,VJF,HH,60.5388,27.555,,500,manual,0.5,,873,manual,0.5,20250507T104633Z_20250507T104733Z,,,,,,,,,,,,,,,,,[2.4191 1.9234 8.9057],1395,2025-05-07 10:46:33.500000,earthquake_local,VJF.HE_20250507104633_HH_EV
HE,VJF,HH,60.5388,27.555,,500,manual,0.5,,662,manual,0.5,20250510T001246Z_20250510T001346Z,,,,,,,,,,,,,,,,,[15.7231 8.9064 6.7165],889,2025-05-10 00:12:46.888000,earthquake_local,VJF.HE_20250510001246_HH_EV
HE,VJF,HH,60.5388,27.555,,500,manual,0.5,,672,manual,0.5,20250514T212402Z_20250514T212502Z,,,,,,,,,,,,,,,,,[24.8091 15.7364 10.6257],913,2025-05-14 21:24:02.696000,earthquake_local,VJF.HE_20250514212402_HH_EV
HE,VJF,HH,60.5388,27.555,,500,manual,0.5,,671,manual,0.5,20250514T213727Z_20250514T213827Z,,,,,,,,,,,,,,,,,[31.3120 28.6244 26.8346],910,2025-05-14 21:37:27.504000,earthquake_local,VJF.HE_20250514213727_HH_EV
HE,VJF,HH,60.5388,27.555,,500,manual,0.5,,673,manual,0.5,20250514T214529Z_20250514T214629Z,,,,,,,,,,,,,,,,,[18.5867 16.2003 11.7499],915,2025-05-14 21:45:29.812000,earthquake_local,VJF.HE_20250514214529_HH_EV
HE,VJF,HH,60.5388,27.555,,500,manual,0.5,,818,manual,0.5,20250603T100730Z_20250603T100830Z,,,,,,,,,,,,,,,,,[3.8512 9.7008 9.0185],1263,2025-06-03 10:07:30.796000,earthquake_local,VJF.HE_20250603100730_HH_EV
HE,VJF,HH,60.5388,27.555,,500,manual,0.5,,1395,manual,0.5,20250607T191544Z_20250607T191644Z,,,,,,,,,,,,,,,,,[-1.0213 1.2901 0.2348],2648,2025-06-07 19:15:44.960000,earthquake_local,VJF.HE_20250607191544_HH_EV
HE,VJF,HH,60.5388,27.555,,500,manual,0.5,,2442,manual,0.5,20250613T143811Z_20250613T143911Z,,,,,,,,,,,,,,,,,[1.5837 -0.1036 0.6999],5161,2025-06-13 14:38:11.232000,earthquake_local,VJF.HE_20250613143811_HH_EV
HE,VJF,HH,60.5388,27.555,,500,manual,0.5,,1554,manual,0.5,20250629T201534Z_20250629T201634Z,,,,,,,,,,,,,,,,,[2.3992 2.0906 5.0480],3030,2025-06-29 20:15:34.988000,earthquake_local,VJF.HE_20250629201534_HH_EV
HE,VJF,HH,60.5388,27.555,,500,manual,0.5,,1480,manual,0.5,20250701T212401Z_20250701T212501Z,,,,,,,,,,,,,,,,,[-0.0160 -0.3727 -0.6472],2852,2025-07-01 21:24:01.892000,earthquake_local,VJF.HE_20250701212401_HH_EV
HE,VJF,HH,60.5388,27.555,,500,manual,0.5,,669,manual,0.5,20250715T001525Z_20250715T001625Z,,,,,,,,,,,,,,,,,[5.1274 22.3623 3.0945],906,2025-07-15 00:15:25.672000,earthquake_local,VJF.HE_20250715001525_HH_EV
HE,VJF,HH,60.5388,27.555,,500,manual,0.5,,677,manual,0.5,20250730T081743Z_20250730T081843Z,,,,,,,,,,,,,,,,,[13.8743 8.6310 4.2402],925,2025-07-30 08:17:43.720000,earthquake_local,VJF.HE_20250730081743_HH_EV
HE,VJF,HH,60.5388,27.555,,500,manual,0.5,,666,manual,0.5,20250801T001945Z_20250801T002045Z,,,,,,,,,,,,,,,,,[16.4847 25.7702 19.7166],898,2025-08-01 00:19:45.816000,earthquake_local,VJF.HE_20250801001945_HH_EV
HE,VJF,HH,60.5388,27.555,,500,manual,0.5,,677,manual,0.5,20250803T171057Z_20250803T171157Z,,,,,,,,,,,,,,,,,[4.2724 3.2321 0.3356],925,2025-08-03 17:10:57.024000,earthquake_local,VJF.HE_20250803171057_HH_EV
HE,VJF,HH,60.5388,27.555,,500,manual,0.5,,1595,manual,0.5,20250813T104019Z_20250813T104119Z,,,,,,,,,,,,,,,,,[0.1343 13.1394 6.7561],3128,2025-08-13 10:40:19.472000,earthquake_local,VJF.HE_20250813104019_HH_EV
HE,VJF,HH,60.5388,27.555,,500,manual,0.5,,1079,manual,0.5,20250813T150631Z_20250813T150731Z,,,,,,,,,,,,,,,,,[12.8651 16.7701 2.1278],1890,2025-08-13 15:06:31.632000,earthquake_local,VJF.HE_20250813150631_HH_EV
HE,VJF,HH,60.5388,27.555,,500,manual,0.5,,1034,manual,0.5,20250813T151834Z_20250813T151934Z,,,,,,,,,,,,,,,,,[1.2519 1.9672 -0.3100],1782,2025-08-13 15:18:34.780000,earthquake_local,VJF.HE_20250813151834_HH_EV
HE,VJF,HH,60.5388,27.555,,500,manual,0.5,,1058,manual,0.5,20250813T152224Z_20250813T152324Z,,,,,,,,,,,,,,,,,[7.6549 11.0686 0.9937],1839,2025-08-13 15:22:24.916000,earthquake_local,VJF.HE_20250813152224_HH_EV
HE,VJF,HH,60.5388,27.555,,500,manual,0.5,,1028,manual,0.5,20250813T152543Z_20250813T152643Z,,,,,,,,,,,,,,,,,[2.4440 3.3766 -0.1623],1767,2025-08-13 15:25:43.568000,earthquake_local,VJF.HE_20250813152543_HH_EV
HE,VJF,HH,60.5388,27.555,,500,manual,0.5,,1050,manual,0.5,20250909T163055Z_20250909T163155Z,,,,,,,,,,,,,,,,,[10.7355 5.0472 5.0573],1820,2025-09-09 16:30:55.892000,earthquake_local,VJF.HE_20250909163055_HH_EV
HE,VJF,HH,60.5388,27.555,,500,manual,0.5,,1485,manual,0.5,20250914T060209Z_20250914T060309Z,,,,,,,,,,,,,,,,,[0.5632 1.1811 0.8685],2864,2025-09-14 06:02:09.444000,earthquake_local,VJF.HE_20250914060209_HH_EV
HE,VJF,HH,60.5388,27.555,,500,manual,0.5,,1023,manual,0.5,20250914T190743Z_20250914T190843Z,,,,,,,,,,,,,,,,,[1.5434 3.3545 -1.0101],1755,2025-09-14 19:07:43.452000,earthquake_local,VJF.HE_20250914190743_HH_EV
HE,VJF,HH,60.5388,27.555,,500,manual,0.5,,1457,manual,0.5,20250920T145132Z_20250920T145232Z,,,,,,,,,,,,,,,,,[-0.7748 5.2232 0.2761],2797,2025-09-20 14:51:32.040000,earthquake_local,VJF.HE_20250920145132_HH_EV
HE,VJF,HH,60.5388,27.555,,500,manual,0.5,,1528,manual,0.5,20250924T025432Z_20250924T025532Z,,,,,,,,,,,,,,,,,[-4.4997 0.9565 -0.6284],2967,2025-09-24 02:54:32.392000,earthquake_local,VJF.HE_20250924025432_HH_EV
HE,VJF,HH,60.5388,27.555,,500,manual,0.5,,1252,manual,0.5,20250924T122506Z_20250924T122606Z,,,,,,,,,,,,,,,,,[0.3868 -1.5154 -1.6538],2305,2025-09-24 12:25:06.972000,earthquake_local,VJF.HE_20250924122506_HH_EV
HE,VJF,HH,60.5388,27.555,,500,manual,0.5,,1477,manual,0.5,20251003T171550Z_20251003T171650Z,,,,,,,,,,,,,,,,,[3.7136 2.0118 3.3171],2845,2025-10-03 17:15:50.660000,earthquake_local,VJF.HE_20251003171550_HH_EV
HE,VJF,HH,60.5388,27.555,,500,manual,0.5,,566,manual,0.5,20251008T061245Z_20251008T061345Z,,,,,,,,,,,,,,,,,[22.6218 21.6311 15.3319],666,2025-10-08 06:12:45.040000,earthquake_local,VJF.HE_20251008061245_HH_EV
HE,VJF,HH,60.5388,27.555,,500,manual,0.5,,1526,manual,0.5,20251011T133131Z_20251011T133231Z,,,,,,,,,,,,,,,,,[-1.2012 5.1635 -2.7286],2962,2025-10-11 13:31:31.556000,earthquake_local,VJF.HE_20251011133131_HH_EV
HE,VJF,HH,60.5388,27.555,,500,manual,0.5,,1492,manual,0.5,20251018T035840Z_20251018T035940Z,,,,,,,,,,,,,,,,,[-4.1665 0.0356 3.9976],2881,2025-10-18 03:58:40.936000,earthquake_local,VJF.HE_20251018035840_HH_EV
HE,VJF,HH,60.5388,27.555,,500,manual,0.5,,1496,manual,0.5,20251018T043944Z_20251018T044044Z,,,,,,,,,,,,,,,,,[0.6572 0.8063 0.2160],2890,2025-10-18 04:39:44.472000,earthquake_local,VJF.HE_20251018043944_HH_EV
HE,VJF,HH,60.5388,27.555,,500,manual,0.5,,586,manual,0.5,20251028T012023Z_20251028T012123Z,,,,,,,,,,,,,,,,,[14.6816 3.7605 3.9151],706,2025-10-28 01:20:23.728000,earthquake_local,VJF.HE_20251028012023_HH_EV
HE,VJF,HH,60.5388,27.555,,500,manual,0.5,,915,manual,0.5,20251107T205652Z_20251107T205752Z,,,,,,,,,,,,,,,,,[3.6071 9.3131 3.3475],1496,2025-11-07 20:56:52.172000,earthquake_local,VJF.HE_20251107205652_HH_EV
HE,VJF,HH,60.5388,27.555,,500,manual,0.5,,1567,manual,0.5,20251110T014540Z_20251110T014640Z,,,,,,,,,,,,,,,,,[2.4828 -1.2199 -2.4670],3061,2025-11-10 01:45:40.104000,earthquake_local,VJF.HE_20251110014540_HH_EV
HE,VJF,HH,60.5388,27.555,,500,manual,0.5,,859,manual,0.5,20251220T220856Z_20251220T220956Z,,,,,,,,,,,,,,,,,[-6.3568 0.5105 3.5897],1362,2025-12-20 22:08:56.740000,earthquake_local,VJF.HE_20251220220856_HH_EV
HE,VJF,HH,60.5388,27.555,,500,manual,0.5,,1436,manual,0.5,20251221T061848Z_20251221T061948Z,,,,,,,,,,,,,,,,,[4.9653 -1.8078 -4.4467],2746,2025-12-21 06:18:48.200000,earthquake_local,VJF.HE_20251221061848_HH_EV
HE,VJF,HH,60.5388,27.555,,500,manual,0.5,,1094,manual,0.5,20251226T111253Z_20251226T111353Z,,,,,,,,,,,,,,,,,[9.0748 14.7870 1.4039],1926,2025-12-26 11:12:53.140000,earthquake_local,VJF.HE_20251226111253_HH_EV
HE,VJF,HH,60.5388,27.555,,500,manual,0.5,,3027,manual,0.5,20251230T114345Z_20251230T114445Z,,,,,,,,,,,,,,,,,[-0.3352 5.8583 3.3628],5999,2025-12-30 11:43:45.864000,earthquake_local,VJF.HE_20251230114345_HH_EV
HE,VRF,HH,67.748,29.609,,500,manual,0.5,,1337,manual,0.5,20250117T181139Z_20250117T181239Z,,,,,,,,,,,,,,,,,[-2.3880 -0.6107 -0.7652],2509,2025-01-17 18:11:39.740000,earthquake_local,VRF.HE_20250117181139_HH_EV
HE,VRF,HH,67.748,29.609,,500,manual,0.5,,2506,manual,0.5,20250125T042828Z_20250125T042928Z,,,,,,,,,,,,,,,,,[2.1479 -0.7568 1.1326],5314,2025-01-25 04:28:28.820000,earthquake_local,VRF.HE_20250125042828_HH_EV
HE,VRF,HH,67.748,29.609,,500,manual,0.5,,1334,manual,0.5,20250131T023150Z_20250131T023250Z,,,,,,,,,,,,,,,,,[1.5157 2.0178 0.2978],2502,2025-01-31 02:31:50.240000,earthquake_local,VRF.HE_20250131023150_HH_EV
HE,VRF,HH,67.748,29.609,,500,manual,0.5,,2594,manual,0.5,20250202T003320Z_20250202T003420Z,,,,,,,,,,,,,,,,,[5.4603 4.3346 2.3887],5526,2025-02-02 00:33:20.160000,earthquake_local,VRF.HE_20250202003320_HH_EV
HE,VRF,HH,67.748,29.609,,500,manual,0.5,,1821,manual,0.5,20250305T073101Z_20250305T073201Z,,,,,,,,,,,,,,,,,[-1.1062 0.6732 4.6363],3670,2025-03-05 07:31:01.220000,earthquake_local,VRF.HE_20250305073101_HH_EV
HE,VRF,HH,67.748,29.609,,500,manual,0.5,,2553,manual,0.5,20250313T161850Z_20250313T161950Z,,,,,,,,,,,,,,,,,[-0.3486 0.6124 0.2452],5427,2025-03-13 16:18:50.440000,earthquake_local,VRF.HE_20250313161850_HH_EV
HE,VRF,HH,67.748,29.609,,500,manual,0.5,,1734,manual,0.5,20250622T112107Z_20250622T112207Z,,,,,,,,,,,,,,,,,[-0.7490 -0.0774 -0.1834],3462,2025-06-22 11:21:07.250000,earthquake_local,VRF.HE_20250622112107_HH_EV
HE,VRF,HH,67.748,29.609,,500,manual,0.5,,3250,manual,0.5,20250630T062931Z_20250630T063031Z,,,,,,,,,,,,,,,,,[0.1105 2.5981 0.0974],5999,2025-06-30 06:29:31.560000,earthquake_local,VRF.HE_20250630062931_HH_EV
HE,VRF,HH,67.748,29.609,,500,manual,0.5,,2980,manual,0.5,20250702T054733Z_20250702T054833Z,,,,,,,,,,,,,,,,,[-0.0987 0.9632 -0.5871],5999,2025-07-02 05:47:33.670000,earthquake_local,VRF.HE_20250702054733_HH_EV
HE,VRF,HH,67.748,29.609,,500,manual,0.5,,3919,manual,0.5,20250708T015435Z_20250708T015535Z,,,,,,,,,,,,,,,,,[0.3063 0.5054 0.1666],5999,2025-07-08 01:54:35.120000,earthquake_local,VRF.HE_20250708015435_HH_EV
HE,VRF,HH,67.748,29.609,,500,manual,0.5,,2667,manual,0.5,20250713T192014Z_20250713T192114Z,,,,,,,,,,,,,,,,,[-0.4935 -2.0996 1.2169],5701,2025-07-13 19:20:14.960000,earthquake_local,VRF.HE_20250713192014_HH_EV
HE,VRF,HH,67.748,29.609,,500,manual,0.5,,3099,manual,0.5,20250715T204108Z_20250715T204208Z,,,,,,,,,,,,,,,,,[0.1699 1.4029 -0.0069],5999,2025-07-15 20:41:08.280000,earthquake_local,VRF.HE_20250715204108_HH_EV
HE,VRF,HH,67.748,29.609,,500,manual,0.5,,2724,manual,0.5,20250802T203549Z_20250802T203649Z,,,,,,,,,,,,,,,,,[0.1700 -6.2338 0.2940],5838,2025-08-02 20:35:49.050000,earthquake_local,VRF.HE_20250802203549_HH_EV
HE,VRF,HH,67.748,29.609,,500,manual,0.5,,2392,manual,0.5,20250903T171324Z_20250903T171424Z,,,,,,,,,,,,,,,,,[0.1769 0.8402 0.3443],5041,2025-09-03 17:13:24.710000,earthquake_local,VRF.HE_20250903171324_HH_EV
HE,VRF,HH,67.748,29.609,,500,manual,0.5,,2434,manual,0.5,20251012T004855Z_20251012T004955Z,,,,,,,,,,,,,,,,,[1.5249 3.6685 0.7854],5142,2025-10-12 00:48:55.240000,earthquake_local,VRF.HE_20251012004855_HH_EV
HE,VRF,HH,67.748,29.609,,500,manual,0.5,,2361,manual,0.5,20251020T001912Z_20251020T002012Z,,,,,,,,,,,,,,,,,[-0.9788 1.0252 0.9015],4966,2025-10-20 00:19:12.020000,earthquake_local,VRF.HE_20251020001912_HH_EV
HE,VRF,HH,67.748,29.609,,500,manual,0.5,,2215,manual,0.5,20251021T034312Z_20251021T034412Z,,,,,,,,,,,,,,,,,[-1.2069 0.1495 -0.0628],4616,2025-10-21 03:43:12.430000,earthquake_local,VRF.HE_20251021034312_HH_EV
HE,VRF,HH,67.748,29.609,,500,manual,0.5,,1952,manual,0.5,20251129T233518Z_20251129T233618Z,,,,,,,,,,,,,,,,,[-2.2966 -1.0689 1.3826],3985,2025-11-29 23:35:18.580000,earthquake_local,VRF.HE_20251129233518_HH_EV
HE,VRF,HH,67.748,29.609,,500,manual,0.5,,2376,manual,0.5,20251204T210355Z_20251204T210455Z,,,,,,,,,,,,,,,,,[0.8183 -0.0612 -0.1624],5002,2025-12-04 21:03:55.490000,earthquake_local,VRF.HE_20251204210355_HH_EV
HE,VRF,HH,67.748,29.609,,500,manual,0.5,,1650,manual,0.5,20251209T140758Z_20251209T140858Z,,,,,,,,,,,,,,,,,[0.3219 -0.0950 5.7011],3260,2025-12-09 14:07:58.980000,earthquake_local,VRF.HE_20251209140758_HH_EV
HE,VRF,HH,67.748,29.609,,500,manual,0.5,,1894,manual,0.5,20251218T005647Z_20251218T005747Z,,,,,,,,,,,,,,,,,[0.3686 3.5773 0.4703],3846,2025-12-18 00:56:47.100000,earthquake_local,VRF.HE_20251218005647_HH_EV
HE,VUOS,HH,,,,500,manual,0.5,,1886,manual,0.5,20250115T090339Z_20250115T090439Z,,,,,,,,,,,,,,,,,[-0.2100 0.1641 -0.0863],3826,2025-01-15 09:03:39.068000,earthquake_local,VUOS.HE_20250115090339_HH_EV
HE,VUOS,HH,,,,500,manual,0.5,,1774,manual,0.5,20250127T012959Z_20250127T013059Z,,,,,,,,,,,,,,,,,[-0.0299 -1.3736 0.6649],3558,2025-01-27 01:29:59.892000,earthquake_local,VUOS.HE_20250127012959_HH_EV
HE,VUOS,HH,,,,500,manual,0.5,,1699,manual,0.5,20250215T085558Z_20250215T085658Z,,,,,,,,,,,,,,,,,[0.3397 0.0510 0.0212],3378,2025-02-15 08:55:58.628000,earthquake_local,VUOS.HE_20250215085558_HH_EV
HE,VUOS,HH,,,,500,manual,0.5,,1813,manual,0.5,20250425T214737Z_20250425T214837Z,,,,,,,,,,,,,,,,,[0.1760 -0.1688 -0.0078],3651,2025-04-25 21:47:37.716000,earthquake_local,VUOS.HE_20250425214737_HH_EV
HE,VUOS,HH,,,,500,manual,0.5,,2038,manual,0.5,20250430T120429Z_20250430T120529Z,,,,,,,,,,,,,,,,,[0.1988 -0.2223 -0.0257],4191,2025-04-30 12:04:29.668000,earthquake_local,VUOS.HE_20250430120429_HH_EV
HE,VUOS,HH,,,,500,manual,0.5,,2008,manual,0.5,20250430T213906Z_20250430T214006Z,,,,,,,,,,,,,,,,,[-0.0748 -0.0196 0.0212],4119,2025-04-30 21:39:06.544000,earthquake_local,VUOS.HE_20250430213906_HH_EV
HE,VUOS,HH,,,,500,manual,0.5,,2007,manual,0.5,20250514T212421Z_20250514T212521Z,,,,,,,,,,,,,,,,,[-0.9687 0.0811 -0.0091],4117,2025-05-14 21:24:21.700000,earthquake_local,VUOS.HE_20250514212421_HH_EV
HE,VUOS,HH,,,,500,manual,0.5,,2033,manual,0.5,20250514T213746Z_20250514T213846Z,,,,,,,,,,,,,,,,,[0.4607 -0.9694 -0.0223],4179,2025-05-14 21:37:46.240000,earthquake_local,VUOS.HE_20250514213746_HH_EV
HE,VUOS,HH,,,,500,manual,0.5,,2015,manual,0.5,20250514T214548Z_20250514T214648Z,,,,,,,,,,,,,,,,,[-0.2282 -0.6230 -0.0058],4136,2025-05-14 21:45:48.400000,earthquake_local,VUOS.HE_20250514214548_HH_EV
HE,VUOS,HH,,,,500,manual,0.5,,1718,manual,0.5,20251107T205703Z_20251107T205803Z,,,,,,,,,,,,,,,,,[0.0588 0.1022 -0.0089],3423,2025-11-07 20:57:03.288000,earthquake_local,VUOS.HE_20251107205703_HH_EV
HE,VUOS,HH,,,,500,manual,0.5,,1451,manual,0.5,20251221T061848Z_20251221T061948Z,,,,,,,,,,,,,,,,,[0.5965 0.3231 -0.1671],2782,2025-12-21 06:18:48.004000,earthquake_local,VUOS.HE_20251221061848_HH_EV
