network_code,receiver_code,receiver_type,receiver_latitude,receiver_longitude,receiver_elevation_m,p_arrival_sample,p_status,p_weight,p_travel_sec,s_arrival_sample,s_status,s_weight,source_id,source_origin_time,source_origin_uncertainty_sec,source_latitude,source_longitude,source_error_sec,source_gap_deg,source_horizontal_uncertainty_km,source_depth_km,source_depth_uncertainty_km,source_magnitude,source_magnitude_type,source_magnitude_author,source_mechanism_strike_dip_rake,source_distance_deg,source_distance_km,back_azimuth_deg,snr_db,coda_end_sample,trace_start_time,trace_category,trace_name
UP,AAL,HH,60.178,19.9936,,2076,manual,0.5,,4336,manual,0.5,20250107T124315Z_20250107T124415Z,,,,,,,,,,,explosion,,,,,,[0.6238 0.5654 -0.0802],5999,2025-01-07 12:43:15.610000,earthquake_local,AAL.UP_20250107124315_HH_EV
UP,AAL,HH,60.178,19.9936,,2946,manual,0.5,,5157,manual,0.5,20250107T142624Z_20250107T142724Z,,,,,,,,,,,explosion,,,,,,[-0.0784 -0.1904 0.0991],5999,2025-01-07 14:26:24.970000,earthquake_local,AAL.UP_20250107142624_HH_EV
UP,AAL,HH,60.178,19.9936,,1991,manual,0.5,,4615,manual,0.5,20250110T110126Z_20250110T110226Z,,,,,,,,,,,explosion,,,,,,[0.2342 0.1069 -0.0005],5999,2025-01-10 11:01:26.810000,earthquake_local,AAL.UP_20250110110126_HH_EV
UP,AAL,HH,60.178,19.9936,,2505,manual,0.5,,4933,manual,0.5,20250114T105247Z_20250114T105347Z,,,,,,,,,,,explosion,,,,,,[0.0492 0.2379 -0.2758],5999,2025-01-14 10:52:47.270000,earthquake_local,AAL.UP_20250114105247_HH_EV
UP,AAL,HH,60.178,19.9936,,3046,manual,0.5,,5044,manual,0.5,20250115T142921Z_20250115T143021Z,,,,,,,,,,,explosion,,,,,,[0.0771 0.1976 -0.0755],5999,2025-01-15 14:29:21.590000,earthquake_local,AAL.UP_20250115142921_HH_EV
UP,AAL,HH,60.178,19.9936,,1186,manual,0.5,,3829,manual,0.5,20250115T152139Z_20250115T152239Z,,,,,,,,,,,explosion,,,,,,[0.9969 0.2761 -0.0002],5999,2025-01-15 15:21:39.140000,earthquake_local,AAL.UP_20250115152139_HH_EV
UP,AAL,HH,60.178,19.9936,,2758,manual,0.5,,4771,manual,0.5,20250116T091903Z_20250116T092003Z,,,,,,,,,,,explosion,,,,,,[-0.2545 -0.0971 0.1297],5999,2025-01-16 09:19:03.630000,earthquake_local,AAL.UP_20250116091903_HH_EV
UP,AAL,HH,60.178,19.9936,,3847,manual,0.5,,5327,manual,0.5,20250116T104429Z_20250116T104529Z,,,,,,,,,,,explosion,,,,,,[0.0163 0.1050 -0.0185],5999,2025-01-16 10:44:29.850000,earthquake_local,AAL.UP_20250116104429_HH_EV
UP,AAL,HH,60.178,19.9936,,1200,manual,0.5,,4392,manual,0.5,20250116T115041Z_20250116T115141Z,,,,,,,,,,,explosion,,,,,,[0.0675 0.1505 0.1654],5999,2025-01-16 11:50:41.280000,earthquake_local,AAL.UP_20250116115041_HH_EV
UP,AAL,HH,60.178,19.9936,,1846,manual,0.5,,4915,manual,0.5,20250117T130355Z_20250117T130455Z,,,,,,,,,,,explosion,,,,,,[0.0624 -0.2053 0.1613],5999,2025-01-17 13:03:55.580000,earthquake_local,AAL.UP_20250117130355_HH_EV
UP,AAL,HH,60.178,19.9936,,769,manual,0.5,,3238,manual,0.5,20250118T151334Z_20250118T151434Z,,,,,,,,,,,explosion,,,,,,[-0.0043 0.1085 -0.4206],5999,2025-01-18 15:13:34.140000,earthquake_local,AAL.UP_20250118151334_HH_EV
UP,AAL,HH,60.178,19.9936,,2996,manual,0.5,,4164,manual,0.5,20250120T123515Z_20250120T123615Z,,,,,,,,,,,explosion,,,,,,[0.8760 0.2562 0.0830],5799,2025-01-20 12:35:15.580000,earthquake_local,AAL.UP_20250120123515_HH_EV
UP,AAL,HH,60.178,19.9936,,2418,manual,0.5,,4870,manual,0.5,20250120T151540Z_20250120T151640Z,,,,,,,,,,,explosion,,,,,,[1.4561 0.0683 -0.0903],5999,2025-01-20 15:15:40.540000,earthquake_local,AAL.UP_20250120151540_HH_EV
UP,AAL,HH,60.178,19.9936,,3485,manual,0.5,,5404,manual,0.5,20250121T121355Z_20250121T121455Z,,,,,,,,,,,explosion,,,,,,[0.3613 -0.1958 0.0587],5999,2025-01-21 12:13:55.300000,earthquake_local,AAL.UP_20250121121355_HH_EV
UP,AAL,HH,60.178,19.9936,,1847,manual,0.5,,3803,manual,0.5,20250122T111144Z_20250122T111244Z,,,,,,,,,,,explosion,,,,,,[-0.2696 0.0258 0.0739],5999,2025-01-22 11:11:44.210000,earthquake_local,AAL.UP_20250122111144_HH_EV
UP,AAL,HH,60.178,19.9936,,3201,manual,0.5,,4678,manual,0.5,20250122T120809Z_20250122T120909Z,,,,,,,,,,,explosion,,,,,,[0.0070 0.0357 -0.0019],5999,2025-01-22 12:08:09.640000,earthquake_local,AAL.UP_20250122120809_HH_EV
UP,AAL,HH,60.178,19.9936,,1361,manual,0.5,,3401,manual,0.5,20250123T023948Z_20250123T024048Z,,,,,,,,,,,explosion,,,,,,[0.2351 0.0402 0.0109],5999,2025-01-23 02:39:48.370000,earthquake_local,AAL.UP_20250123023948_HH_EV
UP,AAL,HH,60.178,19.9936,,1481,manual,0.5,,4421,manual,0.5,20250123T115220Z_20250123T115320Z,,,,,,,,,,,explosion,,,,,,[-0.1280 0.0139 0.0646],5999,2025-01-23 11:52:20.070000,earthquake_local,AAL.UP_20250123115220_HH_EV
UP,AAL,HH,60.178,19.9936,,596,manual,0.5,,2199,manual,0.5,20250127T110000Z_20250127T110100Z,,,,,,,,,,,explosion,,,,,,[0.1868 -0.2974 -0.5792],4443,2025-01-27 11:00:00.790000,earthquake_local,AAL.UP_20250127110000_HH_EV
UP,AAL,HH,60.178,19.9936,,2540,manual,0.5,,4214,manual,0.5,20250128T094841Z_20250128T094941Z,,,,,,,,,,,explosion,,,,,,[-0.1440 -0.1398 0.0779],5999,2025-01-28 09:48:41.340000,earthquake_local,AAL.UP_20250128094841_HH_EV
UP,AAL,HH,60.178,19.9936,,3081,manual,0.5,,5214,manual,0.5,20250129T150037Z_20250129T150137Z,,,,,,,,,,,explosion,,,,,,[0.0103 0.0857 0.0391],5999,2025-01-29 15:00:37.180000,earthquake_local,AAL.UP_20250129150037_HH_EV
UP,AAL,HH,60.178,19.9936,,1027,manual,0.5,,2556,manual,0.5,20250130T113202Z_20250130T113302Z,,,,,,,,,,,explosion,,,,,,[-0.5847 -0.0878 -0.0955],4697,2025-01-30 11:32:02.800000,earthquake_local,AAL.UP_20250130113202_HH_EV
UP,AAL,HH,60.178,19.9936,,2294,manual,0.5,,3731,manual,0.5,20250130T120359Z_20250130T120459Z,,,,,,,,,,,explosion,,,,,,[-0.2798 -0.0412 -0.0071],5743,2025-01-30 12:03:59.850000,earthquake_local,AAL.UP_20250130120359_HH_EV
UP,AAL,HH,60.178,19.9936,,1483,manual,0.5,,3968,manual,0.5,20250130T131813Z_20250130T131913Z,,,,,,,,,,,explosion,,,,,,[-0.1717 0.0666 0.0299],5999,2025-01-30 13:18:13.010000,earthquake_local,AAL.UP_20250130131813_HH_EV
UP,AAL,HH,60.178,19.9936,,1699,manual,0.5,,3424,manual,0.5,20250130T143039Z_20250130T143139Z,,,,,,,,,,,explosion,,,,,,[-0.2142 -0.0552 -0.0192],5839,2025-01-30 14:30:39.580000,earthquake_local,AAL.UP_20250130143039_HH_EV
UP,AAL,HH,60.178,19.9936,,646,manual,0.5,,2197,manual,0.5,20250131T124026Z_20250131T124126Z,,,,,,,,,,,explosion,,,,,,[0.0699 0.0105 0.0120],4368,2025-01-31 12:40:26.810000,earthquake_local,AAL.UP_20250131124026_HH_EV
UP,AAL,HH,60.178,19.9936,,849,manual,0.5,,2924,manual,0.5,20250131T132501Z_20250131T132601Z,,,,,,,,,,,explosion,,,,,,[-0.0646 -0.0756 0.0365],5829,2025-01-31 13:25:01.200000,earthquake_local,AAL.UP_20250131132501_HH_EV
UP,AAL,HH,60.178,19.9936,,2666,manual,0.5,,5100,manual,0.5,20250202T151210Z_20250202T151310Z,,,,,,,,,,,explosion,,,,,,[0.3092 0.0490 0.1503],5999,2025-02-02 15:12:10.820000,earthquake_local,AAL.UP_20250202151210_HH_EV
UP,AAL,HH,60.178,19.9936,,1041,manual,0.5,,2032,manual,0.5,20250205T123257Z_20250205T123357Z,,,,,,,,,,,explosion,,,,,,[-0.1041 0.3304 0.1983],3419,2025-02-05 12:32:57.510000,earthquake_local,AAL.UP_20250205123257_HH_EV
UP,AAL,HH,60.178,19.9936,,1928,manual,0.5,,3644,manual,0.5,20250206T120522Z_20250206T120622Z,,,,,,,,,,,explosion,,,,,,[-0.3476 0.1210 -0.5731],5999,2025-02-06 12:05:22.740000,earthquake_local,AAL.UP_20250206120522_HH_EV
UP,AAL,HH,60.178,19.9936,,1400,manual,0.5,,3020,manual,0.5,20250206T135047Z_20250206T135147Z,,,,,,,,,,,explosion,,,,,,[-0.0199 -0.0276 0.1928],5288,2025-02-06 13:50:47.830000,earthquake_local,AAL.UP_20250206135047_HH_EV
UP,AAL,HH,60.178,19.9936,,2056,manual,0.5,,3980,manual,0.5,20250210T112816Z_20250210T112916Z,,,,,,,,,,,explosion,,,,,,[0.2612 0.2438 -0.2152],5999,2025-02-10 11:28:16.280000,earthquake_local,AAL.UP_20250210112816_HH_EV
UP,AAL,HH,60.178,19.9936,,520,manual,0.5,,3092,manual,0.5,20250211T141126Z_20250211T141226Z,,,,,,,,,,,explosion,,,,,,[-0.0745 0.2681 -0.0225],5999,2025-02-11 14:11:26.480000,earthquake_local,AAL.UP_20250211141126_HH_EV
UP,AAL,HH,60.178,19.9936,,1502,manual,0.5,,3568,manual,0.5,20250211T142644Z_20250211T142744Z,,,,,,,,,,,explosion,,,,,,[0.1485 -0.0215 -0.0095],5999,2025-02-11 14:26:44.790000,earthquake_local,AAL.UP_20250211142644_HH_EV
UP,AAL,HH,60.178,19.9936,,2654,manual,0.5,,5215,manual,0.5,20250215T151225Z_20250215T151325Z,,,,,,,,,,,explosion,,,,,,[0.0120 0.1689 -0.0514],5999,2025-02-15 15:12:25.700000,earthquake_local,AAL.UP_20250215151225_HH_EV
UP,AAL,HH,60.178,19.9936,,1512,manual,0.5,,3942,manual,0.5,20250216T153109Z_20250216T153209Z,,,,,,,,,,,explosion,,,,,,[-0.0110 0.0567 -0.0148],5999,2025-02-16 15:31:09.140000,earthquake_local,AAL.UP_20250216153109_HH_EV
UP,AAL,HH,60.178,19.9936,,790,manual,0.5,,2158,manual,0.5,20250220T092107Z_20250220T092207Z,,,,,,,,,,,explosion,,,,,,[0.1513 -0.1403 0.1075],4073,2025-02-20 09:21:07.350000,earthquake_local,AAL.UP_20250220092107_HH_EV
UP,AAL,HH,60.178,19.9936,,3683,manual,0.5,,5244,manual,0.5,20250221T124434Z_20250221T124534Z,,,,,,,,,,,explosion,,,,,,[0.3424 -0.1373 -0.0288],5999,2025-02-21 12:44:34.430000,earthquake_local,AAL.UP_20250221124434_HH_EV
UP,AAL,HH,60.178,19.9936,,2600,manual,0.5,,4776,manual,0.5,20250225T121900Z_20250225T122000Z,,,,,,,,,,,explosion,,,,,,[0.1953 -0.0083 0.5123],5999,2025-02-25 12:19:00.120000,earthquake_local,AAL.UP_20250225121900_HH_EV
UP,AAL,HH,60.178,19.9936,,942,manual,0.5,,3135,manual,0.5,20250226T104949Z_20250226T105049Z,,,,,,,,,,,explosion,,,,,,[0.1640 0.1176 0.0786],5999,2025-02-26 10:49:49.880000,earthquake_local,AAL.UP_20250226104949_HH_EV
UP,AAL,HH,60.178,19.9936,,4317,manual,0.5,,5452,manual,0.5,20250227T111225Z_20250227T111325Z,,,,,,,,,,,explosion,,,,,,[0.0370 0.0241 -0.0915],5999,2025-02-27 11:12:25.700000,earthquake_local,AAL.UP_20250227111225_HH_EV
UP,AAL,HH,60.178,19.9936,,1854,manual,0.5,,3348,manual,0.5,20250227T143010Z_20250227T143110Z,,,,,,,,,,,explosion,,,,,,[-0.0767 0.0597 0.0800],5440,2025-02-27 14:30:10.490000,earthquake_local,AAL.UP_20250227143010_HH_EV
UP,AAL,HH,60.178,19.9936,,2546,manual,0.5,,4280,manual,0.5,20250228T124707Z_20250228T124807Z,,,,,,,,,,,explosion,,,,,,[0.0766 0.0413 -0.1026],5999,2025-02-28 12:47:07.100000,earthquake_local,AAL.UP_20250228124707_HH_EV
HE,ALAJF,HH,,,,927,manual,0.5,,3515,manual,0.5,20250103T123030Z_20250103T123130Z,,,,,,,,,,,explosion,,,,,,[-0.0062 0.0946 0.8519],5999,2025-01-03 12:30:30.368000,earthquake_local,ALAJF.HE_20250103123030_HH_EV
HE,ALAJF,HH,,,,2455,manual,0.5,,4860,manual,0.5,20250107T124316Z_20250107T124416Z,,,,,,,,,,,explosion,,,,,,[0.0165 -0.0215 0.6357],5999,2025-01-07 12:43:16.648000,earthquake_local,ALAJF.HE_20250107124316_HH_EV
HE,ALAJF,HH,,,,904,manual,0.5,,3663,manual,0.5,20250107T142653Z_20250107T142753Z,,,,,,,,,,,explosion,,,,,,[0.0210 0.0210 0.2281],5999,2025-01-07 14:26:53.184000,earthquake_local,ALAJF.HE_20250107142653_HH_EV
HE,ALAJF,HH,,,,1631,manual,0.5,,3673,manual,0.5,20250108T124735Z_20250108T124835Z,,,,,,,,,,,explosion,,,,,,[0.0077 0.0168 -0.1932],5999,2025-01-08 12:47:35.704000,earthquake_local,ALAJF.HE_20250108124735_HH_EV
HE,ALAJF,HH,,,,4147,manual,0.5,,5090,manual,0.5,20250110T100452Z_20250110T100552Z,,,,,,,,,,,explosion,,,,,,[0.0054 -0.0036 -0.2365],5999,2025-01-10 10:04:52.140000,earthquake_local,ALAJF.HE_20250110100452_HH_EV
HE,ALAJF,HH,,,,931,manual,0.5,,2487,manual,0.5,20250114T113730Z_20250114T113830Z,,,,,,,,,,,explosion,,,,,,[-0.0203 0.0286 1.5927],4665,2025-01-14 11:37:30.496000,earthquake_local,ALAJF.HE_20250114113730_HH_EV
HE,ALAJF,HH,,,,3057,manual,0.5,,5197,manual,0.5,20250115T130004Z_20250115T130104Z,,,,,,,,,,,explosion,,,,,,[0.0112 0.0320 -0.0042],5999,2025-01-15 13:00:04.884000,earthquake_local,ALAJF.HE_20250115130004_HH_EV
HE,ALAJF,HH,,,,4143,manual,0.5,,5488,manual,0.5,20250120T100939Z_20250120T101039Z,,,,,,,,,,,explosion,,,,,,[0.0164 -0.0932 1.2145],5999,2025-01-20 10:09:39.512000,earthquake_local,ALAJF.HE_20250120100939_HH_EV
HE,ALAJF,HH,,,,4309,manual,0.5,,4942,manual,0.5,20250120T103136Z_20250120T103236Z,,,,,,,,,,,explosion,,,,,,[-0.0096 0.0623 2.3443],5828,2025-01-20 10:31:36.236000,earthquake_local,ALAJF.HE_20250120103136_HH_EV
HE,ALAJF,HH,,,,2124,manual,0.5,,3835,manual,0.5,20250121T112046Z_20250121T112146Z,,,,,,,,,,,explosion,,,,,,[-0.0113 -0.0506 -2.0802],5999,2025-01-21 11:20:46.160000,earthquake_local,ALAJF.HE_20250121112046_HH_EV
HE,ALAJF,HH,,,,1343,manual,0.5,,4029,manual,0.5,20250123T111130Z_20250123T111230Z,,,,,,,,,,,explosion,,,,,,[0.0147 -0.0073 0.1108],5999,2025-01-23 11:11:30.088000,earthquake_local,ALAJF.HE_20250123111130_HH_EV
HE,ALAJF,HH,,,,1050,manual,0.5,,3067,manual,0.5,20250127T105829Z_20250127T105929Z,,,,,,,,,,,explosion,,,,,,[-0.0094 0.1246 1.3227],5891,2025-01-27 10:58:29.052000,earthquake_local,ALAJF.HE_20250127105829_HH_EV
HE,ALAJF,HH,,,,816,manual,0.5,,3225,manual,0.5,20250128T105336Z_20250128T105436Z,,,,,,,,,,,explosion,,,,,,[-0.0042 -0.0235 -0.5817],5999,2025-01-28 10:53:36.308000,earthquake_local,ALAJF.HE_20250128105336_HH_EV
HE,ALAJF,HH,,,,833,manual,0.5,,3654,manual,0.5,20250129T102705Z_20250129T102805Z,,,,,,,,,,,explosion,,,,,,[-0.0134 -0.0103 0.3067],5999,2025-01-29 10:27:05.340000,earthquake_local,ALAJF.HE_20250129102705_HH_EV
HE,ALAJF,HH,,,,1690,manual,0.5,,4591,manual,0.5,20250129T125533Z_20250129T125633Z,,,,,,,,,,,explosion,,,,,,[0.0051 -0.0066 1.1321],5999,2025-01-29 12:55:33.732000,earthquake_local,ALAJF.HE_20250129125533_HH_EV
HE,ALAJF,HH,,,,1378,manual,0.5,,4100,manual,0.5,20250131T132504Z_20250131T132604Z,,,,,,,,,,,explosion,,,,,,[-0.0060 -0.0173 0.8233],5999,2025-01-31 13:25:04.132000,earthquake_local,ALAJF.HE_20250131132504_HH_EV
HE,ALAJF,HH,,,,1996,manual,0.5,,3837,manual,0.5,20250204T124551Z_20250204T124651Z,,,,,,,,,,,explosion,,,,,,[-0.0720 -0.1357 0.4565],5999,2025-02-04 12:45:51.104000,earthquake_local,ALAJF.HE_20250204124551_HH_EV
HE,ALAJF,HH,,,,1185,manual,0.5,,3358,manual,0.5,20250204T125949Z_20250204T130049Z,,,,,,,,,,,explosion,,,,,,[-0.0416 0.0767 -0.5530],5999,2025-02-04 12:59:49.676000,earthquake_local,ALAJF.HE_20250204125949_HH_EV
HE,ALAJF,HH,,,,3757,manual,0.5,,5425,manual,0.5,20250206T084813Z_20250206T084913Z,,,,,,,,,,,explosion,,,,,,[0.0205 -0.0550 1.8830],5999,2025-02-06 08:48:13.892000,earthquake_local,ALAJF.HE_20250206084813_HH_EV
HE,ALAJF,HH,,,,1990,manual,0.5,,3443,manual,0.5,20250206T115527Z_20250206T115627Z,,,,,,,,,,,explosion,,,,,,[0.0041 -0.0012 -0.2757],5477,2025-02-06 11:55:27.240000,earthquake_local,ALAJF.HE_20250206115527_HH_EV
HE,ALAJF,HH,,,,566,manual,0.5,,3430,manual,0.5,20250206T133328Z_20250206T133428Z,,,,,,,,,,,explosion,,,,,,[0.0052 0.0167 1.1349],5999,2025-02-06 13:33:28.332000,earthquake_local,ALAJF.HE_20250206133328_HH_EV
HE,ALAJF,HH,,,,1538,manual,0.5,,3975,manual,0.5,20250211T141114Z_20250211T141214Z,,,,,,,,,,,explosion,,,,,,[0.0115 -0.0113 0.3884],5999,2025-02-11 14:11:14.512000,earthquake_local,ALAJF.HE_20250211141114_HH_EV
HE,ALAJF,HH,,,,782,manual,0.5,,2761,manual,0.5,20250212T103930Z_20250212T104030Z,,,,,,,,,,,explosion,,,,,,[0.0211 0.0112 -0.3476],5532,2025-02-12 10:39:30.268000,earthquake_local,ALAJF.HE_20250212103930_HH_EV
HE,ALAJF,HH,,,,2604,manual,0.5,,4620,manual,0.5,20250212T112843Z_20250212T112943Z,,,,,,,,,,,explosion,,,,,,[0.0043 -0.0232 -2.0963],5999,2025-02-12 11:28:43.148000,earthquake_local,ALAJF.HE_20250212112843_HH_EV
HE,ALAJF,HH,,,,2943,manual,0.5,,4317,manual,0.5,20250212T113626Z_20250212T113726Z,,,,,,,,,,,explosion,,,,,,[-0.0054 0.0289 0.0763],5999,2025-02-12 11:36:26.896000,earthquake_local,ALAJF.HE_20250212113626_HH_EV
HE,ALAJF,HH,,,,3075,manual,0.5,,4322,manual,0.5,20250213T091557Z_20250213T091657Z,,,,,,,,,,,explosion,,,,,,[-0.0054 -0.0033 -0.2641],5999,2025-02-13 09:15:57.616000,earthquake_local,ALAJF.HE_20250213091557_HH_EV
HE,ALAJF,HH,,,,2034,manual,0.5,,4163,manual,0.5,20250213T120407Z_20250213T120507Z,,,,,,,,,,,explosion,,,,,,[0.0155 0.0136 -0.0348],5999,2025-02-13 12:04:07.956000,earthquake_local,ALAJF.HE_20250213120407_HH_EV
HE,ALAJF,HH,,,,2764,manual,0.5,,4286,manual,0.5,20250217T114213Z_20250217T114313Z,,,,,,,,,,,explosion,,,,,,[0.0109 0.0171 -0.1153],5999,2025-02-17 11:42:13.240000,earthquake_local,ALAJF.HE_20250217114213_HH_EV
HE,ALAJF,HH,,,,2017,manual,0.5,,3601,manual,0.5,20250218T080418Z_20250218T080518Z,,,,,,,,,,,explosion,,,,,,[0.0054 -0.0075 0.1553],5819,2025-02-18 08:04:18.236000,earthquake_local,ALAJF.HE_20250218080418_HH_EV
HE,ALAJF,HH,,,,3295,manual,0.5,,5381,manual,0.5,20250218T115904Z_20250218T120004Z,,,,,,,,,,,explosion,,,,,,[0.0172 -0.0207 -0.3104],5999,2025-02-18 11:59:04.092000,earthquake_local,ALAJF.HE_20250218115904_HH_EV
HE,ALAJF,HH,,,,926,manual,0.5,,1593,manual,0.5,20250219T134111Z_20250219T134211Z,,,,,,,,,,,explosion,,,,,,[0.0066 -0.0138 0.0041],2527,2025-02-19 13:41:11.196000,earthquake_local,ALAJF.HE_20250219134111_HH_EV
HE,ALAJF,HH,,,,3104,manual,0.5,,5473,manual,0.5,20250220T072945Z_20250220T073045Z,,,,,,,,,,,explosion,,,,,,[0.0133 -0.0221 0.1084],5999,2025-02-20 07:29:45.268000,earthquake_local,ALAJF.HE_20250220072945_HH_EV
HE,ALAJF,HH,,,,3270,manual,0.5,,5203,manual,0.5,20250220T093254Z_20250220T093354Z,,,,,,,,,,,explosion,,,,,,[0.0085 -0.0372 0.0298],5999,2025-02-20 09:32:54.364000,earthquake_local,ALAJF.HE_20250220093254_HH_EV
HE,ALAJF,HH,,,,2866,manual,0.5,,3840,manual,0.5,20250220T111207Z_20250220T111307Z,,,,,,,,,,,explosion,,,,,,[-0.0115 0.0222 0.0033],5204,2025-02-20 11:12:07.844000,earthquake_local,ALAJF.HE_20250220111207_HH_EV
HE,ALAJF,HH,,,,3586,manual,0.5,,5103,manual,0.5,20250220T114646Z_20250220T114746Z,,,,,,,,,,,explosion,,,,,,[0.0047 0.0186 0.1608],5999,2025-02-20 11:46:46.660000,earthquake_local,ALAJF.HE_20250220114646_HH_EV
HE,ALAJF,HH,,,,2109,manual,0.5,,4715,manual,0.5,20250220T121413Z_20250220T121513Z,,,,,,,,,,,explosion,,,,,,[0.0138 -0.0313 -0.1428],5999,2025-02-20 12:14:13.272000,earthquake_local,ALAJF.HE_20250220121413_HH_EV
HE,ALAJF,HH,,,,3081,manual,0.5,,3110,manual,0.5,20250220T131641Z_20250220T131741Z,,,,,,,,,,,explosion,,,,,,[0.0742 1.1217 12.3253],3210,2025-02-20 13:16:41.288000,earthquake_local,ALAJF.HE_20250220131641_HH_EV
HE,ALAJF,HH,,,,3959,manual,0.5,,4443,manual,0.5,20250221T130224Z_20250221T130324Z,,,,,,,,,,,explosion,,,,,,[0.0051 -0.0367 -0.4251],5121,2025-02-21 13:02:24.272000,earthquake_local,ALAJF.HE_20250221130224_HH_EV
HE,ALAJF,HH,,,,669,manual,0.5,,1731,manual,0.5,20250224T075836Z_20250224T075936Z,,,,,,,,,,,explosion,,,,,,[0.0235 -0.0343 -1.8612],3218,2025-02-24 07:58:36.504000,earthquake_local,ALAJF.HE_20250224075836_HH_EV
HE,ALAJF,HH,,,,2910,manual,0.5,,4908,manual,0.5,20250224T110851Z_20250224T110951Z,,,,,,,,,,,explosion,,,,,,[-0.0094 -0.0017 2.0607],5999,2025-02-24 11:08:51.440000,earthquake_local,ALAJF.HE_20250224110851_HH_EV
HE,ALAJF,HH,,,,921,manual,0.5,,1862,manual,0.5,20250224T133658Z_20250224T133758Z,,,,,,,,,,,explosion,,,,,,[-0.0307 0.0287 -2.0305],3179,2025-02-24 13:36:58.600000,earthquake_local,ALAJF.HE_20250224133658_HH_EV
HE,ALAJF,HH,,,,2176,manual,0.5,,4744,manual,0.5,20250225T101758Z_20250225T101858Z,,,,,,,,,,,explosion,,,,,,[0.0049 0.0269 -0.1031],5999,2025-02-25 10:17:58.216000,earthquake_local,ALAJF.HE_20250225101758_HH_EV
HE,ALAJF,HH,,,,824,manual,0.5,,3389,manual,0.5,20250225T120144Z_20250225T120244Z,,,,,,,,,,,explosion,,,,,,[-0.0013 0.0296 0.6028],5999,2025-02-25 12:01:44.464000,earthquake_local,ALAJF.HE_20250225120144_HH_EV
HE,ALAJF,HH,,,,2161,manual,0.5,,4529,manual,0.5,20250225T121908Z_20250225T122008Z,,,,,,,,,,,explosion,,,,,,[-0.0025 0.0368 1.5624],5999,2025-02-25 12:19:08.112000,earthquake_local,ALAJF.HE_20250225121908_HH_EV
HE,ALAJF,HH,,,,1743,manual,0.5,,4057,manual,0.5,20250225T134849Z_20250225T134949Z,,,,,,,,,,,explosion,,,,,,[0.0030 -0.0047 4.9587],5999,2025-02-25 13:48:49.164000,earthquake_local,ALAJF.HE_20250225134849_HH_EV
HE,ALAJF,HH,,,,1018,manual,0.5,,3041,manual,0.5,20250226T124403Z_20250226T124503Z,,,,,,,,,,,explosion,,,,,,[-0.0044 0.0128 -0.3601],5873,2025-02-26 12:44:03.092000,earthquake_local,ALAJF.HE_20250226124403_HH_EV
HE,FIA0,HH,,,,1426,manual,0.5,,2735,manual,0.5,20250102T091714Z_20250102T091814Z,,,,,,,,,,,explosion,,,,,,[0.5571 -0.4013 5.9792],4568,2025-01-02 09:17:14.690000,earthquake_local,FIA0.HE_20250102091714_HH_EV
HE,FIA0,HH,,,,2368,manual,0.5,,4928,manual,0.5,20250103T114138Z_20250103T114238Z,,,,,,,,,,,explosion,,,,,,[0.0832 0.3528 2.0001],5999,2025-01-03 11:41:38.220000,earthquake_local,FIA0.HE_20250103114138_HH_EV
HE,FIA0,HH,,,,2128,manual,0.5,,3948,manual,0.5,20250103T115401Z_20250103T115501Z,,,,,,,,,,,explosion,,,,,,[0.2486 -0.8114 1.1237],5999,2025-01-03 11:54:01.620000,earthquake_local,FIA0.HE_20250103115401_HH_EV
HE,FIA0,HH,,,,1326,manual,0.5,,3843,manual,0.5,20250107T113239Z_20250107T113339Z,,,,,,,,,,,explosion,,,,,,[-0.0949 0.3147 -0.2463],5999,2025-01-07 11:32:39.330000,earthquake_local,FIA0.HE_20250107113239_HH_EV
HE,FIA0,HH,,,,1115,manual,0.5,,3760,manual,0.5,20250107T124332Z_20250107T124432Z,,,,,,,,,,,explosion,,,,,,[0.7803 0.1549 0.1426],5999,2025-01-07 12:43:32.480000,earthquake_local,FIA0.HE_20250107124332_HH_EV
HE,FIA0,HH,,,,3289,manual,0.5,,5491,manual,0.5,20250107T142622Z_20250107T142722Z,,,,,,,,,,,explosion,,,,,,[-0.5824 0.2861 -0.4388],5999,2025-01-07 14:26:22.970000,earthquake_local,FIA0.HE_20250107142622_HH_EV
HE,FIA0,HH,,,,2205,manual,0.5,,3281,manual,0.5,20250108T094931Z_20250108T095031Z,,,,,,,,,,,explosion,,,,,,[0.0787 0.2073 0.2013],4787,2025-01-08 09:49:31.910000,earthquake_local,FIA0.HE_20250108094931_HH_EV
HE,FIA0,HH,,,,683,manual,0.5,,1988,manual,0.5,20250108T104243Z_20250108T104343Z,,,,,,,,,,,explosion,,,,,,[-0.1086 -0.2495 0.4654],3815,2025-01-08 10:42:43.440000,earthquake_local,FIA0.HE_20250108104243_HH_EV
HE,FIA0,HH,,,,1464,manual,0.5,,2714,manual,0.5,20250108T124726Z_20250108T124826Z,,,,,,,,,,,explosion,,,,,,[-0.1006 0.0462 0.7152],4464,2025-01-08 12:47:26.950000,earthquake_local,FIA0.HE_20250108124726_HH_EV
HE,FIA0,HH,,,,581,manual,0.5,,3331,manual,0.5,20250108T133443Z_20250108T133543Z,,,,,,,,,,,explosion,,,,,,[-0.2272 -0.1196 -0.3059],5999,2025-01-08 13:34:43.290000,earthquake_local,FIA0.HE_20250108133443_HH_EV
HE,FIA0,HH,,,,3059,manual,0.5,,5129,manual,0.5,20250109T124754Z_20250109T124854Z,,,,,,,,,,,explosion,,,,,,[0.0213 0.3278 0.8961],5999,2025-01-09 12:47:54.110000,earthquake_local,FIA0.HE_20250109124754_HH_EV
HE,FIA0,HH,,,,2701,manual,0.5,,4701,manual,0.5,20250110T095537Z_20250110T095637Z,,,,,,,,,,,explosion,,,,,,[0.0051 0.2062 -1.7160],5999,2025-01-10 09:55:37.590000,earthquake_local,FIA0.HE_20250110095537_HH_EV
HE,FIA0,HH,,,,1616,manual,0.5,,2926,manual,0.5,20250110T102448Z_20250110T102548Z,,,,,,,,,,,explosion,,,,,,[0.0045 -0.1398 -0.6970],4760,2025-01-10 10:24:48.740000,earthquake_local,FIA0.HE_20250110102448_HH_EV
HE,FIA0,HH,,,,2543,manual,0.5,,4779,manual,0.5,20250110T102754Z_20250110T102854Z,,,,,,,,,,,explosion,,,,,,[-0.1761 0.0518 -0.7692],5999,2025-01-10 10:27:54.220000,earthquake_local,FIA0.HE_20250110102754_HH_EV
HE,FIA0,HH,,,,1753,manual,0.5,,4296,manual,0.5,20250110T120355Z_20250110T120455Z,,,,,,,,,,,explosion,,,,,,[-0.1269 0.2466 0.4243],5999,2025-01-10 12:03:55.850000,earthquake_local,FIA0.HE_20250110120355_HH_EV
HE,FIA0,HH,,,,1221,manual,0.5,,3891,manual,0.5,20250110T132940Z_20250110T133040Z,,,,,,,,,,,explosion,,,,,,[0.0883 0.0880 -0.3349],5999,2025-01-10 13:29:40.690000,earthquake_local,FIA0.HE_20250110132940_HH_EV
HE,FIA0,HH,,,,3828,manual,0.5,,4258,manual,0.5,20250113T121107Z_20250113T121207Z,,,,,,,,,,,explosion,,,,,,[0.7967 -0.0362 -1.0830],4860,2025-01-13 12:11:07.320000,earthquake_local,FIA0.HE_20250113121107_HH_EV
HE,FIA0,HH,,,,2423,manual,0.5,,4003,manual,0.5,20250113T125839Z_20250113T125939Z,,,,,,,,,,,explosion,,,,,,[11.1502 2.2338 -2.2715],5999,2025-01-13 12:58:39.070000,earthquake_local,FIA0.HE_20250113125839_HH_EV
HE,FIA0,HH,,,,2619,manual,0.5,,4668,manual,0.5,20250113T135602Z_20250113T135702Z,,,,,,,,,,,explosion,,,,,,[-0.8418 1.0311 -2.4723],5999,2025-01-13 13:56:02.760000,earthquake_local,FIA0.HE_20250113135602_HH_EV
HE,FIA0,HH,,,,1092,manual,0.5,,3392,manual,0.5,20250113T140147Z_20250113T140247Z,,,,,,,,,,,explosion,,,,,,[2.6734 -1.0998 0.5357],5999,2025-01-13 14:01:47.780000,earthquake_local,FIA0.HE_20250113140147_HH_EV
HE,FIA0,HH,,,,1296,manual,0.5,,2396,manual,0.5,20250113T142357Z_20250113T142457Z,,,,,,,,,,,explosion,,,,,,[1.2232 -0.1650 -0.4809],3936,2025-01-13 14:23:57.640000,earthquake_local,FIA0.HE_20250113142357_HH_EV
HE,FIA0,HH,,,,1308,manual,0.5,,3175,manual,0.5,20250114T073123Z_20250114T073223Z,,,,,,,,,,,explosion,,,,,,[-0.4864 0.5007 -0.5489],5789,2025-01-14 07:31:23.830000,earthquake_local,FIA0.HE_20250114073123_HH_EV
HE,FIA0,HH,,,,2202,manual,0.5,,4412,manual,0.5,20250114T101351Z_20250114T101451Z,,,,,,,,,,,explosion,,,,,,[-1.5131 -0.1413 -1.3090],5999,2025-01-14 10:13:51.430000,earthquake_local,FIA0.HE_20250114101351_HH_EV
HE,FIA0,HH,,,,524,manual,0.5,,2734,manual,0.5,20250114T105302Z_20250114T105402Z,,,,,,,,,,,explosion,,,,,,[1.1773 -0.4742 0.1849],5828,2025-01-14 10:53:02.660000,earthquake_local,FIA0.HE_20250114105302_HH_EV
HE,FIA0,HH,,,,1932,manual,0.5,,4362,manual,0.5,20250114T112604Z_20250114T112704Z,,,,,,,,,,,explosion,,,,,,[1.7726 0.1633 0.3300],5999,2025-01-14 11:26:04.980000,earthquake_local,FIA0.HE_20250114112604_HH_EV
HE,FIA0,HH,,,,2077,manual,0.5,,4884,manual,0.5,20250114T113734Z_20250114T113834Z,,,,,,,,,,,explosion,,,,,,[4.0792 1.2637 0.4847],5999,2025-01-14 11:37:34.240000,earthquake_local,FIA0.HE_20250114113734_HH_EV
HE,FIA0,HH,,,,1346,manual,0.5,,3436,manual,0.5,20250114T122524Z_20250114T122624Z,,,,,,,,,,,explosion,,,,,,[0.0010 -0.3378 0.1750],5999,2025-01-14 12:25:24.840000,earthquake_local,FIA0.HE_20250114122524_HH_EV
HE,FIA0,HH,,,,1456,manual,0.5,,3484,manual,0.5,20250114T135750Z_20250114T135850Z,,,,,,,,,,,explosion,,,,,,[0.4060 -0.8962 -0.3566],5999,2025-01-14 13:57:50.740000,earthquake_local,FIA0.HE_20250114135750_HH_EV
HE,FIA0,HH,,,,1234,manual,0.5,,3085,manual,0.5,20250114T140027Z_20250114T140127Z,,,,,,,,,,,explosion,,,,,,[4.5197 -0.8375 -0.9340],5676,2025-01-14 14:00:27.130000,earthquake_local,FIA0.HE_20250114140027_HH_EV
HE,FIA0,HH,,,,3086,manual,0.5,,5384,manual,0.5,20250115T110955Z_20250115T111055Z,,,,,,,,,,,explosion,,,,,,[-0.5112 0.0985 -1.5534],5999,2025-01-15 11:09:55.090000,earthquake_local,FIA0.HE_20250115110955_HH_EV
HE,FIA0,HH,,,,3990,manual,0.5,,5270,manual,0.5,20250115T115342Z_20250115T115442Z,,,,,,,,,,,explosion,,,,,,[0.1810 0.6362 -3.1778],5999,2025-01-15 11:53:42.900000,earthquake_local,FIA0.HE_20250115115342_HH_EV
HE,FIA0,HH,,,,4362,manual,0.5,,5027,manual,0.5,20250115T121454Z_20250115T121554Z,,,,,,,,,,,explosion,,,,,,[0.1740 0.4879 -1.7780],5958,2025-01-15 12:14:54.380000,earthquake_local,FIA0.HE_20250115121454_HH_EV
HE,FIA0,HH,,,,558,manual,0.5,,2761,manual,0.5,20250115T130030Z_20250115T130130Z,,,,,,,,,,,explosion,,,,,,[0.1387 0.8232 1.2980],5845,2025-01-15 13:00:30.170000,earthquake_local,FIA0.HE_20250115130030_HH_EV
HE,FIA0,HH,,,,2217,manual,0.5,,4423,manual,0.5,20250116T091910Z_20250116T092010Z,,,,,,,,,,,explosion,,,,,,[0.0181 -0.1266 -1.2460],5999,2025-01-16 09:19:10.930000,earthquake_local,FIA0.HE_20250116091910_HH_EV
HE,FIA0,HH,,,,3506,manual,0.5,,5287,manual,0.5,20250116T095236Z_20250116T095336Z,,,,,,,,,,,explosion,,,,,,[-0.3290 -0.0710 -0.0957],5999,2025-01-16 09:52:36.870000,earthquake_local,FIA0.HE_20250116095236_HH_EV
HE,FIA0,HH,,,,716,manual,0.5,,3073,manual,0.5,20250116T100347Z_20250116T100447Z,,,,,,,,,,,explosion,,,,,,[0.2431 0.0535 -2.7321],5999,2025-01-16 10:03:47.610000,earthquake_local,FIA0.HE_20250116100347_HH_EV
HE,FIA0,HH,,,,1100,manual,0.5,,4000,manual,0.5,20250116T104514Z_20250116T104614Z,,,,,,,,,,,explosion,,,,,,[2.0786 -2.7524 0.7587],5999,2025-01-16 10:45:14.500000,earthquake_local,FIA0.HE_20250116104514_HH_EV
HE,FIA0,HH,,,,2844,manual,0.5,,5442,manual,0.5,20250116T110646Z_20250116T110746Z,,,,,,,,,,,explosion,,,,,,[-0.4271 0.3512 2.1968],5999,2025-01-16 11:06:46.640000,earthquake_local,FIA0.HE_20250116110646_HH_EV
HE,FIA0,HH,,,,1269,manual,0.5,,3429,manual,0.5,20250116T113125Z_20250116T113225Z,,,,,,,,,,,explosion,,,,,,[-1.0078 0.1570 0.4897],5999,2025-01-16 11:31:25.410000,earthquake_local,FIA0.HE_20250116113125_HH_EV
HE,FIA0,HH,,,,932,manual,0.5,,3072,manual,0.5,20250116T113730Z_20250116T113830Z,,,,,,,,,,,explosion,,,,,,[-0.4011 -0.8736 0.3516],5999,2025-01-16 11:37:30.780000,earthquake_local,FIA0.HE_20250116113730_HH_EV
HE,FIA0,HH,,,,2324,manual,0.5,,3694,manual,0.5,20250116T115006Z_20250116T115106Z,,,,,,,,,,,explosion,,,,,,[1.1914 -2.2397 0.2320],5612,2025-01-16 11:50:06.860000,earthquake_local,FIA0.HE_20250116115006_HH_EV
HE,FIA0,HH,,,,2034,manual,0.5,,4504,manual,0.5,20250116T163451Z_20250116T163551Z,,,,,,,,,,,explosion,,,,,,[3.2975 -1.5787 0.3181],5999,2025-01-16 16:34:51.760000,earthquake_local,FIA0.HE_20250116163451_HH_EV
HE,FIA0,HH,,,,1492,manual,0.5,,3918,manual,0.5,20250117T094359Z_20250117T094459Z,,,,,,,,,,,explosion,,,,,,[-0.0800 -2.4386 -2.1117],5999,2025-01-17 09:43:59.850000,earthquake_local,FIA0.HE_20250117094359_HH_EV
HE,FIA0,HH,,,,899,manual,0.5,,1705,manual,0.5,20250121T112044Z_20250121T112144Z,,,,,,,,,,,explosion,,,,,,[0.2087 0.3373 7.3707],2833,2025-01-21 11:20:44.850000,earthquake_local,FIA0.HE_20250121112044_HH_EV
HE,FIA0,HH,,,,2816,manual,0.5,,5155,manual,0.5,20250121T121407Z_20250121T121507Z,,,,,,,,,,,explosion,,,,,,[0.3356 -2.0037 -0.8373],5999,2025-01-21 12:14:07.930000,earthquake_local,FIA0.HE_20250121121407_HH_EV
HE,FIA0,HH,,,,1473,manual,0.5,,4043,manual,0.5,20250122T083148Z_20250122T083248Z,,,,,,,,,,,explosion,,,,,,[0.4596 0.1371 0.4254],5999,2025-01-22 08:31:48.670000,earthquake_local,FIA0.HE_20250122083148_HH_EV
HE,FIA0,HH,,,,1014,manual,0.5,,2517,manual,0.5,20250122T090250Z_20250122T090350Z,,,,,,,,,,,explosion,,,,,,[-0.0408 0.4229 0.2554],4621,2025-01-22 09:02:50.010000,earthquake_local,FIA0.HE_20250122090250_HH_EV
HE,FIA0,HH,,,,766,manual,0.5,,3356,manual,0.5,20250122T111202Z_20250122T111302Z,,,,,,,,,,,explosion,,,,,,[-0.2138 0.1329 1.1533],5999,2025-01-22 11:12:02.440000,earthquake_local,FIA0.HE_20250122111202_HH_EV
HE,FIA0,HH,,,,1438,manual,0.5,,2909,manual,0.5,20250122T115408Z_20250122T115508Z,,,,,,,,,,,explosion,,,,,,[-0.1518 0.0155 -0.2603],4968,2025-01-22 11:54:08.920000,earthquake_local,FIA0.HE_20250122115408_HH_EV
HE,FIA0,HH,,,,2137,manual,0.5,,5117,manual,0.5,20250122T120423Z_20250122T120523Z,,,,,,,,,,,explosion,,,,,,[0.0590 -0.2485 -0.1698],5999,2025-01-22 12:04:23.530000,earthquake_local,FIA0.HE_20250122120423_HH_EV
HE,FIA0,HH,,,,2001,manual,0.5,,3852,manual,0.5,20250122T122751Z_20250122T122851Z,,,,,,,,,,,explosion,,,,,,[-0.0267 -0.0174 0.7144],5999,2025-01-22 12:27:51.960000,earthquake_local,FIA0.HE_20250122122751_HH_EV
HE,FIA0,HH,,,,1160,manual,0.5,,2630,manual,0.5,20250122T131049Z_20250122T131149Z,,,,,,,,,,,explosion,,,,,,[0.1562 -0.0632 -0.2737],4688,2025-01-22 13:10:49.500000,earthquake_local,FIA0.HE_20250122131049_HH_EV
HE,FIA0,HH,,,,626,manual,0.5,,1885,manual,0.5,20250122T142826Z_20250122T142926Z,,,,,,,,,,,explosion,,,,,,[-0.0905 -0.1153 -0.2458],3648,2025-01-22 14:28:26.430000,earthquake_local,FIA0.HE_20250122142826_HH_EV
HE,FIA0,HH,,,,586,manual,0.5,,2766,manual,0.5,20250123T023958Z_20250123T024058Z,,,,,,,,,,,explosion,,,,,,[-0.1423 0.0549 0.0321],5818,2025-01-23 02:39:58.200000,earthquake_local,FIA0.HE_20250123023958_HH_EV
HE,FIA0,HH,,,,1404,manual,0.5,,4784,manual,0.5,20250123T074936Z_20250123T075036Z,,,,,,,,,,,explosion,,,,,,[-0.1496 0.1031 0.0916],5999,2025-01-23 07:49:36.260000,earthquake_local,FIA0.HE_20250123074936_HH_EV
HE,FIA0,HH,,,,2410,manual,0.5,,4219,manual,0.5,20250123T110230Z_20250123T110330Z,,,,,,,,,,,explosion,,,,,,[-0.2175 -0.1679 -0.2894],5999,2025-01-23 11:02:30.780000,earthquake_local,FIA0.HE_20250123110230_HH_EV
HE,FIA0,HH,,,,1458,manual,0.5,,3578,manual,0.5,20250123T111528Z_20250123T111628Z,,,,,,,,,,,explosion,,,,,,[-0.1757 -0.0654 -0.5156],5999,2025-01-23 11:15:28.520000,earthquake_local,FIA0.HE_20250123111528_HH_EV
HE,FIA0,HH,,,,2009,manual,0.5,,3579,manual,0.5,20250123T115158Z_20250123T115258Z,,,,,,,,,,,explosion,,,,,,[-0.0158 -0.0963 0.2799],5777,2025-01-23 11:51:58.310000,earthquake_local,FIA0.HE_20250123115158_HH_EV
HE,FIA0,HH,,,,2940,manual,0.5,,5297,manual,0.5,20250124T092736Z_20250124T092836Z,,,,,,,,,,,explosion,,,,,,[1.0742 0.8511 0.0660],5999,2025-01-24 09:27:36.320000,earthquake_local,FIA0.HE_20250124092736_HH_EV
HE,FIA0,HH,,,,2690,manual,0.5,,4930,manual,0.5,20250124T094809Z_20250124T094909Z,,,,,,,,,,,explosion,,,,,,[-0.5530 0.5665 -1.1277],5999,2025-01-24 09:48:09.200000,earthquake_local,FIA0.HE_20250124094809_HH_EV
HE,FIA0,HH,,,,2247,manual,0.5,,4287,manual,0.5,20250124T100300Z_20250124T100400Z,,,,,,,,,,,explosion,,,,,,[-0.0891 -0.3759 0.5302],5999,2025-01-24 10:03:00.930000,earthquake_local,FIA0.HE_20250124100300_HH_EV
HE,FIA0,HH,,,,2378,manual,0.5,,4898,manual,0.5,20250124T113827Z_20250124T113927Z,,,,,,,,,,,explosion,,,,,,[-0.0065 0.3455 1.0979],5999,2025-01-24 11:38:27.720000,earthquake_local,FIA0.HE_20250124113827_HH_EV
HE,FIA0,HH,,,,900,manual,0.5,,3070,manual,0.5,20250124T114127Z_20250124T114227Z,,,,,,,,,,,explosion,,,,,,[-0.0795 -0.0446 0.2533],5999,2025-01-24 11:41:27.800000,earthquake_local,FIA0.HE_20250124114127_HH_EV
HE,FIA0,HH,,,,3093,manual,0.5,,4993,manual,0.5,20250124T115354Z_20250124T115454Z,,,,,,,,,,,explosion,,,,,,[-0.4146 0.0973 -0.8277],5999,2025-01-24 11:53:54.970000,earthquake_local,FIA0.HE_20250124115354_HH_EV
HE,FIA0,HH,,,,1625,manual,0.5,,4305,manual,0.5,20250124T140904Z_20250124T141004Z,,,,,,,,,,,explosion,,,,,,[-0.2864 -0.4863 0.1046],5999,2025-01-24 14:09:04.650000,earthquake_local,FIA0.HE_20250124140904_HH_EV
HE,FIA0,HH,,,,2505,manual,0.5,,3873,manual,0.5,20250127T105804Z_20250127T105904Z,,,,,,,,,,,explosion,,,,,,[2.2970 -1.2242 -4.1935],5788,2025-01-27 10:58:04.200000,earthquake_local,FIA0.HE_20250127105804_HH_EV
HE,FIA0,HH,,,,1216,manual,0.5,,3720,manual,0.5,20250127T110008Z_20250127T110108Z,,,,,,,,,,,explosion,,,,,,[1.4457 -4.1755 -1.3509],5999,2025-01-27 11:00:08.540000,earthquake_local,FIA0.HE_20250127110008_HH_EV
HE,FIA0,HH,,,,3422,manual,0.5,,4472,manual,0.5,20250127T120728Z_20250127T120828Z,,,,,,,,,,,explosion,,,,,,[-0.1532 -0.1809 2.7032],5942,2025-01-27 12:07:28.240000,earthquake_local,FIA0.HE_20250127120728_HH_EV
HE,FIA0,HH,,,,2041,manual,0.5,,3257,manual,0.5,20250127T135232Z_20250127T135332Z,,,,,,,,,,,explosion,,,,,,[-0.9817 -2.6931 0.8794],4959,2025-01-27 13:52:32.110000,earthquake_local,FIA0.HE_20250127135232_HH_EV
HE,FIA0,HH,,,,2342,manual,0.5,,3962,manual,0.5,20250128T102459Z_20250128T102559Z,,,,,,,,,,,explosion,,,,,,[-0.8551 -0.7292 2.7354],5999,2025-01-28 10:24:59.000000,earthquake_local,FIA0.HE_20250128102459_HH_EV
HE,FIA0,HH,,,,4435,manual,0.5,,4633,manual,0.5,20250128T105229Z_20250128T105329Z,,,,,,,,,,,explosion,,,,,,[1.3954 4.2388 4.7417],4910,2025-01-28 10:52:29.360000,earthquake_local,FIA0.HE_20250128105229_HH_EV
HE,FIA0,HH,,,,2218,manual,0.5,,5138,manual,0.5,20250128T120423Z_20250128T120523Z,,,,,,,,,,,explosion,,,,,,[0.2635 1.3479 2.4954],5999,2025-01-28 12:04:23.220000,earthquake_local,FIA0.HE_20250128120423_HH_EV
HE,FIA0,HH,,,,2436,manual,0.5,,3627,manual,0.5,20250128T123334Z_20250128T123434Z,,,,,,,,,,,explosion,,,,,,[-0.2154 1.4411 -0.1460],5294,2025-01-28 12:33:34.290000,earthquake_local,FIA0.HE_20250128123334_HH_EV
HE,FIA0,HH,,,,1278,manual,0.5,,4424,manual,0.5,20250129T082459Z_20250129T082559Z,,,,,,,,,,,explosion,,,,,,[0.0854 0.6235 2.0183],5999,2025-01-29 08:24:59.880000,earthquake_local,FIA0.HE_20250129082459_HH_EV
HE,FIA0,HH,,,,868,manual,0.5,,1290,manual,0.5,20250129T102632Z_20250129T102732Z,,,,,,,,,,,explosion,,,,,,[-0.2470 -0.0692 1.3919],1881,2025-01-29 10:26:32.370000,earthquake_local,FIA0.HE_20250129102632_HH_EV
HE,FIA0,HH,,,,1568,manual,0.5,,4519,manual,0.5,20250129T113218Z_20250129T113318Z,,,,,,,,,,,explosion,,,,,,[-0.9508 0.7803 -1.4094],5999,2025-01-29 11:32:18.920000,earthquake_local,FIA0.HE_20250129113218_HH_EV
HE,FIA0,HH,,,,2723,manual,0.5,,5413,manual,0.5,20250129T115656Z_20250129T115756Z,,,,,,,,,,,explosion,,,,,,[0.5431 0.1881 3.1625],5999,2025-01-29 11:56:56.670000,earthquake_local,FIA0.HE_20250129115656_HH_EV
HE,FIA0,HH,,,,1183,manual,0.5,,1678,manual,0.5,20250129T125506Z_20250129T125606Z,,,,,,,,,,,explosion,,,,,,[0.4644 -0.1989 -0.6571],2371,2025-01-29 12:55:06.300000,earthquake_local,FIA0.HE_20250129125506_HH_EV
HE,FIA0,HH,,,,2050,manual,0.5,,2642,manual,0.5,20250129T131413Z_20250129T131513Z,,,,,,,,,,,explosion,,,,,,[0.5409 -0.0232 2.0935],3471,2025-01-29 13:14:13.580000,earthquake_local,FIA0.HE_20250129131413_HH_EV
HE,FIA0,HH,,,,1625,manual,0.5,,4076,manual,0.5,20250129T150056Z_20250129T150156Z,,,,,,,,,,,explosion,,,,,,[0.1413 -0.4245 1.5905],5999,2025-01-29 15:00:56.970000,earthquake_local,FIA0.HE_20250129150056_HH_EV
HE,FIA0,HH,,,,1054,manual,0.5,,5204,manual,0.5,20250130T095658Z_20250130T095758Z,,,,,,,,,,,explosion,,,,,,[2.9086 -4.7959 0.5123],5999,2025-01-30 09:56:58.260000,earthquake_local,FIA0.HE_20250130095658_HH_EV
HE,FIA0,HH,,,,1856,manual,0.5,,4086,manual,0.5,20250130T105952Z_20250130T110052Z,,,,,,,,,,,explosion,,,,,,[-1.2220 1.8512 0.2949],5999,2025-01-30 10:59:52.140000,earthquake_local,FIA0.HE_20250130105952_HH_EV
HE,FIA0,HH,,,,2016,manual,0.5,,4638,manual,0.5,20250130T113207Z_20250130T113307Z,,,,,,,,,,,explosion,,,,,,[0.0290 0.2449 -0.1364],5999,2025-01-30 11:32:07.530000,earthquake_local,FIA0.HE_20250130113207_HH_EV
HE,FIA0,HH,,,,632,manual,0.5,,1462,manual,0.5,20250130T120739Z_20250130T120839Z,,,,,,,,,,,explosion,,,,,,[0.9088 0.7193 0.1378],2624,2025-01-30 12:07:39.580000,earthquake_local,FIA0.HE_20250130120739_HH_EV
HE,FIA0,HH,,,,1891,manual,0.5,,4151,manual,0.5,20250130T131434Z_20250130T131534Z,,,,,,,,,,,explosion,,,,,,[3.9124 0.0110 -0.1656],5999,2025-01-30 13:14:34.590000,earthquake_local,FIA0.HE_20250130131434_HH_EV
HE,FIA0,HH,,,,2196,manual,0.5,,4701,manual,0.5,20250130T143044Z_20250130T143144Z,,,,,,,,,,,explosion,,,,,,[2.2292 0.1131 -0.2504],5999,2025-01-30 14:30:44.120000,earthquake_local,FIA0.HE_20250130143044_HH_EV
HE,FIA0,HH,,,,599,manual,0.5,,2549,manual,0.5,20250130T143820Z_20250130T143920Z,,,,,,,,,,,explosion,,,,,,[-0.3744 0.7666 -0.6282],5279,2025-01-30 14:38:20.510000,earthquake_local,FIA0.HE_20250130143820_HH_EV
HE,FIA0,HH,,,,1505,manual,0.5,,2865,manual,0.5,20250131T090204Z_20250131T090304Z,,,,,,,,,,,explosion,,,,,,[-1.4200 2.1868 9.5942],4769,2025-01-31 09:02:04.350000,earthquake_local,FIA0.HE_20250131090204_HH_EV
HE,FIA0,HH,,,,1461,manual,0.5,,3801,manual,0.5,20250131T092613Z_20250131T092713Z,,,,,,,,,,,explosion,,,,,,[0.1782 -0.0810 -2.0774],5999,2025-01-31 09:26:13.790000,earthquake_local,FIA0.HE_20250131092613_HH_EV
HE,FIA0,HH,,,,1237,manual,0.5,,3070,manual,0.5,20250131T125706Z_20250131T125806Z,,,,,,,,,,,explosion,,,,,,[-1.0468 0.3020 0.4059],5636,2025-01-31 12:57:06.120000,earthquake_local,FIA0.HE_20250131125706_HH_EV
HE,FIA0,HH,,,,1987,manual,0.5,,4246,manual,0.5,20250131T132452Z_20250131T132552Z,,,,,,,,,,,explosion,,,,,,[0.5632 0.1050 2.9359],5999,2025-01-31 13:24:52.290000,earthquake_local,FIA0.HE_20250131132452_HH_EV
HE,FIA0,HH,,,,1045,manual,0.5,,1903,manual,0.5,20250204T113430Z_20250204T113530Z,,,,,,,,,,,explosion,,,,,,[-0.5495 -1.2859 3.1617],3104,2025-02-04 11:34:30.470000,earthquake_local,FIA0.HE_20250204113430_HH_EV
HE,FIA0,HH,,,,1319,manual,0.5,,3508,manual,0.5,20250204T125948Z_20250204T130048Z,,,,,,,,,,,explosion,,,,,,[-0.0632 0.2880 5.5755],5999,2025-02-04 12:59:48.840000,earthquake_local,FIA0.HE_20250204125948_HH_EV
HE,FIA0,HH,,,,1500,manual,0.5,,3323,manual,0.5,20250205T125803Z_20250205T125903Z,,,,,,,,,,,explosion,,,,,,[0.3657 -0.0172 -0.6762],5875,2025-02-05 12:58:03.270000,earthquake_local,FIA0.HE_20250205125803_HH_EV
HE,FIA0,HH,,,,2179,manual,0.5,,4036,manual,0.5,20250205T130047Z_20250205T130147Z,,,,,,,,,,,explosion,,,,,,[0.0675 -0.5123 -0.9154],5999,2025-02-05 13:00:47.520000,earthquake_local,FIA0.HE_20250205130047_HH_EV
HE,FIA0,HH,,,,4503,manual,0.5,,5251,manual,0.5,20250205T140429Z_20250205T140529Z,,,,,,,,,,,explosion,,,,,,[-0.6702 0.2052 0.5645],5999,2025-02-05 14:04:29.430000,earthquake_local,FIA0.HE_20250205140429_HH_EV
HE,FIA0,HH,,,,700,manual,0.5,,2810,manual,0.5,20250205T143211Z_20250205T143311Z,,,,,,,,,,,explosion,,,,,,[-0.3458 0.0911 0.7038],5764,2025-02-05 14:32:11.400000,earthquake_local,FIA0.HE_20250205143211_HH_EV
HE,FIA0,HH,,,,1262,manual,0.5,,4165,manual,0.5,20250206T084855Z_20250206T084955Z,,,,,,,,,,,explosion,,,,,,[0.8815 -0.1116 -0.8221],5999,2025-02-06 08:48:55.380000,earthquake_local,FIA0.HE_20250206084855_HH_EV
HE,FIA0,HH,,,,1638,manual,0.5,,3358,manual,0.5,20250206T105857Z_20250206T105957Z,,,,,,,,,,,explosion,,,,,,[0.9535 -0.3558 0.1220],5766,2025-02-06 10:58:57.020000,earthquake_local,FIA0.HE_20250206105857_HH_EV
HE,FIA0,HH,,,,1757,manual,0.5,,4227,manual,0.5,20250206T114130Z_20250206T114230Z,,,,,,,,,,,explosion,,,,,,[-0.3430 -0.1622 -1.8493],5999,2025-02-06 11:41:30.030000,earthquake_local,FIA0.HE_20250206114130_HH_EV
HE,FIA0,HH,,,,3419,manual,0.5,,5209,manual,0.5,20250206T123706Z_20250206T123806Z,,,,,,,,,,,explosion,,,,,,[0.6118 0.3315 0.3691],5999,2025-02-06 12:37:06.210000,earthquake_local,FIA0.HE_20250206123706_HH_EV
HE,FIA0,HH,,,,3151,manual,0.5,,5421,manual,0.5,20250206T130047Z_20250206T130147Z,,,,,,,,,,,explosion,,,,,,[-0.0068 0.1068 2.7037],5999,2025-02-06 13:00:47.890000,earthquake_local,FIA0.HE_20250206130047_HH_EV
HE,FIA0,HH,,,,1293,manual,0.5,,3906,manual,0.5,20250206T135102Z_20250206T135202Z,,,,,,,,,,,explosion,,,,,,[-0.0202 -0.0245 -0.2270],5999,2025-02-06 13:51:02.900000,earthquake_local,FIA0.HE_20250206135102_HH_EV
HE,FIA0,HH,,,,794,manual,0.5,,2638,manual,0.5,20250206T140217Z_20250206T140317Z,,,,,,,,,,,explosion,,,,,,[0.6521 0.3965 1.0001],5220,2025-02-06 14:02:17.520000,earthquake_local,FIA0.HE_20250206140217_HH_EV
HE,FIA0,HH,,,,1631,manual,0.5,,2831,manual,0.5,20250207T082003Z_20250207T082103Z,,,,,,,,,,,explosion,,,,,,[1.5035 -1.2106 2.3409],4511,2025-02-07 08:20:03.090000,earthquake_local,FIA0.HE_20250207082003_HH_EV
HE,FIA0,HH,,,,975,manual,0.5,,2135,manual,0.5,20250207T091552Z_20250207T091652Z,,,,,,,,,,,explosion,,,,,,[3.2308 -0.5742 1.7951],3759,2025-02-07 09:15:52.150000,earthquake_local,FIA0.HE_20250207091552_HH_EV
HE,FIA0,HH,,,,639,manual,0.5,,2009,manual,0.5,20250207T114136Z_20250207T114236Z,,,,,,,,,,,explosion,,,,,,[-1.6010 3.5009 0.7585],3927,2025-02-07 11:41:36.410000,earthquake_local,FIA0.HE_20250207114136_HH_EV
HE,FIA0,HH,,,,939,manual,0.5,,1829,manual,0.5,20250207T121735Z_20250207T121835Z,,,,,,,,,,,explosion,,,,,,[-1.1881 -3.6401 -0.1743],3075,2025-02-07 12:17:35.510000,earthquake_local,FIA0.HE_20250207121735_HH_EV
HE,FIA0,HH,,,,654,manual,0.5,,3474,manual,0.5,20250208T091902Z_20250208T092002Z,,,,,,,,,,,explosion,,,,,,[-0.1797 -0.7352 2.3717],5999,2025-02-08 09:19:02.960000,earthquake_local,FIA0.HE_20250208091902_HH_EV
HE,FIA0,HH,,,,1675,manual,0.5,,4524,manual,0.5,20250208T230655Z_20250208T230755Z,,,,,,,,,,,explosion,,,,,,[0.7725 0.6939 3.6518],5999,2025-02-08 23:06:55.200000,earthquake_local,FIA0.HE_20250208230655_HH_EV
HE,FIA0,HH,,,,606,manual,0.5,,3473,manual,0.5,20250208T232104Z_20250208T232204Z,,,,,,,,,,,explosion,,,,,,[0.0373 0.1706 -1.1997],5999,2025-02-08 23:21:04.080000,earthquake_local,FIA0.HE_20250208232104_HH_EV
HE,FIA0,HH,,,,3237,manual,0.5,,5185,manual,0.5,20250210T142900Z_20250210T143000Z,,,,,,,,,,,explosion,,,,,,[-0.3927 -0.6341 -0.5868],5999,2025-02-10 14:29:00.190000,earthquake_local,FIA0.HE_20250210142900_HH_EV
HE,FIA0,HH,,,,836,manual,0.5,,3046,manual,0.5,20250211T093147Z_20250211T093247Z,,,,,,,,,,,explosion,,,,,,[-0.0584 -0.2183 -1.4407],5999,2025-02-11 09:31:47.040000,earthquake_local,FIA0.HE_20250211093147_HH_EV
HE,FIA0,HH,,,,1163,manual,0.5,,2393,manual,0.5,20250211T115631Z_20250211T115731Z,,,,,,,,,,,explosion,,,,,,[-0.9105 0.2151 -0.9842],4115,2025-02-11 11:56:31.270000,earthquake_local,FIA0.HE_20250211115631_HH_EV
HE,FIA0,HH,,,,2628,manual,0.5,,5038,manual,0.5,20250211T121507Z_20250211T121607Z,,,,,,,,,,,explosion,,,,,,[-0.1840 -0.2559 4.1977],5999,2025-02-11 12:15:07.620000,earthquake_local,FIA0.HE_20250211121507_HH_EV
HE,FIA0,HH,,,,2580,manual,0.5,,4550,manual,0.5,20250211T132848Z_20250211T132948Z,,,,,,,,,,,explosion,,,,,,[-0.1081 -0.0122 4.6935],5999,2025-02-11 13:28:48.300000,earthquake_local,FIA0.HE_20250211132848_HH_EV
HE,FIA0,HH,,,,1190,manual,0.5,,2864,manual,0.5,20250211T141107Z_20250211T141207Z,,,,,,,,,,,explosion,,,,,,[0.7800 0.5039 1.4517],5208,2025-02-11 14:11:07.080000,earthquake_local,FIA0.HE_20250211141107_HH_EV
HE,FIA0,HH,,,,2670,manual,0.5,,4087,manual,0.5,20250212T112832Z_20250212T112932Z,,,,,,,,,,,explosion,,,,,,[-0.4016 -0.0705 -2.9813],5999,2025-02-12 11:28:32.920000,earthquake_local,FIA0.HE_20250212112832_HH_EV
HE,FIA0,HH,,,,3725,manual,0.5,,4387,manual,0.5,20250212T112945Z_20250212T113045Z,,,,,,,,,,,explosion,,,,,,[0.0011 0.2355 0.6169],5314,2025-02-12 11:29:45.850000,earthquake_local,FIA0.HE_20250212112945_HH_EV
HE,FIA0,HH,,,,3850,manual,0.5,,5360,manual,0.5,20250212T115344Z_20250212T115444Z,,,,,,,,,,,explosion,,,,,,[-0.2553 0.1943 -0.6130],5999,2025-02-12 11:53:44.300000,earthquake_local,FIA0.HE_20250212115344_HH_EV
HE,FIA0,HH,,,,1559,manual,0.5,,3489,manual,0.5,20250212T115928Z_20250212T120028Z,,,,,,,,,,,explosion,,,,,,[-0.1549 -0.3154 -0.8010],5999,2025-02-12 11:59:28.500000,earthquake_local,FIA0.HE_20250212115928_HH_EV
HE,FIA0,HH,,,,2288,manual,0.5,,3636,manual,0.5,20250213T105514Z_20250213T105614Z,,,,,,,,,,,explosion,,,,,,[0.4154 0.2991 0.7382],5523,2025-02-13 10:55:14.560000,earthquake_local,FIA0.HE_20250213105514_HH_EV
HE,FIA0,HH,,,,778,manual,0.5,,3238,manual,0.5,20250213T114248Z_20250213T114348Z,,,,,,,,,,,explosion,,,,,,[0.3304 0.1981 5.3880],5999,2025-02-13 11:42:48.620000,earthquake_local,FIA0.HE_20250213114248_HH_EV
HE,FIA0,HH,,,,2573,manual,0.5,,4676,manual,0.5,20250213T120401Z_20250213T120501Z,,,,,,,,,,,explosion,,,,,,[-0.1351 -0.0572 0.4393],5999,2025-02-13 12:04:01.760000,earthquake_local,FIA0.HE_20250213120401_HH_EV
HE,FIA0,HH,,,,3499,manual,0.5,,4761,manual,0.5,20250213T123501Z_20250213T123601Z,,,,,,,,,,,explosion,,,,,,[-0.1769 -0.3607 -1.9669],5999,2025-02-13 12:35:01.520000,earthquake_local,FIA0.HE_20250213123501_HH_EV
HE,FIA0,HH,,,,2315,manual,0.5,,3849,manual,0.5,20250213T134647Z_20250213T134747Z,,,,,,,,,,,explosion,,,,,,[-0.4482 -0.1619 9.2836],5997,2025-02-13 13:46:47.140000,earthquake_local,FIA0.HE_20250213134647_HH_EV
HE,FIA0,HH,,,,1454,manual,0.5,,3694,manual,0.5,20250214T110648Z_20250214T110748Z,,,,,,,,,,,explosion,,,,,,[0.2237 0.1877 1.4711],5999,2025-02-14 11:06:48.360000,earthquake_local,FIA0.HE_20250214110648_HH_EV
HE,FIA0,HH,,,,1893,manual,0.5,,4763,manual,0.5,20250217T120425Z_20250217T120525Z,,,,,,,,,,,explosion,,,,,,[-0.1160 0.1867 1.2427],5999,2025-02-17 12:04:25.470000,earthquake_local,FIA0.HE_20250217120425_HH_EV
HE,FIA0,HH,,,,1269,manual,0.5,,2948,manual,0.5,20250218T115916Z_20250218T120016Z,,,,,,,,,,,explosion,,,,,,[0.0285 -0.0971 0.5168],5299,2025-02-18 11:59:16.890000,earthquake_local,FIA0.HE_20250218115916_HH_EV
HE,FIA0,HH,,,,4089,manual,0.5,,5456,manual,0.5,20250218T133629Z_20250218T133729Z,,,,,,,,,,,explosion,,,,,,[-0.1566 0.2728 -0.1900],5999,2025-02-18 13:36:29.790000,earthquake_local,FIA0.HE_20250218133629_HH_EV
HE,FIA0,HH,,,,1263,manual,0.5,,3463,manual,0.5,20250219T122429Z_20250219T122529Z,,,,,,,,,,,explosion,,,,,,[0.1885 -0.4419 2.6374],5999,2025-02-19 12:24:29.670000,earthquake_local,FIA0.HE_20250219122429_HH_EV
HE,FIA0,HH,,,,2672,manual,0.5,,4218,manual,0.5,20250220T072937Z_20250220T073037Z,,,,,,,,,,,explosion,,,,,,[0.5175 0.0887 4.9599],5999,2025-02-20 07:29:37.430000,earthquake_local,FIA0.HE_20250220072937_HH_EV
HE,FIA0,HH,,,,1250,manual,0.5,,2545,manual,0.5,20250220T093304Z_20250220T093404Z,,,,,,,,,,,explosion,,,,,,[0.3914 0.0828 -1.4274],4358,2025-02-20 09:33:04.760000,earthquake_local,FIA0.HE_20250220093304_HH_EV
HE,FIA0,HH,,,,1920,manual,0.5,,4030,manual,0.5,20250220T113659Z_20250220T113759Z,,,,,,,,,,,explosion,,,,,,[-0.1254 0.1444 7.7848],5999,2025-02-20 11:36:59.520000,earthquake_local,FIA0.HE_20250220113659_HH_EV
HE,FIA0,HH,,,,2419,manual,0.5,,3741,manual,0.5,20250220T114655Z_20250220T114755Z,,,,,,,,,,,explosion,,,,,,[-0.2539 0.1450 1.1072],5592,2025-02-20 11:46:55.450000,earthquake_local,FIA0.HE_20250220114655_HH_EV
HE,FIA0,HH,,,,1063,manual,0.5,,1908,manual,0.5,20250220T121358Z_20250220T121458Z,,,,,,,,,,,explosion,,,,,,[0.0053 0.9818 1.7330],3091,2025-02-20 12:13:58.620000,earthquake_local,FIA0.HE_20250220121358_HH_EV
HE,FIA0,HH,,,,941,manual,0.5,,1743,manual,0.5,20250220T135545Z_20250220T135645Z,,,,,,,,,,,explosion,,,,,,[0.5815 -0.2374 1.9250],2866,2025-02-20 13:55:45.690000,earthquake_local,FIA0.HE_20250220135545_HH_EV
HE,FIA0,HH,,,,1446,manual,0.5,,3516,manual,0.5,20250221T100058Z_20250221T100158Z,,,,,,,,,,,explosion,,,,,,[-0.9157 -0.4189 2.1051],5999,2025-02-21 10:00:58.340000,earthquake_local,FIA0.HE_20250221100058_HH_EV
HE,FIA0,HH,,,,2446,manual,0.5,,5056,manual,0.5,20250221T113620Z_20250221T113720Z,,,,,,,,,,,explosion,,,,,,[0.0613 -0.1705 -0.2030],5999,2025-02-21 11:36:20.440000,earthquake_local,FIA0.HE_20250221113620_HH_EV
HE,FIA0,HH,,,,1144,manual,0.5,,2934,manual,0.5,20250221T115409Z_20250221T115509Z,,,,,,,,,,,explosion,,,,,,[-0.1523 0.2906 0.0220],5440,2025-02-21 11:54:09.860000,earthquake_local,FIA0.HE_20250221115409_HH_EV
HE,FIA0,HH,,,,1728,manual,0.5,,4427,manual,0.5,20250221T124507Z_20250221T124607Z,,,,,,,,,,,explosion,,,,,,[0.1029 -0.3770 -0.2179],5999,2025-02-21 12:45:07.360000,earthquake_local,FIA0.HE_20250221124507_HH_EV
HE,FIA0,HH,,,,1529,manual,0.5,,4364,manual,0.5,20250221T130318Z_20250221T130418Z,,,,,,,,,,,explosion,,,,,,[0.4124 -0.3224 -0.1919],5999,2025-02-21 13:03:18.980000,earthquake_local,FIA0.HE_20250221130318_HH_EV
HE,FIA0,HH,,,,2276,manual,0.5,,2677,manual,0.5,20250221T141500Z_20250221T141600Z,,,,,,,,,,,explosion,,,,,,[0.5518 0.2270 -0.4421],3238,2025-02-21 14:15:00.110000,earthquake_local,FIA0.HE_20250221141500_HH_EV
HE,FIA0,HH,,,,2290,manual,0.5,,4856,manual,0.5,20250221T150452Z_20250221T150552Z,,,,,,,,,,,explosion,,,,,,[-0.1452 0.2396 0.1026],5999,2025-02-21 15:04:52.780000,earthquake_local,FIA0.HE_20250221150452_HH_EV
HE,FIA0,HH,,,,4078,manual,0.5,,5398,manual,0.5,20250221T162554Z_20250221T162654Z,,,,,,,,,,,explosion,,,,,,[0.9153 0.2754 0.5505],5999,2025-02-21 16:25:54.320000,earthquake_local,FIA0.HE_20250221162554_HH_EV
HE,FIA0,HH,,,,1063,manual,0.5,,3823,manual,0.5,20250223T072041Z_20250223T072141Z,,,,,,,,,,,explosion,,,,,,[0.2301 -0.0558 -0.3248],5999,2025-02-23 07:20:41.170000,earthquake_local,FIA0.HE_20250223072041_HH_EV
HE,FIA0,HH,,,,1849,manual,0.5,,4145,manual,0.5,20250224T110906Z_20250224T111006Z,,,,,,,,,,,explosion,,,,,,[1.0345 0.9699 -1.2120],5999,2025-02-24 11:09:06.000000,earthquake_local,FIA0.HE_20250224110906_HH_EV
HE,FIA0,HH,,,,1040,manual,0.5,,3440,manual,0.5,20250224T114611Z_20250224T114711Z,,,,,,,,,,,explosion,,,,,,[2.0522 -0.8534 6.4990],5999,2025-02-24 11:46:11.000000,earthquake_local,FIA0.HE_20250224114611_HH_EV
HE,FIA0,HH,,,,1204,manual,0.5,,2074,manual,0.5,20250224T125857Z_20250224T125957Z,,,,,,,,,,,explosion,,,,,,[-0.4266 -1.2344 -0.6940],3292,2025-02-24 12:58:57.790000,earthquake_local,FIA0.HE_20250224125857_HH_EV
HE,FIA0,HH,,,,1154,manual,0.5,,4163,manual,0.5,20250224T133722Z_20250224T133822Z,,,,,,,,,,,explosion,,,,,,[-1.4040 0.4444 -0.3334],5999,2025-02-24 13:37:22.750000,earthquake_local,FIA0.HE_20250224133722_HH_EV
HE,FIA0,HH,,,,3556,manual,0.5,,5066,manual,0.5,20250224T141325Z_20250224T141425Z,,,,,,,,,,,explosion,,,,,,[2.9872 0.1674 2.5087],5999,2025-02-24 14:13:25.240000,earthquake_local,FIA0.HE_20250224141325_HH_EV
HE,FIA0,HH,,,,758,manual,0.5,,2660,manual,0.5,20250224T202229Z_20250224T202329Z,,,,,,,,,,,explosion,,,,,,[-0.7777 0.3287 0.3882],5323,2025-02-24 20:22:29.590000,earthquake_local,FIA0.HE_20250224202229_HH_EV
HE,FIA0,HH,,,,910,manual,0.5,,3470,manual,0.5,20250225T101021Z_20250225T101121Z,,,,,,,,,,,explosion,,,,,,[-0.0480 -0.6621 2.6924],5999,2025-02-25 10:10:21.600000,earthquake_local,FIA0.HE_20250225101021_HH_EV
HE,FIA0,HH,,,,2837,manual,0.5,,3917,manual,0.5,20250225T101729Z_20250225T101829Z,,,,,,,,,,,explosion,,,,,,[0.3332 -0.2750 1.8582],5429,2025-02-25 10:17:29.130000,earthquake_local,FIA0.HE_20250225101729_HH_EV
HE,FIA0,HH,,,,2317,manual,0.5,,4158,manual,0.5,20250225T103318Z_20250225T103418Z,,,,,,,,,,,explosion,,,,,,[0.2796 0.4016 0.2314],5999,2025-02-25 10:33:18.640000,earthquake_local,FIA0.HE_20250225103318_HH_EV
HE,FIA0,HH,,,,1202,manual,0.5,,1648,manual,0.5,20250225T120110Z_20250225T120210Z,,,,,,,,,,,explosion,,,,,,[0.2431 0.2684 -0.6065],2272,2025-02-25 12:01:10.800000,earthquake_local,FIA0.HE_20250225120110_HH_EV
HE,FIA0,HH,,,,2700,manual,0.5,,4177,manual,0.5,20250225T134828Z_20250225T134928Z,,,,,,,,,,,explosion,,,,,,[-0.3219 0.0160 -2.2706],5999,2025-02-25 13:48:28.440000,earthquake_local,FIA0.HE_20250225134828_HH_EV
HE,FIA0,HH,,,,2390,manual,0.5,,4520,manual,0.5,20250226T094252Z_20250226T094352Z,,,,,,,,,,,explosion,,,,,,[0.3081 0.2597 1.9025],5999,2025-02-26 09:42:52.700000,earthquake_local,FIA0.HE_20250226094252_HH_EV
HE,FIA0,HH,,,,1668,manual,0.5,,4178,manual,0.5,20250226T105631Z_20250226T105731Z,,,,,,,,,,,explosion,,,,,,[-0.3464 0.0217 -0.2375],5999,2025-02-26 10:56:31.320000,earthquake_local,FIA0.HE_20250226105631_HH_EV
HE,FIA0,HH,,,,1624,manual,0.5,,4594,manual,0.5,20250226T124019Z_20250226T124119Z,,,,,,,,,,,explosion,,,,,,[0.5783 0.1156 -1.5623],5999,2025-02-26 12:40:19.170000,earthquake_local,FIA0.HE_20250226124019_HH_EV
HE,FIA0,HH,,,,1308,manual,0.5,,2645,manual,0.5,20250226T124351Z_20250226T124451Z,,,,,,,,,,,explosion,,,,,,[0.2697 0.1091 2.4994],4517,2025-02-26 12:43:51.040000,earthquake_local,FIA0.HE_20250226124351_HH_EV
HE,FIA0,HH,,,,684,manual,0.5,,2754,manual,0.5,20250226T130054Z_20250226T130154Z,,,,,,,,,,,explosion,,,,,,[0.6783 0.0738 1.6569],5652,2025-02-26 13:00:54.260000,earthquake_local,FIA0.HE_20250226130054_HH_EV
HE,FIA0,HH,,,,2040,manual,0.5,,3810,manual,0.5,20250226T133404Z_20250226T133504Z,,,,,,,,,,,explosion,,,,,,[-0.4040 0.0834 0.0248],5999,2025-02-26 13:34:04.850000,earthquake_local,FIA0.HE_20250226133404_HH_EV
HE,FIA0,HH,,,,2438,manual,0.5,,3316,manual,0.5,20250226T134242Z_20250226T134342Z,,,,,,,,,,,explosion,,,,,,[-0.1541 -0.1374 -3.3144],4545,2025-02-26 13:42:42.780000,earthquake_local,FIA0.HE_20250226134242_HH_EV
HE,FIA0,HH,,,,815,manual,0.5,,4825,manual,0.5,20250226T140628Z_20250226T140728Z,,,,,,,,,,,explosion,,,,,,[-0.1622 -0.0563 -2.4881],5999,2025-02-26 14:06:28.050000,earthquake_local,FIA0.HE_20250226140628_HH_EV
HE,FIA0,HH,,,,2241,manual,0.5,,4481,manual,0.5,20250226T154605Z_20250226T154705Z,,,,,,,,,,,explosion,,,,,,[-0.0629 0.1157 0.8463],5999,2025-02-26 15:46:05.690000,earthquake_local,FIA0.HE_20250226154605_HH_EV
HE,FIA0,HH,,,,1985,manual,0.5,,4245,manual,0.5,20250226T155439Z_20250226T155539Z,,,,,,,,,,,explosion,,,,,,[-0.2915 0.1710 -2.4090],5999,2025-02-26 15:54:39.250000,earthquake_local,FIA0.HE_20250226155439_HH_EV
HE,FIA0,HH,,,,1000,manual,0.5,,3130,manual,0.5,20250227T090024Z_20250227T090124Z,,,,,,,,,,,explosion,,,,,,[-0.3648 1.1353 1.9362],5999,2025-02-27 09:00:24.700000,earthquake_local,FIA0.HE_20250227090024_HH_EV
HE,FIA0,HH,,,,2925,manual,0.5,,4815,manual,0.5,20250227T091345Z_20250227T091445Z,,,,,,,,,,,explosion,,,,,,[0.0122 -0.0529 0.8007],5999,2025-02-27 09:13:45.650000,earthquake_local,FIA0.HE_20250227091345_HH_EV
HE,FIA0,HH,,,,3773,manual,0.5,,4873,manual,0.5,20250227T100127Z_20250227T100227Z,,,,,,,,,,,explosion,,,,,,[0.2100 0.0749 0.8531],5999,2025-02-27 10:01:27.370000,earthquake_local,FIA0.HE_20250227100127_HH_EV
HE,FIA0,HH,,,,2036,manual,0.5,,4216,manual,0.5,20250227T101931Z_20250227T102031Z,,,,,,,,,,,explosion,,,,,,[0.1275 1.1117 0.7462],5999,2025-02-27 10:19:31.070000,earthquake_local,FIA0.HE_20250227101931_HH_EV
HE,FIA0,HH,,,,1200,manual,0.5,,2540,manual,0.5,20250227T105715Z_20250227T105815Z,,,,,,,,,,,explosion,,,,,,[-0.2343 -0.3087 -1.7061],4416,2025-02-27 10:57:15.100000,earthquake_local,FIA0.HE_20250227105715_HH_EV
HE,FIA0,HH,,,,1292,manual,0.5,,3382,manual,0.5,20250227T115409Z_20250227T115509Z,,,,,,,,,,,explosion,,,,,,[0.6586 -0.4435 2.2832],5999,2025-02-27 11:54:09.080000,earthquake_local,FIA0.HE_20250227115409_HH_EV
HE,FIA0,HH,,,,705,manual,0.5,,3455,manual,0.5,20250227T115917Z_20250227T120017Z,,,,,,,,,,,explosion,,,,,,[-0.4787 0.0208 -1.5898],5999,2025-02-27 11:59:17.150000,earthquake_local,FIA0.HE_20250227115917_HH_EV
HE,FIA0,HH,,,,767,manual,0.5,,2197,manual,0.5,20250227T123615Z_20250227T123715Z,,,,,,,,,,,explosion,,,,,,[0.0381 0.7709 0.1594],4199,2025-02-27 12:36:15.230000,earthquake_local,FIA0.HE_20250227123615_HH_EV
HE,FIA0,HH,,,,832,manual,0.5,,1668,manual,0.5,20250227T135710Z_20250227T135810Z,,,,,,,,,,,explosion,,,,,,[-0.6824 0.1149 -0.8533],2838,2025-02-27 13:57:10.730000,earthquake_local,FIA0.HE_20250227135710_HH_EV
HE,FIA0,HH,,,,2515,manual,0.5,,4325,manual,0.5,20250228T085240Z_20250228T085340Z,,,,,,,,,,,explosion,,,,,,[-0.1618 -4.7071 0.3184],5999,2025-02-28 08:52:40.350000,earthquake_local,FIA0.HE_20250228085240_HH_EV
HE,FIA0,HH,,,,2584,manual,0.5,,3874,manual,0.5,20250228T085705Z_20250228T085805Z,,,,,,,,,,,explosion,,,,,,[0.2839 -4.8525 -2.6667],5680,2025-02-28 08:57:05.860000,earthquake_local,FIA0.HE_20250228085705_HH_EV
HE,FIA0,HH,,,,3180,manual,0.5,,4350,manual,0.5,20250228T105153Z_20250228T105253Z,,,,,,,,,,,explosion,,,,,,[1.3298 0.7860 4.1673],5988,2025-02-28 10:51:53.500000,earthquake_local,FIA0.HE_20250228105153_HH_EV
HE,FIA0,HH,,,,2902,manual,0.5,,5312,manual,0.5,20250228T113634Z_20250228T113734Z,,,,,,,,,,,explosion,,,,,,[-0.8457 0.5729 0.4199],5999,2025-02-28 11:36:34.180000,earthquake_local,FIA0.HE_20250228113634_HH_EV
HE,FIA0,HH,,,,1303,manual,0.5,,3713,manual,0.5,20250228T113811Z_20250228T113911Z,,,,,,,,,,,explosion,,,,,,[0.8534 -0.0421 1.2933],5999,2025-02-28 11:38:11.170000,earthquake_local,FIA0.HE_20250228113811_HH_EV
HE,FIA1,HH,,,,694,manual,0.5,,2003,manual,0.5,20250102T091722Z_20250102T091822Z,,,,,,,,,,,explosion,,,,,,[2.3390 11.0337 0.4001],3836,2025-01-02 09:17:22.010000,earthquake_local,FIA1.HE_20250102091722_HH_EV
HE,FIA1,HH,,,,1543,manual,0.5,,4060,manual,0.5,20250107T113237Z_20250107T113337Z,,,,,,,,,,,explosion,,,,,,[3.1064 0.3219 -0.1328],5999,2025-01-07 11:32:37.160000,earthquake_local,FIA1.HE_20250107113237_HH_EV
HE,FIA1,HH,,,,2415,manual,0.5,,5060,manual,0.5,20250107T124319Z_20250107T124419Z,,,,,,,,,,,explosion,,,,,,[1.8284 1.2743 0.1317],5999,2025-01-07 12:43:19.480000,earthquake_local,FIA1.HE_20250107124319_HH_EV
HE,FIA1,HH,,,,2104,manual,0.5,,4306,manual,0.5,20250107T142634Z_20250107T142734Z,,,,,,,,,,,explosion,,,,,,[-0.8363 -0.0460 -0.4582],5999,2025-01-07 14:26:34.820000,earthquake_local,FIA1.HE_20250107142634_HH_EV
HE,FIA1,HH,,,,2585,manual,0.5,,3661,manual,0.5,20250108T094928Z_20250108T095028Z,,,,,,,,,,,explosion,,,,,,[0.5162 0.3629 0.1561],5167,2025-01-08 09:49:28.110000,earthquake_local,FIA1.HE_20250108094928_HH_EV
HE,FIA1,HH,,,,3484,manual,0.5,,4789,manual,0.5,20250108T104215Z_20250108T104315Z,,,,,,,,,,,explosion,,,,,,[-2.5972 -0.5687 0.4203],5999,2025-01-08 10:42:15.430000,earthquake_local,FIA1.HE_20250108104215_HH_EV
HE,FIA1,HH,,,,1022,manual,0.5,,2272,manual,0.5,20250108T124731Z_20250108T124831Z,,,,,,,,,,,explosion,,,,,,[-1.2602 0.5178 0.7206],4022,2025-01-08 12:47:31.370000,earthquake_local,FIA1.HE_20250108124731_HH_EV
HE,FIA1,HH,,,,1046,manual,0.5,,3282,manual,0.5,20250110T102809Z_20250110T102909Z,,,,,,,,,,,explosion,,,,,,[4.5988 2.1995 4.7387],5999,2025-01-10 10:28:09.190000,earthquake_local,FIA1.HE_20250110102809_HH_EV
HE,FIA1,HH,,,,1850,manual,0.5,,4355,manual,0.5,20250110T120355Z_20250110T120455Z,,,,,,,,,,,explosion,,,,,,[-0.8570 2.6609 2.7158],5999,2025-01-10 12:03:55.260000,earthquake_local,FIA1.HE_20250110120355_HH_EV
HE,FIA1,HH,,,,1868,manual,0.5,,3917,manual,0.5,20250113T135610Z_20250113T135710Z,,,,,,,,,,,explosion,,,,,,[1.7854 8.6942 -2.2119],5999,2025-01-13 13:56:10.270000,earthquake_local,FIA1.HE_20250113135610_HH_EV
HE,FIA1,HH,,,,1497,manual,0.5,,3364,manual,0.5,20250114T073121Z_20250114T073221Z,,,,,,,,,,,explosion,,,,,,[1.4047 5.3554 -0.6173],5978,2025-01-14 07:31:21.940000,earthquake_local,FIA1.HE_20250114073121_HH_EV
HE,FIA1,HH,,,,2624,manual,0.5,,4834,manual,0.5,20250114T101347Z_20250114T101447Z,,,,,,,,,,,explosion,,,,,,[-3.3622 -0.3394 -1.4172],5999,2025-01-14 10:13:47.210000,earthquake_local,FIA1.HE_20250114101347_HH_EV
HE,FIA1,HH,,,,2004,manual,0.5,,4789,manual,0.5,20250114T113734Z_20250114T113834Z,,,,,,,,,,,explosion,,,,,,[11.0324 4.7155 0.6072],5999,2025-01-14 11:37:34.970000,earthquake_local,FIA1.HE_20250114113734_HH_EV
HE,FIA1,HH,,,,1016,manual,0.5,,3044,manual,0.5,20250114T135755Z_20250114T135855Z,,,,,,,,,,,explosion,,,,,,[1.1249 -2.2202 -0.4897],5883,2025-01-14 13:57:55.140000,earthquake_local,FIA1.HE_20250114135755_HH_EV
HE,FIA1,HH,,,,2742,manual,0.5,,4593,manual,0.5,20250114T140012Z_20250114T140112Z,,,,,,,,,,,explosion,,,,,,[5.0594 -2.2909 -1.1186],5999,2025-01-14 14:00:12.050000,earthquake_local,FIA1.HE_20250114140012_HH_EV
HE,FIA1,HH,,,,1118,manual,0.5,,3416,manual,0.5,20250115T111014Z_20250115T111114Z,,,,,,,,,,,explosion,,,,,,[-0.6254 0.0328 -0.7993],5999,2025-01-15 11:10:14.770000,earthquake_local,FIA1.HE_20250115111014_HH_EV
HE,FIA1,HH,,,,795,manual,0.5,,1460,manual,0.5,20250115T121530Z_20250115T121630Z,,,,,,,,,,,explosion,,,,,,[-2.2562 4.6122 -0.4549],2391,2025-01-15 12:15:30.050000,earthquake_local,FIA1.HE_20250115121530_HH_EV
HE,FIA1,HH,,,,1321,manual,0.5,,3524,manual,0.5,20250115T130022Z_20250115T130122Z,,,,,,,,,,,explosion,,,,,,[1.5206 2.7584 0.7178],5999,2025-01-15 13:00:22.540000,earthquake_local,FIA1.HE_20250115130022_HH_EV
HE,FIA1,HH,,,,2839,manual,0.5,,5045,manual,0.5,20250116T091904Z_20250116T092004Z,,,,,,,,,,,explosion,,,,,,[7.4754 2.6890 -1.2384],5999,2025-01-16 09:19:04.710000,earthquake_local,FIA1.HE_20250116091904_HH_EV
HE,FIA1,HH,,,,2627,manual,0.5,,4408,manual,0.5,20250116T095245Z_20250116T095345Z,,,,,,,,,,,explosion,,,,,,[-2.8053 -4.8261 -0.0278],5999,2025-01-16 09:52:45.660000,earthquake_local,FIA1.HE_20250116095245_HH_EV
HE,FIA1,HH,,,,2046,manual,0.5,,4403,manual,0.5,20250116T100334Z_20250116T100434Z,,,,,,,,,,,explosion,,,,,,[-0.1223 2.7301 -3.1339],5999,2025-01-16 10:03:34.310000,earthquake_local,FIA1.HE_20250116100334_HH_EV
HE,FIA1,HH,,,,2437,manual,0.5,,5035,manual,0.5,20250116T110650Z_20250116T110750Z,,,,,,,,,,,explosion,,,,,,[0.1297 2.0104 2.7920],5999,2025-01-16 11:06:50.710000,earthquake_local,FIA1.HE_20250116110650_HH_EV
HE,FIA1,HH,,,,2149,manual,0.5,,4575,manual,0.5,20250117T094353Z_20250117T094453Z,,,,,,,,,,,explosion,,,,,,[-0.7308 -2.5071 -2.5292],5999,2025-01-17 09:43:53.280000,earthquake_local,FIA1.HE_20250117094353_HH_EV
HE,FIA1,HH,,,,1268,manual,0.5,,2073,manual,0.5,20250121T112041Z_20250121T112141Z,,,,,,,,,,,explosion,,,,,,[2.3284 2.7493 1.6490],3200,2025-01-21 11:20:41.060000,earthquake_local,FIA1.HE_20250121112041_HH_EV
HE,FIA1,HH,,,,1752,manual,0.5,,3255,manual,0.5,20250122T090242Z_20250122T090342Z,,,,,,,,,,,explosion,,,,,,[-1.3168 -1.0805 1.5429],5359,2025-01-22 09:02:42.630000,earthquake_local,FIA1.HE_20250122090242_HH_EV
HE,FIA1,HH,,,,3415,manual,0.5,,4886,manual,0.5,20250122T115349Z_20250122T115449Z,,,,,,,,,,,explosion,,,,,,[4.2371 0.6146 -0.0468],5999,2025-01-22 11:53:49.150000,earthquake_local,FIA1.HE_20250122115349_HH_EV
HE,FIA1,HH,,,,1209,manual,0.5,,3060,manual,0.5,20250122T122759Z_20250122T122859Z,,,,,,,,,,,explosion,,,,,,[0.4252 -0.0889 0.8109],5651,2025-01-22 12:27:59.880000,earthquake_local,FIA1.HE_20250122122759_HH_EV
HE,FIA1,HH,,,,532,manual,0.5,,1791,manual,0.5,20250122T142827Z_20250122T142927Z,,,,,,,,,,,explosion,,,,,,[0.5703 1.4298 -0.1729],3554,2025-01-22 14:28:27.370000,earthquake_local,FIA1.HE_20250122142827_HH_EV
HE,FIA1,HH,,,,1575,manual,0.5,,3755,manual,0.5,20250123T023948Z_20250123T024048Z,,,,,,,,,,,explosion,,,,,,[6.1386 2.9227 0.0181],5999,2025-01-23 02:39:48.310000,earthquake_local,FIA1.HE_20250123023948_HH_EV
HE,FIA1,HH,,,,1700,manual,0.5,,3509,manual,0.5,20250123T110237Z_20250123T110337Z,,,,,,,,,,,explosion,,,,,,[2.3099 -1.4901 -0.3106],5999,2025-01-23 11:02:37.880000,earthquake_local,FIA1.HE_20250123110237_HH_EV
HE,FIA1,HH,,,,2460,manual,0.5,,4817,manual,0.5,20250124T092741Z_20250124T092841Z,,,,,,,,,,,explosion,,,,,,[-2.9636 5.4615 -2.6731],5999,2025-01-24 09:27:41.120000,earthquake_local,FIA1.HE_20250124092741_HH_EV
HE,FIA1,HH,,,,1920,manual,0.5,,3237,manual,0.5,20250127T105810Z_20250127T105910Z,,,,,,,,,,,explosion,,,,,,[2.4446 -0.8609 -3.5145],5081,2025-01-27 10:58:10.050000,earthquake_local,FIA1.HE_20250127105810_HH_EV
HE,FIA1,HH,,,,2081,manual,0.5,,4658,manual,0.5,20250127T105959Z_20250127T110059Z,,,,,,,,,,,explosion,,,,,,[5.1477 -6.4037 -1.6955],5999,2025-01-27 10:59:59.890000,earthquake_local,FIA1.HE_20250127105959_HH_EV
HE,FIA1,HH,,,,1305,manual,0.5,,2373,manual,0.5,20250127T120749Z_20250127T120849Z,,,,,,,,,,,explosion,,,,,,[5.1477 0.7560 1.8457],3868,2025-01-27 12:07:49.540000,earthquake_local,FIA1.HE_20250127120749_HH_EV
HE,FIA1,HH,,,,2907,manual,0.5,,4206,manual,0.5,20250127T135223Z_20250127T135323Z,,,,,,,,,,,explosion,,,,,,[0.9837 -3.2388 1.2913],5999,2025-01-27 13:52:23.480000,earthquake_local,FIA1.HE_20250127135223_HH_EV
HE,FIA1,HH,,,,764,manual,0.5,,2384,manual,0.5,20250128T102514Z_20250128T102614Z,,,,,,,,,,,explosion,,,,,,[-0.7656 -2.4336 3.4160],4652,2025-01-28 10:25:14.780000,earthquake_local,FIA1.HE_20250128102514_HH_EV
HE,FIA1,HH,,,,5220,manual,0.5,,5433,manual,0.5,20250128T105221Z_20250128T105321Z,,,,,,,,,,,explosion,,,,,,[7.7764 17.5379 6.0830],5731,2025-01-28 10:52:21.500000,earthquake_local,FIA1.HE_20250128105221_HH_EV
HE,FIA1,HH,,,,1351,manual,0.5,,2579,manual,0.5,20250128T123345Z_20250128T123445Z,,,,,,,,,,,explosion,,,,,,[2.8483 1.6480 0.0082],4298,2025-01-28 12:33:45.030000,earthquake_local,FIA1.HE_20250128123345_HH_EV
HE,FIA1,HH,,,,1211,manual,0.5,,4357,manual,0.5,20250129T082500Z_20250129T082600Z,,,,,,,,,,,explosion,,,,,,[0.7103 7.1921 4.3284],5999,2025-01-29 08:25:00.550000,earthquake_local,FIA1.HE_20250129082500_HH_EV
HE,FIA1,HH,,,,2542,manual,0.5,,2964,manual,0.5,20250129T102615Z_20250129T102715Z,,,,,,,,,,,explosion,,,,,,[2.8038 2.5294 3.1075],3555,2025-01-29 10:26:15.630000,earthquake_local,FIA1.HE_20250129102615_HH_EV
HE,FIA1,HH,,,,1335,manual,0.5,,4286,manual,0.5,20250129T113221Z_20250129T113321Z,,,,,,,,,,,explosion,,,,,,[3.5286 1.3656 -3.0649],5999,2025-01-29 11:32:21.250000,earthquake_local,FIA1.HE_20250129113221_HH_EV
HE,FIA1,HH,,,,1785,manual,0.5,,2280,manual,0.5,20250129T125500Z_20250129T125600Z,,,,,,,,,,,explosion,,,,,,[5.0614 5.2399 -1.0581],2973,2025-01-29 12:55:00.280000,earthquake_local,FIA1.HE_20250129125500_HH_EV
HE,FIA1,HH,,,,4538,manual,0.5,,5130,manual,0.5,20250129T131348Z_20250129T131448Z,,,,,,,,,,,explosion,,,,,,[-0.2084 2.2128 3.2329],5959,2025-01-29 13:13:48.700000,earthquake_local,FIA1.HE_20250129131348_HH_EV
HE,FIA1,HH,,,,1813,manual,0.5,,4264,manual,0.5,20250129T150055Z_20250129T150155Z,,,,,,,,,,,explosion,,,,,,[-0.7380 3.7230 2.3036],5999,2025-01-29 15:00:55.090000,earthquake_local,FIA1.HE_20250129150055_HH_EV
HE,FIA1,HH,,,,2051,manual,0.5,,4668,manual,0.5,20250130T113207Z_20250130T113307Z,,,,,,,,,,,explosion,,,,,,[-0.5010 0.3561 -1.3906],5999,2025-01-30 11:32:07.230000,earthquake_local,FIA1.HE_20250130113207_HH_EV
HE,FIA1,HH,,,,970,manual,0.5,,3475,manual,0.5,20250130T143056Z_20250130T143156Z,,,,,,,,,,,explosion,,,,,,[-0.9654 -0.0956 -0.2416],5999,2025-01-30 14:30:56.380000,earthquake_local,FIA1.HE_20250130143056_HH_EV
HE,FIA1,HH,,,,897,manual,0.5,,2847,manual,0.5,20250130T143817Z_20250130T143917Z,,,,,,,,,,,explosion,,,,,,[-1.0628 0.3240 -1.0712],5577,2025-01-30 14:38:17.530000,earthquake_local,FIA1.HE_20250130143817_HH_EV
HE,FIA1,HH,,,,1047,manual,0.5,,2922,manual,0.5,20250131T125708Z_20250131T125808Z,,,,,,,,,,,explosion,,,,,,[0.4122 1.3993 1.2346],5547,2025-01-31 12:57:08.020000,earthquake_local,FIA1.HE_20250131125708_HH_EV
HE,FIA1,HH,,,,1617,manual,0.5,,3885,manual,0.5,20250131T132455Z_20250131T132555Z,,,,,,,,,,,explosion,,,,,,[0.0202 -1.4495 0.7879],5999,2025-01-31 13:24:55.990000,earthquake_local,FIA1.HE_20250131132455_HH_EV
HE,FIA1,HH,,,,4242,manual,0.5,,5076,manual,0.5,20250204T113358Z_20250204T113458Z,,,,,,,,,,,explosion,,,,,,[9.1406 1.5837 0.2335],5999,2025-02-04 11:33:58.530000,earthquake_local,FIA1.HE_20250204113358_HH_EV
HE,FIA1,HH,,,,595,manual,0.5,,2824,manual,0.5,20250204T125955Z_20250204T130055Z,,,,,,,,,,,explosion,,,,,,[4.5195 -0.3236 0.8297],5945,2025-02-04 12:59:55.680000,earthquake_local,FIA1.HE_20250204125955_HH_EV
HE,FIA1,HH,,,,2065,manual,0.5,,3888,manual,0.5,20250205T125757Z_20250205T125857Z,,,,,,,,,,,explosion,,,,,,[0.0944 -0.6503 -0.4747],5999,2025-02-05 12:57:57.620000,earthquake_local,FIA1.HE_20250205125757_HH_EV
HE,FIA1,HH,,,,2486,manual,0.5,,4343,manual,0.5,20250205T130044Z_20250205T130144Z,,,,,,,,,,,explosion,,,,,,[-5.2628 2.7499 -0.9000],5999,2025-02-05 13:00:44.450000,earthquake_local,FIA1.HE_20250205130044_HH_EV
HE,FIA1,HH,,,,2547,manual,0.5,,3295,manual,0.5,20250205T140448Z_20250205T140548Z,,,,,,,,,,,explosion,,,,,,[4.6921 0.9011 0.0573],4342,2025-02-05 14:04:48.990000,earthquake_local,FIA1.HE_20250205140448_HH_EV
HE,FIA1,HH,,,,1007,manual,0.5,,3910,manual,0.5,20250206T084857Z_20250206T084957Z,,,,,,,,,,,explosion,,,,,,[4.7127 -1.2637 -0.7786],5999,2025-02-06 08:48:57.930000,earthquake_local,FIA1.HE_20250206084857_HH_EV
HE,FIA1,HH,,,,670,manual,0.5,,3283,manual,0.5,20250206T135109Z_20250206T135209Z,,,,,,,,,,,explosion,,,,,,[11.2391 0.4643 -0.2288],5999,2025-02-06 13:51:09.130000,earthquake_local,FIA1.HE_20250206135109_HH_EV
HE,FIA1,HH,,,,3287,manual,0.5,,5131,manual,0.5,20250206T140152Z_20250206T140252Z,,,,,,,,,,,explosion,,,,,,[3.5102 2.8332 1.0005],5999,2025-02-06 14:01:52.590000,earthquake_local,FIA1.HE_20250206140152_HH_EV
HE,FIA1,HH,,,,1776,manual,0.5,,4618,manual,0.5,20250208T232052Z_20250208T232152Z,,,,,,,,,,,explosion,,,,,,[5.3120 -0.4141 -1.4946],5999,2025-02-08 23:20:52.550000,earthquake_local,FIA1.HE_20250208232052_HH_EV
HE,FIA1,HH,,,,2137,manual,0.5,,4085,manual,0.5,20250210T142911Z_20250210T143011Z,,,,,,,,,,,explosion,,,,,,[4.5477 -6.7560 -0.9682],5999,2025-02-10 14:29:11.190000,earthquake_local,FIA1.HE_20250210142911_HH_EV
HE,FIA1,HH,,,,2897,manual,0.5,,4572,manual,0.5,20250211T141050Z_20250211T141150Z,,,,,,,,,,,explosion,,,,,,[7.6433 -0.3370 1.1058],5999,2025-02-11 14:10:50.010000,earthquake_local,FIA1.HE_20250211141050_HH_EV
HE,FIA1,HH,,,,2740,manual,0.5,,4145,manual,0.5,20250212T112832Z_20250212T112932Z,,,,,,,,,,,explosion,,,,,,[2.2152 0.9399 -4.1031],5999,2025-02-12 11:28:32.340000,earthquake_local,FIA1.HE_20250212112832_HH_EV
HE,FIA1,HH,,,,1601,manual,0.5,,2254,manual,0.5,20250212T113007Z_20250212T113107Z,,,,,,,,,,,explosion,,,,,,[1.1930 1.2707 0.3008],3168,2025-02-12 11:30:07.040000,earthquake_local,FIA1.HE_20250212113007_HH_EV
HE,FIA1,HH,,,,2550,manual,0.5,,4529,manual,0.5,20250212T115918Z_20250212T120018Z,,,,,,,,,,,explosion,,,,,,[2.6284 -5.0248 -3.5056],5999,2025-02-12 11:59:18.100000,earthquake_local,FIA1.HE_20250212115918_HH_EV
HE,FIA1,HH,,,,913,manual,0.5,,2221,manual,0.5,20250213T105528Z_20250213T105628Z,,,,,,,,,,,explosion,,,,,,[-1.2345 2.0981 0.0205],4052,2025-02-13 10:55:28.310000,earthquake_local,FIA1.HE_20250213105528_HH_EV
HE,FIA1,HH,,,,1465,manual,0.5,,3501,manual,0.5,20250213T120412Z_20250213T120512Z,,,,,,,,,,,explosion,,,,,,[-3.3281 -3.7065 -0.0153],5999,2025-02-13 12:04:12.840000,earthquake_local,FIA1.HE_20250213120412_HH_EV
HE,FIA1,HH,,,,1036,manual,0.5,,2293,manual,0.5,20250213T123526Z_20250213T123626Z,,,,,,,,,,,explosion,,,,,,[1.7114 -0.1005 -0.5050],4053,2025-02-13 12:35:26.150000,earthquake_local,FIA1.HE_20250213123526_HH_EV
HE,FIA1,HH,,,,3324,manual,0.5,,4919,manual,0.5,20250213T134636Z_20250213T134736Z,,,,,,,,,,,explosion,,,,,,[1.0370 1.4378 -0.3571],5999,2025-02-13 13:46:36.440000,earthquake_local,FIA1.HE_20250213134636_HH_EV
HE,FIA1,HH,,,,1973,manual,0.5,,3582,manual,0.5,20250218T115910Z_20250218T120010Z,,,,,,,,,,,explosion,,,,,,[-0.4282 4.8374 0.6616],5835,2025-02-18 11:59:10.050000,earthquake_local,FIA1.HE_20250218115910_HH_EV
HE,FIA1,HH,,,,2533,manual,0.5,,3890,manual,0.5,20250218T133645Z_20250218T133745Z,,,,,,,,,,,explosion,,,,,,[-0.4064 1.7223 -0.1202],5790,2025-02-18 13:36:45.550000,earthquake_local,FIA1.HE_20250218133645_HH_EV
HE,FIA1,HH,,,,3843,manual,0.5,,5373,manual,0.5,20250220T072925Z_20250220T073025Z,,,,,,,,,,,explosion,,,,,,[9.3173 1.0972 2.4603],5999,2025-02-20 07:29:25.720000,earthquake_local,FIA1.HE_20250220072925_HH_EV
HE,FIA1,HH,,,,846,manual,0.5,,2184,manual,0.5,20250220T093308Z_20250220T093408Z,,,,,,,,,,,explosion,,,,,,[-4.0183 0.7029 0.2611],4057,2025-02-20 09:33:08.800000,earthquake_local,FIA1.HE_20250220093308_HH_EV
HE,FIA1,HH,,,,1608,manual,0.5,,3654,manual,0.5,20250220T113702Z_20250220T113802Z,,,,,,,,,,,explosion,,,,,,[3.2701 -0.7072 0.4478],5999,2025-02-20 11:37:02.800000,earthquake_local,FIA1.HE_20250220113702_HH_EV
HE,FIA1,HH,,,,710,manual,0.5,,2078,manual,0.5,20250220T114712Z_20250220T114812Z,,,,,,,,,,,explosion,,,,,,[0.6428 0.8940 -0.8856],3993,2025-02-20 11:47:12.540000,earthquake_local,FIA1.HE_20250220114712_HH_EV
HE,FIA1,HH,,,,4234,manual,0.5,,5061,manual,0.5,20250220T121327Z_20250220T121427Z,,,,,,,,,,,explosion,,,,,,[2.3884 0.0206 2.5338],5999,2025-02-20 12:13:27.090000,earthquake_local,FIA1.HE_20250220121327_HH_EV
HE,FIA1,HH,,,,3370,manual,0.5,,4191,manual,0.5,20250220T135521Z_20250220T135621Z,,,,,,,,,,,explosion,,,,,,[5.2976 2.1009 2.3331],5340,2025-02-20 13:55:21.400000,earthquake_local,FIA1.HE_20250220135521_HH_EV
HE,FIA1,HH,,,,1055,manual,0.5,,3754,manual,0.5,20250221T124514Z_20250221T124614Z,,,,,,,,,,,explosion,,,,,,[0.5084 -4.5088 -0.3015],5999,2025-02-21 12:45:14.090000,earthquake_local,FIA1.HE_20250221124514_HH_EV
HE,FIA1,HH,,,,2428,manual,0.5,,5263,manual,0.5,20250221T130309Z_20250221T130409Z,,,,,,,,,,,explosion,,,,,,[0.0198 -1.9552 -0.1947],5999,2025-02-21 13:03:09.990000,earthquake_local,FIA1.HE_20250221130309_HH_EV
HE,FIA1,HH,,,,4651,manual,0.5,,5052,manual,0.5,20250221T141436Z_20250221T141536Z,,,,,,,,,,,explosion,,,,,,[-1.3468 1.1480 -0.4008],5613,2025-02-21 14:14:36.360000,earthquake_local,FIA1.HE_20250221141436_HH_EV
HE,FIA1,HH,,,,2633,manual,0.5,,5199,manual,0.5,20250221T150449Z_20250221T150549Z,,,,,,,,,,,explosion,,,,,,[-1.2817 2.4896 0.0248],5999,2025-02-21 15:04:49.350000,earthquake_local,FIA1.HE_20250221150449_HH_EV
HE,FIA1,HH,,,,2970,manual,0.5,,5311,manual,0.5,20250224T110854Z_20250224T110954Z,,,,,,,,,,,explosion,,,,,,[-3.7688 2.0011 -1.6767],5999,2025-02-24 11:08:54.790000,earthquake_local,FIA1.HE_20250224110854_HH_EV
HE,FIA1,HH,,,,3247,manual,0.5,,4100,manual,0.5,20250224T125837Z_20250224T125937Z,,,,,,,,,,,explosion,,,,,,[-3.6422 0.7410 -0.8194],5294,2025-02-24 12:58:37.360000,earthquake_local,FIA1.HE_20250224125837_HH_EV
HE,FIA1,HH,,,,2315,manual,0.5,,5079,manual,0.5,20250224T133711Z_20250224T133811Z,,,,,,,,,,,explosion,,,,,,[-1.8583 -0.3310 -0.0104],5999,2025-02-24 13:37:11.140000,earthquake_local,FIA1.HE_20250224133711_HH_EV
HE,FIA1,HH,,,,2817,manual,0.5,,4722,manual,0.5,20250224T202208Z_20250224T202308Z,,,,,,,,,,,explosion,,,,,,[-0.4612 3.2378 0.7389],5999,2025-02-24 20:22:08.970000,earthquake_local,FIA1.HE_20250224202208_HH_EV
HE,FIA1,HH,,,,2743,manual,0.5,,3856,manual,0.5,20250225T101730Z_20250225T101830Z,,,,,,,,,,,explosion,,,,,,[-2.0322 1.8071 1.4105],5414,2025-02-25 10:17:30.070000,earthquake_local,FIA1.HE_20250225101730_HH_EV
HE,FIA1,HH,,,,2349,manual,0.5,,4173,manual,0.5,20250225T103318Z_20250225T103418Z,,,,,,,,,,,explosion,,,,,,[-0.1589 -0.9524 -2.4758],5999,2025-02-25 10:33:18.330000,earthquake_local,FIA1.HE_20250225103318_HH_EV
HE,FIA1,HH,,,,3957,manual,0.5,,4432,manual,0.5,20250225T120043Z_20250225T120143Z,,,,,,,,,,,explosion,,,,,,[-1.4780 5.0978 -0.9746],5097,2025-02-25 12:00:43.250000,earthquake_local,FIA1.HE_20250225120043_HH_EV
HE,FIA1,HH,,,,2436,manual,0.5,,4016,manual,0.5,20250225T134830Z_20250225T134930Z,,,,,,,,,,,explosion,,,,,,[-2.0134 0.0258 -2.6172],5999,2025-02-25 13:48:30.990000,earthquake_local,FIA1.HE_20250225134830_HH_EV
HE,FIA1,HH,,,,2091,manual,0.5,,5061,manual,0.5,20250226T124014Z_20250226T124114Z,,,,,,,,,,,explosion,,,,,,[0.8353 -2.6790 -5.1647],5999,2025-02-26 12:40:14.500000,earthquake_local,FIA1.HE_20250226124014_HH_EV
HE,FIA1,HH,,,,4123,manual,0.5,,5460,manual,0.5,20250226T124322Z_20250226T124422Z,,,,,,,,,,,explosion,,,,,,[2.6919 2.8596 5.8601],5999,2025-02-26 12:43:22.890000,earthquake_local,FIA1.HE_20250226124322_HH_EV
HE,FIA1,HH,,,,1589,manual,0.5,,3359,manual,0.5,20250226T133409Z_20250226T133509Z,,,,,,,,,,,explosion,,,,,,[0.0021 -1.4920 0.6146],5837,2025-02-26 13:34:09.360000,earthquake_local,FIA1.HE_20250226133409_HH_EV
HE,FIA1,HH,,,,2947,manual,0.5,,3825,manual,0.5,20250226T134237Z_20250226T134337Z,,,,,,,,,,,explosion,,,,,,[0.4122 -5.1811 -7.3868],5054,2025-02-26 13:42:37.690000,earthquake_local,FIA1.HE_20250226134237_HH_EV
HE,FIA1,HH,,,,2172,manual,0.5,,4352,manual,0.5,20250227T101929Z_20250227T102029Z,,,,,,,,,,,explosion,,,,,,[-1.8087 5.1000 3.3364],5999,2025-02-27 10:19:29.710000,earthquake_local,FIA1.HE_20250227101929_HH_EV
HE,FIA1,HH,,,,2630,manual,0.5,,3466,manual,0.5,20250227T135652Z_20250227T135752Z,,,,,,,,,,,explosion,,,,,,[-0.1530 0.3435 -1.6446],4636,2025-02-27 13:56:52.750000,earthquake_local,FIA1.HE_20250227135652_HH_EV
HE,HEF,HH,68.4062,23.6643,,650,manual,0.5,,4312,manual,0.5,20250102T124018Z_20250102T124118Z,,,,,,,,,,,explosion,,,,,,[8.2637 -1.2787 6.1934],5999,2025-01-02 12:40:18.080000,earthquake_local,HEF.HE_20250102124018_HH_EV
HE,HEF,HH,68.4062,23.6643,,2827,manual,0.5,,5087,manual,0.5,20250102T231231Z_20250102T231331Z,,,,,,,,,,,explosion,,,,,,[-1.3036 -0.2283 -1.2071],5999,2025-01-02 23:12:31.010000,earthquake_local,HEF.HE_20250102231231_HH_EV
HE,HEF,HH,68.4062,23.6643,,1295,manual,0.5,,4967,manual,0.5,20250104T110708Z_20250104T110808Z,,,,,,,,,,,explosion,,,,,,[-2.3517 0.8332 -0.1297],5999,2025-01-04 11:07:08.730000,earthquake_local,HEF.HE_20250104110708_HH_EV
HE,HEF,HH,68.4062,23.6643,,623,manual,0.5,,1563,manual,0.5,20250104T131522Z_20250104T131622Z,,,,,,,,,,,explosion,,,,,,[0.6219 2.0880 1.2866],2879,2025-01-04 13:15:22.650000,earthquake_local,HEF.HE_20250104131522_HH_EV
HE,HEF,HH,68.4062,23.6643,,2163,manual,0.5,,5493,manual,0.5,20250105T160933Z_20250105T161033Z,,,,,,,,,,,explosion,,,,,,[-0.4725 -0.5471 0.3630],5999,2025-01-05 16:09:33.070000,earthquake_local,HEF.HE_20250105160933_HH_EV
HE,HEF,HH,68.4062,23.6643,,775,manual,0.5,,1812,manual,0.5,20250105T164804Z_20250105T164904Z,,,,,,,,,,,explosion,,,,,,[0.3524 -0.7809 0.4783],3264,2025-01-05 16:48:04.880000,earthquake_local,HEF.HE_20250105164804_HH_EV
HE,HEF,HH,68.4062,23.6643,,898,manual,0.5,,4412,manual,0.5,20250108T121001Z_20250108T121101Z,,,,,,,,,,,explosion,,,,,,[2.6068 0.7103 0.6854],5999,2025-01-08 12:10:01.640000,earthquake_local,HEF.HE_20250108121001_HH_EV
HE,HEF,HH,68.4062,23.6643,,656,manual,0.5,,1727,manual,0.5,20250108T164405Z_20250108T164505Z,,,,,,,,,,,explosion,,,,,,[0.8783 1.5365 -3.4737],3226,2025-01-08 16:44:05.740000,earthquake_local,HEF.HE_20250108164405_HH_EV
HE,HEF,HH,68.4062,23.6643,,1558,manual,0.5,,4060,manual,0.5,20250110T182639Z_20250110T182739Z,,,,,,,,,,,explosion,,,,,,[6.1231 2.4231 1.8931],5999,2025-01-10 18:26:39.110000,earthquake_local,HEF.HE_20250110182639_HH_EV
HE,HEF,HH,68.4062,23.6643,,521,manual,0.5,,3953,manual,0.5,20250112T161115Z_20250112T161215Z,,,,,,,,,,,explosion,,,,,,[3.6010 -1.2921 -2.9499],5999,2025-01-12 16:11:15.910000,earthquake_local,HEF.HE_20250112161115_HH_EV
HE,HEF,HH,68.4062,23.6643,,1591,manual,0.5,,2717,manual,0.5,20250112T164657Z_20250112T164757Z,,,,,,,,,,,explosion,,,,,,[-3.0674 -0.1383 -2.1035],4293,2025-01-12 16:46:57.870000,earthquake_local,HEF.HE_20250112164657_HH_EV
HE,HEF,HH,68.4062,23.6643,,639,manual,0.5,,3597,manual,0.5,20250114T131041Z_20250114T131141Z,,,,,,,,,,,explosion,,,,,,[1.3691 0.2077 2.8794],5999,2025-01-14 13:10:41.190000,earthquake_local,HEF.HE_20250114131041_HH_EV
HE,HEF,HH,68.4062,23.6643,,1248,manual,0.5,,3642,manual,0.5,20250117T081656Z_20250117T081756Z,,,,,,,,,,,explosion,,,,,,[-1.8125 1.5217 -2.3711],5999,2025-01-17 08:16:56.500000,earthquake_local,HEF.HE_20250117081656_HH_EV
HE,HEF,HH,68.4062,23.6643,,1257,manual,0.5,,4945,manual,0.5,20250117T123958Z_20250117T124058Z,,,,,,,,,,,explosion,,,,,,[1.2222 -1.5172 9.7621],5999,2025-01-17 12:39:58.110000,earthquake_local,HEF.HE_20250117123958_HH_EV
HE,HEF,HH,68.4062,23.6643,,4026,manual,0.5,,4950,manual,0.5,20250119T101823Z_20250119T101923Z,,,,,,,,,,,explosion,,,,,,[3.1988 2.5780 3.7344],5999,2025-01-19 10:18:23.300000,earthquake_local,HEF.HE_20250119101823_HH_EV
HE,HEF,HH,68.4062,23.6643,,2456,manual,0.5,,4768,manual,0.5,20250120T230532Z_20250120T230632Z,,,,,,,,,,,explosion,,,,,,[-5.2851 -2.4743 -0.3605],5999,2025-01-20 23:05:32.560000,earthquake_local,HEF.HE_20250120230532_HH_EV
HE,HEF,HH,68.4062,23.6643,,2965,manual,0.5,,5205,manual,0.5,20250121T173627Z_20250121T173727Z,,,,,,,,,,,explosion,,,,,,[0.4451 -1.1587 2.1447],5999,2025-01-21 17:36:27.590000,earthquake_local,HEF.HE_20250121173627_HH_EV
HE,HEF,HH,68.4062,23.6643,,1394,manual,0.5,,3354,manual,0.5,20250121T225427Z_20250121T225527Z,,,,,,,,,,,explosion,,,,,,[-1.0626 0.1803 -0.3035],5999,2025-01-21 22:54:27.820000,earthquake_local,HEF.HE_20250121225427_HH_EV
HE,HEF,HH,68.4062,23.6643,,4043,manual,0.5,,5038,manual,0.5,20250122T045237Z_20250122T045337Z,,,,,,,,,,,explosion,,,,,,[0.3178 -1.1707 -1.4380],5999,2025-01-22 04:52:37.270000,earthquake_local,HEF.HE_20250122045237_HH_EV
HE,HEF,HH,68.4062,23.6643,,1307,manual,0.5,,5324,manual,0.5,20250122T120355Z_20250122T120455Z,,,,,,,,,,,explosion,,,,,,[-2.0169 1.0045 1.6015],5999,2025-01-22 12:03:55.760000,earthquake_local,HEF.HE_20250122120355_HH_EV
HE,HEF,HH,68.4062,23.6643,,812,manual,0.5,,4600,manual,0.5,20250123T120810Z_20250123T120910Z,,,,,,,,,,,explosion,,,,,,[-1.0275 1.3808 0.0732],5999,2025-01-23 12:08:10.960000,earthquake_local,HEF.HE_20250123120810_HH_EV
HE,HEF,HH,68.4062,23.6643,,812,manual,0.5,,3460,manual,0.5,20250124T104820Z_20250124T104920Z,,,,,,,,,,,explosion,,,,,,[5.4826 -3.9744 -0.9138],5999,2025-01-24 10:48:20.900000,earthquake_local,HEF.HE_20250124104820_HH_EV
HE,HEF,HH,68.4062,23.6643,,645,manual,0.5,,5229,manual,0.5,20250125T005423Z_20250125T005523Z,,,,,,,,,,,explosion,,,,,,[0.8783 2.5160 -3.0836],5999,2025-01-25 00:54:23.590000,earthquake_local,HEF.HE_20250125005423_HH_EV
HE,HEF,HH,68.4062,23.6643,,3597,manual,0.5,,5007,manual,0.5,20250125T102505Z_20250125T102605Z,,,,,,,,,,,explosion,,,,,,[0.9696 -1.4017 0.7146],5999,2025-01-25 10:25:05.210000,earthquake_local,HEF.HE_20250125102505_HH_EV
HE,HEF,HH,68.4062,23.6643,,3140,manual,0.5,,4236,manual,0.5,20250125T164322Z_20250125T164422Z,,,,,,,,,,,explosion,,,,,,[4.3875 6.0238 -1.5398],5770,2025-01-25 16:43:22.080000,earthquake_local,HEF.HE_20250125164322_HH_EV
HE,HEF,HH,68.4062,23.6643,,3227,manual,0.5,,5415,manual,0.5,20250125T230310Z_20250125T230410Z,,,,,,,,,,,explosion,,,,,,[0.1879 3.0411 0.4492],5999,2025-01-25 23:03:10.610000,earthquake_local,HEF.HE_20250125230310_HH_EV
HE,HEF,HH,68.4062,23.6643,,2536,manual,0.5,,3643,manual,0.5,20250127T044221Z_20250127T044321Z,,,,,,,,,,,explosion,,,,,,[0.2469 -1.6638 -4.0466],5193,2025-01-27 04:42:21.370000,earthquake_local,HEF.HE_20250127044221_HH_EV
HE,HEF,HH,68.4062,23.6643,,760,manual,0.5,,2973,manual,0.5,20250127T050225Z_20250127T050325Z,,,,,,,,,,,explosion,,,,,,[-1.4294 -1.4206 -6.5628],5999,2025-01-27 05:02:25.430000,earthquake_local,HEF.HE_20250127050225_HH_EV
HE,HEF,HH,68.4062,23.6643,,1138,manual,0.5,,3361,manual,0.5,20250127T181556Z_20250127T181656Z,,,,,,,,,,,explosion,,,,,,[5.1920 -1.1041 -0.4617],5999,2025-01-27 18:15:56.350000,earthquake_local,HEF.HE_20250127181556_HH_EV
HE,HEF,HH,68.4062,23.6643,,674,manual,0.5,,5394,manual,0.5,20250128T002846Z_20250128T002946Z,,,,,,,,,,,explosion,,,,,,[1.3535 6.4598 5.0289],5999,2025-01-28 00:28:46.490000,earthquake_local,HEF.HE_20250128002846_HH_EV
HE,HEF,HH,68.4062,23.6643,,672,manual,0.5,,4125,manual,0.5,20250128T133627Z_20250128T133727Z,,,,,,,,,,,explosion,,,,,,[-2.6920 -5.9739 -3.3946],5999,2025-01-28 13:36:27.310000,earthquake_local,HEF.HE_20250128133627_HH_EV
HE,HEF,HH,68.4062,23.6643,,637,manual,0.5,,2723,manual,0.5,20250128T202400Z_20250128T202500Z,,,,,,,,,,,explosion,,,,,,[6.4045 -4.9693 -3.5856],5643,2025-01-28 20:24:00.650000,earthquake_local,HEF.HE_20250128202400_HH_EV
HE,HEF,HH,68.4062,23.6643,,1177,manual,0.5,,2213,manual,0.5,20250129T044505Z_20250129T044605Z,,,,,,,,,,,explosion,,,,,,[1.9412 -4.3348 2.6644],3663,2025-01-29 04:45:05.290000,earthquake_local,HEF.HE_20250129044505_HH_EV
HE,HEF,HH,68.4062,23.6643,,2422,manual,0.5,,4732,manual,0.5,20250129T111618Z_20250129T111718Z,,,,,,,,,,,explosion,,,,,,[2.5105 5.0087 1.8109],5999,2025-01-29 11:16:18.740000,earthquake_local,HEF.HE_20250129111618_HH_EV
HE,HEF,HH,68.4062,23.6643,,797,manual,0.5,,4483,manual,0.5,20250129T120421Z_20250129T120521Z,,,,,,,,,,,explosion,,,,,,[2.7220 2.0910 0.0543],5999,2025-01-29 12:04:21.610000,earthquake_local,HEF.HE_20250129120421_HH_EV
HE,HEF,HH,68.4062,23.6643,,680,manual,0.5,,2654,manual,0.5,20250202T103822Z_20250202T103922Z,,,,,,,,,,,explosion,,,,,,[-0.2647 -2.8330 1.2437],5418,2025-02-02 10:38:22.020000,earthquake_local,HEF.HE_20250202103822_HH_EV
HE,HEF,HH,68.4062,23.6643,,3436,manual,0.5,,4234,manual,0.5,20250202T163835Z_20250202T163935Z,,,,,,,,,,,explosion,,,,,,[1.6819 5.2825 -0.2803],5351,2025-02-02 16:38:35.540000,earthquake_local,HEF.HE_20250202163835_HH_EV
HE,HEF,HH,68.4062,23.6643,,975,manual,0.5,,3120,manual,0.5,20250202T230741Z_20250202T230841Z,,,,,,,,,,,explosion,,,,,,[1.5946 5.8981 -0.3795],5999,2025-02-02 23:07:41.180000,earthquake_local,HEF.HE_20250202230741_HH_EV
HE,HEF,HH,68.4062,23.6643,,845,manual,0.5,,4476,manual,0.5,20250203T103735Z_20250203T103835Z,,,,,,,,,,,explosion,,,,,,[-5.9235 -2.3790 -1.4689],5999,2025-02-03 10:37:35.280000,earthquake_local,HEF.HE_20250203103735_HH_EV
HE,HEF,HH,68.4062,23.6643,,1269,manual,0.5,,4609,manual,0.5,20250203T130751Z_20250203T130851Z,,,,,,,,,,,explosion,,,,,,[3.6441 0.2171 0.9456],5999,2025-02-03 13:07:51.830000,earthquake_local,HEF.HE_20250203130751_HH_EV
HE,HEF,HH,68.4062,23.6643,,557,manual,0.5,,2377,manual,0.5,20250204T024428Z_20250204T024528Z,,,,,,,,,,,explosion,,,,,,[3.6698 -1.2575 -0.0273],4925,2025-02-04 02:44:28.270000,earthquake_local,HEF.HE_20250204024428_HH_EV
HE,HEF,HH,68.4062,23.6643,,588,manual,0.5,,4032,manual,0.5,20250204T162211Z_20250204T162311Z,,,,,,,,,,,explosion,,,,,,[1.3741 6.3801 -0.4269],5999,2025-02-04 16:22:11.400000,earthquake_local,HEF.HE_20250204162211_HH_EV
HE,HEF,HH,68.4062,23.6643,,1573,manual,0.5,,5253,manual,0.5,20250205T120013Z_20250205T120113Z,,,,,,,,,,,explosion,,,,,,[0.8496 0.3157 1.0424],5999,2025-02-05 12:00:13.950000,earthquake_local,HEF.HE_20250205120013_HH_EV
HE,HEF,HH,68.4062,23.6643,,1130,manual,0.5,,2536,manual,0.5,20250207T065825Z_20250207T065925Z,,,,,,,,,,,explosion,,,,,,[10.1971 2.1947 6.8356],4504,2025-02-07 06:58:25.280000,earthquake_local,HEF.HE_20250207065825_HH_EV
HE,HEF,HH,68.4062,23.6643,,1824,manual,0.5,,5350,manual,0.5,20250207T131119Z_20250207T131219Z,,,,,,,,,,,explosion,,,,,,[11.7317 3.2374 9.1135],5999,2025-02-07 13:11:19.340000,earthquake_local,HEF.HE_20250207131119_HH_EV
HE,HEF,HH,68.4062,23.6643,,546,manual,0.5,,3905,manual,0.5,20250207T160341Z_20250207T160441Z,,,,,,,,,,,explosion,,,,,,[-3.7875 4.2021 -2.8139],5999,2025-02-07 16:03:41.770000,earthquake_local,HEF.HE_20250207160341_HH_EV
HE,HEF,HH,68.4062,23.6643,,885,manual,0.5,,4387,manual,0.5,20250208T130746Z_20250208T130846Z,,,,,,,,,,,explosion,,,,,,[1.6459 5.1061 0.5012],5999,2025-02-08 13:07:46.530000,earthquake_local,HEF.HE_20250208130746_HH_EV
HE,HEF,HH,68.4062,23.6643,,3677,manual,0.5,,4279,manual,0.5,20250210T133052Z_20250210T133152Z,,,,,,,,,,,explosion,,,,,,[2.4777 -1.3547 0.4101],5122,2025-02-10 13:30:52.150000,earthquake_local,HEF.HE_20250210133052_HH_EV
HE,HEF,HH,68.4062,23.6643,,2726,manual,0.5,,3796,manual,0.5,20250212T044042Z_20250212T044142Z,,,,,,,,,,,explosion,,,,,,[-1.5515 -0.4523 -2.8094],5294,2025-02-12 04:40:42.410000,earthquake_local,HEF.HE_20250212044042_HH_EV
HE,HEF,HH,68.4062,23.6643,,2742,manual,0.5,,4618,manual,0.5,20250212T113502Z_20250212T113602Z,,,,,,,,,,,explosion,,,,,,[0.2634 3.1022 8.3474],5999,2025-02-12 11:35:02.300000,earthquake_local,HEF.HE_20250212113502_HH_EV
HE,HEF,HH,68.4062,23.6643,,1431,manual,0.5,,3282,manual,0.5,20250213T122004Z_20250213T122104Z,,,,,,,,,,,explosion,,,,,,[-0.4149 2.4981 3.1496],5873,2025-02-13 12:20:04.620000,earthquake_local,HEF.HE_20250213122004_HH_EV
HE,HEF,HH,68.4062,23.6643,,3185,manual,0.5,,4417,manual,0.5,20250213T164036Z_20250213T164136Z,,,,,,,,,,,explosion,,,,,,[-4.1737 2.3328 3.0049],5999,2025-02-13 16:40:36.310000,earthquake_local,HEF.HE_20250213164036_HH_EV
HE,HEF,HH,68.4062,23.6643,,1586,manual,0.5,,5296,manual,0.5,20250214T131819Z_20250214T131919Z,,,,,,,,,,,explosion,,,,,,[4.9011 2.0374 1.6802],5999,2025-02-14 13:18:19.920000,earthquake_local,HEF.HE_20250214131819_HH_EV
HE,HEF,HH,68.4062,23.6643,,4158,manual,0.5,,5330,manual,0.5,20250216T044015Z_20250216T044115Z,,,,,,,,,,,explosion,,,,,,[1.8101 -1.6444 -1.4635],5999,2025-02-16 04:40:15.200000,earthquake_local,HEF.HE_20250216044015_HH_EV
HE,HEF,HH,68.4062,23.6643,,3230,manual,0.5,,5470,manual,0.5,20250217T023307Z_20250217T023407Z,,,,,,,,,,,explosion,,,,,,[4.6309 -0.1660 -0.4942],5999,2025-02-17 02:33:07.880000,earthquake_local,HEF.HE_20250217023307_HH_EV
HE,HEF,HH,68.4062,23.6643,,878,manual,0.5,,4379,manual,0.5,20250217T152617Z_20250217T152717Z,,,,,,,,,,,explosion,,,,,,[1.4561 0.3364 3.7358],5999,2025-02-17 15:26:17.850000,earthquake_local,HEF.HE_20250217152617_HH_EV
HE,HEF,HH,68.4062,23.6643,,615,manual,0.5,,4199,manual,0.5,20250217T200609Z_20250217T200709Z,,,,,,,,,,,explosion,,,,,,[2.3376 3.0405 1.7319],5999,2025-02-17 20:06:09.890000,earthquake_local,HEF.HE_20250217200609_HH_EV
HE,HEF,HH,68.4062,23.6643,,1641,manual,0.5,,3907,manual,0.5,20250217T231305Z_20250217T231405Z,,,,,,,,,,,explosion,,,,,,[5.3746 -3.5085 -0.0372],5999,2025-02-17 23:13:05.570000,earthquake_local,HEF.HE_20250217231305_HH_EV
HE,HEF,HH,68.4062,23.6643,,3279,manual,0.5,,5127,manual,0.5,20250218T002307Z_20250218T002407Z,,,,,,,,,,,explosion,,,,,,[-0.0258 1.9240 -0.3139],5999,2025-02-18 00:23:07.210000,earthquake_local,HEF.HE_20250218002307_HH_EV
HE,HEF,HH,68.4062,23.6643,,1078,manual,0.5,,2951,manual,0.5,20250218T090555Z_20250218T090655Z,,,,,,,,,,,explosion,,,,,,[-2.4541 0.1098 0.5887],5573,2025-02-18 09:05:55.370000,earthquake_local,HEF.HE_20250218090555_HH_EV
HE,HEF,HH,68.4062,23.6643,,2280,manual,0.5,,4413,manual,0.5,20250218T112345Z_20250218T112445Z,,,,,,,,,,,explosion,,,,,,[1.3153 -0.9039 2.2229],5999,2025-02-18 11:23:46.000000,earthquake_local,HEF.HE_20250218112345_HH_EV
HE,HEF,HH,68.4062,23.6643,,829,manual,0.5,,5435,manual,0.5,20250219T000555Z_20250219T000655Z,,,,,,,,,,,explosion,,,,,,[3.2901 3.6469 -0.1230],5999,2025-02-19 00:05:55.870000,earthquake_local,HEF.HE_20250219000555_HH_EV
HE,HEF,HH,68.4062,23.6643,,515,manual,0.5,,5499,manual,0.5,20250219T004108Z_20250219T004208Z,,,,,,,,,,,explosion,,,,,,[-1.6094 -4.7644 0.3660],5999,2025-02-19 00:41:08.210000,earthquake_local,HEF.HE_20250219004108_HH_EV
HE,HEF,HH,68.4062,23.6643,,1081,manual,0.5,,5090,manual,0.5,20250220T201452Z_20250220T201552Z,,,,,,,,,,,explosion,,,,,,[3.2238 0.6090 2.7112],5999,2025-02-20 20:14:52.630000,earthquake_local,HEF.HE_20250220201452_HH_EV
HE,HEF,HH,68.4062,23.6643,,1263,manual,0.5,,4595,manual,0.5,20250221T105944Z_20250221T110044Z,,,,,,,,,,,explosion,,,,,,[2.4186 2.3164 5.5631],5999,2025-02-21 10:59:44.770000,earthquake_local,HEF.HE_20250221105944_HH_EV
HE,HEF,HH,68.4062,23.6643,,2041,manual,0.5,,5381,manual,0.5,20250221T131239Z_20250221T131339Z,,,,,,,,,,,explosion,,,,,,[2.0068 4.3727 4.3390],5999,2025-02-21 13:12:39.670000,earthquake_local,HEF.HE_20250221131239_HH_EV
HE,HEF,HH,68.4062,23.6643,,929,manual,0.5,,4564,manual,0.5,20250221T131945Z_20250221T132045Z,,,,,,,,,,,explosion,,,,,,[12.4185 8.5270 0.9713],5999,2025-02-21 13:19:45.040000,earthquake_local,HEF.HE_20250221131945_HH_EV
HE,HEF,HH,68.4062,23.6643,,2140,manual,0.5,,3568,manual,0.5,20250222T103421Z_20250222T103521Z,,,,,,,,,,,explosion,,,,,,[2.0301 -4.1295 0.8120],5567,2025-02-22 10:34:21.440000,earthquake_local,HEF.HE_20250222103421_HH_EV
HE,HEF,HH,68.4062,23.6643,,886,manual,0.5,,4656,manual,0.5,20250224T160356Z_20250224T160456Z,,,,,,,,,,,explosion,,,,,,[-1.5013 0.7919 0.2340],5999,2025-02-24 16:03:56.420000,earthquake_local,HEF.HE_20250224160356_HH_EV
HE,HEF,HH,68.4062,23.6643,,1767,manual,0.5,,5463,manual,0.5,20250225T043242Z_20250225T043342Z,,,,,,,,,,,explosion,,,,,,[0.6723 2.9020 1.1130],5999,2025-02-25 04:32:42.370000,earthquake_local,HEF.HE_20250225043242_HH_EV
HE,HEF,HH,68.4062,23.6643,,1578,manual,0.5,,5224,manual,0.5,20250225T123244Z_20250225T123344Z,,,,,,,,,,,explosion,,,,,,[1.7262 4.2659 1.6318],5999,2025-02-25 12:32:45.000000,earthquake_local,HEF.HE_20250225123244_HH_EV
HE,HEF,HH,68.4062,23.6643,,3303,manual,0.5,,4423,manual,0.5,20250225T164407Z_20250225T164507Z,,,,,,,,,,,explosion,,,,,,[0.2438 1.2760 -0.4888],5991,2025-02-25 16:44:07.250000,earthquake_local,HEF.HE_20250225164407_HH_EV
HE,HEF,HH,68.4062,23.6643,,1260,manual,0.5,,5040,manual,0.5,20250225T235508Z_20250225T235608Z,,,,,,,,,,,explosion,,,,,,[-2.0926 -1.0653 2.7465],5999,2025-02-25 23:55:08.440000,earthquake_local,HEF.HE_20250225235508_HH_EV
HE,HEF,HH,68.4062,23.6643,,1534,manual,0.5,,5286,manual,0.5,20250226T122034Z_20250226T122134Z,,,,,,,,,,,explosion,,,,,,[2.2587 2.1862 6.7523],5999,2025-02-26 12:20:34.420000,earthquake_local,HEF.HE_20250226122034_HH_EV
HE,HEF,HH,68.4062,23.6643,,662,manual,0.5,,2662,manual,0.5,20250227T142131Z_20250227T142231Z,,,,,,,,,,,explosion,,,,,,[-2.3385 -2.9961 -4.2128],5462,2025-02-27 14:21:31.860000,earthquake_local,HEF.HE_20250227142131_HH_EV
HE,HEF,HH,68.4062,23.6643,,2015,manual,0.5,,3471,manual,0.5,20250228T131506Z_20250228T131606Z,,,,,,,,,,,explosion,,,,,,[4.6226 1.2631 -1.3507],5509,2025-02-28 13:15:06.530000,earthquake_local,HEF.HE_20250228131506_HH_EV
HE,HEF,HH,68.4062,23.6643,,953,manual,0.5,,4599,manual,0.5,20250228T134815Z_20250228T134915Z,,,,,,,,,,,explosion,,,,,,[0.5257 1.6893 3.4693],5999,2025-02-28 13:48:15.050000,earthquake_local,HEF.HE_20250228134815_HH_EV
HE,HEL1,HH,,,,3868,manual,0.5,,4099,manual,0.5,20250103T085223Z_20250103T085323Z,,,,,,,,,,,explosion,,,,,,[4.9322 6.2132 0.1311],4422,2025-01-03 08:52:23.228000,earthquake_local,HEL1.HE_20250103085223_HH_EV
HE,HEL1,HH,,,,3341,manual,0.5,,3409,manual,0.5,20250103T134305Z_20250103T134405Z,,,,,,,,,,,explosion,,,,,,[-3.3219 0.3385 3.1951],3509,2025-01-03 13:43:05.548000,earthquake_local,HEL1.HE_20250103134305_HH_EV
HE,HEL1,HH,,,,4595,manual,0.5,,4815,manual,0.5,20250107T125710Z_20250107T125810Z,,,,,,,,,,,explosion,,,,,,[-1.3015 -3.2331 -0.3339],5123,2025-01-07 12:57:10.928000,earthquake_local,HEL1.HE_20250107125710_HH_EV
HE,HEL1,HH,,,,1957,manual,0.5,,3155,manual,0.5,20250108T104229Z_20250108T104329Z,,,,,,,,,,,explosion,,,,,,[-0.3805 0.4314 -0.7342],4832,2025-01-08 10:42:29.732000,earthquake_local,HEL1.HE_20250108104229_HH_EV
HE,HEL1,HH,,,,2742,manual,0.5,,3132,manual,0.5,20250108T125942Z_20250108T130042Z,,,,,,,,,,,explosion,,,,,,[0.2585 2.0569 1.5689],3678,2025-01-08 12:59:42.064000,earthquake_local,HEL1.HE_20250108125942_HH_EV
HE,HEL1,HH,,,,3293,manual,0.5,,3685,manual,0.5,20250109T124736Z_20250109T124836Z,,,,,,,,,,,explosion,,,,,,[1.7536 4.0803 -0.1349],4234,2025-01-09 12:47:36.788000,earthquake_local,HEL1.HE_20250109124736_HH_EV
HE,HEL1,HH,,,,4678,manual,0.5,,4926,manual,0.5,20250110T100028Z_20250110T100128Z,,,,,,,,,,,explosion,,,,,,[1.4150 -0.3869 0.0026],5273,2025-01-10 10:00:28.872000,earthquake_local,HEL1.HE_20250110100028_HH_EV
HE,HEL1,HH,,,,3127,manual,0.5,,3530,manual,0.5,20250110T102723Z_20250110T102823Z,,,,,,,,,,,explosion,,,,,,[2.0553 2.3179 0.0644],4094,2025-01-10 10:27:23.816000,earthquake_local,HEL1.HE_20250110102723_HH_EV
HE,HEL1,HH,,,,2345,manual,0.5,,3014,manual,0.5,20250110T110057Z_20250110T110157Z,,,,,,,,,,,explosion,,,,,,[-2.3387 2.5293 0.1194],3951,2025-01-10 11:00:57.104000,earthquake_local,HEL1.HE_20250110110057_HH_EV
HE,HEL1,HH,,,,4313,manual,0.5,,4518,manual,0.5,20250113T135520Z_20250113T135620Z,,,,,,,,,,,explosion,,,,,,[1.4946 -0.8518 -0.3069],4805,2025-01-13 13:55:20.688000,earthquake_local,HEL1.HE_20250113135520_HH_EV
HE,HEL1,HH,,,,4872,manual,0.5,,5280,manual,0.5,20250114T073027Z_20250114T073127Z,,,,,,,,,,,explosion,,,,,,[-3.4382 -1.3209 -2.7128],5851,2025-01-14 07:30:27.572000,earthquake_local,HEL1.HE_20250114073027_HH_EV
HE,HEL1,HH,,,,1244,manual,0.5,,1300,manual,0.5,20250114T103154Z_20250114T103254Z,,,,,,,,,,,explosion,,,,,,[1.6124 -2.1153 0.3321],1400,2025-01-14 10:31:54.864000,earthquake_local,HEL1.HE_20250114103154_HH_EV
HE,HEL1,HH,,,,5217,manual,0.5,,5452,manual,0.5,20250114T135647Z_20250114T135747Z,,,,,,,,,,,explosion,,,,,,[-1.2130 1.4868 -1.3943],5781,2025-01-14 13:56:47.880000,earthquake_local,HEL1.HE_20250114135647_HH_EV
HE,HEL1,HH,,,,2326,manual,0.5,,2734,manual,0.5,20250114T135955Z_20250114T140055Z,,,,,,,,,,,explosion,,,,,,[3.7327 0.1189 1.1455],3305,2025-01-14 13:59:55.496000,earthquake_local,HEL1.HE_20250114135955_HH_EV
HE,HEL1,HH,,,,1532,manual,0.5,,1889,manual,0.5,20250115T111020Z_20250115T111120Z,,,,,,,,,,,explosion,,,,,,[-0.0067 0.3991 -1.1159],2389,2025-01-15 11:10:20.876000,earthquake_local,HEL1.HE_20250115111020_HH_EV
HE,HEL1,HH,,,,3108,manual,0.5,,3365,manual,0.5,20250115T122955Z_20250115T123055Z,,,,,,,,,,,explosion,,,,,,[1.2114 2.3954 0.1717],3725,2025-01-15 12:29:55.156000,earthquake_local,HEL1.HE_20250115122955_HH_EV
HE,HEL1,HH,,,,2199,manual,0.5,,2675,manual,0.5,20250115T134600Z_20250115T134700Z,,,,,,,,,,,explosion,,,,,,[-0.7585 -6.9155 -0.1959],3341,2025-01-15 13:46:00.132000,earthquake_local,HEL1.HE_20250115134600_HH_EV
HE,HEL1,HH,,,,2013,manual,0.5,,2329,manual,0.5,20250116T113100Z_20250116T113200Z,,,,,,,,,,,explosion,,,,,,[1.5205 1.5811 0.1136],2771,2025-01-16 11:31:00.492000,earthquake_local,HEL1.HE_20250116113100_HH_EV
HE,HEL1,HH,,,,2407,manual,0.5,,2661,manual,0.5,20250116T113657Z_20250116T113757Z,,,,,,,,,,,explosion,,,,,,[-0.2692 5.1694 0.4888],3017,2025-01-16 11:36:57.612000,earthquake_local,HEL1.HE_20250116113657_HH_EV
HE,HEL1,HH,,,,4221,manual,0.5,,4476,manual,0.5,20250117T113615Z_20250117T113715Z,,,,,,,,,,,explosion,,,,,,[-3.0277 -4.4213 2.5871],4833,2025-01-17 11:36:15.260000,earthquake_local,HEL1.HE_20250117113615_HH_EV
HE,HEL1,HH,,,,4755,manual,0.5,,5021,manual,0.5,20250117T121524Z_20250117T121624Z,,,,,,,,,,,explosion,,,,,,[-4.6075 -1.4683 0.1004],5393,2025-01-17 12:15:24.092000,earthquake_local,HEL1.HE_20250117121524_HH_EV
HE,HEL1,HH,,,,539,manual,0.5,,1073,manual,0.5,20250120T113756Z_20250120T113856Z,,,,,,,,,,,explosion,,,,,,[1.2000 0.5207 -0.0687],1821,2025-01-20 11:37:56.160000,earthquake_local,HEL1.HE_20250120113756_HH_EV
HE,HEL1,HH,,,,1952,manual,0.5,,2183,manual,0.5,20250121T124823Z_20250121T124923Z,,,,,,,,,,,explosion,,,,,,[3.3433 4.4964 -0.0795],2506,2025-01-21 12:48:23.896000,earthquake_local,HEL1.HE_20250121124823_HH_EV
HE,HEL1,HH,,,,4176,manual,0.5,,4416,manual,0.5,20250122T122707Z_20250122T122807Z,,,,,,,,,,,explosion,,,,,,[0.7754 1.0705 0.4748],4752,2025-01-22 12:27:07.548000,earthquake_local,HEL1.HE_20250122122707_HH_EV
HE,HEL1,HH,,,,3973,manual,0.5,,4385,manual,0.5,20250122T131006Z_20250122T131106Z,,,,,,,,,,,explosion,,,,,,[1.1547 1.3969 2.7633],4962,2025-01-22 13:10:06.268000,earthquake_local,HEL1.HE_20250122131006_HH_EV
HE,HEL1,HH,,,,1177,manual,0.5,,1393,manual,0.5,20250124T100245Z_20250124T100345Z,,,,,,,,,,,explosion,,,,,,[-3.2286 -0.1909 -0.0443],1695,2025-01-24 10:02:45.412000,earthquake_local,HEL1.HE_20250124100245_HH_EV
HE,HEL1,HH,,,,3520,manual,0.5,,3796,manual,0.5,20250124T114042Z_20250124T114142Z,,,,,,,,,,,explosion,,,,,,[1.9937 5.2839 0.0889],4182,2025-01-24 11:40:42.884000,earthquake_local,HEL1.HE_20250124114042_HH_EV
HE,HEL1,HH,,,,1075,manual,0.5,,1308,manual,0.5,20250127T124341Z_20250127T124441Z,,,,,,,,,,,explosion,,,,,,[-1.0197 -1.7211 0.3366],1634,2025-01-27 12:43:41.464000,earthquake_local,HEL1.HE_20250127124341_HH_EV
HE,HEL1,HH,,,,1511,manual,0.5,,1785,manual,0.5,20250127T142557Z_20250127T142657Z,,,,,,,,,,,explosion,,,,,,[0.9597 2.7195 -0.5346],2169,2025-01-27 14:25:57.944000,earthquake_local,HEL1.HE_20250127142557_HH_EV
HE,HEL1,HH,,,,2015,manual,0.5,,2155,manual,0.5,20250127T150044Z_20250127T150144Z,,,,,,,,,,,explosion,,,,,,[-2.2946 0.9308 0.2568],2351,2025-01-27 15:00:44.460000,earthquake_local,HEL1.HE_20250127150044_HH_EV
HE,HEL1,HH,,,,516,manual,0.5,,668,manual,0.5,20250128T153043Z_20250128T153143Z,,,,,,,,,,,explosion,,,,,,[1.4866 -0.5114 -0.2201],881,2025-01-28 15:30:43.764000,earthquake_local,HEL1.HE_20250128153043_HH_EV
HE,HEL1,HH,,,,543,manual,0.5,,1569,manual,0.5,20250129T150048Z_20250129T150148Z,,,,,,,,,,,explosion,,,,,,[15.7290 1.3314 0.1021],3005,2025-01-29 15:00:48.816000,earthquake_local,HEL1.HE_20250129150048_HH_EV
HE,HEL1,HH,,,,4464,manual,0.5,,4695,manual,0.5,20250130T090414Z_20250130T090514Z,,,,,,,,,,,explosion,,,,,,[5.7756 7.9155 0.9790],5018,2025-01-30 09:04:14.456000,earthquake_local,HEL1.HE_20250130090414_HH_EV
HE,HEL1,HH,,,,5127,manual,0.5,,5359,manual,0.5,20250130T143711Z_20250130T143811Z,,,,,,,,,,,explosion,,,,,,[-1.5818 -2.4934 0.1857],5684,2025-01-30 14:37:11.548000,earthquake_local,HEL1.HE_20250130143711_HH_EV
HE,HEL1,HH,,,,2114,manual,0.5,,2202,manual,0.5,20250131T085924Z_20250131T090024Z,,,,,,,,,,,explosion,,,,,,[0.0979 1.7301 0.2098],2325,2025-01-31 08:59:24.940000,earthquake_local,HEL1.HE_20250131085924_HH_EV
HE,HEL1,HH,,,,3215,manual,0.5,,3429,manual,0.5,20250131T092531Z_20250131T092631Z,,,,,,,,,,,explosion,,,,,,[0.6563 3.9476 0.3642],3729,2025-01-31 09:25:31.648000,earthquake_local,HEL1.HE_20250131092531_HH_EV
HE,HEL1,HH,,,,3295,manual,0.5,,3534,manual,0.5,20250131T125622Z_20250131T125722Z,,,,,,,,,,,explosion,,,,,,[2.7693 3.5548 0.5022],3869,2025-01-31 12:56:22.572000,earthquake_local,HEL1.HE_20250131125622_HH_EV
HE,HEL1,HH,,,,2145,manual,0.5,,2381,manual,0.5,20250203T142847Z_20250203T142947Z,,,,,,,,,,,explosion,,,,,,[1.6042 5.5199 0.1641],2711,2025-02-03 14:28:47.900000,earthquake_local,HEL1.HE_20250203142847_HH_EV
HE,HEL1,HH,,,,2167,manual,0.5,,2318,manual,0.5,20250204T085929Z_20250204T090029Z,,,,,,,,,,,explosion,,,,,,[-3.4153 2.0100 0.3688],2529,2025-02-04 08:59:29.232000,earthquake_local,HEL1.HE_20250204085929_HH_EV
HE,HEL1,HH,,,,2557,manual,0.5,,2789,manual,0.5,20250204T092516Z_20250204T092616Z,,,,,,,,,,,explosion,,,,,,[3.3803 -3.1928 -0.5141],3114,2025-02-04 09:25:16.168000,earthquake_local,HEL1.HE_20250204092516_HH_EV
HE,HEL1,HH,,,,3580,manual,0.5,,3670,manual,0.5,20250204T100851Z_20250204T100951Z,,,,,,,,,,,explosion,,,,,,[-0.3586 -1.2351 0.2881],3796,2025-02-04 10:08:51.484000,earthquake_local,HEL1.HE_20250204100851_HH_EV
HE,HEL1,HH,,,,5137,manual,0.5,,5485,manual,0.5,20250204T115942Z_20250204T120042Z,,,,,,,,,,,explosion,,,,,,[2.4095 0.4345 -0.1310],5972,2025-02-04 11:59:42.988000,earthquake_local,HEL1.HE_20250204115942_HH_EV
HE,HEL1,HH,,,,1240,manual,0.5,,1612,manual,0.5,20250204T123924Z_20250204T124024Z,,,,,,,,,,,explosion,,,,,,[-2.9522 3.5346 0.1134],2133,2025-02-04 12:39:24.792000,earthquake_local,HEL1.HE_20250204123924_HH_EV
HE,HEL1,HH,,,,800,manual,0.5,,1011,manual,0.5,20250204T142727Z_20250204T142827Z,,,,,,,,,,,explosion,,,,,,[-0.5192 3.6336 -0.1360],1306,2025-02-04 14:27:27.264000,earthquake_local,HEL1.HE_20250204142727_HH_EV
HE,HEL1,HH,,,,3330,manual,0.5,,3554,manual,0.5,20250205T143119Z_20250205T143219Z,,,,,,,,,,,explosion,,,,,,[3.5721 2.1338 3.0584],3868,2025-02-05 14:31:19.348000,earthquake_local,HEL1.HE_20250205143119_HH_EV
HE,HEL1,HH,,,,1771,manual,0.5,,2005,manual,0.5,20250206T130038Z_20250206T130138Z,,,,,,,,,,,explosion,,,,,,[2.6233 -0.9670 0.8436],2333,2025-02-06 13:00:38.628000,earthquake_local,HEL1.HE_20250206130038_HH_EV
HE,HEL1,HH,,,,3543,manual,0.5,,3956,manual,0.5,20250206T140129Z_20250206T140229Z,,,,,,,,,,,explosion,,,,,,[-0.1447 1.8459 0.8211],4534,2025-02-06 14:01:29.440000,earthquake_local,HEL1.HE_20250206140129_HH_EV
HE,HEL1,HH,,,,3072,manual,0.5,,3378,manual,0.5,20250207T114050Z_20250207T114150Z,,,,,,,,,,,explosion,,,,,,[-0.4437 0.6600 -1.5826],3806,2025-02-07 11:40:50.856000,earthquake_local,HEL1.HE_20250207114050_HH_EV
HE,HEL1,HH,,,,1100,manual,0.5,,1312,manual,0.5,20250210T142857Z_20250210T142957Z,,,,,,,,,,,explosion,,,,,,[3.0431 4.8176 0.8537],1609,2025-02-10 14:28:57.648000,earthquake_local,HEL1.HE_20250210142857_HH_EV
HE,HEL1,HH,,,,3369,manual,0.5,,3592,manual,0.5,20250211T093056Z_20250211T093156Z,,,,,,,,,,,explosion,,,,,,[0.0647 2.2240 0.2007],3904,2025-02-11 09:30:56.396000,earthquake_local,HEL1.HE_20250211093056_HH_EV
HE,HEL1,HH,,,,2934,manual,0.5,,3212,manual,0.5,20250211T132820Z_20250211T132920Z,,,,,,,,,,,explosion,,,,,,[-0.9176 0.5787 1.5620],3601,2025-02-11 13:28:20.936000,earthquake_local,HEL1.HE_20250211132820_HH_EV
HE,HEL1,HH,,,,3089,manual,0.5,,3242,manual,0.5,20250212T102510Z_20250212T102610Z,,,,,,,,,,,explosion,,,,,,[-0.0130 -0.8738 0.0544],3456,2025-02-12 10:25:10.744000,earthquake_local,HEL1.HE_20250212102510_HH_EV
HE,HEL1,HH,,,,1876,manual,0.5,,2209,manual,0.5,20250212T112553Z_20250212T112653Z,,,,,,,,,,,explosion,,,,,,[5.7171 4.7931 0.1369],2675,2025-02-12 11:25:53.452000,earthquake_local,HEL1.HE_20250212112553_HH_EV
HE,HEL1,HH,,,,1282,manual,0.5,,1518,manual,0.5,20250212T142713Z_20250212T142813Z,,,,,,,,,,,explosion,,,,,,[7.5608 4.7866 0.2760],1848,2025-02-12 14:27:13.452000,earthquake_local,HEL1.HE_20250212142713_HH_EV
HE,HEL1,HH,,,,1130,manual,0.5,,1535,manual,0.5,20250212T151408Z_20250212T151508Z,,,,,,,,,,,explosion,,,,,,[0.8620 -0.2828 -0.1792],2102,2025-02-12 15:14:08.216000,earthquake_local,HEL1.HE_20250212151408_HH_EV
HE,HEL1,HH,,,,4299,manual,0.5,,4721,manual,0.5,20250213T112928Z_20250213T113028Z,,,,,,,,,,,explosion,,,,,,[5.8580 0.4330 0.1121],5312,2025-02-13 11:29:28.372000,earthquake_local,HEL1.HE_20250213112928_HH_EV
HE,HEL1,HH,,,,2440,manual,0.5,,2659,manual,0.5,20250213T150753Z_20250213T150853Z,,,,,,,,,,,explosion,,,,,,[0.5117 3.7425 -0.0243],2966,2025-02-13 15:07:53.744000,earthquake_local,HEL1.HE_20250213150753_HH_EV
HE,HEL1,HH,,,,761,manual,0.5,,983,manual,0.5,20250214T110630Z_20250214T110730Z,,,,,,,,,,,explosion,,,,,,[0.9341 3.9591 -0.0855],1294,2025-02-14 11:06:30.708000,earthquake_local,HEL1.HE_20250214110630_HH_EV
HE,HEL1,HH,,,,1784,manual,0.5,,4075,manual,0.5,20250214T115602Z_20250214T115702Z,,,,,,,,,,,explosion,,,,,,[0.3910 0.3115 -0.0547],5999,2025-02-14 11:56:02.076000,earthquake_local,HEL1.HE_20250214115602_HH_EV
HE,HEL1,HH,,,,4919,manual,0.5,,5084,manual,0.5,20250214T122529Z_20250214T122629Z,,,,,,,,,,,explosion,,,,,,[1.5870 -0.7535 0.0266],5315,2025-02-14 12:25:29.920000,earthquake_local,HEL1.HE_20250214122529_HH_EV
HE,HEL1,HH,,,,4059,manual,0.5,,4290,manual,0.5,20250214T123003Z_20250214T123103Z,,,,,,,,,,,explosion,,,,,,[-1.0631 0.5439 0.0706],4613,2025-02-14 12:30:03.556000,earthquake_local,HEL1.HE_20250214123003_HH_EV
HE,HEL1,HH,,,,2802,manual,0.5,,3061,manual,0.5,20250217T152756Z_20250217T152856Z,,,,,,,,,,,explosion,,,,,,[1.5111 1.9526 0.4345],3424,2025-02-17 15:27:56.208000,earthquake_local,HEL1.HE_20250217152756_HH_EV
HE,HEL1,HH,,,,5182,manual,0.5,,5430,manual,0.5,20250218T092948Z_20250218T093048Z,,,,,,,,,,,explosion,,,,,,[1.3333 2.4859 -0.3788],5777,2025-02-18 09:29:48.788000,earthquake_local,HEL1.HE_20250218092948_HH_EV
HE,HEL1,HH,,,,2660,manual,0.5,,2946,manual,0.5,20250218T114047Z_20250218T114147Z,,,,,,,,,,,explosion,,,,,,[2.3500 8.3253 -0.0729],3346,2025-02-18 11:40:47.080000,earthquake_local,HEL1.HE_20250218114047_HH_EV
HE,HEL1,HH,,,,1195,manual,0.5,,1670,manual,0.5,20250218T133646Z_20250218T133746Z,,,,,,,,,,,explosion,,,,,,[5.8673 1.4808 0.1132],2335,2025-02-18 13:36:46.464000,earthquake_local,HEL1.HE_20250218133646_HH_EV
HE,HEL1,HH,,,,2552,manual,0.5,,2786,manual,0.5,20250218T142925Z_20250218T143025Z,,,,,,,,,,,explosion,,,,,,[-3.1323 2.2861 0.1304],3114,2025-02-18 14:29:25.800000,earthquake_local,HEL1.HE_20250218142925_HH_EV
HE,HEL1,HH,,,,1448,manual,0.5,,1677,manual,0.5,20250219T135523Z_20250219T135623Z,,,,,,,,,,,explosion,,,,,,[-1.7452 -0.6102 -0.3097],1998,2025-02-19 13:55:23.632000,earthquake_local,HEL1.HE_20250219135523_HH_EV
HE,HEL1,HH,,,,2543,manual,0.5,,2700,manual,0.5,20250219T135945Z_20250219T140045Z,,,,,,,,,,,explosion,,,,,,[1.2370 2.1762 -0.1081],2920,2025-02-19 13:59:45.064000,earthquake_local,HEL1.HE_20250219135945_HH_EV
HE,HEL1,HH,,,,3461,manual,0.5,,3693,manual,0.5,20250219T142654Z_20250219T142754Z,,,,,,,,,,,explosion,,,,,,[-3.9237 -1.9670 0.6429],4018,2025-02-19 14:26:54.796000,earthquake_local,HEL1.HE_20250219142654_HH_EV
HE,HEL1,HH,,,,2181,manual,0.5,,2295,manual,0.5,20250220T082054Z_20250220T082154Z,,,,,,,,,,,explosion,,,,,,[1.9515 3.5913 0.1679],2455,2025-02-20 08:20:54.848000,earthquake_local,HEL1.HE_20250220082054_HH_EV
HE,HEL1,HH,,,,2961,manual,0.5,,3010,manual,0.5,20250220T091416Z_20250220T091516Z,,,,,,,,,,,explosion,,,,,,[2.7076 2.0599 -0.0991],3110,2025-02-20 09:14:16.368000,earthquake_local,HEL1.HE_20250220091416_HH_EV
HE,HEL1,HH,,,,4932,manual,0.5,,5178,manual,0.5,20250220T112647Z_20250220T112747Z,,,,,,,,,,,explosion,,,,,,[0.3436 2.7824 0.0490],5522,2025-02-20 11:26:47.836000,earthquake_local,HEL1.HE_20250220112647_HH_EV
HE,HEL1,HH,,,,1205,manual,0.5,,1685,manual,0.5,20250220T113643Z_20250220T113743Z,,,,,,,,,,,explosion,,,,,,[2.3311 0.8228 0.1694],2357,2025-02-20 11:36:43.184000,earthquake_local,HEL1.HE_20250220113643_HH_EV
HE,HEL1,HH,,,,4780,manual,0.5,,4944,manual,0.5,20250220T124058Z_20250220T124158Z,,,,,,,,,,,explosion,,,,,,[2.8756 1.3468 -0.2047],5174,2025-02-20 12:40:58.988000,earthquake_local,HEL1.HE_20250220124058_HH_EV
HE,HEL1,HH,,,,3988,manual,0.5,,4113,manual,0.5,20250220T135926Z_20250220T140026Z,,,,,,,,,,,explosion,,,,,,[1.6309 0.8830 -0.4446],4288,2025-02-20 13:59:26.344000,earthquake_local,HEL1.HE_20250220135926_HH_EV
HE,HEL1,HH,,,,2686,manual,0.5,,3096,manual,0.5,20250220T140235Z_20250220T140335Z,,,,,,,,,,,explosion,,,,,,[1.4390 0.4229 0.1876],3670,2025-02-20 14:02:35.436000,earthquake_local,HEL1.HE_20250220140235_HH_EV
HE,HEL1,HH,,,,4740,manual,0.5,,4990,manual,0.5,20250220T152910Z_20250220T153010Z,,,,,,,,,,,explosion,,,,,,[-0.4289 0.6129 0.4611],5340,2025-02-20 15:29:10.520000,earthquake_local,HEL1.HE_20250220152910_HH_EV
HE,HEL1,HH,,,,5036,manual,0.5,,5447,manual,0.5,20250220T155512Z_20250220T155612Z,,,,,,,,,,,explosion,,,,,,[2.1584 0.7477 -0.1701],5999,2025-02-20 15:55:12.316000,earthquake_local,HEL1.HE_20250220155512_HH_EV
HE,HEL1,HH,,,,2154,manual,0.5,,2383,manual,0.5,20250221T100025Z_20250221T100125Z,,,,,,,,,,,explosion,,,,,,[1.4070 5.3238 0.1443],2704,2025-02-21 10:00:25.492000,earthquake_local,HEL1.HE_20250221100025_HH_EV
HE,HEL1,HH,,,,3869,manual,0.5,,4108,manual,0.5,20250224T120024Z_20250224T120124Z,,,,,,,,,,,explosion,,,,,,[-3.1887 3.9895 0.0044],4443,2025-02-24 12:00:24.148000,earthquake_local,HEL1.HE_20250224120024_HH_EV
HE,HEL1,HH,,,,3953,manual,0.5,,4254,manual,0.5,20250224T120938Z_20250224T121038Z,,,,,,,,,,,explosion,,,,,,[0.1731 3.5828 -1.0054],4675,2025-02-24 12:09:38.504000,earthquake_local,HEL1.HE_20250224120938_HH_EV
HE,HEL1,HH,,,,909,manual,0.5,,1331,manual,0.5,20250224T141336Z_20250224T141436Z,,,,,,,,,,,explosion,,,,,,[-1.3543 3.6028 -0.3798],1922,2025-02-24 14:13:36.672000,earthquake_local,HEL1.HE_20250224141336_HH_EV
HE,HEL1,HH,,,,2280,manual,0.5,,2499,manual,0.5,20250224T154202Z_20250224T154302Z,,,,,,,,,,,explosion,,,,,,[1.4711 0.1336 1.5391],2806,2025-02-24 15:42:02.372000,earthquake_local,HEL1.HE_20250224154202_HH_EV
HE,HEL1,HH,,,,506,manual,0.5,,717,manual,0.5,20250225T155331Z_20250225T155431Z,,,,,,,,,,,explosion,,,,,,[0.7920 7.6635 0.1420],1012,2025-02-25 15:53:31.636000,earthquake_local,HEL1.HE_20250225155331_HH_EV
HE,HEL1,HH,,,,1991,manual,0.5,,2219,manual,0.5,20250226T094230Z_20250226T094330Z,,,,,,,,,,,explosion,,,,,,[1.1819 1.0890 0.8933],2538,2025-02-26 09:42:30.788000,earthquake_local,HEL1.HE_20250226094230_HH_EV
HE,HEL1,HH,,,,2693,manual,0.5,,4997,manual,0.5,20250226T123959Z_20250226T124059Z,,,,,,,,,,,explosion,,,,,,[1.3771 0.3156 0.5219],5999,2025-02-26 12:39:59.964000,earthquake_local,HEL1.HE_20250226123959_HH_EV
HE,HEL1,HH,,,,1190,manual,0.5,,1448,manual,0.5,20250226T130024Z_20250226T130124Z,,,,,,,,,,,explosion,,,,,,[-0.1313 -0.7212 0.5945],1809,2025-02-26 13:00:24.576000,earthquake_local,HEL1.HE_20250226130024_HH_EV
HE,HEL1,HH,,,,4992,manual,0.5,,5118,manual,0.5,20250226T152918Z_20250226T153018Z,,,,,,,,,,,explosion,,,,,,[-0.2035 -1.3951 -2.3136],5294,2025-02-26 15:29:18.228000,earthquake_local,HEL1.HE_20250226152918_HH_EV
HE,HEL1,HH,,,,2360,manual,0.5,,2585,manual,0.5,20250226T154539Z_20250226T154639Z,,,,,,,,,,,explosion,,,,,,[3.6379 4.0808 6.2358],2900,2025-02-26 15:45:39.728000,earthquake_local,HEL1.HE_20250226154539_HH_EV
HE,HEL1,HH,,,,867,manual,0.5,,1257,manual,0.5,20250226T155430Z_20250226T155530Z,,,,,,,,,,,explosion,,,,,,[-0.0497 -0.1007 0.4414],1803,2025-02-26 15:54:30.048000,earthquake_local,HEL1.HE_20250226155430_HH_EV
HE,HEL1,HH,,,,4096,manual,0.5,,4304,manual,0.5,20250227T154139Z_20250227T154239Z,,,,,,,,,,,explosion,,,,,,[2.5638 0.0763 0.1225],4595,2025-02-27 15:41:39.236000,earthquake_local,HEL1.HE_20250227154139_HH_EV
HE,HEL1,HH,,,,3981,manual,0.5,,4158,manual,0.5,20250228T085517Z_20250228T085617Z,,,,,,,,,,,explosion,,,,,,[0.4405 0.0064 0.3238],4406,2025-02-28 08:55:17.572000,earthquake_local,HEL1.HE_20250228085517_HH_EV
HE,HEL1,HH,,,,4566,manual,0.5,,4963,manual,0.5,20250228T085930Z_20250228T090030Z,,,,,,,,,,,explosion,,,,,,[-0.6242 0.0397 1.3699],5519,2025-02-28 08:59:30.032000,earthquake_local,HEL1.HE_20250228085930_HH_EV
HE,HEL1,HH,,,,3014,manual,0.5,,3109,manual,0.5,20250228T104248Z_20250228T104348Z,,,,,,,,,,,explosion,,,,,,[0.0257 3.0858 -2.0153],3242,2025-02-28 10:42:48.452000,earthquake_local,HEL1.HE_20250228104248_HH_EV
HE,HEL5,HH,,,,733,manual,0.5,,2102,manual,0.5,20250102T091723Z_20250102T091823Z,,,,,,,,,,,explosion,,,,,,[-0.9873 0.4355 -0.6270],4019,2025-01-02 09:17:23.244000,earthquake_local,HEL5.HE_20250102091723_HH_EV
HE,HEL5,HH,,,,2882,manual,0.5,,3058,manual,0.5,20250103T134311Z_20250103T134411Z,,,,,,,,,,,explosion,,,,,,[-0.1758 4.2327 0.3507],3304,2025-01-03 13:43:11.644000,earthquake_local,HEL5.HE_20250103134311_HH_EV
HE,HEL5,HH,,,,1580,manual,0.5,,1740,manual,0.5,20250107T125739Z_20250107T125839Z,,,,,,,,,,,explosion,,,,,,[2.1084 10.8092 0.0049],1964,2025-01-07 12:57:39.596000,earthquake_local,HEL5.HE_20250107125739_HH_EV
HE,HEL5,HH,,,,2671,manual,0.5,,4214,manual,0.5,20250108T094934Z_20250108T095034Z,,,,,,,,,,,explosion,,,,,,[0.3581 0.4389 -0.0000],5999,2025-01-08 09:49:34.596000,earthquake_local,HEL5.HE_20250108094934_HH_EV
HE,HEL5,HH,,,,4857,manual,0.5,,5336,manual,0.5,20250108T100140Z_20250108T100240Z,,,,,,,,,,,explosion,,,,,,[-0.2612 -1.0075 0.0487],5999,2025-01-08 10:01:40.728000,earthquake_local,HEL5.HE_20250108100140_HH_EV
HE,HEL5,HH,,,,2122,manual,0.5,,3446,manual,0.5,20250108T104229Z_20250108T104329Z,,,,,,,,,,,explosion,,,,,,[-0.0106 -1.1504 0.1010],5300,2025-01-08 10:42:29.844000,earthquake_local,HEL5.HE_20250108104229_HH_EV
HE,HEL5,HH,,,,1456,manual,0.5,,3358,manual,0.5,20250108T124735Z_20250108T124835Z,,,,,,,,,,,explosion,,,,,,[0.2918 -0.7952 -0.0183],5999,2025-01-08 12:47:35.836000,earthquake_local,HEL5.HE_20250108124735_HH_EV
HE,HEL5,HH,,,,4644,manual,0.5,,5008,manual,0.5,20250108T125922Z_20250108T130022Z,,,,,,,,,,,explosion,,,,,,[0.1002 0.9833 -0.0922],5518,2025-01-08 12:59:22.476000,earthquake_local,HEL5.HE_20250108125922_HH_EV
HE,HEL5,HH,,,,1748,manual,0.5,,2272,manual,0.5,20250109T124753Z_20250109T124853Z,,,,,,,,,,,explosion,,,,,,[0.2966 3.0578 0.1722],3006,2025-01-09 12:47:53.904000,earthquake_local,HEL5.HE_20250109124753_HH_EV
HE,HEL5,HH,,,,4823,manual,0.5,,4971,manual,0.5,20250110T100026Z_20250110T100126Z,,,,,,,,,,,explosion,,,,,,[2.5204 4.4345 0.0358],5178,2025-01-10 10:00:26.108000,earthquake_local,HEL5.HE_20250110100026_HH_EV
HE,HEL5,HH,,,,3962,manual,0.5,,4285,manual,0.5,20250110T102713Z_20250110T102813Z,,,,,,,,,,,explosion,,,,,,[0.2310 -0.1806 -0.0469],4737,2025-01-10 10:27:13.632000,earthquake_local,HEL5.HE_20250110102713_HH_EV
HE,HEL5,HH,,,,720,manual,0.5,,1156,manual,0.5,20250110T113003Z_20250110T113103Z,,,,,,,,,,,explosion,,,,,,[0.7079 -1.9834 -0.0623],1766,2025-01-10 11:30:03.196000,earthquake_local,HEL5.HE_20250110113003_HH_EV
HE,HEL5,HH,,,,5109,manual,0.5,,5268,manual,0.5,20250113T135511Z_20250113T135611Z,,,,,,,,,,,explosion,,,,,,[0.6612 11.4459 0.1086],5491,2025-01-13 13:55:11.384000,earthquake_local,HEL5.HE_20250113135511_HH_EV
HE,HEL5,HH,,,,1193,manual,0.5,,1461,manual,0.5,20250113T140121Z_20250113T140221Z,,,,,,,,,,,explosion,,,,,,[0.9136 5.4102 -0.0312],1836,2025-01-13 14:01:21.348000,earthquake_local,HEL5.HE_20250113140121_HH_EV
HE,HEL5,HH,,,,3399,manual,0.5,,3767,manual,0.5,20250114T073041Z_20250114T073141Z,,,,,,,,,,,explosion,,,,,,[1.0423 6.2425 0.1191],4282,2025-01-14 07:30:41.784000,earthquake_local,HEL5.HE_20250114073041_HH_EV
HE,HEL5,HH,,,,1521,manual,0.5,,1698,manual,0.5,20250114T103153Z_20250114T103253Z,,,,,,,,,,,explosion,,,,,,[1.2525 0.8320 -0.0366],1946,2025-01-14 10:31:53.584000,earthquake_local,HEL5.HE_20250114103153_HH_EV
HE,HEL5,HH,,,,3781,manual,0.5,,3922,manual,0.5,20250114T135700Z_20250114T135800Z,,,,,,,,,,,explosion,,,,,,[0.9302 10.9845 0.6205],4119,2025-01-14 13:57:00.960000,earthquake_local,HEL5.HE_20250114135700_HH_EV
HE,HEL5,HH,,,,914,manual,0.5,,1277,manual,0.5,20250114T140009Z_20250114T140109Z,,,,,,,,,,,explosion,,,,,,[-0.5922 8.0373 0.0519],1785,2025-01-14 14:00:09.104000,earthquake_local,HEL5.HE_20250114140009_HH_EV
HE,HEL5,HH,,,,3644,manual,0.5,,3816,manual,0.5,20250114T163238Z_20250114T163338Z,,,,,,,,,,,explosion,,,,,,[0.8845 -1.8880 0.0523],4057,2025-01-14 16:32:38.316000,earthquake_local,HEL5.HE_20250114163238_HH_EV
HE,HEL5,HH,,,,2458,manual,0.5,,2719,manual,0.5,20250115T111010Z_20250115T111110Z,,,,,,,,,,,explosion,,,,,,[2.6500 10.6745 0.2782],3084,2025-01-15 11:10:10.176000,earthquake_local,HEL5.HE_20250115111010_HH_EV
HE,HEL5,HH,,,,3273,manual,0.5,,3496,manual,0.5,20250115T122953Z_20250115T123053Z,,,,,,,,,,,explosion,,,,,,[0.8591 3.3157 -0.1291],3808,2025-01-15 12:29:53.340000,earthquake_local,HEL5.HE_20250115122953_HH_EV
HE,HEL5,HH,,,,2218,manual,0.5,,2596,manual,0.5,20250115T134558Z_20250115T134658Z,,,,,,,,,,,explosion,,,,,,[2.2817 10.2081 0.0634],3125,2025-01-15 13:45:58.364000,earthquake_local,HEL5.HE_20250115134558_HH_EV
HE,HEL5,HH,,,,2005,manual,0.5,,2377,manual,0.5,20250116T113101Z_20250116T113201Z,,,,,,,,,,,explosion,,,,,,[1.1105 18.6656 0.1853],2898,2025-01-16 11:31:01.732000,earthquake_local,HEL5.HE_20250116113101_HH_EV
HE,HEL5,HH,,,,1453,manual,0.5,,1743,manual,0.5,20250116T113708Z_20250116T113808Z,,,,,,,,,,,explosion,,,,,,[-0.0149 2.6278 0.1134],2149,2025-01-16 11:37:08.448000,earthquake_local,HEL5.HE_20250116113708_HH_EV
HE,HEL5,HH,,,,1030,manual,0.5,,4488,manual,0.5,20250116T163516Z_20250116T163616Z,,,,,,,,,,,explosion,,,,,,[0.0657 -1.6342 -0.0830],5999,2025-01-16 16:35:16.880000,earthquake_local,HEL5.HE_20250116163516_HH_EV
HE,HEL5,HH,,,,1596,manual,0.5,,1746,manual,0.5,20250117T121554Z_20250117T121654Z,,,,,,,,,,,explosion,,,,,,[2.7029 4.9422 0.3571],1956,2025-01-17 12:15:54.424000,earthquake_local,HEL5.HE_20250117121554_HH_EV
HE,HEL5,HH,,,,5006,manual,0.5,,5433,manual,0.5,20250120T113710Z_20250120T113810Z,,,,,,,,,,,explosion,,,,,,[1.2441 4.3067 0.0297],5999,2025-01-20 11:37:10.604000,earthquake_local,HEL5.HE_20250120113710_HH_EV
HE,HEL5,HH,,,,4096,manual,0.5,,4241,manual,0.5,20250121T124801Z_20250121T124901Z,,,,,,,,,,,explosion,,,,,,[3.5803 4.8828 0.1952],4444,2025-01-21 12:48:01.304000,earthquake_local,HEL5.HE_20250121124801_HH_EV
HE,HEL5,HH,,,,4259,manual,0.5,,4485,manual,0.5,20250122T122706Z_20250122T122806Z,,,,,,,,,,,explosion,,,,,,[0.5575 7.7563 -0.0746],4801,2025-01-22 12:27:06.380000,earthquake_local,HEL5.HE_20250122122706_HH_EV
HE,HEL5,HH,,,,4635,manual,0.5,,5225,manual,0.5,20250122T131001Z_20250122T131101Z,,,,,,,,,,,explosion,,,,,,[0.0141 5.3987 -0.0342],5999,2025-01-22 13:10:01.332000,earthquake_local,HEL5.HE_20250122131001_HH_EV
HE,HEL5,HH,,,,3397,manual,0.5,,4997,manual,0.5,20250122T142803Z_20250122T142903Z,,,,,,,,,,,explosion,,,,,,[-0.0298 0.6475 0.0213],5999,2025-01-22 14:28:03.652000,earthquake_local,HEL5.HE_20250122142803_HH_EV
HE,HEL5,HH,,,,1775,manual,0.5,,1992,manual,0.5,20250124T085501Z_20250124T085601Z,,,,,,,,,,,explosion,,,,,,[-0.2469 1.5341 -0.2278],2296,2025-01-24 08:55:01.800000,earthquake_local,HEL5.HE_20250124085501_HH_EV
HE,HEL5,HH,,,,2009,manual,0.5,,2391,manual,0.5,20250124T114059Z_20250124T114159Z,,,,,,,,,,,explosion,,,,,,[1.2965 1.5521 0.1105],2926,2025-01-24 11:40:59.388000,earthquake_local,HEL5.HE_20250124114059_HH_EV
HE,HEL5,HH,,,,1668,manual,0.5,,1825,manual,0.5,20250127T090053Z_20250127T090153Z,,,,,,,,,,,explosion,,,,,,[-0.6680 1.8785 -0.1587],2045,2025-01-27 09:00:53.048000,earthquake_local,HEL5.HE_20250127090053_HH_EV
HE,HEL5,HH,,,,1056,manual,0.5,,2623,manual,0.5,20250127T120759Z_20250127T120859Z,,,,,,,,,,,explosion,,,,,,[0.6116 2.9295 0.0120],4817,2025-01-27 12:07:59.128000,earthquake_local,HEL5.HE_20250127120759_HH_EV
HE,HEL5,HH,,,,4477,manual,0.5,,4632,manual,0.5,20250127T124306Z_20250127T124406Z,,,,,,,,,,,explosion,,,,,,[3.7165 9.7741 0.1085],4849,2025-01-27 12:43:06.252000,earthquake_local,HEL5.HE_20250127124306_HH_EV
HE,HEL5,HH,,,,2239,manual,0.5,,2465,manual,0.5,20250127T142550Z_20250127T142650Z,,,,,,,,,,,explosion,,,,,,[1.0661 10.9444 0.2682],2781,2025-01-27 14:25:50.304000,earthquake_local,HEL5.HE_20250127142550_HH_EV
HE,HEL5,HH,,,,1475,manual,0.5,,1620,manual,0.5,20250127T150049Z_20250127T150149Z,,,,,,,,,,,explosion,,,,,,[0.5925 1.5339 -0.0163],1823,2025-01-27 15:00:49.976000,earthquake_local,HEL5.HE_20250127150049_HH_EV
HE,HEL5,HH,,,,2979,manual,0.5,,5348,manual,0.5,20250128T094846Z_20250128T094946Z,,,,,,,,,,,explosion,,,,,,[0.3774 2.6136 -0.0584],5999,2025-01-28 09:48:46.052000,earthquake_local,HEL5.HE_20250128094846_HH_EV
HE,HEL5,HH,,,,1580,manual,0.5,,2531,manual,0.5,20250128T123338Z_20250128T123438Z,,,,,,,,,,,explosion,,,,,,[0.2098 1.2120 0.2436],3862,2025-01-28 12:33:38.508000,earthquake_local,HEL5.HE_20250128123338_HH_EV
HE,HEL5,HH,,,,1099,manual,0.5,,1253,manual,0.5,20250128T153037Z_20250128T153137Z,,,,,,,,,,,explosion,,,,,,[0.6587 6.2711 0.2470],1469,2025-01-28 15:30:37.976000,earthquake_local,HEL5.HE_20250128153037_HH_EV
HE,HEL5,HH,,,,2639,manual,0.5,,4958,manual,0.5,20250129T113159Z_20250129T113259Z,,,,,,,,,,,explosion,,,,,,[0.0456 1.4219 -0.0757],5999,2025-01-29 11:31:59.996000,earthquake_local,HEL5.HE_20250129113159_HH_EV
HE,HEL5,HH,,,,3951,manual,0.5,,4884,manual,0.5,20250129T150013Z_20250129T150113Z,,,,,,,,,,,explosion,,,,,,[0.0125 -0.3935 0.1374],5999,2025-01-29 15:00:13.328000,earthquake_local,HEL5.HE_20250129150013_HH_EV
HE,HEL5,HH,,,,3146,manual,0.5,,3281,manual,0.5,20250130T090426Z_20250130T090526Z,,,,,,,,,,,explosion,,,,,,[3.2832 24.4367 0.3660],3470,2025-01-30 09:04:26.380000,earthquake_local,HEL5.HE_20250130090426_HH_EV
HE,HEL5,HH,,,,597,manual,0.5,,735,manual,0.5,20250130T143755Z_20250130T143855Z,,,,,,,,,,,explosion,,,,,,[17.2254 23.9493 0.0319],928,2025-01-30 14:37:55.532000,earthquake_local,HEL5.HE_20250130143755_HH_EV
HE,HEL5,HH,,,,4489,manual,0.5,,4675,manual,0.5,20250131T125610Z_20250131T125710Z,,,,,,,,,,,explosion,,,,,,[2.9249 13.7924 0.6467],4935,2025-01-31 12:56:10.284000,earthquake_local,HEL5.HE_20250131125610_HH_EV
HE,HEL5,HH,,,,2544,manual,0.5,,2685,manual,0.5,20250203T142842Z_20250203T142942Z,,,,,,,,,,,explosion,,,,,,[12.8029 27.9123 0.1595],2882,2025-02-03 14:28:42.564000,earthquake_local,HEL5.HE_20250203142842_HH_EV
HE,HEL5,HH,,,,2194,manual,0.5,,2364,manual,0.5,20250203T145943Z_20250203T150043Z,,,,,,,,,,,explosion,,,,,,[0.8808 0.6009 -0.0706],2602,2025-02-03 14:59:43.140000,earthquake_local,HEL5.HE_20250203145943_HH_EV
HE,HEL5,HH,,,,2774,manual,0.5,,2949,manual,0.5,20250204T085923Z_20250204T090023Z,,,,,,,,,,,explosion,,,,,,[0.7946 11.7825 0.0260],3194,2025-02-04 08:59:23.312000,earthquake_local,HEL5.HE_20250204085923_HH_EV
HE,HEL5,HH,,,,5058,manual,0.5,,5207,manual,0.5,20250204T092449Z_20250204T092549Z,,,,,,,,,,,explosion,,,,,,[13.5361 18.3074 -0.1476],5416,2025-02-04 09:24:49.880000,earthquake_local,HEL5.HE_20250204092449_HH_EV
HE,HEL5,HH,,,,5242,manual,0.5,,5499,manual,0.5,20250204T123843Z_20250204T123943Z,,,,,,,,,,,explosion,,,,,,[7.2881 6.9989 -0.0334],5859,2025-02-04 12:38:43.288000,earthquake_local,HEL5.HE_20250204123843_HH_EV
HE,HEL5,HH,,,,4921,manual,0.5,,5083,manual,0.5,20250204T142644Z_20250204T142744Z,,,,,,,,,,,explosion,,,,,,[2.1704 10.9703 0.2679],5310,2025-02-04 14:26:44.836000,earthquake_local,HEL5.HE_20250204142644_HH_EV
HE,HEL5,HH,,,,1810,manual,0.5,,3310,manual,0.5,20250206T105857Z_20250206T105957Z,,,,,,,,,,,explosion,,,,,,[-0.2534 -0.0938 -0.5276],5410,2025-02-06 10:58:57.284000,earthquake_local,HEL5.HE_20250206105857_HH_EV
HE,HEL5,HH,,,,3339,manual,0.5,,3515,manual,0.5,20250206T130022Z_20250206T130122Z,,,,,,,,,,,explosion,,,,,,[0.7215 4.3047 -0.6588],3761,2025-02-06 13:00:22.592000,earthquake_local,HEL5.HE_20250206130022_HH_EV
HE,HEL5,HH,,,,945,manual,0.5,,1306,manual,0.5,20250206T140154Z_20250206T140254Z,,,,,,,,,,,explosion,,,,,,[0.1213 3.4070 -0.2512],1811,2025-02-06 14:01:54.960000,earthquake_local,HEL5.HE_20250206140154_HH_EV
HE,HEL5,HH,,,,2608,manual,0.5,,2920,manual,0.5,20250207T114056Z_20250207T114156Z,,,,,,,,,,,explosion,,,,,,[1.4739 4.5171 1.1055],3357,2025-02-07 11:40:56.804000,earthquake_local,HEL5.HE_20250207114056_HH_EV
HE,HEL5,HH,,,,2179,manual,0.5,,4927,manual,0.5,20250207T121747Z_20250207T121847Z,,,,,,,,,,,explosion,,,,,,[-0.7487 3.0860 0.1384],5999,2025-02-07 12:17:47.688000,earthquake_local,HEL5.HE_20250207121747_HH_EV
HE,HEL5,HH,,,,2706,manual,0.5,,5180,manual,0.5,20250208T232041Z_20250208T232141Z,,,,,,,,,,,explosion,,,,,,[0.1049 1.3253 -0.6947],5999,2025-02-08 23:20:41.536000,earthquake_local,HEL5.HE_20250208232041_HH_EV
HE,HEL5,HH,,,,2536,manual,0.5,,2666,manual,0.5,20250210T100427Z_20250210T100527Z,,,,,,,,,,,explosion,,,,,,[0.8697 0.7560 0.5734],2848,2025-02-10 10:04:27.200000,earthquake_local,HEL5.HE_20250210100427_HH_EV
HE,HEL5,HH,,,,1444,manual,0.5,,1589,manual,0.5,20250210T142852Z_20250210T142952Z,,,,,,,,,,,explosion,,,,,,[9.5079 26.4025 2.1909],1792,2025-02-10 14:28:52.892000,earthquake_local,HEL5.HE_20250210142852_HH_EV
HE,HEL5,HH,,,,3406,manual,0.5,,3582,manual,0.5,20250211T091436Z_20250211T091536Z,,,,,,,,,,,explosion,,,,,,[1.1085 3.5883 0.0517],3828,2025-02-11 09:14:36.040000,earthquake_local,HEL5.HE_20250211091436_HH_EV
HE,HEL5,HH,,,,4064,manual,0.5,,4220,manual,0.5,20250212T102500Z_20250212T102600Z,,,,,,,,,,,explosion,,,,,,[0.5861 4.2976 -0.0735],4438,2025-02-12 10:25:00.672000,earthquake_local,HEL5.HE_20250212102500_HH_EV
HE,HEL5,HH,,,,1124,manual,0.5,,3141,manual,0.5,20250212T112857Z_20250212T112957Z,,,,,,,,,,,explosion,,,,,,[0.8974 -2.9363 -0.3114],5965,2025-02-12 11:28:57.180000,earthquake_local,HEL5.HE_20250212112857_HH_EV
HE,HEL5,HH,,,,2507,manual,0.5,,2645,manual,0.5,20250212T142659Z_20250212T142759Z,,,,,,,,,,,explosion,,,,,,[10.6250 22.7290 0.0135],2838,2025-02-12 14:26:59.904000,earthquake_local,HEL5.HE_20250212142659_HH_EV
HE,HEL5,HH,,,,1127,manual,0.5,,1476,manual,0.5,20250212T151407Z_20250212T151507Z,,,,,,,,,,,explosion,,,,,,[0.3747 5.3532 0.0144],1965,2025-02-12 15:14:07.720000,earthquake_local,HEL5.HE_20250212151407_HH_EV
HE,HEL5,HH,,,,2526,manual,0.5,,3279,manual,0.5,20250213T105503Z_20250213T105603Z,,,,,,,,,,,explosion,,,,,,[0.4860 4.6687 0.3512],4333,2025-02-13 10:55:03.764000,earthquake_local,HEL5.HE_20250213105503_HH_EV
HE,HEL5,HH,,,,3238,manual,0.5,,3616,manual,0.5,20250213T112938Z_20250213T113038Z,,,,,,,,,,,explosion,,,,,,[-0.0084 5.8341 -0.0055],4145,2025-02-13 11:29:38.244000,earthquake_local,HEL5.HE_20250213112938_HH_EV
HE,HEL5,HH,,,,4413,manual,0.5,,4565,manual,0.5,20250213T150732Z_20250213T150832Z,,,,,,,,,,,explosion,,,,,,[7.8639 30.8219 0.1846],4778,2025-02-13 15:07:32.688000,earthquake_local,HEL5.HE_20250213150732_HH_EV
HE,HEL5,HH,,,,2520,manual,0.5,,2652,manual,0.5,20250214T122553Z_20250214T122653Z,,,,,,,,,,,explosion,,,,,,[0.3383 -0.4164 0.0146],2837,2025-02-14 12:25:53.512000,earthquake_local,HEL5.HE_20250214122553_HH_EV
HE,HEL5,HH,,,,4757,manual,0.5,,4902,manual,0.5,20250214T122955Z_20250214T123055Z,,,,,,,,,,,explosion,,,,,,[-0.1705 3.4572 -0.0058],5105,2025-02-14 12:29:55.264000,earthquake_local,HEL5.HE_20250214122955_HH_EV
HE,HEL5,HH,,,,4404,manual,0.5,,4636,manual,0.5,20250217T152739Z_20250217T152839Z,,,,,,,,,,,explosion,,,,,,[3.8159 12.5300 -0.0402],4961,2025-02-17 15:27:39.892000,earthquake_local,HEL5.HE_20250217152739_HH_EV
HE,HEL5,HH,,,,4690,manual,0.5,,4850,manual,0.5,20250218T092952Z_20250218T093052Z,,,,,,,,,,,explosion,,,,,,[2.4039 12.9151 -0.0185],5074,2025-02-18 09:29:52.508000,earthquake_local,HEL5.HE_20250218092952_HH_EV
HE,HEL5,HH,,,,1128,manual,0.5,,1490,manual,0.5,20250218T114103Z_20250218T114203Z,,,,,,,,,,,explosion,,,,,,[0.3833 7.2024 0.0381],1997,2025-02-18 11:41:03.764000,earthquake_local,HEL5.HE_20250218114103_HH_EV
HE,HEL5,HH,,,,1444,manual,0.5,,2063,manual,0.5,20250218T133645Z_20250218T133745Z,,,,,,,,,,,explosion,,,,,,[0.2590 2.7032 -0.0142],2930,2025-02-18 13:36:45.464000,earthquake_local,HEL5.HE_20250218133645_HH_EV
HE,HEL5,HH,,,,3867,manual,0.5,,4009,manual,0.5,20250218T142911Z_20250218T143011Z,,,,,,,,,,,explosion,,,,,,[5.3979 16.9592 0.2025],4208,2025-02-18 14:29:11.360000,earthquake_local,HEL5.HE_20250218142911_HH_EV
HE,HEL5,HH,,,,672,manual,0.5,,1045,manual,0.5,20250218T155633Z_20250218T155733Z,,,,,,,,,,,explosion,,,,,,[0.2718 2.3749 0.4116],1567,2025-02-18 15:56:33.052000,earthquake_local,HEL5.HE_20250218155633_HH_EV
HE,HEL5,HH,,,,3505,manual,0.5,,4359,manual,0.5,20250219T114013Z_20250219T114113Z,,,,,,,,,,,explosion,,,,,,[0.4918 -0.6819 -0.0467],5555,2025-02-19 11:40:13.272000,earthquake_local,HEL5.HE_20250219114013_HH_EV
HE,HEL5,HH,,,,1548,manual,0.5,,1759,manual,0.5,20250219T135522Z_20250219T135622Z,,,,,,,,,,,explosion,,,,,,[0.5845 5.6339 -0.0300],2054,2025-02-19 13:55:22.264000,earthquake_local,HEL5.HE_20250219135522_HH_EV
HE,HEL5,HH,,,,4740,manual,0.5,,4904,manual,0.5,20250219T135923Z_20250219T140023Z,,,,,,,,,,,explosion,,,,,,[0.0567 -0.2908 -0.1267],5134,2025-02-19 13:59:23.020000,earthquake_local,HEL5.HE_20250219135923_HH_EV
HE,HEL5,HH,,,,3555,manual,0.5,,3692,manual,0.5,20250219T142652Z_20250219T142752Z,,,,,,,,,,,explosion,,,,,,[9.6461 31.4485 0.8201],3884,2025-02-19 14:26:52.492000,earthquake_local,HEL5.HE_20250219142652_HH_EV
HE,HEL5,HH,,,,4821,manual,0.5,,5184,manual,0.5,20250219T152735Z_20250219T152835Z,,,,,,,,,,,explosion,,,,,,[-0.1019 -0.4032 -0.0258],5692,2025-02-19 15:27:35.112000,earthquake_local,HEL5.HE_20250219152735_HH_EV
HE,HEL5,HH,,,,2333,manual,0.5,,4053,manual,0.5,20250220T072942Z_20250220T073042Z,,,,,,,,,,,explosion,,,,,,[0.9339 -1.5991 -1.8943],5999,2025-02-20 07:29:42.644000,earthquake_local,HEL5.HE_20250220072942_HH_EV
HE,HEL5,HH,,,,1270,manual,0.5,,1499,manual,0.5,20250220T082105Z_20250220T082205Z,,,,,,,,,,,explosion,,,,,,[0.3156 1.7185 -0.0031],1820,2025-02-20 08:21:05.784000,earthquake_local,HEL5.HE_20250220082105_HH_EV
HE,HEL5,HH,,,,1907,manual,0.5,,2080,manual,0.5,20250220T091428Z_20250220T091528Z,,,,,,,,,,,explosion,,,,,,[-0.3490 0.3519 0.0397],2322,2025-02-20 09:14:28.616000,earthquake_local,HEL5.HE_20250220091428_HH_EV
HE,HEL5,HH,,,,3212,manual,0.5,,5123,manual,0.5,20250220T092049Z_20250220T092149Z,,,,,,,,,,,explosion,,,,,,[-0.1751 -0.3294 -0.0092],5999,2025-02-20 09:20:49.136000,earthquake_local,HEL5.HE_20250220092049_HH_EV
HE,HEL5,HH,,,,1221,manual,0.5,,3176,manual,0.5,20250220T093314Z_20250220T093414Z,,,,,,,,,,,explosion,,,,,,[-0.2001 0.1782 -0.0121],5913,2025-02-20 09:33:14.572000,earthquake_local,HEL5.HE_20250220093314_HH_EV
HE,HEL5,HH,,,,1876,manual,0.5,,2105,manual,0.5,20250220T112717Z_20250220T112817Z,,,,,,,,,,,explosion,,,,,,[1.0658 8.4972 -0.0246],2426,2025-02-20 11:27:17.924000,earthquake_local,HEL5.HE_20250220112717_HH_EV
HE,HEL5,HH,,,,4726,manual,0.5,,5081,manual,0.5,20250220T113606Z_20250220T113706Z,,,,,,,,,,,explosion,,,,,,[0.4797 3.2269 -0.0142],5578,2025-02-20 11:36:06.784000,earthquake_local,HEL5.HE_20250220113606_HH_EV
HE,HEL5,HH,,,,4043,manual,0.5,,5359,manual,0.5,20250220T121335Z_20250220T121435Z,,,,,,,,,,,explosion,,,,,,[0.1803 1.9271 0.0023],5999,2025-02-20 12:13:35.720000,earthquake_local,HEL5.HE_20250220121335_HH_EV
HE,HEL5,HH,,,,1751,manual,0.5,,1859,manual,0.5,20250220T124128Z_20250220T124228Z,,,,,,,,,,,explosion,,,,,,[1.9289 4.2121 -0.0443],2010,2025-02-20 12:41:28.884000,earthquake_local,HEL5.HE_20250220124128_HH_EV
HE,HEL5,HH,,,,3093,manual,0.5,,3228,manual,0.5,20250220T135935Z_20250220T140035Z,,,,,,,,,,,explosion,,,,,,[-0.3198 2.1770 -0.1096],3417,2025-02-20 13:59:35.432000,earthquake_local,HEL5.HE_20250220135935_HH_EV
HE,HEL5,HH,,,,3590,manual,0.5,,3943,manual,0.5,20250220T140226Z_20250220T140326Z,,,,,,,,,,,explosion,,,,,,[0.3969 4.0442 -0.0186],4437,2025-02-20 14:02:26.024000,earthquake_local,HEL5.HE_20250220140226_HH_EV
HE,HEL5,HH,,,,811,manual,0.5,,977,manual,0.5,20250220T152948Z_20250220T153048Z,,,,,,,,,,,explosion,,,,,,[1.1559 11.0911 0.3248],1209,2025-02-20 15:29:48.480000,earthquake_local,HEL5.HE_20250220152948_HH_EV
HE,HEL5,HH,,,,1996,manual,0.5,,2363,manual,0.5,20250220T155542Z_20250220T155642Z,,,,,,,,,,,explosion,,,,,,[0.8210 6.3052 0.2536],2877,2025-02-20 15:55:42.208000,earthquake_local,HEL5.HE_20250220155542_HH_EV
HE,HEL5,HH,,,,3792,manual,0.5,,3944,manual,0.5,20250221T085931Z_20250221T090031Z,,,,,,,,,,,explosion,,,,,,[-0.7406 9.4182 0.8092],4157,2025-02-21 08:59:31.428000,earthquake_local,HEL5.HE_20250221085931_HH_EV
HE,HEL5,HH,,,,2924,manual,0.5,,3048,manual,0.5,20250221T100016Z_20250221T100116Z,,,,,,,,,,,explosion,,,,,,[8.3063 24.0338 0.0321],3222,2025-02-21 10:00:16.436000,earthquake_local,HEL5.HE_20250221100016_HH_EV
HE,HEL5,HH,,,,1298,manual,0.5,,1509,manual,0.5,20250224T120049Z_20250224T120149Z,,,,,,,,,,,explosion,,,,,,[1.9391 5.8827 0.9559],1804,2025-02-24 12:00:49.508000,earthquake_local,HEL5.HE_20250224120049_HH_EV
HE,HEL5,HH,,,,1878,manual,0.5,,2318,manual,0.5,20250224T121000Z_20250224T121100Z,,,,,,,,,,,explosion,,,,,,[1.4165 4.1635 0.8357],2934,2025-02-24 12:10:00.420000,earthquake_local,HEL5.HE_20250224121000_HH_EV
HE,HEL5,HH,,,,4107,manual,0.5,,4639,manual,0.5,20250224T141306Z_20250224T141406Z,,,,,,,,,,,explosion,,,,,,[-0.4474 1.8517 0.5988],5384,2025-02-24 14:13:06.392000,earthquake_local,HEL5.HE_20250224141306_HH_EV
HE,HEL5,HH,,,,2145,manual,0.5,,2303,manual,0.5,20250224T154202Z_20250224T154302Z,,,,,,,,,,,explosion,,,,,,[2.8843 20.8689 0.5347],2524,2025-02-24 15:42:02.388000,earthquake_local,HEL5.HE_20250224154202_HH_EV
HE,HEL5,HH,,,,4166,manual,0.5,,5257,manual,0.5,20250225T101717Z_20250225T101817Z,,,,,,,,,,,explosion,,,,,,[0.3975 0.7358 0.1245],5999,2025-02-25 10:17:17.316000,earthquake_local,HEL5.HE_20250225101717_HH_EV
HE,HEL5,HH,,,,2840,manual,0.5,,2978,manual,0.5,20250225T155307Z_20250225T155407Z,,,,,,,,,,,explosion,,,,,,[10.4355 21.7308 2.7832],3171,2025-02-25 15:53:07.048000,earthquake_local,HEL5.HE_20250225155307_HH_EV
HE,HEL5,HH,,,,1107,manual,0.5,,3492,manual,0.5,20250226T124016Z_20250226T124116Z,,,,,,,,,,,explosion,,,,,,[-0.3225 1.1341 -1.1289],5999,2025-02-26 12:40:16.336000,earthquake_local,HEL5.HE_20250226124016_HH_EV
HE,HEL5,HH,,,,2596,manual,0.5,,4558,manual,0.5,20250226T124346Z_20250226T124446Z,,,,,,,,,,,explosion,,,,,,[-0.0504 -1.3490 0.3385],5999,2025-02-26 12:43:46.296000,earthquake_local,HEL5.HE_20250226124346_HH_EV
HE,HEL5,HH,,,,1917,manual,0.5,,2161,manual,0.5,20250226T130016Z_20250226T130116Z,,,,,,,,,,,explosion,,,,,,[3.0040 6.5558 0.2925],2503,2025-02-26 13:00:16.740000,earthquake_local,HEL5.HE_20250226130016_HH_EV
HE,HEL5,HH,,,,5066,manual,0.5,,5237,manual,0.5,20250226T152917Z_20250226T153017Z,,,,,,,,,,,explosion,,,,,,[0.2934 2.1973 -0.3504],5476,2025-02-26 15:29:17.592000,earthquake_local,HEL5.HE_20250226152917_HH_EV
HE,HEL5,HH,,,,1542,manual,0.5,,1904,manual,0.5,20250226T155422Z_20250226T155522Z,,,,,,,,,,,explosion,,,,,,[0.9072 8.9122 0.8265],2411,2025-02-26 15:54:22.660000,earthquake_local,HEL5.HE_20250226155422_HH_EV
HE,HEL5,HH,,,,2021,manual,0.5,,2400,manual,0.5,20250227T085951Z_20250227T090051Z,,,,,,,,,,,explosion,,,,,,[0.3318 2.4260 -0.0642],2931,2025-02-27 08:59:51.684000,earthquake_local,HEL5.HE_20250227085951_HH_EV
HE,HEL5,HH,,,,4658,manual,0.5,,4797,manual,0.5,20250227T154132Z_20250227T154232Z,,,,,,,,,,,explosion,,,,,,[0.8024 8.7506 0.1046],4992,2025-02-27 15:41:32.380000,earthquake_local,HEL5.HE_20250227154132_HH_EV
HE,HEL5,HH,,,,1088,manual,0.5,,4152,manual,0.5,20250228T075818Z_20250228T075918Z,,,,,,,,,,,explosion,,,,,,[0.2323 0.8890 -0.0520],5999,2025-02-28 07:58:18.636000,earthquake_local,HEL5.HE_20250228075818_HH_EV
HE,HEL5,HH,,,,1316,manual,0.5,,1481,manual,0.5,20250228T090019Z_20250228T090119Z,,,,,,,,,,,explosion,,,,,,[-0.2689 2.5576 0.3182],1712,2025-02-28 09:00:19.076000,earthquake_local,HEL5.HE_20250228090019_HH_EV
HE,HEL5,HH,,,,1355,manual,0.5,,1579,manual,0.5,20250228T104306Z_20250228T104406Z,,,,,,,,,,,explosion,,,,,,[-0.0274 -0.2885 1.3039],1893,2025-02-28 10:43:06.832000,earthquake_local,HEL5.HE_20250228104306_HH_EV
HE,JOF,HH,62.9187,31.3092,,3131,manual,0.5,,5287,manual,0.5,20250103T114126Z_20250103T114226Z,,,,,,,,,,,explosion,,,,,,[2.1764 -7.7049 -5.3661],5999,2025-01-03 11:41:26.250000,earthquake_local,JOF.HE_20250103114126_HH_EV
HE,JOF,HH,62.9187,31.3092,,2846,manual,0.5,,5147,manual,0.5,20250103T123007Z_20250103T123107Z,,,,,,,,,,,explosion,,,,,,[-2.7364 -1.1573 -0.6416],5999,2025-01-03 12:30:07.670000,earthquake_local,JOF.HE_20250103123007_HH_EV
HE,JOF,HH,62.9187,31.3092,,1390,manual,0.5,,3829,manual,0.5,20250108T120202Z_20250108T120302Z,,,,,,,,,,,explosion,,,,,,[5.6571 7.8826 2.8503],5999,2025-01-08 12:02:02.730000,earthquake_local,JOF.HE_20250108120202_HH_EV
HE,JOF,HH,62.9187,31.3092,,951,manual,0.5,,2276,manual,0.5,20250109T103424Z_20250109T103524Z,,,,,,,,,,,explosion,,,,,,[-1.2247 0.3211 3.0703],4131,2025-01-09 10:34:24.970000,earthquake_local,JOF.HE_20250109103424_HH_EV
HE,JOF,HH,62.9187,31.3092,,1646,manual,0.5,,4090,manual,0.5,20250110T095551Z_20250110T095651Z,,,,,,,,,,,explosion,,,,,,[0.2980 4.0571 0.1087],5999,2025-01-10 09:55:51.620000,earthquake_local,JOF.HE_20250110095551_HH_EV
HE,JOF,HH,62.9187,31.3092,,2450,manual,0.5,,4634,manual,0.5,20250110T115142Z_20250110T115242Z,,,,,,,,,,,explosion,,,,,,[-3.7404 -3.0810 -4.6274],5999,2025-01-10 11:51:42.420000,earthquake_local,JOF.HE_20250110115142_HH_EV
HE,JOF,HH,62.9187,31.3092,,2260,manual,0.5,,4832,manual,0.5,20250110T132931Z_20250110T133031Z,,,,,,,,,,,explosion,,,,,,[-3.8753 5.9155 5.2029],5999,2025-01-10 13:29:31.480000,earthquake_local,JOF.HE_20250110132931_HH_EV
HE,JOF,HH,62.9187,31.3092,,1495,manual,0.5,,4113,manual,0.5,20250113T110113Z_20250113T110213Z,,,,,,,,,,,explosion,,,,,,[3.5355 2.2648 1.9624],5999,2025-01-13 11:01:13.630000,earthquake_local,JOF.HE_20250113110113_HH_EV
HE,JOF,HH,62.9187,31.3092,,2225,manual,0.5,,5277,manual,0.5,20250113T121158Z_20250113T121258Z,,,,,,,,,,,explosion,,,,,,[-0.6509 5.7668 5.6737],5999,2025-01-13 12:11:58.710000,earthquake_local,JOF.HE_20250113121158_HH_EV
HE,JOF,HH,62.9187,31.3092,,750,manual,0.5,,3596,manual,0.5,20250113T142430Z_20250113T142530Z,,,,,,,,,,,explosion,,,,,,[-0.5066 -1.2262 -4.2430],5999,2025-01-13 14:24:30.080000,earthquake_local,JOF.HE_20250113142430_HH_EV
HE,JOF,HH,62.9187,31.3092,,2552,manual,0.5,,5301,manual,0.5,20250114T101357Z_20250114T101457Z,,,,,,,,,,,explosion,,,,,,[9.1795 1.6511 3.9447],5999,2025-01-14 10:13:57.070000,earthquake_local,JOF.HE_20250114101357_HH_EV
HE,JOF,HH,62.9187,31.3092,,690,manual,0.5,,2874,manual,0.5,20250114T112612Z_20250114T112712Z,,,,,,,,,,,explosion,,,,,,[1.9427 1.6704 -2.2325],5932,2025-01-14 11:26:12.540000,earthquake_local,JOF.HE_20250114112612_HH_EV
HE,JOF,HH,62.9187,31.3092,,2399,manual,0.5,,5238,manual,0.5,20250114T113732Z_20250114T113832Z,,,,,,,,,,,explosion,,,,,,[2.1643 2.0559 1.0775],5999,2025-01-14 11:37:32.570000,earthquake_local,JOF.HE_20250114113732_HH_EV
HE,JOF,HH,62.9187,31.3092,,596,manual,0.5,,3036,manual,0.5,20250114T122544Z_20250114T122644Z,,,,,,,,,,,explosion,,,,,,[2.5091 -1.8134 2.0585],5999,2025-01-14 12:25:44.520000,earthquake_local,JOF.HE_20250114122544_HH_EV
HE,JOF,HH,62.9187,31.3092,,2326,manual,0.5,,4462,manual,0.5,20250115T130011Z_20250115T130111Z,,,,,,,,,,,explosion,,,,,,[5.1105 0.6678 7.3999],5999,2025-01-15 13:00:11.770000,earthquake_local,JOF.HE_20250115130011_HH_EV
HE,JOF,HH,62.9187,31.3092,,2288,manual,0.5,,4444,manual,0.5,20250116T114150Z_20250116T114250Z,,,,,,,,,,,explosion,,,,,,[-5.0106 -0.0498 -3.4053],5999,2025-01-16 11:41:50.440000,earthquake_local,JOF.HE_20250116114150_HH_EV
HE,JOF,HH,62.9187,31.3092,,2886,manual,0.5,,5478,manual,0.5,20250116T163444Z_20250116T163544Z,,,,,,,,,,,explosion,,,,,,[-5.5750 6.3579 2.4366],5999,2025-01-16 16:34:44.860000,earthquake_local,JOF.HE_20250116163444_HH_EV
HE,JOF,HH,62.9187,31.3092,,1647,manual,0.5,,4159,manual,0.5,20250117T094359Z_20250117T094459Z,,,,,,,,,,,explosion,,,,,,[-3.2364 -2.0845 -2.0413],5999,2025-01-17 09:43:59.210000,earthquake_local,JOF.HE_20250117094359_HH_EV
HE,JOF,HH,62.9187,31.3092,,565,manual,0.5,,2781,manual,0.5,20250120T113719Z_20250120T113819Z,,,,,,,,,,,explosion,,,,,,[0.4913 -0.6624 3.7069],5883,2025-01-20 11:37:19.830000,earthquake_local,JOF.HE_20250120113719_HH_EV
HE,JOF,HH,62.9187,31.3092,,2293,manual,0.5,,4807,manual,0.5,20250121T121852Z_20250121T121952Z,,,,,,,,,,,explosion,,,,,,[1.0682 -5.3351 -7.6280],5999,2025-01-21 12:18:52.050000,earthquake_local,JOF.HE_20250121121852_HH_EV
HE,JOF,HH,62.9187,31.3092,,1314,manual,0.5,,3890,manual,0.5,20250122T142447Z_20250122T142547Z,,,,,,,,,,,explosion,,,,,,[-2.4749 2.1744 -3.0666],5999,2025-01-22 14:24:47.180000,earthquake_local,JOF.HE_20250122142447_HH_EV
HE,JOF,HH,62.9187,31.3092,,728,manual,0.5,,3279,manual,0.5,20250123T110257Z_20250123T110357Z,,,,,,,,,,,explosion,,,,,,[-0.3301 -0.5580 -1.3868],5999,2025-01-23 11:02:57.800000,earthquake_local,JOF.HE_20250123110257_HH_EV
HE,JOF,HH,62.9187,31.3092,,997,manual,0.5,,3181,manual,0.5,20250123T113334Z_20250123T113434Z,,,,,,,,,,,explosion,,,,,,[-3.8650 1.0010 -1.2127],5999,2025-01-23 11:33:34.270000,earthquake_local,JOF.HE_20250123113334_HH_EV
HE,JOF,HH,62.9187,31.3092,,1872,manual,0.5,,4416,manual,0.5,20250124T092749Z_20250124T092849Z,,,,,,,,,,,explosion,,,,,,[2.4792 2.4937 -5.5116],5999,2025-01-24 09:27:49.480000,earthquake_local,JOF.HE_20250124092749_HH_EV
HE,JOF,HH,62.9187,31.3092,,2313,manual,0.5,,4413,manual,0.5,20250124T113824Z_20250124T113924Z,,,,,,,,,,,explosion,,,,,,[-0.4880 0.0948 -1.4956],5999,2025-01-24 11:38:24.190000,earthquake_local,JOF.HE_20250124113824_HH_EV
HE,JOF,HH,62.9187,31.3092,,3608,manual,0.5,,3706,manual,0.5,20250124T125825Z_20250124T125925Z,,,,,,,,,,,explosion,,,,,,[22.9650 22.1912 20.4223],3843,2025-01-24 12:58:25.720000,earthquake_local,JOF.HE_20250124125825_HH_EV
HE,JOF,HH,62.9187,31.3092,,2503,manual,0.5,,4479,manual,0.5,20250124T140848Z_20250124T140948Z,,,,,,,,,,,explosion,,,,,,[2.3915 -0.9493 -4.7264],5999,2025-01-24 14:08:48.650000,earthquake_local,JOF.HE_20250124140848_HH_EV
HE,JOF,HH,62.9187,31.3092,,1027,manual,0.5,,2343,manual,0.5,20250126T084931Z_20250126T085031Z,,,,,,,,,,,explosion,,,,,,[-4.4199 0.0137 -4.3124],4185,2025-01-26 08:49:31.620000,earthquake_local,JOF.HE_20250126084931_HH_EV
HE,JOF,HH,62.9187,31.3092,,1932,manual,0.5,,4181,manual,0.5,20250128T102511Z_20250128T102611Z,,,,,,,,,,,explosion,,,,,,[1.1224 1.5442 3.1410],5999,2025-01-28 10:25:11.740000,earthquake_local,JOF.HE_20250128102511_HH_EV
HE,JOF,HH,62.9187,31.3092,,2750,manual,0.5,,5207,manual,0.5,20250129T101638Z_20250129T101738Z,,,,,,,,,,,explosion,,,,,,[-1.1003 -2.1274 0.3905],5999,2025-01-29 10:16:38.430000,earthquake_local,JOF.HE_20250129101638_HH_EV
HE,JOF,HH,62.9187,31.3092,,523,manual,0.5,,1503,manual,0.5,20250130T095621Z_20250130T095721Z,,,,,,,,,,,explosion,,,,,,[1.0480 1.7238 0.9677],2875,2025-01-30 09:56:21.810000,earthquake_local,JOF.HE_20250130095621_HH_EV
HE,JOF,HH,62.9187,31.3092,,1941,manual,0.5,,4080,manual,0.5,20250204T125940Z_20250204T130040Z,,,,,,,,,,,explosion,,,,,,[0.2163 -1.0357 -3.2624],5999,2025-02-04 12:59:40.760000,earthquake_local,JOF.HE_20250204125940_HH_EV
HE,JOF,HH,62.9187,31.3092,,3337,manual,0.5,,4960,manual,0.5,20250205T131320Z_20250205T131420Z,,,,,,,,,,,explosion,,,,,,[-1.9160 3.0246 3.9275],5999,2025-02-05 13:13:20.660000,earthquake_local,JOF.HE_20250205131320_HH_EV
HE,JOF,HH,62.9187,31.3092,,2928,manual,0.5,,5076,manual,0.5,20250206T114114Z_20250206T114214Z,,,,,,,,,,,explosion,,,,,,[0.7773 0.7283 -4.5461],5999,2025-02-06 11:41:14.760000,earthquake_local,JOF.HE_20250206114114_HH_EV
HE,JOF,HH,62.9187,31.3092,,2288,manual,0.5,,5462,manual,0.5,20250207T082026Z_20250207T082126Z,,,,,,,,,,,explosion,,,,,,[-2.1335 -0.5840 5.7619],5999,2025-02-07 08:20:26.500000,earthquake_local,JOF.HE_20250207082026_HH_EV
HE,JOF,HH,62.9187,31.3092,,1357,manual,0.5,,3630,manual,0.5,20250207T114022Z_20250207T114122Z,,,,,,,,,,,explosion,,,,,,[-7.6499 -1.5729 -3.1115],5999,2025-02-07 11:40:22.860000,earthquake_local,JOF.HE_20250207114022_HH_EV
HE,JOF,HH,62.9187,31.3092,,1292,manual,0.5,,2706,manual,0.5,20250208T091838Z_20250208T091938Z,,,,,,,,,,,explosion,,,,,,[1.9947 0.6240 5.0620],4686,2025-02-08 09:18:38.180000,earthquake_local,JOF.HE_20250208091838_HH_EV
HE,JOF,HH,62.9187,31.3092,,2011,manual,0.5,,2132,manual,0.5,20250208T095824Z_20250208T095924Z,,,,,,,,,,,explosion,,,,,,[11.1446 10.4657 16.1545],2301,2025-02-08 09:58:24.480000,earthquake_local,JOF.HE_20250208095824_HH_EV
HE,JOF,HH,62.9187,31.3092,,1656,manual,0.5,,3703,manual,0.5,20250209T024103Z_20250209T024203Z,,,,,,,,,,,explosion,,,,,,[4.7123 -1.5522 1.3814],5999,2025-02-09 02:41:03.770000,earthquake_local,JOF.HE_20250209024103_HH_EV
HE,JOF,HH,62.9187,31.3092,,1792,manual,0.5,,3895,manual,0.5,20250211T121514Z_20250211T121614Z,,,,,,,,,,,explosion,,,,,,[2.1324 4.6083 5.8082],5999,2025-02-11 12:15:14.810000,earthquake_local,JOF.HE_20250211121514_HH_EV
HE,JOF,HH,62.9187,31.3092,,2199,manual,0.5,,4172,manual,0.5,20250212T115923Z_20250212T120023Z,,,,,,,,,,,explosion,,,,,,[-1.4071 4.1270 3.7380],5999,2025-02-12 11:59:23.250000,earthquake_local,JOF.HE_20250212115923_HH_EV
HE,JOF,HH,62.9187,31.3092,,1999,manual,0.5,,4183,manual,0.5,20250213T114232Z_20250213T114332Z,,,,,,,,,,,explosion,,,,,,[0.4668 0.8950 0.9674],5999,2025-02-13 11:42:32.650000,earthquake_local,JOF.HE_20250213114232_HH_EV
HE,JOF,HH,62.9187,31.3092,,1275,manual,0.5,,3469,manual,0.5,20250213T120417Z_20250213T120517Z,,,,,,,,,,,explosion,,,,,,[1.8887 8.4655 2.1060],5999,2025-02-13 12:04:17.460000,earthquake_local,JOF.HE_20250213120417_HH_EV
HE,JOF,HH,62.9187,31.3092,,1840,manual,0.5,,4118,manual,0.5,20250214T094712Z_20250214T094812Z,,,,,,,,,,,explosion,,,,,,[-6.1516 -0.6836 2.2609],5999,2025-02-14 09:47:12.300000,earthquake_local,JOF.HE_20250214094712_HH_EV
HE,JOF,HH,62.9187,31.3092,,734,manual,0.5,,3170,manual,0.5,20250216T194923Z_20250216T195023Z,,,,,,,,,,,explosion,,,,,,[-1.0909 -0.9732 2.5221],5999,2025-02-16 19:49:23.020000,earthquake_local,JOF.HE_20250216194923_HH_EV
HE,JOF,HH,62.9187,31.3092,,1582,manual,0.5,,4796,manual,0.5,20250219T110248Z_20250219T110348Z,,,,,,,,,,,explosion,,,,,,[0.6532 0.8127 1.4807],5999,2025-02-19 11:02:48.360000,earthquake_local,JOF.HE_20250219110248_HH_EV
HE,JOF,HH,62.9187,31.3092,,2005,manual,0.5,,4440,manual,0.5,20250221T113619Z_20250221T113719Z,,,,,,,,,,,explosion,,,,,,[-0.6230 1.6663 -3.4955],5999,2025-02-21 11:36:19.880000,earthquake_local,JOF.HE_20250221113619_HH_EV
HE,JOF,HH,62.9187,31.3092,,760,manual,0.5,,3868,manual,0.5,20250221T115436Z_20250221T115536Z,,,,,,,,,,,explosion,,,,,,[-1.6192 1.5508 -1.3635],5999,2025-02-21 11:54:36.280000,earthquake_local,JOF.HE_20250221115436_HH_EV
HE,JOF,HH,62.9187,31.3092,,1492,manual,0.5,,3493,manual,0.5,20250221T150453Z_20250221T150553Z,,,,,,,,,,,explosion,,,,,,[0.7898 1.2371 2.8410],5999,2025-02-21 15:04:53.430000,earthquake_local,JOF.HE_20250221150453_HH_EV
HE,JOF,HH,62.9187,31.3092,,1329,manual,0.5,,2881,manual,0.5,20250223T072019Z_20250223T072119Z,,,,,,,,,,,explosion,,,,,,[2.5653 2.3667 0.0270],5054,2025-02-23 07:20:19.190000,earthquake_local,JOF.HE_20250223072019_HH_EV
HE,JOF,HH,62.9187,31.3092,,2039,manual,0.5,,4173,manual,0.5,20250224T114557Z_20250224T114657Z,,,,,,,,,,,explosion,,,,,,[-6.9419 3.1771 -1.5306],5999,2025-02-24 11:45:57.390000,earthquake_local,JOF.HE_20250224114557_HH_EV
HE,JOF,HH,62.9187,31.3092,,2787,manual,0.5,,4805,manual,0.5,20250225T103315Z_20250225T103415Z,,,,,,,,,,,explosion,,,,,,[5.9600 -5.1903 0.4001],5999,2025-02-25 10:33:15.480000,earthquake_local,JOF.HE_20250225103315_HH_EV
HE,JOF,HH,62.9187,31.3092,,2115,manual,0.5,,3351,manual,0.5,20250225T120151Z_20250225T120251Z,,,,,,,,,,,explosion,,,,,,[-0.2659 1.3398 1.4401],5081,2025-02-25 12:01:51.260000,earthquake_local,JOF.HE_20250225120151_HH_EV
HE,JOF,HH,62.9187,31.3092,,1141,manual,0.5,,3269,manual,0.5,20250226T105634Z_20250226T105734Z,,,,,,,,,,,explosion,,,,,,[1.1175 1.3640 1.0755],5999,2025-02-26 10:56:34.990000,earthquake_local,JOF.HE_20250226105634_HH_EV
HE,JOF,HH,62.9187,31.3092,,1119,manual,0.5,,3303,manual,0.5,20250226T113822Z_20250226T113922Z,,,,,,,,,,,explosion,,,,,,[0.8513 -0.8166 -1.3942],5999,2025-02-26 11:38:22.090000,earthquake_local,JOF.HE_20250226113822_HH_EV
HE,JOF,HH,62.9187,31.3092,,1898,manual,0.5,,5160,manual,0.5,20250227T091423Z_20250227T091523Z,,,,,,,,,,,explosion,,,,,,[1.4750 7.3327 10.1708],5999,2025-02-27 09:14:23.400000,earthquake_local,JOF.HE_20250227091423_HH_EV
HE,JOF,HH,62.9187,31.3092,,3797,manual,0.5,,5328,manual,0.5,20250227T100505Z_20250227T100605Z,,,,,,,,,,,explosion,,,,,,[-1.9370 -0.0432 4.3459],5999,2025-02-27 10:05:05.030000,earthquake_local,JOF.HE_20250227100505_HH_EV
HE,JOF,HH,62.9187,31.3092,,2308,manual,0.5,,5114,manual,0.5,20250227T101936Z_20250227T102036Z,,,,,,,,,,,explosion,,,,,,[2.2055 6.2884 7.6382],5999,2025-02-27 10:19:36.240000,earthquake_local,JOF.HE_20250227101936_HH_EV
HE,JOF,HH,62.9187,31.3092,,1966,manual,0.5,,4738,manual,0.5,20250227T121119Z_20250227T121219Z,,,,,,,,,,,explosion,,,,,,[1.3337 0.7948 3.9225],5999,2025-02-27 12:11:19.540000,earthquake_local,JOF.HE_20250227121119_HH_EV
HE,JOF,HH,62.9187,31.3092,,1554,manual,0.5,,4498,manual,0.5,20250228T075814Z_20250228T075914Z,,,,,,,,,,,explosion,,,,,,[0.1818 -4.0324 -4.9169],5999,2025-02-28 07:58:14.540000,earthquake_local,JOF.HE_20250228075814_HH_EV
HE,JOF,HH,62.9187,31.3092,,2328,manual,0.5,,2440,manual,0.5,20250228T103817Z_20250228T103917Z,,,,,,,,,,,explosion,,,,,,[10.5733 11.3071 8.6094],2597,2025-02-28 10:38:17.650000,earthquake_local,JOF.HE_20250228103817_HH_EV
HE,JOF,HH,62.9187,31.3092,,1882,manual,0.5,,4010,manual,0.5,20250228T113639Z_20250228T113739Z,,,,,,,,,,,explosion,,,,,,[-4.9288 -2.7555 -5.8601],5999,2025-02-28 11:36:39.500000,earthquake_local,JOF.HE_20250228113639_HH_EV
HE,JOF,HH,62.9187,31.3092,,2631,manual,0.5,,5101,manual,0.5,20250228T124249Z_20250228T124349Z,,,,,,,,,,,explosion,,,,,,[-1.4878 3.1796 -0.1932],5999,2025-02-28 12:42:49.670000,earthquake_local,JOF.HE_20250228124249_HH_EV
HE,KAF,HH,62.1115,26.3061,,2663,manual,0.5,,4751,manual,0.5,20250102T091713Z_20250102T091813Z,,,,,,,,,,,explosion,,,,,,[-0.1934 0.5164 -3.6780],5999,2025-01-02 09:17:13.460000,earthquake_local,KAF.HE_20250102091713_HH_EV
HE,KAF,HH,62.1115,26.3061,,534,manual,0.5,,4062,manual,0.5,20250102T115214Z_20250102T115314Z,,,,,,,,,,,explosion,,,,,,[-0.5344 1.9781 -2.7504],5999,2025-01-02 11:52:14.140000,earthquake_local,KAF.HE_20250102115214_HH_EV
HE,KAF,HH,62.1115,26.3061,,1745,manual,0.5,,3487,manual,0.5,20250103T114132Z_20250103T114232Z,,,,,,,,,,,explosion,,,,,,[-1.1052 -1.9315 -3.6487],5926,2025-01-03 11:41:32.730000,earthquake_local,KAF.HE_20250103114132_HH_EV
HE,KAF,HH,62.1115,26.3061,,862,manual,0.5,,2740,manual,0.5,20250103T115420Z_20250103T115520Z,,,,,,,,,,,explosion,,,,,,[7.4693 2.5986 6.9335],5369,2025-01-03 11:54:20.360000,earthquake_local,KAF.HE_20250103115420_HH_EV
HE,KAF,HH,62.1115,26.3061,,1994,manual,0.5,,4671,manual,0.5,20250103T123020Z_20250103T123120Z,,,,,,,,,,,explosion,,,,,,[3.2111 -0.4241 5.5478],5999,2025-01-03 12:30:20.440000,earthquake_local,KAF.HE_20250103123020_HH_EV
HE,KAF,HH,62.1115,26.3061,,565,manual,0.5,,2277,manual,0.5,20250107T113236Z_20250107T113336Z,,,,,,,,,,,explosion,,,,,,[-5.7608 0.7029 -5.6164],4674,2025-01-07 11:32:36.570000,earthquake_local,KAF.HE_20250107113236_HH_EV
HE,KAF,HH,62.1115,26.3061,,1736,manual,0.5,,4562,manual,0.5,20250107T124328Z_20250107T124428Z,,,,,,,,,,,explosion,,,,,,[-1.4933 0.5305 -0.9331],5999,2025-01-07 12:43:28.920000,earthquake_local,KAF.HE_20250107124328_HH_EV
HE,KAF,HH,62.1115,26.3061,,2157,manual,0.5,,4821,manual,0.5,20250107T142639Z_20250107T142739Z,,,,,,,,,,,explosion,,,,,,[-0.0792 -1.1885 -1.6500],5999,2025-01-07 14:26:39.120000,earthquake_local,KAF.HE_20250107142639_HH_EV
HE,KAF,HH,62.1115,26.3061,,2841,manual,0.5,,4655,manual,0.5,20250108T094936Z_20250108T095036Z,,,,,,,,,,,explosion,,,,,,[-2.1887 -0.2010 -1.3565],5999,2025-01-08 09:49:36.280000,earthquake_local,KAF.HE_20250108094936_HH_EV
HE,KAF,HH,62.1115,26.3061,,1660,manual,0.5,,3816,manual,0.5,20250108T104244Z_20250108T104344Z,,,,,,,,,,,explosion,,,,,,[-2.1607 -0.9233 -6.5170],5999,2025-01-08 10:42:44.680000,earthquake_local,KAF.HE_20250108104244_HH_EV
HE,KAF,HH,62.1115,26.3061,,2582,manual,0.5,,5464,manual,0.5,20250108T120155Z_20250108T120255Z,,,,,,,,,,,explosion,,,,,,[2.5779 0.1656 -3.2634],5999,2025-01-08 12:01:55.760000,earthquake_local,KAF.HE_20250108120155_HH_EV
HE,KAF,HH,62.1115,26.3061,,3123,manual,0.5,,4668,manual,0.5,20250108T124714Z_20250108T124814Z,,,,,,,,,,,explosion,,,,,,[-0.0624 -0.1303 2.8228],5999,2025-01-08 12:47:14.350000,earthquake_local,KAF.HE_20250108124714_HH_EV
HE,KAF,HH,62.1115,26.3061,,1812,manual,0.5,,4375,manual,0.5,20250109T103432Z_20250109T103532Z,,,,,,,,,,,explosion,,,,,,[-0.8003 -0.2587 1.6891],5999,2025-01-09 10:34:32.360000,earthquake_local,KAF.HE_20250109103432_HH_EV
HE,KAF,HH,62.1115,26.3061,,608,manual,0.5,,3025,manual,0.5,20250109T124830Z_20250109T124930Z,,,,,,,,,,,explosion,,,,,,[0.0232 -0.4340 -4.0096],5999,2025-01-09 12:48:30.750000,earthquake_local,KAF.HE_20250109124830_HH_EV
HE,KAF,HH,62.1115,26.3061,,1185,manual,0.5,,2833,manual,0.5,20250110T095541Z_20250110T095641Z,,,,,,,,,,,explosion,,,,,,[-0.8884 -0.4643 -2.5140],5140,2025-01-10 09:55:41.630000,earthquake_local,KAF.HE_20250110095541_HH_EV
HE,KAF,HH,62.1115,26.3061,,2808,manual,0.5,,5489,manual,0.5,20250110T100529Z_20250110T100629Z,,,,,,,,,,,explosion,,,,,,[2.2808 0.4148 -1.3047],5999,2025-01-10 10:05:29.680000,earthquake_local,KAF.HE_20250110100529_HH_EV
HE,KAF,HH,62.1115,26.3061,,2334,manual,0.5,,4432,manual,0.5,20250110T102452Z_20250110T102552Z,,,,,,,,,,,explosion,,,,,,[3.9531 0.6219 3.5827],5999,2025-01-10 10:24:52.440000,earthquake_local,KAF.HE_20250110102452_HH_EV
HE,KAF,HH,62.1115,26.3061,,2711,manual,0.5,,4519,manual,0.5,20250110T115132Z_20250110T115232Z,,,,,,,,,,,explosion,,,,,,[1.5047 0.9114 1.9413],5999,2025-01-10 11:51:32.470000,earthquake_local,KAF.HE_20250110115132_HH_EV
HE,KAF,HH,62.1115,26.3061,,1811,manual,0.5,,4505,manual,0.5,20250110T132937Z_20250110T133037Z,,,,,,,,,,,explosion,,,,,,[1.2119 -0.4955 -1.2134],5999,2025-01-10 13:29:37.370000,earthquake_local,KAF.HE_20250110132937_HH_EV
HE,KAF,HH,62.1115,26.3061,,699,manual,0.5,,3275,manual,0.5,20250113T080237Z_20250113T080337Z,,,,,,,,,,,explosion,,,,,,[3.1765 -1.1587 -0.0344],5999,2025-01-13 08:02:37.610000,earthquake_local,KAF.HE_20250113080237_HH_EV
HE,KAF,HH,62.1115,26.3061,,1754,manual,0.5,,4734,manual,0.5,20250113T110116Z_20250113T110216Z,,,,,,,,,,,explosion,,,,,,[-8.0521 0.5579 -5.3246],5999,2025-01-13 11:01:16.340000,earthquake_local,KAF.HE_20250113110116_HH_EV
HE,KAF,HH,62.1115,26.3061,,4484,manual,0.5,,5268,manual,0.5,20250113T121104Z_20250113T121204Z,,,,,,,,,,,explosion,,,,,,[3.3668 2.0948 -1.5069],5999,2025-01-13 12:11:04.160000,earthquake_local,KAF.HE_20250113121104_HH_EV
HE,KAF,HH,62.1115,26.3061,,1177,manual,0.5,,3257,manual,0.5,20250113T125853Z_20250113T125953Z,,,,,,,,,,,explosion,,,,,,[-0.4579 4.1354 -0.8559],5999,2025-01-13 12:58:53.710000,earthquake_local,KAF.HE_20250113125853_HH_EV
HE,KAF,HH,62.1115,26.3061,,935,manual,0.5,,1670,manual,0.5,20250113T142358Z_20250113T142458Z,,,,,,,,,,,explosion,,,,,,[-2.1814 -2.6009 -2.8384],2699,2025-01-13 14:23:58.780000,earthquake_local,KAF.HE_20250113142358_HH_EV
HE,KAF,HH,62.1115,26.3061,,2293,manual,0.5,,5048,manual,0.5,20250114T073124Z_20250114T073224Z,,,,,,,,,,,explosion,,,,,,[3.7377 -4.1304 -3.6906],5999,2025-01-14 07:31:24.380000,earthquake_local,KAF.HE_20250114073124_HH_EV
HE,KAF,HH,62.1115,26.3061,,504,manual,0.5,,2944,manual,0.5,20250114T101412Z_20250114T101512Z,,,,,,,,,,,explosion,,,,,,[8.8225 -2.5328 5.7555],5999,2025-01-14 10:14:12.990000,earthquake_local,KAF.HE_20250114101412_HH_EV
HE,KAF,HH,62.1115,26.3061,,2272,manual,0.5,,4756,manual,0.5,20250114T105249Z_20250114T105349Z,,,,,,,,,,,explosion,,,,,,[-1.0622 0.9454 3.3786],5999,2025-01-14 10:52:49.920000,earthquake_local,KAF.HE_20250114105249_HH_EV
HE,KAF,HH,62.1115,26.3061,,1726,manual,0.5,,3751,manual,0.5,20250114T112555Z_20250114T112655Z,,,,,,,,,,,explosion,,,,,,[-1.0888 -3.7530 -1.4614],5999,2025-01-14 11:25:55.070000,earthquake_local,KAF.HE_20250114112555_HH_EV
HE,KAF,HH,62.1115,26.3061,,2524,manual,0.5,,4406,manual,0.5,20250114T113718Z_20250114T113818Z,,,,,,,,,,,explosion,,,,,,[-5.3706 -2.4804 -8.6322],5999,2025-01-14 11:37:18.790000,earthquake_local,KAF.HE_20250114113718_HH_EV
HE,KAF,HH,62.1115,26.3061,,2767,manual,0.5,,4657,manual,0.5,20250114T122512Z_20250114T122612Z,,,,,,,,,,,explosion,,,,,,[5.5126 4.7250 3.1660],5999,2025-01-14 12:25:12.910000,earthquake_local,KAF.HE_20250114122512_HH_EV
HE,KAF,HH,62.1115,26.3061,,2082,manual,0.5,,4845,manual,0.5,20250115T111009Z_20250115T111109Z,,,,,,,,,,,explosion,,,,,,[7.4394 0.3315 7.9712],5999,2025-01-15 11:10:09.960000,earthquake_local,KAF.HE_20250115111009_HH_EV
HE,KAF,HH,62.1115,26.3061,,546,manual,0.5,,2800,manual,0.5,20250115T115421Z_20250115T115521Z,,,,,,,,,,,explosion,,,,,,[-0.2041 -0.3297 -1.8599],5956,2025-01-15 11:54:21.520000,earthquake_local,KAF.HE_20250115115421_HH_EV
HE,KAF,HH,62.1115,26.3061,,3328,manual,0.5,,4841,manual,0.5,20250115T121516Z_20250115T121616Z,,,,,,,,,,,explosion,,,,,,[-1.7087 2.5988 2.8274],5999,2025-01-15 12:15:16.450000,earthquake_local,KAF.HE_20250115121516_HH_EV
HE,KAF,HH,62.1115,26.3061,,2475,manual,0.5,,3828,manual,0.5,20250115T130000Z_20250115T130100Z,,,,,,,,,,,explosion,,,,,,[1.8726 -1.3217 -4.8893],5722,2025-01-15 13:00:00.330000,earthquake_local,KAF.HE_20250115130000_HH_EV
HE,KAF,HH,62.1115,26.3061,,2262,manual,0.5,,5062,manual,0.5,20250115T152131Z_20250115T152231Z,,,,,,,,,,,explosion,,,,,,[-0.0321 1.1007 2.8387],5999,2025-01-15 15:21:31.360000,earthquake_local,KAF.HE_20250115152131_HH_EV
HE,KAF,HH,62.1115,26.3061,,741,manual,0.5,,3567,manual,0.5,20250116T091932Z_20250116T092032Z,,,,,,,,,,,explosion,,,,,,[-3.7085 2.2829 1.5427],5999,2025-01-16 09:19:32.900000,earthquake_local,KAF.HE_20250116091932_HH_EV
HE,KAF,HH,62.1115,26.3061,,2465,manual,0.5,,4449,manual,0.5,20250116T095249Z_20250116T095349Z,,,,,,,,,,,explosion,,,,,,[-1.7186 -2.1584 -0.9588],5999,2025-01-16 09:52:49.550000,earthquake_local,KAF.HE_20250116095249_HH_EV
HE,KAF,HH,62.1115,26.3061,,875,manual,0.5,,3559,manual,0.5,20250116T100351Z_20250116T100451Z,,,,,,,,,,,explosion,,,,,,[-3.2552 -0.8952 -7.4433],5999,2025-01-16 10:03:51.150000,earthquake_local,KAF.HE_20250116100351_HH_EV
HE,KAF,HH,62.1115,26.3061,,608,manual,0.5,,3072,manual,0.5,20250116T113746Z_20250116T113846Z,,,,,,,,,,,explosion,,,,,,[-0.6881 1.2312 -3.5960],5999,2025-01-16 11:37:46.000000,earthquake_local,KAF.HE_20250116113746_HH_EV
HE,KAF,HH,62.1115,26.3061,,782,manual,0.5,,2810,manual,0.5,20250116T114158Z_20250116T114258Z,,,,,,,,,,,explosion,,,,,,[1.5110 -0.4047 3.5551],5649,2025-01-16 11:41:58.360000,earthquake_local,KAF.HE_20250116114158_HH_EV
HE,KAF,HH,62.1115,26.3061,,3247,manual,0.5,,5017,manual,0.5,20250116T115001Z_20250116T115101Z,,,,,,,,,,,explosion,,,,,,[7.3304 0.4052 -4.2269],5999,2025-01-16 11:50:01.310000,earthquake_local,KAF.HE_20250116115001_HH_EV
HE,KAF,HH,62.1115,26.3061,,570,manual,0.5,,3040,manual,0.5,20250116T163509Z_20250116T163609Z,,,,,,,,,,,explosion,,,,,,[1.2986 -0.4285 -0.2299],5999,2025-01-16 16:35:09.400000,earthquake_local,KAF.HE_20250116163509_HH_EV
HE,KAF,HH,62.1115,26.3061,,2302,manual,0.5,,4766,manual,0.5,20250117T094354Z_20250117T094454Z,,,,,,,,,,,explosion,,,,,,[0.2601 -1.0365 2.1239],5999,2025-01-17 09:43:54.130000,earthquake_local,KAF.HE_20250117094354_HH_EV
HE,KAF,HH,62.1115,26.3061,,2968,manual,0.5,,5181,manual,0.5,20250120T103212Z_20250120T103312Z,,,,,,,,,,,explosion,,,,,,[3.2345 -5.0449 -4.7897],5999,2025-01-20 10:32:12.460000,earthquake_local,KAF.HE_20250120103212_HH_EV
HE,KAF,HH,62.1115,26.3061,,729,manual,0.5,,2527,manual,0.5,20250120T113710Z_20250120T113810Z,,,,,,,,,,,explosion,,,,,,[-0.1714 -2.3419 -3.8577],5044,2025-01-20 11:37:10.990000,earthquake_local,KAF.HE_20250120113710_HH_EV
HE,KAF,HH,62.1115,26.3061,,1865,manual,0.5,,2580,manual,0.5,20250121T112033Z_20250121T112133Z,,,,,,,,,,,explosion,,,,,,[5.8679 -0.9086 1.1405],3581,2025-01-21 11:20:33.160000,earthquake_local,KAF.HE_20250121112033_HH_EV
HE,KAF,HH,62.1115,26.3061,,2586,manual,0.5,,4844,manual,0.5,20250122T083133Z_20250122T083233Z,,,,,,,,,,,explosion,,,,,,[-2.8511 0.2886 -0.4637],5999,2025-01-22 08:31:33.920000,earthquake_local,KAF.HE_20250122083133_HH_EV
HE,KAF,HH,62.1115,26.3061,,1986,manual,0.5,,4091,manual,0.5,20250122T090247Z_20250122T090347Z,,,,,,,,,,,explosion,,,,,,[0.2862 -0.2168 2.4849],5999,2025-01-22 09:02:47.230000,earthquake_local,KAF.HE_20250122090247_HH_EV
HE,KAF,HH,62.1115,26.3061,,2574,manual,0.5,,5494,manual,0.5,20250122T111147Z_20250122T111247Z,,,,,,,,,,,explosion,,,,,,[-0.5693 -0.3869 1.5300],5999,2025-01-22 11:11:47.940000,earthquake_local,KAF.HE_20250122111147_HH_EV
HE,KAF,HH,62.1115,26.3061,,2534,manual,0.5,,4345,manual,0.5,20250122T115403Z_20250122T115503Z,,,,,,,,,,,explosion,,,,,,[1.2683 0.3744 8.3010],5999,2025-01-22 11:54:03.830000,earthquake_local,KAF.HE_20250122115403_HH_EV
HE,KAF,HH,62.1115,26.3061,,2960,manual,0.5,,4991,manual,0.5,20250122T142813Z_20250122T142913Z,,,,,,,,,,,explosion,,,,,,[0.5462 0.2421 5.0085],5999,2025-01-22 14:28:13.690000,earthquake_local,KAF.HE_20250122142813_HH_EV
HE,KAF,HH,62.1115,26.3061,,1678,manual,0.5,,4369,manual,0.5,20250123T074924Z_20250123T075024Z,,,,,,,,,,,explosion,,,,,,[0.2092 0.4493 -4.1597],5999,2025-01-23 07:49:24.950000,earthquake_local,KAF.HE_20250123074924_HH_EV
HE,KAF,HH,62.1115,26.3061,,1308,manual,0.5,,3279,manual,0.5,20250123T110244Z_20250123T110344Z,,,,,,,,,,,explosion,,,,,,[-1.9912 0.2226 -8.1576],5999,2025-01-23 11:02:44.350000,earthquake_local,KAF.HE_20250123110244_HH_EV
HE,KAF,HH,62.1115,26.3061,,2184,manual,0.5,,4004,manual,0.5,20250123T113314Z_20250123T113414Z,,,,,,,,,,,explosion,,,,,,[-0.3193 -0.1166 -2.3170],5999,2025-01-23 11:33:14.940000,earthquake_local,KAF.HE_20250123113314_HH_EV
HE,KAF,HH,62.1115,26.3061,,2146,manual,0.5,,4216,manual,0.5,20250123T115202Z_20250123T115302Z,,,,,,,,,,,explosion,,,,,,[-0.3860 -0.5025 -0.0086],5999,2025-01-23 11:52:02.220000,earthquake_local,KAF.HE_20250123115202_HH_EV
HE,KAF,HH,62.1115,26.3061,,1719,manual,0.5,,4620,manual,0.5,20250123T115833Z_20250123T115933Z,,,,,,,,,,,explosion,,,,,,[-1.3816 -0.6096 1.6095],5999,2025-01-23 11:58:33.640000,earthquake_local,KAF.HE_20250123115833_HH_EV
HE,KAF,HH,62.1115,26.3061,,1595,manual,0.5,,4414,manual,0.5,20250123T132049Z_20250123T132149Z,,,,,,,,,,,explosion,,,,,,[2.3314 -0.0093 5.8361],5999,2025-01-23 13:20:49.380000,earthquake_local,KAF.HE_20250123132049_HH_EV
HE,KAF,HH,62.1115,26.3061,,1648,manual,0.5,,3958,manual,0.5,20250124T092751Z_20250124T092851Z,,,,,,,,,,,explosion,,,,,,[-2.5522 0.8659 5.4243],5999,2025-01-24 09:27:51.960000,earthquake_local,KAF.HE_20250124092751_HH_EV
HE,KAF,HH,62.1115,26.3061,,1080,manual,0.5,,2417,manual,0.5,20250124T094813Z_20250124T094913Z,,,,,,,,,,,explosion,,,,,,[1.0271 -1.2527 -1.8907],4289,2025-01-24 09:48:13.330000,earthquake_local,KAF.HE_20250124094813_HH_EV
HE,KAF,HH,62.1115,26.3061,,1361,manual,0.5,,3097,manual,0.5,20250124T113826Z_20250124T113926Z,,,,,,,,,,,explosion,,,,,,[1.3118 -2.0513 0.2022],5527,2025-01-24 11:38:26.270000,earthquake_local,KAF.HE_20250124113826_HH_EV
HE,KAF,HH,62.1115,26.3061,,2648,manual,0.5,,5140,manual,0.5,20250124T114122Z_20250124T114222Z,,,,,,,,,,,explosion,,,,,,[-0.4945 0.1145 -3.1968],5999,2025-01-24 11:41:22.200000,earthquake_local,KAF.HE_20250124114122_HH_EV
HE,KAF,HH,62.1115,26.3061,,2613,manual,0.5,,4893,manual,0.5,20250124T115403Z_20250124T115503Z,,,,,,,,,,,explosion,,,,,,[1.2816 -0.3967 0.2153],5999,2025-01-24 11:54:03.350000,earthquake_local,KAF.HE_20250124115403_HH_EV
HE,KAF,HH,62.1115,26.3061,,2449,manual,0.5,,4947,manual,0.5,20250124T140856Z_20250124T140956Z,,,,,,,,,,,explosion,,,,,,[6.0749 -0.4146 -2.7884],5999,2025-01-24 14:08:56.390000,earthquake_local,KAF.HE_20250124140856_HH_EV
HE,KAF,HH,62.1115,26.3061,,592,manual,0.5,,3669,manual,0.5,20250126T084959Z_20250126T085059Z,,,,,,,,,,,explosion,,,,,,[-1.5926 2.9746 6.0069],5999,2025-01-26 08:49:59.520000,earthquake_local,KAF.HE_20250126084959_HH_EV
HE,KAF,HH,62.1115,26.3061,,3485,manual,0.5,,5132,manual,0.5,20250127T105758Z_20250127T105858Z,,,,,,,,,,,explosion,,,,,,[6.2491 1.8530 8.3922],5999,2025-01-27 10:57:58.000000,earthquake_local,KAF.HE_20250127105758_HH_EV
HE,KAF,HH,62.1115,26.3061,,3362,manual,0.5,,5482,manual,0.5,20250127T135230Z_20250127T135330Z,,,,,,,,,,,explosion,,,,,,[0.1093 -2.4877 -1.7961],5999,2025-01-27 13:52:30.130000,earthquake_local,KAF.HE_20250127135230_HH_EV
HE,KAF,HH,62.1115,26.3061,,2117,manual,0.5,,3707,manual,0.5,20250128T102500Z_20250128T102600Z,,,,,,,,,,,explosion,,,,,,[6.3344 0.9457 2.3682],5933,2025-01-28 10:25:00.500000,earthquake_local,KAF.HE_20250128102500_HH_EV
HE,KAF,HH,62.1115,26.3061,,3138,manual,0.5,,4079,manual,0.5,20250128T105252Z_20250128T105352Z,,,,,,,,,,,explosion,,,,,,[-1.4897 0.8930 -0.6621],5396,2025-01-28 10:52:52.060000,earthquake_local,KAF.HE_20250128105252_HH_EV
HE,KAF,HH,62.1115,26.3061,,841,manual,0.5,,2965,manual,0.5,20250128T123401Z_20250128T123501Z,,,,,,,,,,,explosion,,,,,,[0.1103 2.0964 9.3007],5939,2025-01-28 12:34:01.880000,earthquake_local,KAF.HE_20250128123401_HH_EV
HE,KAF,HH,62.1115,26.3061,,2899,manual,0.5,,3950,manual,0.5,20250129T102620Z_20250129T102720Z,,,,,,,,,,,explosion,,,,,,[-0.7299 0.9132 -3.4014],5421,2025-01-29 10:26:20.960000,earthquake_local,KAF.HE_20250129102620_HH_EV
HE,KAF,HH,62.1115,26.3061,,2503,manual,0.5,,4928,manual,0.5,20250129T115656Z_20250129T115756Z,,,,,,,,,,,explosion,,,,,,[5.9224 -0.3139 -7.5028],5999,2025-01-29 11:56:56.800000,earthquake_local,KAF.HE_20250129115656_HH_EV
HE,KAF,HH,62.1115,26.3061,,3637,manual,0.5,,4980,manual,0.5,20250129T125454Z_20250129T125554Z,,,,,,,,,,,explosion,,,,,,[-2.5995 0.8140 -5.3955],5999,2025-01-29 12:54:54.410000,earthquake_local,KAF.HE_20250129125454_HH_EV
HE,KAF,HH,62.1115,26.3061,,2120,manual,0.5,,2923,manual,0.5,20250129T131415Z_20250129T131515Z,,,,,,,,,,,explosion,,,,,,[1.1226 -1.4320 0.5659],4047,2025-01-29 13:14:15.800000,earthquake_local,KAF.HE_20250129131415_HH_EV
HE,KAF,HH,62.1115,26.3061,,2056,manual,0.5,,5233,manual,0.5,20250129T150102Z_20250129T150202Z,,,,,,,,,,,explosion,,,,,,[-0.4135 -2.3285 -5.3465],5999,2025-01-29 15:01:02.270000,earthquake_local,KAF.HE_20250129150102_HH_EV
HE,KAF,HH,62.1115,26.3061,,2829,manual,0.5,,5417,manual,0.5,20250130T093831Z_20250130T093931Z,,,,,,,,,,,explosion,,,,,,[3.0017 -0.8234 -4.7919],5999,2025-01-30 09:38:31.690000,earthquake_local,KAF.HE_20250130093831_HH_EV
HE,KAF,HH,62.1115,26.3061,,3040,manual,0.5,,4770,manual,0.5,20250130T105937Z_20250130T110037Z,,,,,,,,,,,explosion,,,,,,[3.5151 -1.0890 -0.0220],5999,2025-01-30 10:59:37.280000,earthquake_local,KAF.HE_20250130105937_HH_EV
HE,KAF,HH,62.1115,26.3061,,2147,manual,0.5,,3695,manual,0.5,20250130T120736Z_20250130T120836Z,,,,,,,,,,,explosion,,,,,,[0.9733 0.7870 7.3414],5862,2025-01-30 12:07:36.610000,earthquake_local,KAF.HE_20250130120736_HH_EV
HE,KAF,HH,62.1115,26.3061,,2792,manual,0.5,,4767,manual,0.5,20250130T131428Z_20250130T131528Z,,,,,,,,,,,explosion,,,,,,[-0.0420 0.8288 0.3018],5999,2025-01-30 13:14:28.810000,earthquake_local,KAF.HE_20250130131428_HH_EV
HE,KAF,HH,62.1115,26.3061,,1462,manual,0.5,,4948,manual,0.5,20250131T081751Z_20250131T081851Z,,,,,,,,,,,explosion,,,,,,[0.2317 -0.3841 -1.6172],5999,2025-01-31 08:17:51.760000,earthquake_local,KAF.HE_20250131081751_HH_EV
HE,KAF,HH,62.1115,26.3061,,2520,manual,0.5,,4624,manual,0.5,20250131T090204Z_20250131T090304Z,,,,,,,,,,,explosion,,,,,,[-1.7053 -1.4309 -4.2387],5999,2025-01-31 09:02:04.080000,earthquake_local,KAF.HE_20250131090204_HH_EV
HE,KAF,HH,62.1115,26.3061,,2066,manual,0.5,,4655,manual,0.5,20250131T125709Z_20250131T125809Z,,,,,,,,,,,explosion,,,,,,[-1.6848 -0.2135 2.4976],5999,2025-01-31 12:57:09.240000,earthquake_local,KAF.HE_20250131125709_HH_EV
HE,KAF,HH,62.1115,26.3061,,1026,manual,0.5,,3763,manual,0.5,20250131T132506Z_20250131T132606Z,,,,,,,,,,,explosion,,,,,,[-3.3449 -1.3450 -3.9254],5999,2025-01-31 13:25:06.140000,earthquake_local,KAF.HE_20250131132506_HH_EV
HE,KAF,HH,62.1115,26.3061,,2125,manual,0.5,,3793,manual,0.5,20250204T113430Z_20250204T113530Z,,,,,,,,,,,explosion,,,,,,[-4.2001 -0.5779 1.3159],5999,2025-02-04 11:34:30.840000,earthquake_local,KAF.HE_20250204113430_HH_EV
HE,KAF,HH,62.1115,26.3061,,635,manual,0.5,,1968,manual,0.5,20250204T125944Z_20250204T130044Z,,,,,,,,,,,explosion,,,,,,[-3.1321 -4.4410 -0.1298],3834,2025-02-04 12:59:44.780000,earthquake_local,KAF.HE_20250204125944_HH_EV
HE,KAF,HH,62.1115,26.3061,,1935,manual,0.5,,5028,manual,0.5,20250205T121536Z_20250205T121636Z,,,,,,,,,,,explosion,,,,,,[6.3873 -2.4126 3.2737],5999,2025-02-05 12:15:36.480000,earthquake_local,KAF.HE_20250205121536_HH_EV
HE,KAF,HH,62.1115,26.3061,,906,manual,0.5,,2864,manual,0.5,20250205T125811Z_20250205T125911Z,,,,,,,,,,,explosion,,,,,,[-0.0977 2.3218 -3.9739],5605,2025-02-05 12:58:11.730000,earthquake_local,KAF.HE_20250205125811_HH_EV
HE,KAF,HH,62.1115,26.3061,,2734,manual,0.5,,4893,manual,0.5,20250205T131333Z_20250205T131433Z,,,,,,,,,,,explosion,,,,,,[3.5258 -2.1504 3.2401],5999,2025-02-05 13:13:33.290000,earthquake_local,KAF.HE_20250205131333_HH_EV
HE,KAF,HH,62.1115,26.3061,,2528,manual,0.5,,4155,manual,0.5,20250205T140501Z_20250205T140601Z,,,,,,,,,,,explosion,,,,,,[-4.5286 -0.6000 -1.4740],5999,2025-02-05 14:05:01.470000,earthquake_local,KAF.HE_20250205140501_HH_EV
HE,KAF,HH,62.1115,26.3061,,1195,manual,0.5,,3276,manual,0.5,20250206T084844Z_20250206T084944Z,,,,,,,,,,,explosion,,,,,,[6.4850 2.7341 2.5936],5999,2025-02-06 08:48:44.760000,earthquake_local,KAF.HE_20250206084844_HH_EV
HE,KAF,HH,62.1115,26.3061,,3128,manual,0.5,,5340,manual,0.5,20250206T105853Z_20250206T105953Z,,,,,,,,,,,explosion,,,,,,[2.6815 -0.0703 2.7213],5999,2025-02-06 10:58:53.480000,earthquake_local,KAF.HE_20250206105853_HH_EV
HE,KAF,HH,62.1115,26.3061,,2180,manual,0.5,,3880,manual,0.5,20250206T114114Z_20250206T114214Z,,,,,,,,,,,explosion,,,,,,[2.1309 0.1774 3.9631],5999,2025-02-06 11:41:14.480000,earthquake_local,KAF.HE_20250206114114_HH_EV
HE,KAF,HH,62.1115,26.3061,,4178,manual,0.5,,5342,manual,0.5,20250206T123650Z_20250206T123750Z,,,,,,,,,,,explosion,,,,,,[-2.6382 3.1366 4.6305],5999,2025-02-06 12:36:50.300000,earthquake_local,KAF.HE_20250206123650_HH_EV
HE,KAF,HH,62.1115,26.3061,,2374,manual,0.5,,5114,manual,0.5,20250206T130106Z_20250206T130206Z,,,,,,,,,,,explosion,,,,,,[-3.3814 0.4314 -1.7980],5999,2025-02-06 13:01:06.940000,earthquake_local,KAF.HE_20250206130106_HH_EV
HE,KAF,HH,62.1115,26.3061,,3565,manual,0.5,,5295,manual,0.5,20250207T091537Z_20250207T091637Z,,,,,,,,,,,explosion,,,,,,[5.2037 5.2173 8.0054],5999,2025-02-07 09:15:37.130000,earthquake_local,KAF.HE_20250207091537_HH_EV
HE,KAF,HH,62.1115,26.3061,,2437,manual,0.5,,4357,manual,0.5,20250207T114004Z_20250207T114104Z,,,,,,,,,,,explosion,,,,,,[-2.6991 3.3695 0.4932],5999,2025-02-07 11:40:04.710000,earthquake_local,KAF.HE_20250207114004_HH_EV
HE,KAF,HH,62.1115,26.3061,,1838,manual,0.5,,4330,manual,0.5,20250207T114133Z_20250207T114233Z,,,,,,,,,,,explosion,,,,,,[-0.5708 -1.4691 -1.4131],5999,2025-02-07 11:41:33.700000,earthquake_local,KAF.HE_20250207114133_HH_EV
HE,KAF,HH,62.1115,26.3061,,3613,manual,0.5,,4564,manual,0.5,20250207T121709Z_20250207T121809Z,,,,,,,,,,,explosion,,,,,,[0.7582 1.3261 1.8371],5895,2025-02-07 12:17:09.600000,earthquake_local,KAF.HE_20250207121709_HH_EV
HE,KAF,HH,62.1115,26.3061,,1563,manual,0.5,,4195,manual,0.5,20250208T091851Z_20250208T091951Z,,,,,,,,,,,explosion,,,,,,[-5.8126 3.7820 -0.1965],5999,2025-02-08 09:18:51.410000,earthquake_local,KAF.HE_20250208091851_HH_EV
HE,KAF,HH,62.1115,26.3061,,1425,manual,0.5,,4605,manual,0.5,20250208T095912Z_20250208T100012Z,,,,,,,,,,,explosion,,,,,,[-1.3693 -4.2441 -0.8505],5999,2025-02-08 09:59:12.180000,earthquake_local,KAF.HE_20250208095912_HH_EV
HE,KAF,HH,62.1115,26.3061,,3151,manual,0.5,,5070,manual,0.5,20250211T115622Z_20250211T115722Z,,,,,,,,,,,explosion,,,,,,[1.6831 -1.4219 -1.4229],5999,2025-02-11 11:56:22.220000,earthquake_local,KAF.HE_20250211115622_HH_EV
HE,KAF,HH,62.1115,26.3061,,510,manual,0.5,,2559,manual,0.5,20250211T141119Z_20250211T141219Z,,,,,,,,,,,explosion,,,,,,[-3.4133 -2.5514 -2.5635],5428,2025-02-11 14:11:19.690000,earthquake_local,KAF.HE_20250211141119_HH_EV
HE,KAF,HH,62.1115,26.3061,,1136,manual,0.5,,3151,manual,0.5,20250212T103927Z_20250212T104027Z,,,,,,,,,,,explosion,,,,,,[2.5929 1.5824 -0.3070],5972,2025-02-12 10:39:27.450000,earthquake_local,KAF.HE_20250212103927_HH_EV
HE,KAF,HH,62.1115,26.3061,,2399,manual,0.5,,4058,manual,0.5,20250212T112839Z_20250212T112939Z,,,,,,,,,,,explosion,,,,,,[-0.1272 -1.4556 -2.5526],5999,2025-02-12 11:28:39.840000,earthquake_local,KAF.HE_20250212112839_HH_EV
HE,KAF,HH,62.1115,26.3061,,3967,manual,0.5,,4798,manual,0.5,20250212T112945Z_20250212T113045Z,,,,,,,,,,,explosion,,,,,,[0.6416 2.2750 -1.3617],5961,2025-02-12 11:29:45.060000,earthquake_local,KAF.HE_20250212112945_HH_EV
HE,KAF,HH,62.1115,26.3061,,1329,manual,0.5,,3854,manual,0.5,20250212T113659Z_20250212T113759Z,,,,,,,,,,,explosion,,,,,,[1.5131 -2.5513 -8.7403],5999,2025-02-12 11:36:59.800000,earthquake_local,KAF.HE_20250212113659_HH_EV
HE,KAF,HH,62.1115,26.3061,,1638,manual,0.5,,3568,manual,0.5,20250212T115411Z_20250212T115511Z,,,,,,,,,,,explosion,,,,,,[-2.2511 -1.1024 -3.8570],5999,2025-02-12 11:54:12.000000,earthquake_local,KAF.HE_20250212115411_HH_EV
HE,KAF,HH,62.1115,26.3061,,2344,manual,0.5,,4087,manual,0.5,20250212T115917Z_20250212T120017Z,,,,,,,,,,,explosion,,,,,,[1.1749 3.6956 8.5690],5999,2025-02-12 11:59:17.480000,earthquake_local,KAF.HE_20250212115917_HH_EV
HE,KAF,HH,62.1115,26.3061,,699,manual,0.5,,3155,manual,0.5,20250213T091637Z_20250213T091737Z,,,,,,,,,,,explosion,,,,,,[2.0653 -0.6544 -2.2426],5999,2025-02-13 09:16:37.850000,earthquake_local,KAF.HE_20250213091637_HH_EV
HE,KAF,HH,62.1115,26.3061,,865,manual,0.5,,3048,manual,0.5,20250213T105539Z_20250213T105639Z,,,,,,,,,,,explosion,,,,,,[1.3499 1.1888 -7.6696],5999,2025-02-13 10:55:39.650000,earthquake_local,KAF.HE_20250213105539_HH_EV
HE,KAF,HH,62.1115,26.3061,,1897,manual,0.5,,3627,manual,0.5,20250213T114226Z_20250213T114326Z,,,,,,,,,,,explosion,,,,,,[1.9246 0.1956 1.7300],5999,2025-02-13 11:42:26.010000,earthquake_local,KAF.HE_20250213114226_HH_EV
HE,KAF,HH,62.1115,26.3061,,1583,manual,0.5,,2829,manual,0.5,20250213T120400Z_20250213T120500Z,,,,,,,,,,,explosion,,,,,,[1.6203 -0.3578 -1.0419],4573,2025-02-13 12:04:00.280000,earthquake_local,KAF.HE_20250213120400_HH_EV
HE,KAF,HH,62.1115,26.3061,,1548,manual,0.5,,3705,manual,0.5,20250213T123532Z_20250213T123632Z,,,,,,,,,,,explosion,,,,,,[2.4386 -0.4354 11.2657],5999,2025-02-13 12:35:32.380000,earthquake_local,KAF.HE_20250213123532_HH_EV
HE,KAF,HH,62.1115,26.3061,,1403,manual,0.5,,3500,manual,0.5,20250213T134703Z_20250213T134803Z,,,,,,,,,,,explosion,,,,,,[3.6605 -1.1358 -0.4603],5999,2025-02-13 13:47:03.560000,earthquake_local,KAF.HE_20250213134703_HH_EV
HE,KAF,HH,62.1115,26.3061,,1282,manual,0.5,,2542,manual,0.5,20250214T094703Z_20250214T094803Z,,,,,,,,,,,explosion,,,,,,[-1.5798 0.1280 -1.1793],4306,2025-02-14 09:47:03.660000,earthquake_local,KAF.HE_20250214094703_HH_EV
HE,KAF,HH,62.1115,26.3061,,2864,manual,0.5,,5259,manual,0.5,20250214T095044Z_20250214T095144Z,,,,,,,,,,,explosion,,,,,,[2.5041 0.0112 3.4146],5999,2025-02-14 09:50:44.290000,earthquake_local,KAF.HE_20250214095044_HH_EV
HE,KAF,HH,62.1115,26.3061,,3607,manual,0.5,,4712,manual,0.5,20250217T114159Z_20250217T114259Z,,,,,,,,,,,explosion,,,,,,[-2.6160 -1.1248 0.6923],5999,2025-02-17 11:41:59.700000,earthquake_local,KAF.HE_20250217114159_HH_EV
HE,KAF,HH,62.1115,26.3061,,2225,manual,0.5,,4315,manual,0.5,20250218T080422Z_20250218T080522Z,,,,,,,,,,,explosion,,,,,,[0.9279 -0.0637 -2.7280],5999,2025-02-18 08:04:22.160000,earthquake_local,KAF.HE_20250218080422_HH_EV
HE,KAF,HH,62.1115,26.3061,,2195,manual,0.5,,4171,manual,0.5,20250218T115911Z_20250218T120011Z,,,,,,,,,,,explosion,,,,,,[-0.0984 1.7838 -1.1844],5999,2025-02-18 11:59:11.040000,earthquake_local,KAF.HE_20250218115911_HH_EV
HE,KAF,HH,62.1115,26.3061,,1446,manual,0.5,,3672,manual,0.5,20250218T133707Z_20250218T133807Z,,,,,,,,,,,explosion,,,,,,[-1.3996 2.2308 1.2215],5999,2025-02-18 13:37:07.830000,earthquake_local,KAF.HE_20250218133707_HH_EV
HE,KAF,HH,62.1115,26.3061,,1817,manual,0.5,,4057,manual,0.5,20250219T110234Z_20250219T110334Z,,,,,,,,,,,explosion,,,,,,[2.9228 0.0649 3.7328],5999,2025-02-19 11:02:34.110000,earthquake_local,KAF.HE_20250219110234_HH_EV
HE,KAF,HH,62.1115,26.3061,,2578,manual,0.5,,5254,manual,0.5,20250219T122425Z_20250219T122525Z,,,,,,,,,,,explosion,,,,,,[5.6216 1.4394 5.1073],5999,2025-02-19 12:24:25.500000,earthquake_local,KAF.HE_20250219122425_HH_EV
HE,KAF,HH,62.1115,26.3061,,1803,manual,0.5,,4266,manual,0.5,20250219T134126Z_20250219T134226Z,,,,,,,,,,,explosion,,,,,,[2.1717 0.8430 0.2728],5999,2025-02-19 13:41:26.980000,earthquake_local,KAF.HE_20250219134126_HH_EV
HE,KAF,HH,62.1115,26.3061,,3065,manual,0.5,,5092,manual,0.5,20250220T072939Z_20250220T073039Z,,,,,,,,,,,explosion,,,,,,[4.4994 -0.5944 0.8788],5999,2025-02-20 07:29:39.170000,earthquake_local,KAF.HE_20250220072939_HH_EV
HE,KAF,HH,62.1115,26.3061,,1159,manual,0.5,,2748,manual,0.5,20250220T093309Z_20250220T093409Z,,,,,,,,,,,explosion,,,,,,[-4.1912 0.7386 -1.0226],4973,2025-02-20 09:33:09.020000,earthquake_local,KAF.HE_20250220093309_HH_EV
HE,KAF,HH,62.1115,26.3061,,2039,manual,0.5,,3769,manual,0.5,20250220T111227Z_20250220T111327Z,,,,,,,,,,,explosion,,,,,,[0.1674 -1.8543 3.3068],5999,2025-02-20 11:12:27.760000,earthquake_local,KAF.HE_20250220111227_HH_EV
HE,KAF,HH,62.1115,26.3061,,2098,manual,0.5,,3439,manual,0.5,20250220T114658Z_20250220T114758Z,,,,,,,,,,,explosion,,,,,,[-2.9896 1.5638 1.2577],5316,2025-02-20 11:46:58.320000,earthquake_local,KAF.HE_20250220114658_HH_EV
HE,KAF,HH,62.1115,26.3061,,3129,manual,0.5,,4694,manual,0.5,20250220T121347Z_20250220T121447Z,,,,,,,,,,,explosion,,,,,,[3.0993 1.0610 0.7544],5999,2025-02-20 12:13:47.860000,earthquake_local,KAF.HE_20250220121347_HH_EV
HE,KAF,HH,62.1115,26.3061,,1974,manual,0.5,,3977,manual,0.5,20250221T113612Z_20250221T113712Z,,,,,,,,,,,explosion,,,,,,[-0.5074 3.3245 7.0077],5999,2025-02-21 11:36:12.790000,earthquake_local,KAF.HE_20250221113612_HH_EV
HE,KAF,HH,62.1115,26.3061,,2601,manual,0.5,,4447,manual,0.5,20250221T115401Z_20250221T115501Z,,,,,,,,,,,explosion,,,,,,[0.5295 0.5591 -0.1880],5999,2025-02-21 11:54:01.770000,earthquake_local,KAF.HE_20250221115401_HH_EV
HE,KAF,HH,62.1115,26.3061,,1269,manual,0.5,,3290,manual,0.5,20250221T130312Z_20250221T130412Z,,,,,,,,,,,explosion,,,,,,[2.2880 0.6020 4.5586],5999,2025-02-21 13:03:12.560000,earthquake_local,KAF.HE_20250221130312_HH_EV
HE,KAF,HH,62.1115,26.3061,,4827,manual,0.5,,5315,manual,0.5,20250221T141435Z_20250221T141535Z,,,,,,,,,,,explosion,,,,,,[4.3613 -0.3872 3.9688],5998,2025-02-21 14:14:35.820000,earthquake_local,KAF.HE_20250221141435_HH_EV
HE,KAF,HH,62.1115,26.3061,,842,manual,0.5,,3258,manual,0.5,20250221T150507Z_20250221T150607Z,,,,,,,,,,,explosion,,,,,,[-0.1352 1.0917 1.3927],5999,2025-02-21 15:05:07.150000,earthquake_local,KAF.HE_20250221150507_HH_EV
HE,KAF,HH,62.1115,26.3061,,2030,manual,0.5,,4640,manual,0.5,20250223T072029Z_20250223T072129Z,,,,,,,,,,,explosion,,,,,,[1.4613 -0.4417 3.6940],5999,2025-02-23 07:20:29.680000,earthquake_local,KAF.HE_20250223072029_HH_EV
HE,KAF,HH,62.1115,26.3061,,670,manual,0.5,,3092,manual,0.5,20250224T110919Z_20250224T111019Z,,,,,,,,,,,explosion,,,,,,[3.2973 0.9551 -2.0700],5999,2025-02-24 11:09:19.080000,earthquake_local,KAF.HE_20250224110919_HH_EV
HE,KAF,HH,62.1115,26.3061,,2199,manual,0.5,,3893,manual,0.5,20250224T114547Z_20250224T114647Z,,,,,,,,,,,explosion,,,,,,[5.9904 1.0159 13.0499],5999,2025-02-24 11:45:47.990000,earthquake_local,KAF.HE_20250224114547_HH_EV
HE,KAF,HH,62.1115,26.3061,,2488,manual,0.5,,4568,manual,0.5,20250224T133659Z_20250224T133759Z,,,,,,,,,,,explosion,,,,,,[-0.6438 3.8975 -3.5741],5999,2025-02-24 13:36:59.070000,earthquake_local,KAF.HE_20250224133659_HH_EV
HE,KAF,HH,62.1115,26.3061,,1955,manual,0.5,,4335,manual,0.5,20250224T141353Z_20250224T141453Z,,,,,,,,,,,explosion,,,,,,[9.4039 5.1745 17.4143],5999,2025-02-24 14:13:53.430000,earthquake_local,KAF.HE_20250224141353_HH_EV
HE,KAF,HH,62.1115,26.3061,,795,manual,0.5,,3208,manual,0.5,20250224T202235Z_20250224T202335Z,,,,,,,,,,,explosion,,,,,,[-2.3822 2.2536 -3.3986],5999,2025-02-24 20:22:35.580000,earthquake_local,KAF.HE_20250224202235_HH_EV
HE,KAF,HH,62.1115,26.3061,,2542,manual,0.5,,4982,manual,0.5,20250225T101008Z_20250225T101108Z,,,,,,,,,,,explosion,,,,,,[2.4883 -1.2545 -1.0571],5999,2025-02-25 10:10:08.300000,earthquake_local,KAF.HE_20250225101008_HH_EV
HE,KAF,HH,62.1115,26.3061,,3478,manual,0.5,,5248,manual,0.5,20250225T101732Z_20250225T101832Z,,,,,,,,,,,explosion,,,,,,[7.5244 -2.0054 1.4013],5999,2025-02-25 10:17:32.520000,earthquake_local,KAF.HE_20250225101732_HH_EV
HE,KAF,HH,62.1115,26.3061,,2729,manual,0.5,,4406,manual,0.5,20250225T103312Z_20250225T103412Z,,,,,,,,,,,explosion,,,,,,[2.8266 2.7902 -7.5176],5999,2025-02-25 10:33:12.130000,earthquake_local,KAF.HE_20250225103312_HH_EV
HE,KAF,HH,62.1115,26.3061,,520,manual,0.5,,2457,manual,0.5,20250225T120217Z_20250225T120317Z,,,,,,,,,,,explosion,,,,,,[-0.5471 -1.7550 -0.1246],5169,2025-02-25 12:02:17.560000,earthquake_local,KAF.HE_20250225120217_HH_EV
HE,KAF,HH,62.1115,26.3061,,2394,manual,0.5,,4284,manual,0.5,20250225T134836Z_20250225T134936Z,,,,,,,,,,,explosion,,,,,,[3.1104 -2.8309 -1.9731],5999,2025-02-25 13:48:36.810000,earthquake_local,KAF.HE_20250225134836_HH_EV
HE,KAF,HH,62.1115,26.3061,,1654,manual,0.5,,3274,manual,0.5,20250226T105620Z_20250226T105720Z,,,,,,,,,,,explosion,,,,,,[-1.4853 0.8138 2.3192],5542,2025-02-26 10:56:20.240000,earthquake_local,KAF.HE_20250226105620_HH_EV
HE,KAF,HH,62.1115,26.3061,,623,manual,0.5,,2252,manual,0.5,20250226T113819Z_20250226T113919Z,,,,,,,,,,,explosion,,,,,,[0.0304 0.5343 3.2463],4533,2025-02-26 11:38:19.400000,earthquake_local,KAF.HE_20250226113819_HH_EV
HE,KAF,HH,62.1115,26.3061,,1525,manual,0.5,,3158,manual,0.5,20250226T124352Z_20250226T124452Z,,,,,,,,,,,explosion,,,,,,[0.3064 2.6533 14.3521],5444,2025-02-26 12:43:52.410000,earthquake_local,KAF.HE_20250226124352_HH_EV
HE,KAF,HH,62.1115,26.3061,,1028,manual,0.5,,3730,manual,0.5,20250226T130100Z_20250226T130200Z,,,,,,,,,,,explosion,,,,,,[2.8122 0.4270 -1.6342],5999,2025-02-26 13:01:00.500000,earthquake_local,KAF.HE_20250226130100_HH_EV
HE,KAF,HH,62.1115,26.3061,,1929,manual,0.5,,3913,manual,0.5,20250226T133409Z_20250226T133509Z,,,,,,,,,,,explosion,,,,,,[1.6400 -0.5514 3.1588],5999,2025-02-26 13:34:09.930000,earthquake_local,KAF.HE_20250226133409_HH_EV
HE,KAF,HH,62.1115,26.3061,,2724,manual,0.5,,4343,manual,0.5,20250226T134250Z_20250226T134350Z,,,,,,,,,,,explosion,,,,,,[-2.5008 1.9396 -0.1576],5999,2025-02-26 13:42:50.840000,earthquake_local,KAF.HE_20250226134250_HH_EV
HE,KAF,HH,62.1115,26.3061,,1367,manual,0.5,,2123,manual,0.5,20250227T091350Z_20250227T091450Z,,,,,,,,,,,explosion,,,,,,[-0.3171 0.5039 -3.1424],3181,2025-02-27 09:13:50.610000,earthquake_local,KAF.HE_20250227091350_HH_EV
HE,KAF,HH,62.1115,26.3061,,905,manual,0.5,,1733,manual,0.5,20250227T100152Z_20250227T100252Z,,,,,,,,,,,explosion,,,,,,[3.5413 -0.8327 4.0545],2892,2025-02-27 10:01:52.630000,earthquake_local,KAF.HE_20250227100152_HH_EV
HE,KAF,HH,62.1115,26.3061,,942,manual,0.5,,3354,manual,0.5,20250227T101945Z_20250227T102045Z,,,,,,,,,,,explosion,,,,,,[10.7551 -0.4588 2.4141],5999,2025-02-27 10:19:45.490000,earthquake_local,KAF.HE_20250227101945_HH_EV
HE,KAF,HH,62.1115,26.3061,,558,manual,0.5,,2818,manual,0.5,20250227T105733Z_20250227T105833Z,,,,,,,,,,,explosion,,,,,,[-1.9055 0.9008 -1.5851],5982,2025-02-27 10:57:33.100000,earthquake_local,KAF.HE_20250227105733_HH_EV
HE,KAF,HH,62.1115,26.3061,,2972,manual,0.5,,5238,manual,0.5,20250227T115358Z_20250227T115458Z,,,,,,,,,,,explosion,,,,,,[0.9859 0.6925 -1.2382],5999,2025-02-27 11:53:58.660000,earthquake_local,KAF.HE_20250227115358_HH_EV
HE,KAF,HH,62.1115,26.3061,,1507,manual,0.5,,3688,manual,0.5,20250227T121119Z_20250227T121219Z,,,,,,,,,,,explosion,,,,,,[-0.8571 1.0923 -1.5824],5999,2025-02-27 12:11:19.360000,earthquake_local,KAF.HE_20250227121119_HH_EV
HE,KAF,HH,62.1115,26.3061,,818,manual,0.5,,3048,manual,0.5,20250227T123626Z_20250227T123726Z,,,,,,,,,,,explosion,,,,,,[1.5769 -1.6070 3.1209],5999,2025-02-27 12:36:26.100000,earthquake_local,KAF.HE_20250227123626_HH_EV
HE,KAF,HH,62.1115,26.3061,,893,manual,0.5,,2517,manual,0.5,20250227T135721Z_20250227T135821Z,,,,,,,,,,,explosion,,,,,,[1.7656 -0.5554 1.5395],4791,2025-02-27 13:57:21.030000,earthquake_local,KAF.HE_20250227135721_HH_EV
HE,KAF,HH,62.1115,26.3061,,741,manual,0.5,,3253,manual,0.5,20250228T075814Z_20250228T075914Z,,,,,,,,,,,explosion,,,,,,[6.4831 -0.8115 3.3332],5999,2025-02-28 07:58:14.790000,earthquake_local,KAF.HE_20250228075814_HH_EV
HE,KAF,HH,62.1115,26.3061,,699,manual,0.5,,2690,manual,0.5,20250228T085301Z_20250228T085401Z,,,,,,,,,,,explosion,,,,,,[-2.0659 -0.1833 3.8838],5477,2025-02-28 08:53:01.640000,earthquake_local,KAF.HE_20250228085301_HH_EV
HE,KAF,HH,62.1115,26.3061,,2888,manual,0.5,,3640,manual,0.5,20250228T085656Z_20250228T085756Z,,,,,,,,,,,explosion,,,,,,[3.9665 0.4512 0.0356],4693,2025-02-28 08:56:56.400000,earthquake_local,KAF.HE_20250228085656_HH_EV
HE,KAF,HH,62.1115,26.3061,,1493,manual,0.5,,4155,manual,0.5,20250228T095936Z_20250228T100036Z,,,,,,,,,,,explosion,,,,,,[1.0702 0.5551 1.3476],5999,2025-02-28 09:59:36.940000,earthquake_local,KAF.HE_20250228095936_HH_EV
HE,KAF,HH,62.1115,26.3061,,2133,manual,0.5,,5337,manual,0.5,20250228T103901Z_20250228T104001Z,,,,,,,,,,,explosion,,,,,,[-1.7848 -2.2647 -4.0210],5999,2025-02-28 10:39:01.900000,earthquake_local,KAF.HE_20250228103901_HH_EV
HE,KAF,HH,62.1115,26.3061,,1207,manual,0.5,,3386,manual,0.5,20250228T105224Z_20250228T105324Z,,,,,,,,,,,explosion,,,,,,[-5.8964 0.5648 -0.1005],5999,2025-02-28 10:52:24.460000,earthquake_local,KAF.HE_20250228105224_HH_EV
HE,KAF,HH,62.1115,26.3061,,3071,manual,0.5,,4850,manual,0.5,20250228T113620Z_20250228T113720Z,,,,,,,,,,,explosion,,,,,,[-1.2725 -1.5170 -1.8266],5999,2025-02-28 11:36:20.420000,earthquake_local,KAF.HE_20250228113620_HH_EV
HE,KAF,HH,62.1115,26.3061,,2173,manual,0.5,,3917,manual,0.5,20250228T113749Z_20250228T113849Z,,,,,,,,,,,explosion,,,,,,[-1.9797 0.5170 10.3379],5999,2025-02-28 11:37:49.350000,earthquake_local,KAF.HE_20250228113749_HH_EV
HE,KEF,HH,62.1667,24.867,,732,manual,0.5,,3014,manual,0.5,20250103T114150Z_20250103T114250Z,,,,,,,,,,,explosion,,,,,,[0.6821 0.8481 1.7152],5999,2025-01-03 11:41:50.860000,earthquake_local,KEF.HE_20250103114150_HH_EV
HE,KEF,HH,62.1667,24.867,,2841,manual,0.5,,4349,manual,0.5,20250107T113210Z_20250107T113310Z,,,,,,,,,,,explosion,,,,,,[0.7539 -0.4104 0.0306],5999,2025-01-07 11:32:10.750000,earthquake_local,KEF.HE_20250107113210_HH_EV
HE,KEF,HH,62.1667,24.867,,2072,manual,0.5,,4111,manual,0.5,20250107T124314Z_20250107T124414Z,,,,,,,,,,,explosion,,,,,,[4.1302 0.5306 -0.2642],5999,2025-01-07 12:43:14.810000,earthquake_local,KEF.HE_20250107124314_HH_EV
HE,KEF,HH,62.1667,24.867,,2678,manual,0.5,,4620,manual,0.5,20250107T142624Z_20250107T142724Z,,,,,,,,,,,explosion,,,,,,[-0.2821 2.3841 0.5937],5999,2025-01-07 14:26:24.890000,earthquake_local,KEF.HE_20250107142624_HH_EV
HE,KEF,HH,62.1667,24.867,,522,manual,0.5,,2782,manual,0.5,20250108T095004Z_20250108T095104Z,,,,,,,,,,,explosion,,,,,,[2.7352 -3.5398 -0.0038],5946,2025-01-08 09:50:04.580000,earthquake_local,KEF.HE_20250108095004_HH_EV
HE,KEF,HH,62.1667,24.867,,1086,manual,0.5,,3554,manual,0.5,20250108T104254Z_20250108T104354Z,,,,,,,,,,,explosion,,,,,,[-1.6885 0.9470 -0.3406],5999,2025-01-08 10:42:54.810000,earthquake_local,KEF.HE_20250108104254_HH_EV
HE,KEF,HH,62.1667,24.867,,577,manual,0.5,,3729,manual,0.5,20250108T120220Z_20250108T120320Z,,,,,,,,,,,explosion,,,,,,[-1.7996 0.7035 0.5712],5999,2025-01-08 12:02:20.210000,earthquake_local,KEF.HE_20250108120220_HH_EV
HE,KEF,HH,62.1667,24.867,,2185,manual,0.5,,3089,manual,0.5,20250108T124715Z_20250108T124815Z,,,,,,,,,,,explosion,,,,,,[-0.8408 0.0309 0.5442],4355,2025-01-08 12:47:15.050000,earthquake_local,KEF.HE_20250108124715_HH_EV
HE,KEF,HH,62.1667,24.867,,2063,manual,0.5,,4459,manual,0.5,20250109T124816Z_20250109T124916Z,,,,,,,,,,,explosion,,,,,,[-0.9773 0.1359 0.4216],5999,2025-01-09 12:48:16.650000,earthquake_local,KEF.HE_20250109124816_HH_EV
HE,KEF,HH,62.1667,24.867,,738,manual,0.5,,3192,manual,0.5,20250110T102514Z_20250110T102614Z,,,,,,,,,,,explosion,,,,,,[0.8556 -2.8595 0.3668],5999,2025-01-10 10:25:14.600000,earthquake_local,KEF.HE_20250110102514_HH_EV
HE,KEF,HH,62.1667,24.867,,1493,manual,0.5,,4213,manual,0.5,20250110T110134Z_20250110T110234Z,,,,,,,,,,,explosion,,,,,,[-1.3487 -0.4598 0.4834],5999,2025-01-10 11:01:34.550000,earthquake_local,KEF.HE_20250110110134_HH_EV
HE,KEF,HH,62.1667,24.867,,649,manual,0.5,,2869,manual,0.5,20250110T115200Z_20250110T115300Z,,,,,,,,,,,explosion,,,,,,[-0.8721 2.3636 0.3636],5977,2025-01-10 11:52:00.990000,earthquake_local,KEF.HE_20250110115200_HH_EV
HE,KEF,HH,62.1667,24.867,,794,manual,0.5,,3453,manual,0.5,20250110T120407Z_20250110T120507Z,,,,,,,,,,,explosion,,,,,,[-0.7386 0.3457 0.1670],5999,2025-01-10 12:04:07.300000,earthquake_local,KEF.HE_20250110120407_HH_EV
HE,KEF,HH,62.1667,24.867,,1196,manual,0.5,,4640,manual,0.5,20250110T132952Z_20250110T133052Z,,,,,,,,,,,explosion,,,,,,[1.6890 -1.2624 -0.4133],5999,2025-01-10 13:29:52.920000,earthquake_local,KEF.HE_20250110132952_HH_EV
HE,KEF,HH,62.1667,24.867,,2596,manual,0.5,,4681,manual,0.5,20250113T080211Z_20250113T080311Z,,,,,,,,,,,explosion,,,,,,[1.2257 -1.1362 1.0249],5999,2025-01-13 08:02:11.470000,earthquake_local,KEF.HE_20250113080211_HH_EV
HE,KEF,HH,62.1667,24.867,,784,manual,0.5,,2352,manual,0.5,20250113T121150Z_20250113T121250Z,,,,,,,,,,,explosion,,,,,,[3.9213 -1.0144 1.6062],4547,2025-01-13 12:11:50.920000,earthquake_local,KEF.HE_20250113121150_HH_EV
HE,KEF,HH,62.1667,24.867,,1115,manual,0.5,,2301,manual,0.5,20250113T125845Z_20250113T125945Z,,,,,,,,,,,explosion,,,,,,[6.8682 4.4328 -3.6100],3961,2025-01-13 12:58:45.030000,earthquake_local,KEF.HE_20250113125845_HH_EV
HE,KEF,HH,62.1667,24.867,,597,manual,0.5,,3315,manual,0.5,20250113T140201Z_20250113T140301Z,,,,,,,,,,,explosion,,,,,,[-0.7815 -1.0198 -0.1124],5999,2025-01-13 14:02:01.610000,earthquake_local,KEF.HE_20250113140201_HH_EV
HE,KEF,HH,62.1667,24.867,,3198,manual,0.5,,4838,manual,0.5,20250113T142348Z_20250113T142448Z,,,,,,,,,,,explosion,,,,,,[4.9407 2.5431 -2.3545],5999,2025-01-13 14:23:48.200000,earthquake_local,KEF.HE_20250113142348_HH_EV
HE,KEF,HH,62.1667,24.867,,1991,manual,0.5,,4452,manual,0.5,20250114T073125Z_20250114T073225Z,,,,,,,,,,,explosion,,,,,,[-1.3001 1.8293 0.6613],5999,2025-01-14 07:31:25.060000,earthquake_local,KEF.HE_20250114073125_HH_EV
HE,KEF,HH,62.1667,24.867,,1652,manual,0.5,,3416,manual,0.5,20250114T105246Z_20250114T105346Z,,,,,,,,,,,explosion,,,,,,[3.3456 2.8849 2.5732],5886,2025-01-14 10:52:46.840000,earthquake_local,KEF.HE_20250114105246_HH_EV
HE,KEF,HH,62.1667,24.867,,2066,manual,0.5,,4256,manual,0.5,20250114T112559Z_20250114T112659Z,,,,,,,,,,,explosion,,,,,,[-2.7160 5.0462 0.3327],5999,2025-01-14 11:25:59.920000,earthquake_local,KEF.HE_20250114112559_HH_EV
HE,KEF,HH,62.1667,24.867,,1464,manual,0.5,,3544,manual,0.5,20250114T113731Z_20250114T113831Z,,,,,,,,,,,explosion,,,,,,[-0.4224 1.1494 -4.0675],5999,2025-01-14 11:37:31.420000,earthquake_local,KEF.HE_20250114113731_HH_EV
HE,KEF,HH,62.1667,24.867,,1910,manual,0.5,,4355,manual,0.5,20250114T140028Z_20250114T140128Z,,,,,,,,,,,explosion,,,,,,[-0.5823 -3.3320 -2.4655],5999,2025-01-14 14:00:28.280000,earthquake_local,KEF.HE_20250114140028_HH_EV
HE,KEF,HH,62.1667,24.867,,1704,manual,0.5,,3757,manual,0.5,20250115T111005Z_20250115T111105Z,,,,,,,,,,,explosion,,,,,,[-0.3837 2.6015 2.0482],5999,2025-01-15 11:10:05.200000,earthquake_local,KEF.HE_20250115111005_HH_EV
HE,KEF,HH,62.1667,24.867,,1167,manual,0.5,,2907,manual,0.5,20250115T121543Z_20250115T121643Z,,,,,,,,,,,explosion,,,,,,[-1.8762 0.6879 -0.6481],5343,2025-01-15 12:15:43.050000,earthquake_local,KEF.HE_20250115121543_HH_EV
HE,KEF,HH,62.1667,24.867,,790,manual,0.5,,2764,manual,0.5,20250115T130025Z_20250115T130125Z,,,,,,,,,,,explosion,,,,,,[3.2270 3.4142 1.3268],5528,2025-01-15 13:00:25.270000,earthquake_local,KEF.HE_20250115130025_HH_EV
HE,KEF,HH,62.1667,24.867,,2259,manual,0.5,,4961,manual,0.5,20250115T134631Z_20250115T134731Z,,,,,,,,,,,explosion,,,,,,[2.0892 0.6974 0.2266],5999,2025-01-15 13:46:31.990000,earthquake_local,KEF.HE_20250115134631_HH_EV
HE,KEF,HH,62.1667,24.867,,1184,manual,0.5,,3638,manual,0.5,20250115T152138Z_20250115T152238Z,,,,,,,,,,,explosion,,,,,,[-1.3842 -3.2291 -1.0646],5999,2025-01-15 15:21:38.040000,earthquake_local,KEF.HE_20250115152138_HH_EV
HE,KEF,HH,62.1667,24.867,,2949,manual,0.5,,5220,manual,0.5,20250116T091904Z_20250116T092004Z,,,,,,,,,,,explosion,,,,,,[1.3374 1.8562 2.0085],5999,2025-01-16 09:19:04.910000,earthquake_local,KEF.HE_20250116091904_HH_EV
HE,KEF,HH,62.1667,24.867,,2241,manual,0.5,,4985,manual,0.5,20250116T104502Z_20250116T104602Z,,,,,,,,,,,explosion,,,,,,[-6.2465 0.0514 -0.6782],5999,2025-01-16 10:45:02.910000,earthquake_local,KEF.HE_20250116104502_HH_EV
HE,KEF,HH,62.1667,24.867,,2308,manual,0.5,,3294,manual,0.5,20250116T115001Z_20250116T115101Z,,,,,,,,,,,explosion,,,,,,[1.7947 -0.4870 -0.2463],4674,2025-01-16 11:50:01.400000,earthquake_local,KEF.HE_20250116115001_HH_EV
HE,KEF,HH,62.1667,24.867,,1965,manual,0.5,,5375,manual,0.5,20250116T163504Z_20250116T163604Z,,,,,,,,,,,explosion,,,,,,[3.8172 2.4291 0.0504],5999,2025-01-16 16:35:04.530000,earthquake_local,KEF.HE_20250116163504_HH_EV
HE,KEF,HH,62.1667,24.867,,2974,manual,0.5,,4682,manual,0.5,20250117T130329Z_20250117T130429Z,,,,,,,,,,,explosion,,,,,,[10.2216 0.5068 1.5331],5999,2025-01-17 13:03:29.020000,earthquake_local,KEF.HE_20250117130329_HH_EV
HE,KEF,HH,62.1667,24.867,,616,manual,0.5,,2140,manual,0.5,20250120T103226Z_20250120T103326Z,,,,,,,,,,,explosion,,,,,,[1.6224 3.1223 1.7254],4274,2025-01-20 10:32:26.510000,earthquake_local,KEF.HE_20250120103226_HH_EV
HE,KEF,HH,62.1667,24.867,,1721,manual,0.5,,2156,manual,0.5,20250121T112031Z_20250121T112131Z,,,,,,,,,,,explosion,,,,,,[5.8682 0.2946 1.4239],2765,2025-01-21 11:20:31.210000,earthquake_local,KEF.HE_20250121112031_HH_EV
HE,KEF,HH,62.1667,24.867,,2791,manual,0.5,,5064,manual,0.5,20250121T121407Z_20250121T121507Z,,,,,,,,,,,explosion,,,,,,[1.3343 -0.0723 -0.1777],5999,2025-01-21 12:14:07.780000,earthquake_local,KEF.HE_20250121121407_HH_EV
HE,KEF,HH,62.1667,24.867,,3198,manual,0.5,,4626,manual,0.5,20250122T083115Z_20250122T083215Z,,,,,,,,,,,explosion,,,,,,[0.3606 -0.2701 0.5669],5999,2025-01-22 08:31:15.980000,earthquake_local,KEF.HE_20250122083115_HH_EV
HE,KEF,HH,62.1667,24.867,,2338,manual,0.5,,4999,manual,0.5,20250122T090251Z_20250122T090351Z,,,,,,,,,,,explosion,,,,,,[-0.1839 2.0889 -0.1803],5999,2025-01-22 09:02:51.340000,earthquake_local,KEF.HE_20250122090251_HH_EV
HE,KEF,HH,62.1667,24.867,,958,manual,0.5,,3114,manual,0.5,20250122T111153Z_20250122T111253Z,,,,,,,,,,,explosion,,,,,,[-0.5528 1.9864 -0.0046],5999,2025-01-22 11:11:53.780000,earthquake_local,KEF.HE_20250122111153_HH_EV
HE,KEF,HH,62.1667,24.867,,2530,manual,0.5,,5151,manual,0.5,20250122T115412Z_20250122T115512Z,,,,,,,,,,,explosion,,,,,,[1.6381 2.2877 0.2652],5999,2025-01-22 11:54:12.470000,earthquake_local,KEF.HE_20250122115412_HH_EV
HE,KEF,HH,62.1667,24.867,,1994,manual,0.5,,4422,manual,0.5,20250122T131053Z_20250122T131153Z,,,,,,,,,,,explosion,,,,,,[-0.8293 -0.4417 -0.1693],5999,2025-01-22 13:10:53.540000,earthquake_local,KEF.HE_20250122131053_HH_EV
HE,KEF,HH,62.1667,24.867,,1182,manual,0.5,,4234,manual,0.5,20250122T142454Z_20250122T142554Z,,,,,,,,,,,explosion,,,,,,[0.5012 -0.6846 -0.1830],5999,2025-01-22 14:24:54.740000,earthquake_local,KEF.HE_20250122142454_HH_EV
HE,KEF,HH,62.1667,24.867,,817,manual,0.5,,3228,manual,0.5,20250122T142840Z_20250122T142940Z,,,,,,,,,,,explosion,,,,,,[0.5352 -0.7927 -0.4784],5999,2025-01-22 14:28:40.590000,earthquake_local,KEF.HE_20250122142840_HH_EV
HE,KEF,HH,62.1667,24.867,,2832,manual,0.5,,4803,manual,0.5,20250123T023932Z_20250123T024032Z,,,,,,,,,,,explosion,,,,,,[0.4020 -0.1203 0.2600],5999,2025-01-23 02:39:32.500000,earthquake_local,KEF.HE_20250123023932_HH_EV
HE,KEF,HH,62.1667,24.867,,2611,manual,0.5,,5347,manual,0.5,20250123T110240Z_20250123T110340Z,,,,,,,,,,,explosion,,,,,,[-0.3744 1.9682 0.1689],5999,2025-01-23 11:02:40.830000,earthquake_local,KEF.HE_20250123110240_HH_EV
HE,KEF,HH,62.1667,24.867,,746,manual,0.5,,2964,manual,0.5,20250123T113336Z_20250123T113436Z,,,,,,,,,,,explosion,,,,,,[-0.0738 0.6148 -0.3375],5999,2025-01-23 11:33:36.920000,earthquake_local,KEF.HE_20250123113336_HH_EV
HE,KEF,HH,62.1667,24.867,,3696,manual,0.5,,5138,manual,0.5,20250123T115138Z_20250123T115238Z,,,,,,,,,,,explosion,,,,,,[-0.3801 0.0481 0.5818],5999,2025-01-23 11:51:38.720000,earthquake_local,KEF.HE_20250123115138_HH_EV
HE,KEF,HH,62.1667,24.867,,3129,manual,0.5,,5312,manual,0.5,20250123T115807Z_20250123T115907Z,,,,,,,,,,,explosion,,,,,,[-0.5700 2.3012 0.2247],5999,2025-01-23 11:58:07.640000,earthquake_local,KEF.HE_20250123115807_HH_EV
HE,KEF,HH,62.1667,24.867,,973,manual,0.5,,3060,manual,0.5,20250123T132043Z_20250123T132143Z,,,,,,,,,,,explosion,,,,,,[-0.7562 0.0973 -0.8344],5982,2025-01-23 13:20:44.000000,earthquake_local,KEF.HE_20250123132043_HH_EV
HE,KEF,HH,62.1667,24.867,,3249,manual,0.5,,4847,manual,0.5,20250124T094754Z_20250124T094854Z,,,,,,,,,,,explosion,,,,,,[-1.4362 2.0338 -1.0904],5999,2025-01-24 09:47:54.590000,earthquake_local,KEF.HE_20250124094754_HH_EV
HE,KEF,HH,62.1667,24.867,,766,manual,0.5,,3006,manual,0.5,20250124T113840Z_20250124T113940Z,,,,,,,,,,,explosion,,,,,,[-1.8170 0.1572 0.6551],5999,2025-01-24 11:38:40.020000,earthquake_local,KEF.HE_20250124113840_HH_EV
HE,KEF,HH,62.1667,24.867,,1834,manual,0.5,,4298,manual,0.5,20250124T114129Z_20250124T114229Z,,,,,,,,,,,explosion,,,,,,[-1.5229 0.6765 -1.1566],5999,2025-01-24 11:41:29.900000,earthquake_local,KEF.HE_20250124114129_HH_EV
HE,KEF,HH,62.1667,24.867,,1285,manual,0.5,,4633,manual,0.5,20250124T140918Z_20250124T141018Z,,,,,,,,,,,explosion,,,,,,[0.9772 -1.3287 -0.6513],5999,2025-01-24 14:09:18.550000,earthquake_local,KEF.HE_20250124140918_HH_EV
HE,KEF,HH,62.1667,24.867,,3555,manual,0.5,,4519,manual,0.5,20250127T105748Z_20250127T105848Z,,,,,,,,,,,explosion,,,,,,[-1.9703 1.0562 2.8430],5869,2025-01-27 10:57:48.080000,earthquake_local,KEF.HE_20250127105748_HH_EV
HE,KEF,HH,62.1667,24.867,,2086,manual,0.5,,4707,manual,0.5,20250127T105959Z_20250127T110059Z,,,,,,,,,,,explosion,,,,,,[4.5584 -0.0977 2.6098],5999,2025-01-27 10:59:59.670000,earthquake_local,KEF.HE_20250127105959_HH_EV
HE,KEF,HH,62.1667,24.867,,2125,manual,0.5,,4358,manual,0.5,20250127T120757Z_20250127T120857Z,,,,,,,,,,,explosion,,,,,,[1.3997 -2.9638 -0.8391],5999,2025-01-27 12:07:57.450000,earthquake_local,KEF.HE_20250127120757_HH_EV
HE,KEF,HH,62.1667,24.867,,851,manual,0.5,,3449,manual,0.5,20250127T132258Z_20250127T132358Z,,,,,,,,,,,explosion,,,,,,[-0.1553 -0.5183 0.5860],5999,2025-01-27 13:22:58.950000,earthquake_local,KEF.HE_20250127132258_HH_EV
HE,KEF,HH,62.1667,24.867,,2064,manual,0.5,,4348,manual,0.5,20250127T135247Z_20250127T135347Z,,,,,,,,,,,explosion,,,,,,[4.6259 9.9985 2.1378],5999,2025-01-27 13:52:47.140000,earthquake_local,KEF.HE_20250127135247_HH_EV
HE,KEF,HH,62.1667,24.867,,879,manual,0.5,,3214,manual,0.5,20250128T094907Z_20250128T095007Z,,,,,,,,,,,explosion,,,,,,[3.4640 1.7526 1.5890],5999,2025-01-28 09:49:07.190000,earthquake_local,KEF.HE_20250128094907_HH_EV
HE,KEF,HH,62.1667,24.867,,1056,manual,0.5,,3457,manual,0.5,20250128T102522Z_20250128T102622Z,,,,,,,,,,,explosion,,,,,,[2.8145 2.8554 1.3011],5999,2025-01-28 10:25:22.600000,earthquake_local,KEF.HE_20250128102522_HH_EV
HE,KEF,HH,62.1667,24.867,,4146,manual,0.5,,5234,manual,0.5,20250128T105244Z_20250128T105344Z,,,,,,,,,,,explosion,,,,,,[0.5913 -1.0090 -0.2402],5999,2025-01-28 10:52:44.880000,earthquake_local,KEF.HE_20250128105244_HH_EV
HE,KEF,HH,62.1667,24.867,,3044,manual,0.5,,5382,manual,0.5,20250128T123342Z_20250128T123442Z,,,,,,,,,,,explosion,,,,,,[-1.5856 -0.5015 -1.6873],5999,2025-01-28 12:33:42.280000,earthquake_local,KEF.HE_20250128123342_HH_EV
HE,KEF,HH,62.1667,24.867,,1654,manual,0.5,,3232,manual,0.5,20250129T102640Z_20250129T102740Z,,,,,,,,,,,explosion,,,,,,[-0.5212 -2.0326 -0.0239],5441,2025-01-29 10:26:40.370000,earthquake_local,KEF.HE_20250129102640_HH_EV
HE,KEF,HH,62.1667,24.867,,2440,manual,0.5,,4690,manual,0.5,20250129T103022Z_20250129T103122Z,,,,,,,,,,,explosion,,,,,,[2.3083 -1.1580 1.3038],5999,2025-01-29 10:30:22.880000,earthquake_local,KEF.HE_20250129103022_HH_EV
HE,KEF,HH,62.1667,24.867,,3426,manual,0.5,,5032,manual,0.5,20250129T115635Z_20250129T115735Z,,,,,,,,,,,explosion,,,,,,[1.0830 -3.9829 -2.3569],5999,2025-01-29 11:56:35.720000,earthquake_local,KEF.HE_20250129115635_HH_EV
HE,KEF,HH,62.1667,24.867,,2709,manual,0.5,,4256,manual,0.5,20250129T125506Z_20250129T125606Z,,,,,,,,,,,explosion,,,,,,[-1.8343 -1.4605 -1.0362],5999,2025-01-29 12:55:06.340000,earthquake_local,KEF.HE_20250129125506_HH_EV
HE,KEF,HH,62.1667,24.867,,2504,manual,0.5,,3984,manual,0.5,20250129T131421Z_20250129T131521Z,,,,,,,,,,,explosion,,,,,,[1.0836 -0.6792 0.0143],5999,2025-01-29 13:14:21.900000,earthquake_local,KEF.HE_20250129131421_HH_EV
HE,KEF,HH,62.1667,24.867,,2051,manual,0.5,,4973,manual,0.5,20250129T150057Z_20250129T150157Z,,,,,,,,,,,explosion,,,,,,[-2.4832 -4.3448 -0.2547],5999,2025-01-29 15:00:57.220000,earthquake_local,KEF.HE_20250129150057_HH_EV
HE,KEF,HH,62.1667,24.867,,636,manual,0.5,,2944,manual,0.5,20250130T093850Z_20250130T093950Z,,,,,,,,,,,explosion,,,,,,[2.9231 -0.0093 -0.2384],5999,2025-01-30 09:38:50.520000,earthquake_local,KEF.HE_20250130093850_HH_EV
HE,KEF,HH,62.1667,24.867,,1885,manual,0.5,,4559,manual,0.5,20250130T110001Z_20250130T110101Z,,,,,,,,,,,explosion,,,,,,[-0.3990 1.6615 0.6652],5999,2025-01-30 11:00:01.050000,earthquake_local,KEF.HE_20250130110001_HH_EV
HE,KEF,HH,62.1667,24.867,,789,manual,0.5,,3422,manual,0.5,20250130T113219Z_20250130T113319Z,,,,,,,,,,,explosion,,,,,,[1.1553 -3.6693 0.2981],5999,2025-01-30 11:32:19.850000,earthquake_local,KEF.HE_20250130113219_HH_EV
HE,KEF,HH,62.1667,24.867,,2215,manual,0.5,,4069,manual,0.5,20250130T120740Z_20250130T120840Z,,,,,,,,,,,explosion,,,,,,[0.8601 1.2280 0.6011],5999,2025-01-30 12:07:40.530000,earthquake_local,KEF.HE_20250130120740_HH_EV
HE,KEF,HH,62.1667,24.867,,3431,manual,0.5,,4559,manual,0.5,20250130T131412Z_20250130T131512Z,,,,,,,,,,,explosion,,,,,,[1.9872 -3.3009 0.3176],5999,2025-01-30 13:14:12.370000,earthquake_local,KEF.HE_20250130131412_HH_EV
HE,KEF,HH,62.1667,24.867,,2032,manual,0.5,,4745,manual,0.5,20250130T143047Z_20250130T143147Z,,,,,,,,,,,explosion,,,,,,[0.0172 -3.3215 0.5423],5999,2025-01-30 14:30:47.150000,earthquake_local,KEF.HE_20250130143047_HH_EV
HE,KEF,HH,62.1667,24.867,,803,manual,0.5,,3495,manual,0.5,20250130T143827Z_20250130T143927Z,,,,,,,,,,,explosion,,,,,,[-0.5612 -0.1061 -0.0951],5999,2025-01-30 14:38:27.330000,earthquake_local,KEF.HE_20250130143827_HH_EV
HE,KEF,HH,62.1667,24.867,,654,manual,0.5,,3308,manual,0.5,20250131T090229Z_20250131T090329Z,,,,,,,,,,,explosion,,,,,,[5.5442 -3.4448 -0.5398],5999,2025-01-31 09:02:29.240000,earthquake_local,KEF.HE_20250131090229_HH_EV
HE,KEF,HH,62.1667,24.867,,1172,manual,0.5,,3705,manual,0.5,20250131T125715Z_20250131T125815Z,,,,,,,,,,,explosion,,,,,,[0.2791 -0.1290 0.8856],5999,2025-01-31 12:57:15.710000,earthquake_local,KEF.HE_20250131125715_HH_EV
HE,KEF,HH,62.1667,24.867,,1946,manual,0.5,,3884,manual,0.5,20250131T132448Z_20250131T132548Z,,,,,,,,,,,explosion,,,,,,[0.3950 -1.1941 -0.6102],5999,2025-01-31 13:24:48.130000,earthquake_local,KEF.HE_20250131132448_HH_EV
HE,KEF,HH,62.1667,24.867,,1367,manual,0.5,,3461,manual,0.5,20250204T113443Z_20250204T113543Z,,,,,,,,,,,explosion,,,,,,[1.8537 3.3952 2.3751],5999,2025-02-04 11:34:43.770000,earthquake_local,KEF.HE_20250204113443_HH_EV
HE,KEF,HH,62.1667,24.867,,2058,manual,0.5,,4199,manual,0.5,20250204T124554Z_20250204T124654Z,,,,,,,,,,,explosion,,,,,,[2.9531 -3.6808 -4.4385],5999,2025-02-04 12:45:54.030000,earthquake_local,KEF.HE_20250204124554_HH_EV
HE,KEF,HH,62.1667,24.867,,709,manual,0.5,,2743,manual,0.5,20250204T125952Z_20250204T130052Z,,,,,,,,,,,explosion,,,,,,[-2.3010 1.0881 -1.8470],5591,2025-02-04 12:59:52.010000,earthquake_local,KEF.HE_20250204125952_HH_EV
HE,KEF,HH,62.1667,24.867,,2434,manual,0.5,,5197,manual,0.5,20250205T125806Z_20250205T125906Z,,,,,,,,,,,explosion,,,,,,[4.5135 -1.5755 -1.9746],5999,2025-02-05 12:58:06.710000,earthquake_local,KEF.HE_20250205125806_HH_EV
HE,KEF,HH,62.1667,24.867,,698,manual,0.5,,3389,manual,0.5,20250205T131401Z_20250205T131501Z,,,,,,,,,,,explosion,,,,,,[6.2829 -1.6806 -1.6304],5999,2025-02-05 13:14:01.120000,earthquake_local,KEF.HE_20250205131401_HH_EV
HE,KEF,HH,62.1667,24.867,,1851,manual,0.5,,3589,manual,0.5,20250205T140509Z_20250205T140609Z,,,,,,,,,,,explosion,,,,,,[12.3982 -3.2586 1.4776],5999,2025-02-05 14:05:09.630000,earthquake_local,KEF.HE_20250205140509_HH_EV
HE,KEF,HH,62.1667,24.867,,2582,manual,0.5,,4842,manual,0.5,20250206T084833Z_20250206T084933Z,,,,,,,,,,,explosion,,,,,,[1.4219 2.7074 0.5324],5999,2025-02-06 08:48:33.050000,earthquake_local,KEF.HE_20250206084833_HH_EV
HE,KEF,HH,62.1667,24.867,,1665,manual,0.5,,3830,manual,0.5,20250206T114127Z_20250206T114227Z,,,,,,,,,,,explosion,,,,,,[-2.8010 5.9899 1.9055],5999,2025-02-06 11:41:27.580000,earthquake_local,KEF.HE_20250206114127_HH_EV
HE,KEF,HH,62.1667,24.867,,578,manual,0.5,,2941,manual,0.5,20250206T115553Z_20250206T115653Z,,,,,,,,,,,explosion,,,,,,[-0.0595 -2.9928 3.4681],5999,2025-02-06 11:55:53.310000,earthquake_local,KEF.HE_20250206115553_HH_EV
HE,KEF,HH,62.1667,24.867,,1537,manual,0.5,,2125,manual,0.5,20250206T123709Z_20250206T123809Z,,,,,,,,,,,explosion,,,,,,[0.4763 0.7038 -0.8788],2948,2025-02-06 12:37:09.030000,earthquake_local,KEF.HE_20250206123709_HH_EV
HE,KEF,HH,62.1667,24.867,,1622,manual,0.5,,4198,manual,0.5,20250206T130112Z_20250206T130212Z,,,,,,,,,,,explosion,,,,,,[-1.0877 -0.5092 -2.8447],5999,2025-02-06 13:01:12.460000,earthquake_local,KEF.HE_20250206130112_HH_EV
HE,KEF,HH,62.1667,24.867,,2697,manual,0.5,,5387,manual,0.5,20250206T135049Z_20250206T135149Z,,,,,,,,,,,explosion,,,,,,[-0.1778 0.6701 -1.2860],5999,2025-02-06 13:50:49.460000,earthquake_local,KEF.HE_20250206135049_HH_EV
HE,KEF,HH,62.1667,24.867,,3119,manual,0.5,,3903,manual,0.5,20250207T081943Z_20250207T082043Z,,,,,,,,,,,explosion,,,,,,[-5.2092 3.8485 -0.5171],5001,2025-02-07 08:19:43.810000,earthquake_local,KEF.HE_20250207081943_HH_EV
HE,KEF,HH,62.1667,24.867,,2355,manual,0.5,,4429,manual,0.5,20250207T091555Z_20250207T091655Z,,,,,,,,,,,explosion,,,,,,[6.0772 -0.5688 -0.2711],5999,2025-02-07 09:15:55.630000,earthquake_local,KEF.HE_20250207091555_HH_EV
HE,KEF,HH,62.1667,24.867,,2372,manual,0.5,,4596,manual,0.5,20250207T114013Z_20250207T114113Z,,,,,,,,,,,explosion,,,,,,[-4.9144 4.1618 -4.3453],5999,2025-02-07 11:40:13.360000,earthquake_local,KEF.HE_20250207114013_HH_EV
HE,KEF,HH,62.1667,24.867,,1855,manual,0.5,,3629,manual,0.5,20250207T121738Z_20250207T121838Z,,,,,,,,,,,explosion,,,,,,[1.9640 -3.5298 -0.3121],5999,2025-02-07 12:17:38.230000,earthquake_local,KEF.HE_20250207121738_HH_EV
HE,KEF,HH,62.1667,24.867,,1035,manual,0.5,,4619,manual,0.5,20250208T091907Z_20250208T092007Z,,,,,,,,,,,explosion,,,,,,[-1.7346 -5.3836 -3.3706],5999,2025-02-08 09:19:07.290000,earthquake_local,KEF.HE_20250208091907_HH_EV
HE,KEF,HH,62.1667,24.867,,2876,manual,0.5,,5252,manual,0.5,20250211T115630Z_20250211T115730Z,,,,,,,,,,,explosion,,,,,,[3.1578 3.4184 -0.8502],5999,2025-02-11 11:56:30.720000,earthquake_local,KEF.HE_20250211115630_HH_EV
HE,KEF,HH,62.1667,24.867,,793,manual,0.5,,3275,manual,0.5,20250211T132915Z_20250211T133015Z,,,,,,,,,,,explosion,,,,,,[-0.4168 -1.6725 -0.4028],5999,2025-02-11 13:29:15.450000,earthquake_local,KEF.HE_20250211132915_HH_EV
HE,KEF,HH,62.1667,24.867,,2964,manual,0.5,,4417,manual,0.5,20250211T141046Z_20250211T141146Z,,,,,,,,,,,explosion,,,,,,[-0.2867 -0.8139 2.0570],5999,2025-02-11 14:10:46.570000,earthquake_local,KEF.HE_20250211141046_HH_EV
HE,KEF,HH,62.1667,24.867,,2555,manual,0.5,,4881,manual,0.5,20250212T103917Z_20250212T104017Z,,,,,,,,,,,explosion,,,,,,[0.1303 6.9907 -0.3648],5999,2025-02-12 10:39:17.460000,earthquake_local,KEF.HE_20250212103917_HH_EV
HE,KEF,HH,62.1667,24.867,,3457,manual,0.5,,4402,manual,0.5,20250212T112819Z_20250212T112919Z,,,,,,,,,,,explosion,,,,,,[-2.0381 1.4898 0.1047],5725,2025-02-12 11:28:19.430000,earthquake_local,KEF.HE_20250212112819_HH_EV
HE,KEF,HH,62.1667,24.867,,2815,manual,0.5,,4336,manual,0.5,20250212T113007Z_20250212T113107Z,,,,,,,,,,,explosion,,,,,,[0.7249 -0.7728 -0.7044],5999,2025-02-12 11:30:07.470000,earthquake_local,KEF.HE_20250212113007_HH_EV
HE,KEF,HH,62.1667,24.867,,2541,manual,0.5,,4893,manual,0.5,20250212T113645Z_20250212T113745Z,,,,,,,,,,,explosion,,,,,,[-1.9630 -3.0027 -0.4839],5999,2025-02-12 11:36:45.470000,earthquake_local,KEF.HE_20250212113645_HH_EV
HE,KEF,HH,62.1667,24.867,,504,manual,0.5,,3111,manual,0.5,20250212T115947Z_20250212T120047Z,,,,,,,,,,,explosion,,,,,,[-2.5642 -2.2814 -2.4663],5999,2025-02-12 11:59:47.980000,earthquake_local,KEF.HE_20250212115947_HH_EV
HE,KEF,HH,62.1667,24.867,,1222,manual,0.5,,3525,manual,0.5,20250213T091630Z_20250213T091730Z,,,,,,,,,,,explosion,,,,,,[-0.5097 -0.9204 -0.2023],5999,2025-02-13 09:16:30.880000,earthquake_local,KEF.HE_20250213091630_HH_EV
HE,KEF,HH,62.1667,24.867,,2507,manual,0.5,,4450,manual,0.5,20250213T105521Z_20250213T105621Z,,,,,,,,,,,explosion,,,,,,[0.1242 -1.6867 0.0299],5999,2025-02-13 10:55:21.850000,earthquake_local,KEF.HE_20250213105521_HH_EV
HE,KEF,HH,62.1667,24.867,,2179,manual,0.5,,4389,manual,0.5,20250213T114231Z_20250213T114331Z,,,,,,,,,,,explosion,,,,,,[-0.3346 0.5309 -0.5417],5999,2025-02-13 11:42:31.110000,earthquake_local,KEF.HE_20250213114231_HH_EV
HE,KEF,HH,62.1667,24.867,,2649,manual,0.5,,4564,manual,0.5,20250213T120358Z_20250213T120458Z,,,,,,,,,,,explosion,,,,,,[0.6488 1.6206 0.0565],5999,2025-02-13 12:03:58.190000,earthquake_local,KEF.HE_20250213120358_HH_EV
HE,KEF,HH,62.1667,24.867,,2556,manual,0.5,,4818,manual,0.5,20250213T123525Z_20250213T123625Z,,,,,,,,,,,explosion,,,,,,[-0.0532 -1.1609 -0.0534],5999,2025-02-13 12:35:25.120000,earthquake_local,KEF.HE_20250213123525_HH_EV
HE,KEF,HH,62.1667,24.867,,2494,manual,0.5,,4388,manual,0.5,20250214T094700Z_20250214T094800Z,,,,,,,,,,,explosion,,,,,,[2.0298 -0.9476 0.7423],5999,2025-02-14 09:47:00.440000,earthquake_local,KEF.HE_20250214094700_HH_EV
HE,KEF,HH,62.1667,24.867,,2510,manual,0.5,,3928,manual,0.5,20250217T114215Z_20250217T114315Z,,,,,,,,,,,explosion,,,,,,[-1.3293 -0.4648 -0.1898],5913,2025-02-17 11:42:15.500000,earthquake_local,KEF.HE_20250217114215_HH_EV
HE,KEF,HH,62.1667,24.867,,2387,manual,0.5,,4573,manual,0.5,20250218T080422Z_20250218T080522Z,,,,,,,,,,,explosion,,,,,,[0.6025 2.4189 -0.4386],5999,2025-02-18 08:04:22.420000,earthquake_local,KEF.HE_20250218080422_HH_EV
HE,KEF,HH,62.1667,24.867,,3522,manual,0.5,,4706,manual,0.5,20250218T115848Z_20250218T115948Z,,,,,,,,,,,explosion,,,,,,[-3.3803 -2.8142 1.7082],5999,2025-02-18 11:58:48.790000,earthquake_local,KEF.HE_20250218115848_HH_EV
HE,KEF,HH,62.1667,24.867,,1762,manual,0.5,,3954,manual,0.5,20250218T133704Z_20250218T133804Z,,,,,,,,,,,explosion,,,,,,[4.0654 -1.8371 -0.3682],5999,2025-02-18 13:37:04.990000,earthquake_local,KEF.HE_20250218133704_HH_EV
HE,KEF,HH,62.1667,24.867,,1582,manual,0.5,,4582,manual,0.5,20250219T110245Z_20250219T110345Z,,,,,,,,,,,explosion,,,,,,[2.2898 -0.6668 1.6154],5999,2025-02-19 11:02:45.220000,earthquake_local,KEF.HE_20250219110245_HH_EV
HE,KEF,HH,62.1667,24.867,,2541,manual,0.5,,4749,manual,0.5,20250219T122419Z_20250219T122519Z,,,,,,,,,,,explosion,,,,,,[-1.2095 1.6183 -0.7888],5999,2025-02-19 12:24:19.170000,earthquake_local,KEF.HE_20250219122419_HH_EV
HE,KEF,HH,62.1667,24.867,,1934,manual,0.5,,4003,manual,0.5,20250219T134119Z_20250219T134219Z,,,,,,,,,,,explosion,,,,,,[-2.2318 0.3549 -0.3229],5999,2025-02-19 13:41:19.780000,earthquake_local,KEF.HE_20250219134119_HH_EV
HE,KEF,HH,62.1667,24.867,,1263,manual,0.5,,2586,manual,0.5,20250220T072949Z_20250220T073049Z,,,,,,,,,,,explosion,,,,,,[0.0332 2.5220 0.0483],4438,2025-02-20 07:29:49.690000,earthquake_local,KEF.HE_20250220072949_HH_EV
HE,KEF,HH,62.1667,24.867,,561,manual,0.5,,3200,manual,0.5,20250220T092125Z_20250220T092225Z,,,,,,,,,,,explosion,,,,,,[1.1119 -0.7296 -0.4774],5999,2025-02-20 09:21:25.650000,earthquake_local,KEF.HE_20250220092125_HH_EV
HE,KEF,HH,62.1667,24.867,,3134,manual,0.5,,4029,manual,0.5,20250220T093240Z_20250220T093340Z,,,,,,,,,,,explosion,,,,,,[-0.4877 0.6487 1.7006],5282,2025-02-20 09:32:40.240000,earthquake_local,KEF.HE_20250220093240_HH_EV
HE,KEF,HH,62.1667,24.867,,4211,manual,0.5,,5135,manual,0.5,20250220T111154Z_20250220T111254Z,,,,,,,,,,,explosion,,,,,,[0.4941 1.1992 0.7548],5999,2025-02-20 11:11:54.280000,earthquake_local,KEF.HE_20250220111154_HH_EV
HE,KEF,HH,62.1667,24.867,,1482,manual,0.5,,4159,manual,0.5,20250220T113711Z_20250220T113811Z,,,,,,,,,,,explosion,,,,,,[5.7693 3.4263 1.7715],5999,2025-02-20 11:37:11.190000,earthquake_local,KEF.HE_20250220113711_HH_EV
HE,KEF,HH,62.1667,24.867,,1914,manual,0.5,,2454,manual,0.5,20250220T114648Z_20250220T114748Z,,,,,,,,,,,explosion,,,,,,[-2.2209 0.8276 0.2523],3210,2025-02-20 11:46:48.670000,earthquake_local,KEF.HE_20250220114648_HH_EV
HE,KEF,HH,62.1667,24.867,,2531,manual,0.5,,3909,manual,0.5,20250220T121351Z_20250220T121451Z,,,,,,,,,,,explosion,,,,,,[-0.0196 -2.2045 0.3741],5838,2025-02-20 12:13:51.610000,earthquake_local,KEF.HE_20250220121351_HH_EV
HE,KEF,HH,62.1667,24.867,,1268,manual,0.5,,2623,manual,0.5,20250220T131718Z_20250220T131818Z,,,,,,,,,,,explosion,,,,,,[-1.1324 -3.8749 -2.7275],4520,2025-02-20 13:17:18.390000,earthquake_local,KEF.HE_20250220131718_HH_EV
HE,KEF,HH,62.1667,24.867,,1038,manual,0.5,,3081,manual,0.5,20250220T135600Z_20250220T135700Z,,,,,,,,,,,explosion,,,,,,[-4.4433 1.2387 -0.9483],5941,2025-02-20 13:56:00.710000,earthquake_local,KEF.HE_20250220135600_HH_EV
HE,KEF,HH,62.1667,24.867,,1516,manual,0.5,,3965,manual,0.5,20250221T113625Z_20250221T113725Z,,,,,,,,,,,explosion,,,,,,[0.6820 3.6949 1.4488],5999,2025-02-21 11:36:25.070000,earthquake_local,KEF.HE_20250221113625_HH_EV
HE,KEF,HH,62.1667,24.867,,1101,manual,0.5,,3741,manual,0.5,20250221T115425Z_20250221T115525Z,,,,,,,,,,,explosion,,,,,,[-0.0659 0.8938 0.1018],5999,2025-02-21 11:54:25.870000,earthquake_local,KEF.HE_20250221115425_HH_EV
HE,KEF,HH,62.1667,24.867,,2419,manual,0.5,,5194,manual,0.5,20250221T124501Z_20250221T124601Z,,,,,,,,,,,explosion,,,,,,[0.3596 2.7470 -0.7063],5999,2025-02-21 12:45:01.190000,earthquake_local,KEF.HE_20250221124501_HH_EV
HE,KEF,HH,62.1667,24.867,,713,manual,0.5,,2362,manual,0.5,20250221T130313Z_20250221T130413Z,,,,,,,,,,,explosion,,,,,,[-2.4201 4.3822 -0.4971],4671,2025-02-21 13:03:13.320000,earthquake_local,KEF.HE_20250221130313_HH_EV
HE,KEF,HH,62.1667,24.867,,3586,manual,0.5,,4583,manual,0.5,20250221T141455Z_20250221T141555Z,,,,,,,,,,,explosion,,,,,,[-2.2187 1.9227 -1.0881],5979,2025-02-21 14:14:55.060000,earthquake_local,KEF.HE_20250221141455_HH_EV
HE,KEF,HH,62.1667,24.867,,2014,manual,0.5,,3143,manual,0.5,20250221T162614Z_20250221T162714Z,,,,,,,,,,,explosion,,,,,,[-1.6064 0.3647 -0.5617],4724,2025-02-21 16:26:14.490000,earthquake_local,KEF.HE_20250221162614_HH_EV
HE,KEF,HH,62.1667,24.867,,986,manual,0.5,,4370,manual,0.5,20250223T072049Z_20250223T072149Z,,,,,,,,,,,explosion,,,,,,[0.6469 0.6132 -0.7946],5999,2025-02-23 07:20:49.940000,earthquake_local,KEF.HE_20250223072049_HH_EV
HE,KEF,HH,62.1667,24.867,,1314,manual,0.5,,3750,manual,0.5,20250224T075848Z_20250224T075948Z,,,,,,,,,,,explosion,,,,,,[-1.9871 6.3207 -1.5676],5999,2025-02-24 07:58:48.150000,earthquake_local,KEF.HE_20250224075848_HH_EV
HE,KEF,HH,62.1667,24.867,,1751,manual,0.5,,3317,manual,0.5,20250224T110857Z_20250224T110957Z,,,,,,,,,,,explosion,,,,,,[3.8926 4.9152 1.1968],5509,2025-02-24 11:08:57.330000,earthquake_local,KEF.HE_20250224110857_HH_EV
HE,KEF,HH,62.1667,24.867,,2211,manual,0.5,,4475,manual,0.5,20250224T114555Z_20250224T114655Z,,,,,,,,,,,explosion,,,,,,[-2.2774 3.0616 1.4342],5999,2025-02-24 11:45:55.570000,earthquake_local,KEF.HE_20250224114555_HH_EV
HE,KEF,HH,62.1667,24.867,,3223,manual,0.5,,5286,manual,0.5,20250224T125853Z_20250224T125953Z,,,,,,,,,,,explosion,,,,,,[-4.2811 -3.4751 0.6444],5999,2025-02-24 12:58:53.880000,earthquake_local,KEF.HE_20250224125853_HH_EV
HE,KEF,HH,62.1667,24.867,,1791,manual,0.5,,3754,manual,0.5,20250224T133703Z_20250224T133803Z,,,,,,,,,,,explosion,,,,,,[1.1751 2.0172 0.5160],5999,2025-02-24 13:37:03.710000,earthquake_local,KEF.HE_20250224133703_HH_EV
HE,KEF,HH,62.1667,24.867,,1755,manual,0.5,,4193,manual,0.5,20250224T141355Z_20250224T141455Z,,,,,,,,,,,explosion,,,,,,[3.9030 0.4108 -1.3325],5999,2025-02-24 14:13:55.730000,earthquake_local,KEF.HE_20250224141355_HH_EV
HE,KEF,HH,62.1667,24.867,,2114,manual,0.5,,5452,manual,0.5,20250225T101021Z_20250225T101121Z,,,,,,,,,,,explosion,,,,,,[-2.9608 3.7245 -1.8272],5999,2025-02-25 10:10:21.920000,earthquake_local,KEF.HE_20250225101021_HH_EV
HE,KEF,HH,62.1667,24.867,,3171,manual,0.5,,4624,manual,0.5,20250225T101732Z_20250225T101832Z,,,,,,,,,,,explosion,,,,,,[2.2538 -1.1061 0.7923],5999,2025-02-25 10:17:32.410000,earthquake_local,KEF.HE_20250225101732_HH_EV
HE,KEF,HH,62.1667,24.867,,2895,manual,0.5,,5454,manual,0.5,20250225T103321Z_20250225T103421Z,,,,,,,,,,,explosion,,,,,,[-0.3245 0.0976 1.1557],5999,2025-02-25 10:33:21.990000,earthquake_local,KEF.HE_20250225103321_HH_EV
HE,KEF,HH,62.1667,24.867,,1061,manual,0.5,,2305,manual,0.5,20250225T120124Z_20250225T120224Z,,,,,,,,,,,explosion,,,,,,[2.4144 0.4262 0.4356],4047,2025-02-25 12:01:24.220000,earthquake_local,KEF.HE_20250225120124_HH_EV
HE,KEF,HH,62.1667,24.867,,1705,manual,0.5,,4403,manual,0.5,20250225T120215Z_20250225T120315Z,,,,,,,,,,,explosion,,,,,,[3.0808 -0.6484 -2.1076],5999,2025-02-25 12:02:15.090000,earthquake_local,KEF.HE_20250225120215_HH_EV
HE,KEF,HH,62.1667,24.867,,2131,manual,0.5,,4240,manual,0.5,20250225T121903Z_20250225T122003Z,,,,,,,,,,,explosion,,,,,,[-0.0166 -2.7186 -0.4441],5999,2025-02-25 12:19:03.750000,earthquake_local,KEF.HE_20250225121903_HH_EV
HE,KEF,HH,62.1667,24.867,,3716,manual,0.5,,5005,manual,0.5,20250225T134815Z_20250225T134915Z,,,,,,,,,,,explosion,,,,,,[-0.4114 0.0117 0.0309],5999,2025-02-25 13:48:15.250000,earthquake_local,KEF.HE_20250225134815_HH_EV
HE,KEF,HH,62.1667,24.867,,2856,manual,0.5,,4900,manual,0.5,20250226T105616Z_20250226T105716Z,,,,,,,,,,,explosion,,,,,,[1.5784 -0.0690 -0.0444],5999,2025-02-26 10:56:16.400000,earthquake_local,KEF.HE_20250226105616_HH_EV
HE,KEF,HH,62.1667,24.867,,868,manual,0.5,,1832,manual,0.5,20250226T124349Z_20250226T124449Z,,,,,,,,,,,explosion,,,,,,[1.8438 0.7817 0.7706],3182,2025-02-26 12:43:49.770000,earthquake_local,KEF.HE_20250226124349_HH_EV
HE,KEF,HH,62.1667,24.867,,1746,manual,0.5,,4530,manual,0.5,20250226T133421Z_20250226T133521Z,,,,,,,,,,,explosion,,,,,,[0.2392 -0.9395 0.0978],5999,2025-02-26 13:34:21.440000,earthquake_local,KEF.HE_20250226133421_HH_EV
HE,KEF,HH,62.1667,24.867,,1757,manual,0.5,,3816,manual,0.5,20250226T134306Z_20250226T134406Z,,,,,,,,,,,explosion,,,,,,[-0.9021 -2.6739 -1.9055],5999,2025-02-26 13:43:06.060000,earthquake_local,KEF.HE_20250226134306_HH_EV
HE,KEF,HH,62.1667,24.867,,1511,manual,0.5,,4847,manual,0.5,20250226T140602Z_20250226T140702Z,,,,,,,,,,,explosion,,,,,,[0.9095 2.3493 -1.3861],5999,2025-02-26 14:06:02.690000,earthquake_local,KEF.HE_20250226140602_HH_EV
HE,KEF,HH,62.1667,24.867,,1988,manual,0.5,,2632,manual,0.5,20250227T091343Z_20250227T091443Z,,,,,,,,,,,explosion,,,,,,[1.0211 1.8540 0.2254],3534,2025-02-27 09:13:43.400000,earthquake_local,KEF.HE_20250227091343_HH_EV
HE,KEF,HH,62.1667,24.867,,2583,manual,0.5,,2748,manual,0.5,20250227T100129Z_20250227T100229Z,,,,,,,,,,,explosion,,,,,,[1.6322 1.9174 1.6259],2979,2025-02-27 10:01:29.300000,earthquake_local,KEF.HE_20250227100129_HH_EV
HE,KEF,HH,62.1667,24.867,,978,manual,0.5,,4179,manual,0.5,20250227T101954Z_20250227T102054Z,,,,,,,,,,,explosion,,,,,,[1.9556 -0.7752 0.0277],5999,2025-02-27 10:19:54.870000,earthquake_local,KEF.HE_20250227101954_HH_EV
HE,KEF,HH,62.1667,24.867,,1934,manual,0.5,,3922,manual,0.5,20250227T105717Z_20250227T105817Z,,,,,,,,,,,explosion,,,,,,[0.7650 4.2948 0.8934],5999,2025-02-27 10:57:17.180000,earthquake_local,KEF.HE_20250227105717_HH_EV
HE,KEF,HH,62.1667,24.867,,1500,manual,0.5,,4208,manual,0.5,20250227T115909Z_20250227T120009Z,,,,,,,,,,,explosion,,,,,,[-0.5624 3.1834 -0.3944],5999,2025-02-27 11:59:09.580000,earthquake_local,KEF.HE_20250227115909_HH_EV
HE,KEF,HH,62.1667,24.867,,3003,manual,0.5,,5463,manual,0.5,20250227T121107Z_20250227T121207Z,,,,,,,,,,,explosion,,,,,,[-1.9884 6.1451 0.0049],5999,2025-02-27 12:11:07.050000,earthquake_local,KEF.HE_20250227121107_HH_EV
HE,KEF,HH,62.1667,24.867,,2128,manual,0.5,,4798,manual,0.5,20250227T123617Z_20250227T123717Z,,,,,,,,,,,explosion,,,,,,[-0.4703 0.0287 -0.1297],5999,2025-02-27 12:36:17.600000,earthquake_local,KEF.HE_20250227123617_HH_EV
HE,KEF,HH,62.1667,24.867,,1243,manual,0.5,,3260,manual,0.5,20250227T135722Z_20250227T135822Z,,,,,,,,,,,explosion,,,,,,[-1.1984 0.9170 0.2059],5999,2025-02-27 13:57:22.870000,earthquake_local,KEF.HE_20250227135722_HH_EV
HE,KEF,HH,62.1667,24.867,,1533,manual,0.5,,4885,manual,0.5,20250228T075815Z_20250228T075915Z,,,,,,,,,,,explosion,,,,,,[-4.4733 5.4050 1.3332],5999,2025-02-28 07:58:15.510000,earthquake_local,KEF.HE_20250228075815_HH_EV
HE,KEF,HH,62.1667,24.867,,1331,manual,0.5,,2458,manual,0.5,20250228T085245Z_20250228T085345Z,,,,,,,,,,,explosion,,,,,,[0.5261 -1.6871 -0.4222],4036,2025-02-28 08:52:45.420000,earthquake_local,KEF.HE_20250228085245_HH_EV
HE,KEF,HH,62.1667,24.867,,1909,manual,0.5,,1969,manual,0.5,20250228T085657Z_20250228T085757Z,,,,,,,,,,,explosion,,,,,,[1.0461 9.9941 0.6849],2069,2025-02-28 08:56:57.990000,earthquake_local,KEF.HE_20250228085657_HH_EV
HE,KEF,HH,62.1667,24.867,,1750,manual,0.5,,4490,manual,0.5,20250228T095937Z_20250228T100037Z,,,,,,,,,,,explosion,,,,,,[-3.1503 4.1141 -0.8393],5999,2025-02-28 09:59:37.960000,earthquake_local,KEF.HE_20250228095937_HH_EV
HE,KEF,HH,62.1667,24.867,,1377,manual,0.5,,3365,manual,0.5,20250228T105220Z_20250228T105320Z,,,,,,,,,,,explosion,,,,,,[2.0271 3.7287 1.8891],5999,2025-02-28 10:52:20.870000,earthquake_local,KEF.HE_20250228105220_HH_EV
HE,KEF,HH,62.1667,24.867,,1026,manual,0.5,,3221,manual,0.5,20250228T113648Z_20250228T113748Z,,,,,,,,,,,explosion,,,,,,[-0.2376 0.8259 1.2044],5999,2025-02-28 11:36:48.870000,earthquake_local,KEF.HE_20250228113648_HH_EV
HE,KEV,HH,69.75651,27.00356,,1469,manual,0.5,,4675,manual,0.5,20250102T124008Z_20250102T124108Z,,,,,,,,,,,explosion,,,,,,[-3.8833 -1.4440 -0.2517],5999,2025-01-02 12:40:08.330000,earthquake_local,KEV.HE_20250102124008_HH_EV
HE,KEV,HH,69.75651,27.00356,,539,manual,0.5,,5152,manual,0.5,20250103T200547Z_20250103T200647Z,,,,,,,,,,,explosion,,,,,,[1.0849 -3.1305 5.9431],5999,2025-01-03 20:05:47.280000,earthquake_local,KEV.HE_20250103200547_HH_EV
HE,KEV,HH,69.75651,27.00356,,897,manual,0.5,,4831,manual,0.5,20250103T200941Z_20250103T201041Z,,,,,,,,,,,explosion,,,,,,[2.8812 3.5063 0.2316],5999,2025-01-03 20:09:41.830000,earthquake_local,KEV.HE_20250103200941_HH_EV
HE,KEV,HH,69.75651,27.00356,,1158,manual,0.5,,5078,manual,0.5,20250103T202955Z_20250103T203055Z,,,,,,,,,,,explosion,,,,,,[-5.0327 -3.3604 -0.7732],5999,2025-01-03 20:29:55.100000,earthquake_local,KEV.HE_20250103202955_HH_EV
HE,KEV,HH,69.75651,27.00356,,1478,manual,0.5,,4793,manual,0.5,20250104T110705Z_20250104T110805Z,,,,,,,,,,,explosion,,,,,,[0.6132 -2.4879 -0.9649],5999,2025-01-04 11:07:05.070000,earthquake_local,KEV.HE_20250104110705_HH_EV
HE,KEV,HH,69.75651,27.00356,,1141,manual,0.5,,4620,manual,0.5,20250104T131544Z_20250104T131644Z,,,,,,,,,,,explosion,,,,,,[15.1656 0.1383 -0.3974],5999,2025-01-04 13:15:44.160000,earthquake_local,KEV.HE_20250104131544_HH_EV
HE,KEV,HH,69.75651,27.00356,,594,manual,0.5,,4446,manual,0.5,20250104T201837Z_20250104T201937Z,,,,,,,,,,,explosion,,,,,,[0.6315 1.2425 1.8673],5999,2025-01-04 20:18:37.740000,earthquake_local,KEV.HE_20250104201837_HH_EV
HE,KEV,HH,69.75651,27.00356,,1636,manual,0.5,,5482,manual,0.5,20250105T003214Z_20250105T003314Z,,,,,,,,,,,explosion,,,,,,[-0.0641 7.7745 3.5930],5999,2025-01-05 00:32:14.840000,earthquake_local,KEV.HE_20250105003214_HH_EV
HE,KEV,HH,69.75651,27.00356,,2654,manual,0.5,,4418,manual,0.5,20250105T160903Z_20250105T161003Z,,,,,,,,,,,explosion,,,,,,[3.7319 -0.6075 -1.8081],5999,2025-01-05 16:09:03.820000,earthquake_local,KEV.HE_20250105160903_HH_EV
HE,KEV,HH,69.75651,27.00356,,2581,manual,0.5,,5023,manual,0.5,20250105T164806Z_20250105T164906Z,,,,,,,,,,,explosion,,,,,,[0.8569 -0.7754 3.4019],5999,2025-01-05 16:48:06.690000,earthquake_local,KEV.HE_20250105164806_HH_EV
HE,KEV,HH,69.75651,27.00356,,1681,manual,0.5,,4127,manual,0.5,20250106T164458Z_20250106T164558Z,,,,,,,,,,,explosion,,,,,,[3.7760 -3.7480 2.2949],5999,2025-01-06 16:44:58.230000,earthquake_local,KEV.HE_20250106164458_HH_EV
HE,KEV,HH,69.75651,27.00356,,2766,manual,0.5,,4528,manual,0.5,20250107T160554Z_20250107T160654Z,,,,,,,,,,,explosion,,,,,,[-3.4024 3.4344 1.0114],5999,2025-01-07 16:05:54.240000,earthquake_local,KEV.HE_20250107160554_HH_EV
HE,KEV,HH,69.75651,27.00356,,1905,manual,0.5,,5251,manual,0.5,20250108T120947Z_20250108T121047Z,,,,,,,,,,,explosion,,,,,,[1.8291 0.6538 0.0334],5999,2025-01-08 12:09:47.970000,earthquake_local,KEV.HE_20250108120947_HH_EV
HE,KEV,HH,69.75651,27.00356,,582,manual,0.5,,3072,manual,0.5,20250108T164426Z_20250108T164526Z,,,,,,,,,,,explosion,,,,,,[2.6492 1.6582 2.0637],5999,2025-01-08 16:44:26.730000,earthquake_local,KEV.HE_20250108164426_HH_EV
HE,KEV,HH,69.75651,27.00356,,536,manual,0.5,,5424,manual,0.5,20250110T062646Z_20250110T062746Z,,,,,,,,,,,explosion,,,,,,[-4.6848 0.0896 -1.2906],5999,2025-01-10 06:26:46.880000,earthquake_local,KEV.HE_20250110062646_HH_EV
HE,KEV,HH,69.75651,27.00356,,964,manual,0.5,,4772,manual,0.5,20250110T200600Z_20250110T200700Z,,,,,,,,,,,explosion,,,,,,[-4.4409 0.0661 -2.0000],5999,2025-01-10 20:06:00.720000,earthquake_local,KEV.HE_20250110200600_HH_EV
HE,KEV,HH,69.75651,27.00356,,997,manual,0.5,,4783,manual,0.5,20250111T201448Z_20250111T201548Z,,,,,,,,,,,explosion,,,,,,[7.0123 4.7117 1.0656],5999,2025-01-11 20:14:48.130000,earthquake_local,KEV.HE_20250111201448_HH_EV
HE,KEV,HH,69.75651,27.00356,,2614,manual,0.5,,4329,manual,0.5,20250112T041912Z_20250112T042012Z,,,,,,,,,,,explosion,,,,,,[0.7900 0.7160 7.4371],5999,2025-01-12 04:19:12.810000,earthquake_local,KEV.HE_20250112041912_HH_EV
HE,KEV,HH,69.75651,27.00356,,1820,manual,0.5,,3640,manual,0.5,20250112T161039Z_20250112T161139Z,,,,,,,,,,,explosion,,,,,,[-0.5147 -0.1300 -3.3648],5999,2025-01-12 16:10:39.160000,earthquake_local,KEV.HE_20250112161039_HH_EV
HE,KEV,HH,69.75651,27.00356,,2127,manual,0.5,,4567,manual,0.5,20250112T164713Z_20250112T164813Z,,,,,,,,,,,explosion,,,,,,[4.6421 1.7567 0.1170],5999,2025-01-12 16:47:13.190000,earthquake_local,KEV.HE_20250112164713_HH_EV
HE,KEV,HH,69.75651,27.00356,,691,manual,0.5,,5481,manual,0.5,20250112T200525Z_20250112T200625Z,,,,,,,,,,,explosion,,,,,,[-0.4172 -1.9082 -0.9508],5999,2025-01-12 20:05:25.790000,earthquake_local,KEV.HE_20250112200525_HH_EV
HE,KEV,HH,69.75651,27.00356,,3222,manual,0.5,,4958,manual,0.5,20250113T160023Z_20250113T160123Z,,,,,,,,,,,explosion,,,,,,[0.1834 -0.2016 0.8349],5999,2025-01-13 16:00:23.840000,earthquake_local,KEV.HE_20250113160023_HH_EV
HE,KEV,HH,69.75651,27.00356,,3251,manual,0.5,,5001,manual,0.5,20250113T160144Z_20250113T160244Z,,,,,,,,,,,explosion,,,,,,[5.8942 -2.7443 2.7174],5999,2025-01-13 16:01:44.650000,earthquake_local,KEV.HE_20250113160144_HH_EV
HE,KEV,HH,69.75651,27.00356,,612,manual,0.5,,5416,manual,0.5,20250113T200558Z_20250113T200658Z,,,,,,,,,,,explosion,,,,,,[-1.5156 0.4989 -2.0769],5999,2025-01-13 20:05:58.280000,earthquake_local,KEV.HE_20250113200558_HH_EV
HE,KEV,HH,69.75651,27.00356,,564,manual,0.5,,4470,manual,0.5,20250113T201317Z_20250113T201417Z,,,,,,,,,,,explosion,,,,,,[-0.4072 -1.8458 0.2847],5999,2025-01-13 20:13:17.890000,earthquake_local,KEV.HE_20250113201317_HH_EV
HE,KEV,HH,69.75651,27.00356,,1982,manual,0.5,,3144,manual,0.5,20250114T124914Z_20250114T125014Z,,,,,,,,,,,explosion,,,,,,[1.2342 -3.4145 -7.4875],4771,2025-01-14 12:49:14.600000,earthquake_local,KEV.HE_20250114124914_HH_EV
HE,KEV,HH,69.75651,27.00356,,2536,manual,0.5,,4434,manual,0.5,20250114T131008Z_20250114T131108Z,,,,,,,,,,,explosion,,,,,,[-1.9151 0.2441 -3.1801],5999,2025-01-14 13:10:08.780000,earthquake_local,KEV.HE_20250114131008_HH_EV
HE,KEV,HH,69.75651,27.00356,,529,manual,0.5,,2316,manual,0.5,20250116T161920Z_20250116T162020Z,,,,,,,,,,,explosion,,,,,,[-2.7288 5.9774 2.7736],4818,2025-01-16 16:19:20.410000,earthquake_local,KEV.HE_20250116161920_HH_EV
HE,KEV,HH,69.75651,27.00356,,545,manual,0.5,,3725,manual,0.5,20250117T124003Z_20250117T124103Z,,,,,,,,,,,explosion,,,,,,[7.0319 4.6535 1.9646],5999,2025-01-17 12:40:03.550000,earthquake_local,KEV.HE_20250117124003_HH_EV
HE,KEV,HH,69.75651,27.00356,,1933,manual,0.5,,5440,manual,0.5,20250119T101910Z_20250119T102010Z,,,,,,,,,,,explosion,,,,,,[-0.3664 -1.3836 3.1221],5999,2025-01-19 10:19:10.800000,earthquake_local,KEV.HE_20250119101910_HH_EV
HE,KEV,HH,69.75651,27.00356,,1473,manual,0.5,,3959,manual,0.5,20250119T164603Z_20250119T164703Z,,,,,,,,,,,explosion,,,,,,[0.2004 3.1650 3.2582],5999,2025-01-19 16:46:03.270000,earthquake_local,KEV.HE_20250119164603_HH_EV
HE,KEV,HH,69.75651,27.00356,,991,manual,0.5,,4834,manual,0.5,20250120T120542Z_20250120T120642Z,,,,,,,,,,,explosion,,,,,,[-0.7642 -3.0895 2.6046],5999,2025-01-20 12:05:42.980000,earthquake_local,KEV.HE_20250120120542_HH_EV
HE,KEV,HH,69.75651,27.00356,,716,manual,0.5,,4682,manual,0.5,20250121T102052Z_20250121T102152Z,,,,,,,,,,,explosion,,,,,,[0.3402 3.8298 9.3585],5999,2025-01-21 10:20:52.120000,earthquake_local,KEV.HE_20250121102052_HH_EV
HE,KEV,HH,69.75651,27.00356,,621,manual,0.5,,4439,manual,0.5,20250121T201105Z_20250121T201205Z,,,,,,,,,,,explosion,,,,,,[1.6053 1.8225 2.8005],5999,2025-01-21 20:11:05.930000,earthquake_local,KEV.HE_20250121201105_HH_EV
HE,KEV,HH,69.75651,27.00356,,1487,manual,0.5,,4938,manual,0.5,20250121T225458Z_20250121T225558Z,,,,,,,,,,,explosion,,,,,,[3.2688 -2.7029 -2.1173],5999,2025-01-21 22:54:58.220000,earthquake_local,KEV.HE_20250121225458_HH_EV
HE,KEV,HH,69.75651,27.00356,,2894,manual,0.5,,5370,manual,0.5,20250122T045307Z_20250122T045407Z,,,,,,,,,,,explosion,,,,,,[-2.8942 -0.7390 -1.0560],5999,2025-01-22 04:53:07.970000,earthquake_local,KEV.HE_20250122045307_HH_EV
HE,KEV,HH,69.75651,27.00356,,889,manual,0.5,,4745,manual,0.5,20250125T005413Z_20250125T005513Z,,,,,,,,,,,explosion,,,,,,[-1.5264 4.6912 -0.8513],5999,2025-01-25 00:54:13.070000,earthquake_local,KEV.HE_20250125005413_HH_EV
HE,KEV,HH,69.75651,27.00356,,1509,manual,0.5,,4876,manual,0.5,20250125T102553Z_20250125T102653Z,,,,,,,,,,,explosion,,,,,,[0.8865 2.1428 1.6636],5999,2025-01-25 10:25:53.040000,earthquake_local,KEV.HE_20250125102553_HH_EV
HE,KEV,HH,69.75651,27.00356,,1351,manual,0.5,,5145,manual,0.5,20250126T201953Z_20250126T202053Z,,,,,,,,,,,explosion,,,,,,[4.6547 4.2155 0.0620],5999,2025-01-26 20:19:53.450000,earthquake_local,KEV.HE_20250126201953_HH_EV
HE,KEV,HH,69.75651,27.00356,,927,manual,0.5,,4763,manual,0.5,20250127T120530Z_20250127T120630Z,,,,,,,,,,,explosion,,,,,,[3.2611 4.8960 -2.7272],5999,2025-01-27 12:05:30.330000,earthquake_local,KEV.HE_20250127120530_HH_EV
HE,KEV,HH,69.75651,27.00356,,2292,manual,0.5,,3410,manual,0.5,20250127T124506Z_20250127T124606Z,,,,,,,,,,,explosion,,,,,,[-3.0573 -3.4397 -2.1125],4975,2025-01-27 12:45:06.540000,earthquake_local,KEV.HE_20250127124506_HH_EV
HE,KEV,HH,69.75651,27.00356,,669,manual,0.5,,4477,manual,0.5,20250127T201016Z_20250127T201116Z,,,,,,,,,,,explosion,,,,,,[-1.4765 5.8045 -0.7756],5999,2025-01-27 20:10:16.590000,earthquake_local,KEV.HE_20250127201016_HH_EV
HE,KEV,HH,69.75651,27.00356,,735,manual,0.5,,4586,manual,0.5,20250127T201745Z_20250127T201845Z,,,,,,,,,,,explosion,,,,,,[7.9935 -5.4544 -0.6727],5999,2025-01-27 20:17:45.380000,earthquake_local,KEV.HE_20250127201745_HH_EV
HE,KEV,HH,69.75651,27.00356,,1002,manual,0.5,,4880,manual,0.5,20250128T002827Z_20250128T002927Z,,,,,,,,,,,explosion,,,,,,[4.2000 7.6394 4.9361],5999,2025-01-28 00:28:27.620000,earthquake_local,KEV.HE_20250128002827_HH_EV
HE,KEV,HH,69.75651,27.00356,,1147,manual,0.5,,5105,manual,0.5,20250128T040545Z_20250128T040645Z,,,,,,,,,,,explosion,,,,,,[-1.2159 6.5277 3.9035],5999,2025-01-28 04:05:45.730000,earthquake_local,KEV.HE_20250128040545_HH_EV
HE,KEV,HH,69.75651,27.00356,,1122,manual,0.5,,4995,manual,0.5,20250128T200723Z_20250128T200823Z,,,,,,,,,,,explosion,,,,,,[-0.5075 1.1782 2.9769],5999,2025-01-28 20:07:23.090000,earthquake_local,KEV.HE_20250128200723_HH_EV
HE,KEV,HH,69.75651,27.00356,,1053,manual,0.5,,4917,manual,0.5,20250128T201349Z_20250128T201449Z,,,,,,,,,,,explosion,,,,,,[-2.6696 -2.9595 -5.5143],5999,2025-01-28 20:13:49.310000,earthquake_local,KEV.HE_20250128201349_HH_EV
HE,KEV,HH,69.75651,27.00356,,1210,manual,0.5,,3701,manual,0.5,20250129T044524Z_20250129T044624Z,,,,,,,,,,,explosion,,,,,,[-3.4503 4.5518 0.5692],5999,2025-01-29 04:45:24.880000,earthquake_local,KEV.HE_20250129044524_HH_EV
HE,KEV,HH,69.75651,27.00356,,1053,manual,0.5,,4259,manual,0.5,20250129T120417Z_20250129T120517Z,,,,,,,,,,,explosion,,,,,,[5.7539 2.3311 4.1433],5999,2025-01-29 12:04:17.450000,earthquake_local,KEV.HE_20250129120417_HH_EV
HE,KEV,HH,69.75651,27.00356,,777,manual,0.5,,1903,manual,0.5,20250131T114600Z_20250131T114700Z,,,,,,,,,,,explosion,,,,,,[4.5892 3.6930 1.3123],3479,2025-01-31 11:46:00.540000,earthquake_local,KEV.HE_20250131114600_HH_EV
HE,KEV,HH,69.75651,27.00356,,1656,manual,0.5,,5457,manual,0.5,20250131T201531Z_20250131T201631Z,,,,,,,,,,,explosion,,,,,,[-1.3175 -2.4647 -2.1307],5999,2025-01-31 20:15:31.150000,earthquake_local,KEV.HE_20250131201531_HH_EV
HE,KEV,HH,69.75651,27.00356,,1581,manual,0.5,,5421,manual,0.5,20250131T202318Z_20250131T202418Z,,,,,,,,,,,explosion,,,,,,[2.8791 2.1430 4.2191],5999,2025-01-31 20:23:18.070000,earthquake_local,KEV.HE_20250131202318_HH_EV
HE,KEV,HH,69.75651,27.00356,,1544,manual,0.5,,3346,manual,0.5,20250201T160040Z_20250201T160140Z,,,,,,,,,,,explosion,,,,,,[0.6815 3.2228 1.0539],5869,2025-02-01 16:00:40.700000,earthquake_local,KEV.HE_20250201160040_HH_EV
HE,KEV,HH,69.75651,27.00356,,2707,manual,0.5,,4457,manual,0.5,20250201T160148Z_20250201T160248Z,,,,,,,,,,,explosion,,,,,,[0.9028 7.5618 4.4336],5999,2025-02-01 16:01:48.490000,earthquake_local,KEV.HE_20250201160148_HH_EV
HE,KEV,HH,69.75651,27.00356,,1221,manual,0.5,,4987,manual,0.5,20250201T201413Z_20250201T201513Z,,,,,,,,,,,explosion,,,,,,[1.4724 1.1406 -0.0606],5999,2025-02-01 20:14:13.770000,earthquake_local,KEV.HE_20250201201413_HH_EV
HE,KEV,HH,69.75651,27.00356,,680,manual,0.5,,3396,manual,0.5,20250202T103831Z_20250202T103931Z,,,,,,,,,,,explosion,,,,,,[-0.2873 -1.4874 -1.8026],5999,2025-02-02 10:38:32.000000,earthquake_local,KEV.HE_20250202103831_HH_EV
HE,KEV,HH,69.75651,27.00356,,1548,manual,0.5,,4056,manual,0.5,20250202T163914Z_20250202T164014Z,,,,,,,,,,,explosion,,,,,,[4.2300 15.3570 6.5409],5999,2025-02-02 16:39:14.480000,earthquake_local,KEV.HE_20250202163914_HH_EV
HE,KEV,HH,69.75651,27.00356,,901,manual,0.5,,5103,manual,0.5,20250202T200547Z_20250202T200647Z,,,,,,,,,,,explosion,,,,,,[1.9496 -1.3609 4.3776],5999,2025-02-02 20:05:47.970000,earthquake_local,KEV.HE_20250202200547_HH_EV
HE,KEV,HH,69.75651,27.00356,,1578,manual,0.5,,5400,manual,0.5,20250203T040942Z_20250203T041042Z,,,,,,,,,,,explosion,,,,,,[1.1722 -0.3329 -0.6829],5999,2025-02-03 04:09:42.200000,earthquake_local,KEV.HE_20250203040942_HH_EV
HE,KEV,HH,69.75651,27.00356,,1419,manual,0.5,,5220,manual,0.5,20250203T103712Z_20250203T103812Z,,,,,,,,,,,explosion,,,,,,[-2.7236 0.5391 -1.1921],5999,2025-02-03 10:37:12.530000,earthquake_local,KEV.HE_20250203103712_HH_EV
HE,KEV,HH,69.75651,27.00356,,1401,manual,0.5,,4755,manual,0.5,20250203T130745Z_20250203T130845Z,,,,,,,,,,,explosion,,,,,,[3.9651 -0.5665 -2.0473],5999,2025-02-03 13:07:45.930000,earthquake_local,KEV.HE_20250203130745_HH_EV
HE,KEV,HH,69.75651,27.00356,,1214,manual,0.5,,5246,manual,0.5,20250203T181744Z_20250203T181844Z,,,,,,,,,,,explosion,,,,,,[2.0309 1.0215 -1.5175],5999,2025-02-03 18:17:44.500000,earthquake_local,KEV.HE_20250203181744_HH_EV
HE,KEV,HH,69.75651,27.00356,,706,manual,0.5,,4546,manual,0.5,20250203T193800Z_20250203T193900Z,,,,,,,,,,,explosion,,,,,,[0.4546 -5.2561 -3.5263],5999,2025-02-03 19:38:00.820000,earthquake_local,KEV.HE_20250203193800_HH_EV
HE,KEV,HH,69.75651,27.00356,,1832,manual,0.5,,5248,manual,0.5,20250204T040537Z_20250204T040637Z,,,,,,,,,,,explosion,,,,,,[6.5783 -0.2128 2.0916],5999,2025-02-04 04:05:37.840000,earthquake_local,KEV.HE_20250204040537_HH_EV
HE,KEV,HH,69.75651,27.00356,,2409,manual,0.5,,4145,manual,0.5,20250204T160221Z_20250204T160321Z,,,,,,,,,,,explosion,,,,,,[-8.7769 -1.6622 -2.1104],5999,2025-02-04 16:02:21.510000,earthquake_local,KEV.HE_20250204160221_HH_EV
HE,KEV,HH,69.75651,27.00356,,1597,manual,0.5,,3347,manual,0.5,20250204T162138Z_20250204T162238Z,,,,,,,,,,,explosion,,,,,,[-2.4530 5.8579 -3.9340],5797,2025-02-04 16:21:38.230000,earthquake_local,KEV.HE_20250204162138_HH_EV
HE,KEV,HH,69.75651,27.00356,,2520,manual,0.5,,3731,manual,0.5,20250204T202321Z_20250204T202421Z,,,,,,,,,,,explosion,,,,,,[2.1467 2.9057 8.3170],5426,2025-02-04 20:23:21.050000,earthquake_local,KEV.HE_20250204202321_HH_EV
HE,KEV,HH,69.75651,27.00356,,1326,manual,0.5,,4764,manual,0.5,20250205T120014Z_20250205T120114Z,,,,,,,,,,,explosion,,,,,,[-2.1818 -5.1097 -4.6153],5999,2025-02-05 12:00:14.400000,earthquake_local,KEV.HE_20250205120014_HH_EV
HE,KEV,HH,69.75651,27.00356,,1274,manual,0.5,,4998,manual,0.5,20250207T065850Z_20250207T065950Z,,,,,,,,,,,explosion,,,,,,[5.8648 3.4363 1.9468],5999,2025-02-07 06:58:50.380000,earthquake_local,KEV.HE_20250207065850_HH_EV
HE,KEV,HH,69.75651,27.00356,,823,manual,0.5,,4740,manual,0.5,20250207T120915Z_20250207T121015Z,,,,,,,,,,,explosion,,,,,,[-0.3258 5.1717 -4.8088],5999,2025-02-07 12:09:15.080000,earthquake_local,KEV.HE_20250207120915_HH_EV
HE,KEV,HH,69.75651,27.00356,,596,manual,0.5,,3732,manual,0.5,20250207T131214Z_20250207T131314Z,,,,,,,,,,,explosion,,,,,,[-1.3530 0.8645 -3.7459],5999,2025-02-07 13:12:14.600000,earthquake_local,KEV.HE_20250207131214_HH_EV
HE,KEV,HH,69.75651,27.00356,,2463,manual,0.5,,4199,manual,0.5,20250207T160257Z_20250207T160357Z,,,,,,,,,,,explosion,,,,,,[4.0175 -2.7205 -1.1899],5999,2025-02-07 16:02:57.970000,earthquake_local,KEV.HE_20250207160257_HH_EV
HE,KEV,HH,69.75651,27.00356,,1702,manual,0.5,,5076,manual,0.5,20250208T130735Z_20250208T130835Z,,,,,,,,,,,explosion,,,,,,[-1.6365 4.7499 0.4171],5999,2025-02-08 13:07:35.480000,earthquake_local,KEV.HE_20250208130735_HH_EV
HE,KEV,HH,69.75651,27.00356,,501,manual,0.5,,5394,manual,0.5,20250208T201556Z_20250208T201656Z,,,,,,,,,,,explosion,,,,,,[-0.7162 1.8679 3.8394],5999,2025-02-08 20:15:56.420000,earthquake_local,KEV.HE_20250208201556_HH_EV
HE,KEV,HH,69.75651,27.00356,,2372,manual,0.5,,4099,manual,0.5,20250209T160612Z_20250209T160712Z,,,,,,,,,,,explosion,,,,,,[9.7741 -0.3736 -0.7845],5999,2025-02-09 16:06:12.790000,earthquake_local,KEV.HE_20250209160612_HH_EV
HE,KEV,HH,69.75651,27.00356,,1358,manual,0.5,,4866,manual,0.5,20250210T133142Z_20250210T133242Z,,,,,,,,,,,explosion,,,,,,[0.2641 -1.4681 -3.7257],5999,2025-02-10 13:31:42.060000,earthquake_local,KEV.HE_20250210133142_HH_EV
HE,KEV,HH,69.75651,27.00356,,825,manual,0.5,,2561,manual,0.5,20250210T160207Z_20250210T160307Z,,,,,,,,,,,explosion,,,,,,[-2.0829 4.4437 -1.6692],4991,2025-02-10 16:02:07.230000,earthquake_local,KEV.HE_20250210160207_HH_EV
HE,KEV,HH,69.75651,27.00356,,505,manual,0.5,,3035,manual,0.5,20250211T044707Z_20250211T044807Z,,,,,,,,,,,explosion,,,,,,[0.9180 -1.5483 2.9821],5999,2025-02-11 04:47:07.930000,earthquake_local,KEV.HE_20250211044707_HH_EV
HE,KEV,HH,69.75651,27.00356,,1657,manual,0.5,,4095,manual,0.5,20250212T044112Z_20250212T044212Z,,,,,,,,,,,explosion,,,,,,[3.4218 -4.1804 -1.2733],5999,2025-02-12 04:41:12.460000,earthquake_local,KEV.HE_20250212044112_HH_EV
HE,KEV,HH,69.75651,27.00356,,973,manual,0.5,,4557,manual,0.5,20250212T132719Z_20250212T132819Z,,,,,,,,,,,explosion,,,,,,[4.8072 0.0910 10.0255],5999,2025-02-12 13:27:19.390000,earthquake_local,KEV.HE_20250212132719_HH_EV
HE,KEV,HH,69.75651,27.00356,,510,manual,0.5,,4367,manual,0.5,20250212T200715Z_20250212T200815Z,,,,,,,,,,,explosion,,,,,,[0.1740 -0.0980 5.7345],5999,2025-02-12 20:07:15.670000,earthquake_local,KEV.HE_20250212200715_HH_EV
HE,KEV,HH,69.75651,27.00356,,1301,manual,0.5,,5101,manual,0.5,20250213T075040Z_20250213T075140Z,,,,,,,,,,,explosion,,,,,,[-4.7055 -0.1487 0.1921],5999,2025-02-13 07:50:40.590000,earthquake_local,KEV.HE_20250213075040_HH_EV
HE,KEV,HH,69.75651,27.00356,,1085,manual,0.5,,4823,manual,0.5,20250213T122034Z_20250213T122134Z,,,,,,,,,,,explosion,,,,,,[-0.7127 1.1942 1.3518],5999,2025-02-13 12:20:34.610000,earthquake_local,KEV.HE_20250213122034_HH_EV
HE,KEV,HH,69.75651,27.00356,,2499,manual,0.5,,4241,manual,0.5,20250213T160013Z_20250213T160113Z,,,,,,,,,,,explosion,,,,,,[2.0381 1.2707 0.5794],5999,2025-02-13 16:00:13.370000,earthquake_local,KEV.HE_20250213160013_HH_EV
HE,KEV,HH,69.75651,27.00356,,1713,manual,0.5,,3435,manual,0.5,20250213T160750Z_20250213T160850Z,,,,,,,,,,,explosion,,,,,,[0.9310 3.4018 3.5459],5846,2025-02-13 16:07:50.870000,earthquake_local,KEV.HE_20250213160750_HH_EV
HE,KEV,HH,69.75651,27.00356,,1765,manual,0.5,,4273,manual,0.5,20250213T164108Z_20250213T164208Z,,,,,,,,,,,explosion,,,,,,[1.1924 3.3446 2.6550],5999,2025-02-13 16:41:08.310000,earthquake_local,KEV.HE_20250213164108_HH_EV
HE,KEV,HH,69.75651,27.00356,,1234,manual,0.5,,5084,manual,0.5,20250213T225134Z_20250213T225234Z,,,,,,,,,,,explosion,,,,,,[-1.1151 -1.9547 6.8553],5999,2025-02-13 22:51:34.800000,earthquake_local,KEV.HE_20250213225134_HH_EV
HE,KEV,HH,69.75651,27.00356,,2023,manual,0.5,,5341,manual,0.5,20250214T131814Z_20250214T131914Z,,,,,,,,,,,explosion,,,,,,[3.2854 2.0304 0.3681],5999,2025-02-14 13:18:14.030000,earthquake_local,KEV.HE_20250214131814_HH_EV
HE,KEV,HH,69.75651,27.00356,,1235,manual,0.5,,3139,manual,0.5,20250214T160030Z_20250214T160130Z,,,,,,,,,,,explosion,,,,,,[1.3571 0.4009 -1.4961],5805,2025-02-14 16:00:30.930000,earthquake_local,KEV.HE_20250214160030_HH_EV
HE,KEV,HH,69.75651,27.00356,,666,manual,0.5,,4362,manual,0.5,20250214T200600Z_20250214T200700Z,,,,,,,,,,,explosion,,,,,,[1.2562 0.3433 2.2754],5999,2025-02-14 20:06:00.020000,earthquake_local,KEV.HE_20250214200600_HH_EV
HE,KEV,HH,69.75651,27.00356,,2128,manual,0.5,,3874,manual,0.5,20250215T155953Z_20250215T160053Z,,,,,,,,,,,explosion,,,,,,[-1.0210 2.2985 0.8968],5999,2025-02-15 15:59:53.100000,earthquake_local,KEV.HE_20250215155953_HH_EV
HE,KEV,HH,69.75651,27.00356,,2321,manual,0.5,,4103,manual,0.5,20250215T162207Z_20250215T162307Z,,,,,,,,,,,explosion,,,,,,[0.3359 7.2889 6.1286],5999,2025-02-15 16:22:07.930000,earthquake_local,KEV.HE_20250215162207_HH_EV
HE,KEV,HH,69.75651,27.00356,,812,manual,0.5,,4796,manual,0.5,20250215T201749Z_20250215T201849Z,,,,,,,,,,,explosion,,,,,,[-0.9353 -1.8422 0.1029],5999,2025-02-15 20:17:49.140000,earthquake_local,KEV.HE_20250215201749_HH_EV
HE,KEV,HH,69.75651,27.00356,,1153,manual,0.5,,3689,manual,0.5,20250216T044106Z_20250216T044206Z,,,,,,,,,,,explosion,,,,,,[-0.0644 -4.1148 -5.8257],5999,2025-02-16 04:41:06.530000,earthquake_local,KEV.HE_20250216044106_HH_EV
HE,KEV,HH,69.75651,27.00356,,3050,manual,0.5,,4824,manual,0.5,20250216T160240Z_20250216T160340Z,,,,,,,,,,,explosion,,,,,,[-0.6666 0.6019 -1.3042],5999,2025-02-16 16:02:40.680000,earthquake_local,KEV.HE_20250216160240_HH_EV
HE,KEV,HH,69.75651,27.00356,,755,manual,0.5,,5221,manual,0.5,20250217T120552Z_20250217T120652Z,,,,,,,,,,,explosion,,,,,,[-0.6720 -0.0110 0.3957],5999,2025-02-17 12:05:52.470000,earthquake_local,KEV.HE_20250217120552_HH_EV
HE,KEV,HH,69.75651,27.00356,,940,manual,0.5,,4798,manual,0.5,20250217T121442Z_20250217T121542Z,,,,,,,,,,,explosion,,,,,,[3.9815 -2.9224 -0.7190],5999,2025-02-17 12:14:42.120000,earthquake_local,KEV.HE_20250217121442_HH_EV
HE,KEV,HH,69.75651,27.00356,,3149,manual,0.5,,4325,manual,0.5,20250217T152525Z_20250217T152625Z,,,,,,,,,,,explosion,,,,,,[4.2638 -2.5103 1.8737],5971,2025-02-17 15:25:25.030000,earthquake_local,KEV.HE_20250217152525_HH_EV
HE,KEV,HH,69.75651,27.00356,,1083,manual,0.5,,4933,manual,0.5,20250217T200548Z_20250217T200648Z,,,,,,,,,,,explosion,,,,,,[-0.8805 -0.1203 1.6045],5999,2025-02-17 20:05:48.310000,earthquake_local,KEV.HE_20250217200548_HH_EV
HE,KEV,HH,69.75651,27.00356,,722,manual,0.5,,5359,manual,0.5,20250218T040435Z_20250218T040535Z,,,,,,,,,,,explosion,,,,,,[-0.3738 -2.7084 -1.6166],5999,2025-02-18 04:04:35.210000,earthquake_local,KEV.HE_20250218040435_HH_EV
HE,KEV,HH,69.75651,27.00356,,1569,manual,0.5,,3118,manual,0.5,20250218T090545Z_20250218T090645Z,,,,,,,,,,,explosion,,,,,,[-1.0401 1.6061 -1.4229],5287,2025-02-18 09:05:45.010000,earthquake_local,KEV.HE_20250218090545_HH_EV
HE,KEV,HH,69.75651,27.00356,,1318,manual,0.5,,5210,manual,0.5,20250218T120619Z_20250218T120719Z,,,,,,,,,,,explosion,,,,,,[2.1611 -5.5145 -5.2516],5999,2025-02-18 12:06:19.860000,earthquake_local,KEV.HE_20250218120619_HH_EV
HE,KEV,HH,69.75651,27.00356,,810,manual,0.5,,4744,manual,0.5,20250218T200549Z_20250218T200649Z,,,,,,,,,,,explosion,,,,,,[0.9284 1.7331 3.7971],5999,2025-02-18 20:05:49.640000,earthquake_local,KEV.HE_20250218200549_HH_EV
HE,KEV,HH,69.75651,27.00356,,832,manual,0.5,,4677,manual,0.5,20250218T200822Z_20250218T200922Z,,,,,,,,,,,explosion,,,,,,[1.7958 -0.0907 5.2911],5999,2025-02-18 20:08:22.190000,earthquake_local,KEV.HE_20250218200822_HH_EV
HE,KEV,HH,69.75651,27.00356,,647,manual,0.5,,5188,manual,0.5,20250218T202535Z_20250218T202635Z,,,,,,,,,,,explosion,,,,,,[2.8138 0.7544 4.4170],5999,2025-02-18 20:25:35.160000,earthquake_local,KEV.HE_20250218202535_HH_EV
HE,KEV,HH,69.75651,27.00356,,848,manual,0.5,,4810,manual,0.5,20250219T000547Z_20250219T000647Z,,,,,,,,,,,explosion,,,,,,[-0.6127 8.8054 4.8914],5999,2025-02-19 00:05:47.320000,earthquake_local,KEV.HE_20250219000547_HH_EV
HE,KEV,HH,69.75651,27.00356,,711,manual,0.5,,4463,manual,0.5,20250219T004048Z_20250219T004148Z,,,,,,,,,,,explosion,,,,,,[0.3408 4.5635 4.8021],5999,2025-02-19 00:40:48.770000,earthquake_local,KEV.HE_20250219004048_HH_EV
HE,KEV,HH,69.75651,27.00356,,1798,manual,0.5,,3582,manual,0.5,20250219T160426Z_20250219T160526Z,,,,,,,,,,,explosion,,,,,,[1.3901 0.1382 3.7888],5999,2025-02-19 16:04:26.980000,earthquake_local,KEV.HE_20250219160426_HH_EV
HE,KEV,HH,69.75651,27.00356,,1222,manual,0.5,,5142,manual,0.5,20250220T190435Z_20250220T190535Z,,,,,,,,,,,explosion,,,,,,[-0.5114 -4.2737 0.8816],5999,2025-02-20 19:04:35.140000,earthquake_local,KEV.HE_20250220190435_HH_EV
HE,KEV,HH,69.75651,27.00356,,855,manual,0.5,,4663,manual,0.5,20250220T200607Z_20250220T200707Z,,,,,,,,,,,explosion,,,,,,[2.9841 -0.4769 0.4578],5999,2025-02-20 20:06:07.130000,earthquake_local,KEV.HE_20250220200607_HH_EV
HE,KEV,HH,69.75651,27.00356,,713,manual,0.5,,5389,manual,0.5,20250220T201443Z_20250220T201543Z,,,,,,,,,,,explosion,,,,,,[-3.2175 8.0129 -0.0578],5999,2025-02-20 20:14:43.750000,earthquake_local,KEV.HE_20250220201443_HH_EV
HE,KEV,HH,69.75651,27.00356,,1376,manual,0.5,,5324,manual,0.5,20250220T235655Z_20250220T235755Z,,,,,,,,,,,explosion,,,,,,[3.3424 -2.1890 0.6955],5999,2025-02-20 23:56:55.080000,earthquake_local,KEV.HE_20250220235655_HH_EV
HE,KEV,HH,69.75651,27.00356,,3572,manual,0.5,,4720,manual,0.5,20250221T105850Z_20250221T105950Z,,,,,,,,,,,explosion,,,,,,[0.0712 2.2878 0.8852],5999,2025-02-21 10:58:50.080000,earthquake_local,KEV.HE_20250221105850_HH_EV
HE,KEV,HH,69.75651,27.00356,,1081,manual,0.5,,4242,manual,0.5,20250221T131244Z_20250221T131344Z,,,,,,,,,,,explosion,,,,,,[-0.6169 -0.0586 -1.8456],5999,2025-02-21 13:12:44.600000,earthquake_local,KEV.HE_20250221131244_HH_EV
HE,KEV,HH,69.75651,27.00356,,1961,manual,0.5,,5261,manual,0.5,20250221T131931Z_20250221T132031Z,,,,,,,,,,,explosion,,,,,,[2.9682 3.8419 0.3373],5999,2025-02-21 13:19:31.950000,earthquake_local,KEV.HE_20250221131931_HH_EV
HE,KEV,HH,69.75651,27.00356,,1313,manual,0.5,,5149,manual,0.5,20250221T200536Z_20250221T200636Z,,,,,,,,,,,explosion,,,,,,[1.2088 1.2681 -3.6344],5999,2025-02-21 20:05:36.610000,earthquake_local,KEV.HE_20250221200536_HH_EV
HE,KEV,HH,69.75651,27.00356,,1200,manual,0.5,,5022,manual,0.5,20250221T201533Z_20250221T201633Z,,,,,,,,,,,explosion,,,,,,[-2.0534 1.5342 -3.3505],5999,2025-02-21 20:15:33.900000,earthquake_local,KEV.HE_20250221201533_HH_EV
HE,KEV,HH,69.75651,27.00356,,676,manual,0.5,,4111,manual,0.5,20250222T103502Z_20250222T103602Z,,,,,,,,,,,explosion,,,,,,[0.8706 1.3709 -0.9518],5999,2025-02-22 10:35:02.930000,earthquake_local,KEV.HE_20250222103502_HH_EV
HE,KEV,HH,69.75651,27.00356,,1445,manual,0.5,,3195,manual,0.5,20250222T161709Z_20250222T161809Z,,,,,,,,,,,explosion,,,,,,[-1.8994 -0.7781 0.3770],5645,2025-02-22 16:17:09.750000,earthquake_local,KEV.HE_20250222161709_HH_EV
HE,KEV,HH,69.75651,27.00356,,630,manual,0.5,,4575,manual,0.5,20250222T200935Z_20250222T201035Z,,,,,,,,,,,explosion,,,,,,[2.2939 4.3166 1.6290],5999,2025-02-22 20:09:35.250000,earthquake_local,KEV.HE_20250222200935_HH_EV
HE,KEV,HH,69.75651,27.00356,,1169,manual,0.5,,4977,manual,0.5,20250222T210210Z_20250222T210310Z,,,,,,,,,,,explosion,,,,,,[-2.4710 -4.7377 -3.0332],5999,2025-02-22 21:02:10.030000,earthquake_local,KEV.HE_20250222210210_HH_EV
HE,KEV,HH,69.75651,27.00356,,3456,manual,0.5,,5206,manual,0.5,20250223T160041Z_20250223T160141Z,,,,,,,,,,,explosion,,,,,,[2.2974 2.0233 3.4974],5999,2025-02-23 16:00:41.040000,earthquake_local,KEV.HE_20250223160041_HH_EV
HE,KEV,HH,69.75651,27.00356,,573,manual,0.5,,4346,manual,0.5,20250223T200559Z_20250223T200659Z,,,,,,,,,,,explosion,,,,,,[5.3913 -0.2407 -0.9398],5999,2025-02-23 20:05:59.920000,earthquake_local,KEV.HE_20250223200559_HH_EV
HE,KEV,HH,69.75651,27.00356,,971,manual,0.5,,4947,manual,0.5,20250223T200937Z_20250223T201037Z,,,,,,,,,,,explosion,,,,,,[-0.0571 0.4567 -2.5286],5999,2025-02-23 20:09:37.170000,earthquake_local,KEV.HE_20250223200937_HH_EV
HE,KEV,HH,69.75651,27.00356,,808,manual,0.5,,2572,manual,0.5,20250224T160338Z_20250224T160438Z,,,,,,,,,,,explosion,,,,,,[-2.2423 1.9077 3.0201],5042,2025-02-24 16:03:38.240000,earthquake_local,KEV.HE_20250224160338_HH_EV
HE,KEV,HH,69.75651,27.00356,,3865,manual,0.5,,5167,manual,0.5,20250224T162033Z_20250224T162133Z,,,,,,,,,,,explosion,,,,,,[-0.7404 -1.0044 -0.8282],5999,2025-02-24 16:20:33.410000,earthquake_local,KEV.HE_20250224162033_HH_EV
HE,KEV,HH,69.75651,27.00356,,1445,manual,0.5,,5449,manual,0.5,20250225T043227Z_20250225T043327Z,,,,,,,,,,,explosion,,,,,,[-0.9734 5.4085 -3.0059],5999,2025-02-25 04:32:27.550000,earthquake_local,KEV.HE_20250225043227_HH_EV
HE,KEV,HH,69.75651,27.00356,,1582,manual,0.5,,4948,manual,0.5,20250225T123242Z_20250225T123342Z,,,,,,,,,,,explosion,,,,,,[0.3464 0.1522 6.7223],5999,2025-02-25 12:32:42.560000,earthquake_local,KEV.HE_20250225123242_HH_EV
HE,KEV,HH,69.75651,27.00356,,2054,manual,0.5,,4588,manual,0.5,20250225T164439Z_20250225T164539Z,,,,,,,,,,,explosion,,,,,,[0.7117 -2.7357 0.8937],5999,2025-02-25 16:44:39.520000,earthquake_local,KEV.HE_20250225164439_HH_EV
HE,KEV,HH,69.75651,27.00356,,1535,manual,0.5,,5427,manual,0.5,20250225T235448Z_20250225T235548Z,,,,,,,,,,,explosion,,,,,,[5.1733 -3.9211 -2.8162],5999,2025-02-25 23:54:48.650000,earthquake_local,KEV.HE_20250225235448_HH_EV
HE,KEV,HH,69.75651,27.00356,,1492,manual,0.5,,2892,manual,0.5,20250227T142116Z_20250227T142216Z,,,,,,,,,,,explosion,,,,,,[1.2879 7.7270 0.7283],4852,2025-02-27 14:21:16.840000,earthquake_local,KEV.HE_20250227142116_HH_EV
HE,KEV,HH,69.75651,27.00356,,1379,manual,0.5,,5078,manual,0.5,20250228T131538Z_20250228T131638Z,,,,,,,,,,,explosion,,,,,,[5.4534 -0.0530 2.2169],5999,2025-02-28 13:15:38.180000,earthquake_local,KEV.HE_20250228131538_HH_EV
HE,KEV,HH,69.75651,27.00356,,1346,manual,0.5,,4734,manual,0.5,20250228T134808Z_20250228T134908Z,,,,,,,,,,,explosion,,,,,,[3.2272 -0.6504 2.6886],5999,2025-02-28 13:48:08.980000,earthquake_local,KEV.HE_20250228134808_HH_EV
HE,KEV,HH,69.75651,27.00356,,702,manual,0.5,,2438,manual,0.5,20250228T160925Z_20250228T161025Z,,,,,,,,,,,explosion,,,,,,[-5.4441 -1.6943 0.8300],4868,2025-02-28 16:09:25.560000,earthquake_local,KEV.HE_20250228160925_HH_EV
HE,KEV,HH,69.75651,27.00356,,1581,manual,0.5,,5487,manual,0.5,20250228T200918Z_20250228T201018Z,,,,,,,,,,,explosion,,,,,,[3.0193 4.1346 2.5340],5999,2025-02-28 20:09:18.090000,earthquake_local,KEV.HE_20250228200918_HH_EV
HE,KIF,HH,69.0432,20.804,,1837,manual,0.5,,4355,manual,0.5,20250102T231244Z_20250102T231344Z,,,,,,,,,,,explosion,,,,,,[-0.2455 -6.0409 4.8914],5999,2025-01-02 23:12:44.510000,earthquake_local,KIF.HE_20250102231244_HH_EV
HE,KIF,HH,69.0432,20.804,,1200,manual,0.5,,3642,manual,0.5,20250104T131532Z_20250104T131632Z,,,,,,,,,,,explosion,,,,,,[-1.2755 -0.2323 5.5690],5999,2025-01-04 13:15:32.540000,earthquake_local,KIF.HE_20250104131532_HH_EV
HE,KIF,HH,69.0432,20.804,,1764,manual,0.5,,4347,manual,0.5,20250108T164415Z_20250108T164515Z,,,,,,,,,,,explosion,,,,,,[-1.0039 7.4500 1.3929],5999,2025-01-08 16:44:15.840000,earthquake_local,KIF.HE_20250108164415_HH_EV
HE,KIF,HH,69.0432,20.804,,2058,manual,0.5,,2958,manual,0.5,20250110T182612Z_20250110T182712Z,,,,,,,,,,,explosion,,,,,,[-0.4416 0.6653 -0.7656],4218,2025-01-10 18:26:12.660000,earthquake_local,KIF.HE_20250110182612_HH_EV
HE,KIF,HH,69.0432,20.804,,1424,manual,0.5,,3944,manual,0.5,20250114T131028Z_20250114T131128Z,,,,,,,,,,,explosion,,,,,,[-3.3110 3.6607 -0.8662],5999,2025-01-14 13:10:28.640000,earthquake_local,KIF.HE_20250114131028_HH_EV
HE,KIF,HH,69.0432,20.804,,2235,manual,0.5,,4659,manual,0.5,20250119T101856Z_20250119T101956Z,,,,,,,,,,,explosion,,,,,,[-1.3480 -4.2340 -4.8180],5999,2025-01-19 10:18:56.410000,earthquake_local,KIF.HE_20250119101856_HH_EV
HE,KIF,HH,69.0432,20.804,,2170,manual,0.5,,4774,manual,0.5,20250120T230538Z_20250120T230638Z,,,,,,,,,,,explosion,,,,,,[-2.5814 1.8564 -0.2865],5999,2025-01-20 23:05:38.180000,earthquake_local,KIF.HE_20250120230538_HH_EV
HE,KIF,HH,69.0432,20.804,,1180,manual,0.5,,3688,manual,0.5,20250121T185252Z_20250121T185352Z,,,,,,,,,,,explosion,,,,,,[1.4964 -1.1033 4.4226],5999,2025-01-21 18:52:52.120000,earthquake_local,KIF.HE_20250121185252_HH_EV
HE,KIF,HH,69.0432,20.804,,3742,manual,0.5,,5352,manual,0.5,20250121T225401Z_20250121T225501Z,,,,,,,,,,,explosion,,,,,,[-1.4133 -0.1750 2.8503],5999,2025-01-21 22:54:01.800000,earthquake_local,KIF.HE_20250121225401_HH_EV
HE,KIF,HH,69.0432,20.804,,2847,manual,0.5,,5393,manual,0.5,20250122T045310Z_20250122T045410Z,,,,,,,,,,,explosion,,,,,,[-3.2454 -4.6837 0.0401],5999,2025-01-22 04:53:10.060000,earthquake_local,KIF.HE_20250122045310_HH_EV
HE,KIF,HH,69.0432,20.804,,1226,manual,0.5,,3650,manual,0.5,20250125T102544Z_20250125T102644Z,,,,,,,,,,,explosion,,,,,,[5.7919 -4.0222 -2.0835],5999,2025-01-25 10:25:44.500000,earthquake_local,KIF.HE_20250125102544_HH_EV
HE,KIF,HH,69.0432,20.804,,1463,manual,0.5,,4025,manual,0.5,20250125T230331Z_20250125T230431Z,,,,,,,,,,,explosion,,,,,,[1.6505 1.4386 3.8456],5999,2025-01-25 23:03:31.610000,earthquake_local,KIF.HE_20250125230331_HH_EV
HE,KIF,HH,69.0432,20.804,,2295,manual,0.5,,4255,manual,0.5,20250127T050206Z_20250127T050306Z,,,,,,,,,,,explosion,,,,,,[1.5534 8.0325 7.5694],5999,2025-01-27 05:02:06.730000,earthquake_local,KIF.HE_20250127050206_HH_EV
HE,KIF,HH,69.0432,20.804,,2600,manual,0.5,,4159,manual,0.5,20250127T181538Z_20250127T181638Z,,,,,,,,,,,explosion,,,,,,[-3.0903 1.5619 -0.6758],5999,2025-01-27 18:15:38.530000,earthquake_local,KIF.HE_20250127181538_HH_EV
HE,KIF,HH,69.0432,20.804,,3245,manual,0.5,,3990,manual,0.5,20250129T111549Z_20250129T111649Z,,,,,,,,,,,explosion,,,,,,[1.0047 0.3385 -4.8447],5033,2025-01-29 11:15:49.320000,earthquake_local,KIF.HE_20250129111549_HH_EV
HE,KIF,HH,69.0432,20.804,,2383,manual,0.5,,4945,manual,0.5,20250202T230729Z_20250202T230829Z,,,,,,,,,,,explosion,,,,,,[-0.5238 -2.4635 0.9729],5999,2025-02-02 23:07:29.750000,earthquake_local,KIF.HE_20250202230729_HH_EV
HE,KIF,HH,69.0432,20.804,,3373,manual,0.5,,5253,manual,0.5,20250204T024356Z_20250204T024456Z,,,,,,,,,,,explosion,,,,,,[4.2762 -5.5063 -3.5449],5999,2025-02-04 02:43:56.950000,earthquake_local,KIF.HE_20250204024356_HH_EV
HE,KIF,HH,69.0432,20.804,,2953,manual,0.5,,5425,manual,0.5,20250207T065822Z_20250207T065922Z,,,,,,,,,,,explosion,,,,,,[2.7268 2.2777 0.3271],5999,2025-02-07 06:58:22.670000,earthquake_local,KIF.HE_20250207065822_HH_EV
HE,KIF,HH,69.0432,20.804,,1294,manual,0.5,,2860,manual,0.5,20250212T113513Z_20250212T113613Z,,,,,,,,,,,explosion,,,,,,[2.9161 -1.8463 -2.2911],5052,2025-02-12 11:35:13.600000,earthquake_local,KIF.HE_20250212113513_HH_EV
HE,KIF,HH,69.0432,20.804,,1177,manual,0.5,,2741,manual,0.5,20250213T122003Z_20250213T122103Z,,,,,,,,,,,explosion,,,,,,[2.1456 2.2512 -2.9689],4931,2025-02-13 12:20:03.750000,earthquake_local,KIF.HE_20250213122003_HH_EV
HE,KIF,HH,69.0432,20.804,,2128,manual,0.5,,4746,manual,0.5,20250216T044058Z_20250216T044158Z,,,,,,,,,,,explosion,,,,,,[0.4672 1.7104 5.0272],5999,2025-02-16 04:40:58.300000,earthquake_local,KIF.HE_20250216044058_HH_EV
HE,KIF,HH,69.0432,20.804,,590,manual,0.5,,2126,manual,0.5,20250217T023331Z_20250217T023431Z,,,,,,,,,,,explosion,,,,,,[-0.1296 1.7976 4.0614],4276,2025-02-17 02:33:31.020000,earthquake_local,KIF.HE_20250217023331_HH_EV
HE,KIF,HH,69.0432,20.804,,3097,manual,0.5,,4624,manual,0.5,20250218T002306Z_20250218T002406Z,,,,,,,,,,,explosion,,,,,,[-1.4159 1.4799 -0.5680],5999,2025-02-18 00:23:06.160000,earthquake_local,KIF.HE_20250218002306_HH_EV
HE,KIF,HH,69.0432,20.804,,1380,manual,0.5,,3844,manual,0.5,20250222T103443Z_20250222T103543Z,,,,,,,,,,,explosion,,,,,,[-0.4549 3.0929 -1.9140],5999,2025-02-22 10:34:43.920000,earthquake_local,KIF.HE_20250222103443_HH_EV
HE,KIF,HH,69.0432,20.804,,738,manual,0.5,,5022,manual,0.5,20250226T122055Z_20250226T122155Z,,,,,,,,,,,explosion,,,,,,[2.6304 3.9858 -2.2223],5999,2025-02-26 12:20:55.740000,earthquake_local,KIF.HE_20250226122055_HH_EV
HE,KIF,HH,69.0432,20.804,,620,manual,0.5,,4716,manual,0.5,20250227T120501Z_20250227T120601Z,,,,,,,,,,,explosion,,,,,,[-3.0505 -1.1211 -1.4491],5999,2025-02-27 12:05:01.920000,earthquake_local,KIF.HE_20250227120501_HH_EV
HE,KIF,HH,69.0432,20.804,,2332,manual,0.5,,4936,manual,0.5,20250228T131518Z_20250228T131618Z,,,,,,,,,,,explosion,,,,,,[-0.9834 -1.9392 -1.0942],5999,2025-02-28 13:15:18.800000,earthquake_local,KIF.HE_20250228131518_HH_EV
FN,KLF,HH,67.2347,23.964,,1308,manual,0.5,,4754,manual,0.5,20250102T115203Z_20250102T115303Z,,,,,,,,,,,explosion,,,,,,[-5.5482 1.1521 -2.1607],5999,2025-01-02 11:52:03.100000,earthquake_local,KLF.FN_20250102115203_HH_EV
FN,KLF,HH,67.2347,23.964,,1073,manual,0.5,,4567,manual,0.5,20250102T124011Z_20250102T124111Z,,,,,,,,,,,explosion,,,,,,[8.3453 -2.5733 7.9965],5999,2025-01-02 12:40:11.250000,earthquake_local,KLF.FN_20250102124011_HH_EV
FN,KLF,HH,67.2347,23.964,,657,manual,0.5,,4081,manual,0.5,20250104T110712Z_20250104T110812Z,,,,,,,,,,,explosion,,,,,,[1.5074 0.5704 5.6736],5999,2025-01-04 11:07:12.550000,earthquake_local,KLF.FN_20250104110712_HH_EV
FN,KLF,HH,67.2347,23.964,,1827,manual,0.5,,2289,manual,0.5,20250104T131457Z_20250104T131557Z,,,,,,,,,,,explosion,,,,,,[11.8578 6.8607 8.4244],2936,2025-01-04 13:14:57.850000,earthquake_local,KLF.FN_20250104131457_HH_EV
FN,KLF,HH,67.2347,23.964,,548,manual,0.5,,5424,manual,0.5,20250104T201854Z_20250104T201954Z,,,,,,,,,,,explosion,,,,,,[-1.5221 1.0627 -3.6929],5999,2025-01-04 20:18:54.000000,earthquake_local,KLF.FN_20250104201854_HH_EV
FN,KLF,HH,67.2347,23.964,,503,manual,0.5,,5403,manual,0.5,20250105T003351Z_20250105T003451Z,,,,,,,,,,,explosion,,,,,,[-1.7303 -0.0085 0.0116],5999,2025-01-05 00:33:51.450000,earthquake_local,KLF.FN_20250105003351_HH_EV
FN,KLF,HH,67.2347,23.964,,3050,manual,0.5,,4226,manual,0.5,20250105T164743Z_20250105T164843Z,,,,,,,,,,,explosion,,,,,,[-0.4785 0.8223 1.1163],5872,2025-01-05 16:47:43.300000,earthquake_local,KLF.FN_20250105164743_HH_EV
FN,KLF,HH,67.2347,23.964,,3988,manual,0.5,,5174,manual,0.5,20250106T164416Z_20250106T164516Z,,,,,,,,,,,explosion,,,,,,[-0.2210 -0.5382 0.9056],5999,2025-01-06 16:44:16.900000,earthquake_local,KLF.FN_20250106164416_HH_EV
FN,KLF,HH,67.2347,23.964,,694,manual,0.5,,3126,manual,0.5,20250108T090603Z_20250108T090703Z,,,,,,,,,,,explosion,,,,,,[-0.5888 -0.2411 7.0037],5999,2025-01-08 09:06:03.900000,earthquake_local,KLF.FN_20250108090603_HH_EV
FN,KLF,HH,67.2347,23.964,,1748,manual,0.5,,5296,manual,0.5,20250108T120948Z_20250108T121048Z,,,,,,,,,,,explosion,,,,,,[-0.8802 -1.0841 -1.3768],5999,2025-01-08 12:09:48.800000,earthquake_local,KLF.FN_20250108120948_HH_EV
FN,KLF,HH,67.2347,23.964,,2416,manual,0.5,,3557,manual,0.5,20250108T164350Z_20250108T164450Z,,,,,,,,,,,explosion,,,,,,[0.6317 -0.5036 -1.0083],5154,2025-01-08 16:43:50.000000,earthquake_local,KLF.FN_20250108164350_HH_EV
FN,KLF,HH,67.2347,23.964,,2062,manual,0.5,,4372,manual,0.5,20250109T105618Z_20250109T105718Z,,,,,,,,,,,explosion,,,,,,[0.4854 0.0829 2.3362],5999,2025-01-09 10:56:18.800000,earthquake_local,KLF.FN_20250109105618_HH_EV
FN,KLF,HH,67.2347,23.964,,1607,manual,0.5,,3835,manual,0.5,20250110T090250Z_20250110T090350Z,,,,,,,,,,,explosion,,,,,,[-1.4083 -0.2969 -2.2399],5999,2025-01-10 09:02:50.900000,earthquake_local,KLF.FN_20250110090250_HH_EV
FN,KLF,HH,67.2347,23.964,,508,manual,0.5,,2903,manual,0.5,20250110T124819Z_20250110T124919Z,,,,,,,,,,,explosion,,,,,,[1.1219 -0.0038 0.9130],5999,2025-01-10 12:48:19.500000,earthquake_local,KLF.FN_20250110124819_HH_EV
FN,KLF,HH,67.2347,23.964,,2673,manual,0.5,,3908,manual,0.5,20250112T164648Z_20250112T164748Z,,,,,,,,,,,explosion,,,,,,[-3.2510 1.4973 -1.2114],5637,2025-01-12 16:46:49.000000,earthquake_local,KLF.FN_20250112164648_HH_EV
FN,KLF,HH,67.2347,23.964,,1103,manual,0.5,,3203,manual,0.5,20250113T123030Z_20250113T123130Z,,,,,,,,,,,explosion,,,,,,[-3.9692 1.7748 -1.6668],5999,2025-01-13 12:30:30.750000,earthquake_local,KLF.FN_20250113123030_HH_EV
FN,KLF,HH,67.2347,23.964,,923,manual,0.5,,2159,manual,0.5,20250113T164001Z_20250113T164101Z,,,,,,,,,,,explosion,,,,,,[-1.8523 1.8529 -1.8863],3889,2025-01-13 16:40:01.250000,earthquake_local,KLF.FN_20250113164001_HH_EV
FN,KLF,HH,67.2347,23.964,,2048,manual,0.5,,4264,manual,0.5,20250116T120607Z_20250116T120707Z,,,,,,,,,,,explosion,,,,,,[-1.9691 -0.9488 0.9569],5999,2025-01-16 12:06:08.000000,earthquake_local,KLF.FN_20250116120607_HH_EV
FN,KLF,HH,67.2347,23.964,,523,manual,0.5,,1511,manual,0.5,20250117T081644Z_20250117T081744Z,,,,,,,,,,,explosion,,,,,,[0.4441 -1.2386 -2.7626],2894,2025-01-17 08:16:44.050000,earthquake_local,KLF.FN_20250117081644_HH_EV
FN,KLF,HH,67.2347,23.964,,768,manual,0.5,,4203,manual,0.5,20250117T124001Z_20250117T124101Z,,,,,,,,,,,explosion,,,,,,[0.9202 -3.8193 -4.6503],5999,2025-01-17 12:40:01.050000,earthquake_local,KLF.FN_20250117124001_HH_EV
FN,KLF,HH,67.2347,23.964,,3917,manual,0.5,,4613,manual,0.5,20250119T101811Z_20250119T101911Z,,,,,,,,,,,explosion,,,,,,[-1.4429 6.8684 0.9952],5587,2025-01-19 10:18:11.550000,earthquake_local,KLF.FN_20250119101811_HH_EV
FN,KLF,HH,67.2347,23.964,,3443,manual,0.5,,4655,manual,0.5,20250119T164524Z_20250119T164624Z,,,,,,,,,,,explosion,,,,,,[4.5554 -2.0638 0.0560],5999,2025-01-19 16:45:24.850000,earthquake_local,KLF.FN_20250119164524_HH_EV
FN,KLF,HH,67.2347,23.964,,1934,manual,0.5,,3710,manual,0.5,20250120T045933Z_20250120T050033Z,,,,,,,,,,,explosion,,,,,,[1.0884 0.6221 9.9815],5999,2025-01-20 04:59:33.900000,earthquake_local,KLF.FN_20250120045933_HH_EV
FN,KLF,HH,67.2347,23.964,,2847,manual,0.5,,4681,manual,0.5,20250120T230521Z_20250120T230621Z,,,,,,,,,,,explosion,,,,,,[-3.3883 1.4042 0.9207],5999,2025-01-20 23:05:21.550000,earthquake_local,KLF.FN_20250120230521_HH_EV
FN,KLF,HH,67.2347,23.964,,3055,manual,0.5,,4833,manual,0.5,20250121T185222Z_20250121T185322Z,,,,,,,,,,,explosion,,,,,,[8.5735 0.4174 4.2651],5999,2025-01-21 18:52:22.350000,earthquake_local,KLF.FN_20250121185222_HH_EV
FN,KLF,HH,67.2347,23.964,,1526,manual,0.5,,3730,manual,0.5,20250121T225428Z_20250121T225528Z,,,,,,,,,,,explosion,,,,,,[3.5367 0.1057 -2.2933],5999,2025-01-21 22:54:28.300000,earthquake_local,KLF.FN_20250121225428_HH_EV
FN,KLF,HH,67.2347,23.964,,3548,manual,0.5,,4682,manual,0.5,20250122T045244Z_20250122T045344Z,,,,,,,,,,,explosion,,,,,,[0.5799 -0.0163 -1.3609],5999,2025-01-22 04:52:44.300000,earthquake_local,KLF.FN_20250122045244_HH_EV
FN,KLF,HH,67.2347,23.964,,1316,manual,0.5,,3816,manual,0.5,20250122T120340Z_20250122T120440Z,,,,,,,,,,,explosion,,,,,,[3.5468 -0.0210 2.2909],5999,2025-01-22 12:03:40.200000,earthquake_local,KLF.FN_20250122120340_HH_EV
FN,KLF,HH,67.2347,23.964,,2454,manual,0.5,,5255,manual,0.5,20250123T111120Z_20250123T111220Z,,,,,,,,,,,explosion,,,,,,[-4.5604 0.3196 -0.4174],5999,2025-01-23 11:11:20.600000,earthquake_local,KLF.FN_20250123111120_HH_EV
FN,KLF,HH,67.2347,23.964,,2808,manual,0.5,,5040,manual,0.5,20250123T120735Z_20250123T120835Z,,,,,,,,,,,explosion,,,,,,[-1.3569 -0.5108 -4.9528],5999,2025-01-23 12:07:36.000000,earthquake_local,KLF.FN_20250123120735_HH_EV
FN,KLF,HH,67.2347,23.964,,2198,manual,0.5,,4593,manual,0.5,20250123T123158Z_20250123T123258Z,,,,,,,,,,,explosion,,,,,,[-1.0606 0.0758 1.1836],5999,2025-01-23 12:31:58.750000,earthquake_local,KLF.FN_20250123123158_HH_EV
FN,KLF,HH,67.2347,23.964,,2366,manual,0.5,,3615,manual,0.5,20250124T104746Z_20250124T104846Z,,,,,,,,,,,explosion,,,,,,[-1.2560 0.5283 5.6008],5364,2025-01-24 10:47:46.050000,earthquake_local,KLF.FN_20250124104746_HH_EV
FN,KLF,HH,67.2347,23.964,,1933,manual,0.5,,3123,manual,0.5,20250125T164335Z_20250125T164435Z,,,,,,,,,,,explosion,,,,,,[-4.3425 0.5441 -8.3890],4789,2025-01-25 16:43:35.050000,earthquake_local,KLF.FN_20250125164335_HH_EV
FN,KLF,HH,67.2347,23.964,,1331,manual,0.5,,3011,manual,0.5,20250125T230322Z_20250125T230422Z,,,,,,,,,,,explosion,,,,,,[-5.9362 -1.9385 1.8217],5363,2025-01-25 23:03:22.850000,earthquake_local,KLF.FN_20250125230322_HH_EV
FN,KLF,HH,67.2347,23.964,,3993,manual,0.5,,5271,manual,0.5,20250127T044207Z_20250127T044307Z,,,,,,,,,,,explosion,,,,,,[9.9296 3.0115 5.3819],5999,2025-01-27 04:42:07.850000,earthquake_local,KLF.FN_20250127044207_HH_EV
FN,KLF,HH,67.2347,23.964,,2558,manual,0.5,,4714,manual,0.5,20250127T050210Z_20250127T050310Z,,,,,,,,,,,explosion,,,,,,[5.3563 0.4267 1.2181],5999,2025-01-27 05:02:10.300000,earthquake_local,KLF.FN_20250127050210_HH_EV
FN,KLF,HH,67.2347,23.964,,2823,manual,0.5,,4934,manual,0.5,20250127T181542Z_20250127T181642Z,,,,,,,,,,,explosion,,,,,,[-2.6812 0.0768 -2.4061],5999,2025-01-27 18:15:42.500000,earthquake_local,KLF.FN_20250127181542_HH_EV
FN,KLF,HH,67.2347,23.964,,3173,manual,0.5,,5138,manual,0.5,20250128T114945Z_20250128T115045Z,,,,,,,,,,,explosion,,,,,,[-0.9210 1.2144 -3.0434],5999,2025-01-28 11:49:45.900000,earthquake_local,KLF.FN_20250128114945_HH_EV
FN,KLF,HH,67.2347,23.964,,2688,manual,0.5,,4814,manual,0.5,20250128T133552Z_20250128T133652Z,,,,,,,,,,,explosion,,,,,,[4.8777 0.7744 5.7764],5999,2025-01-28 13:35:52.300000,earthquake_local,KLF.FN_20250128133552_HH_EV
FN,KLF,HH,67.2347,23.964,,2761,manual,0.5,,4861,manual,0.5,20250128T202341Z_20250128T202441Z,,,,,,,,,,,explosion,,,,,,[4.5131 -0.8132 1.0795],5999,2025-01-28 20:23:41.350000,earthquake_local,KLF.FN_20250128202341_HH_EV
FN,KLF,HH,67.2347,23.964,,1232,manual,0.5,,2339,manual,0.5,20250129T044506Z_20250129T044606Z,,,,,,,,,,,explosion,,,,,,[0.6040 0.0297 2.7539],3889,2025-01-29 04:45:06.100000,earthquake_local,KLF.FN_20250129044506_HH_EV
FN,KLF,HH,67.2347,23.964,,577,manual,0.5,,2929,manual,0.5,20250129T090230Z_20250129T090330Z,,,,,,,,,,,explosion,,,,,,[-1.9551 1.0048 4.1156],5999,2025-01-29 09:02:30.350000,earthquake_local,KLF.FN_20250129090230_HH_EV
FN,KLF,HH,67.2347,23.964,,2059,manual,0.5,,5416,manual,0.5,20250129T111636Z_20250129T111736Z,,,,,,,,,,,explosion,,,,,,[-1.9582 -0.1495 3.8321],5999,2025-01-29 11:16:36.450000,earthquake_local,KLF.FN_20250129111636_HH_EV
FN,KLF,HH,67.2347,23.964,,1168,manual,0.5,,4664,manual,0.5,20250129T120415Z_20250129T120515Z,,,,,,,,,,,explosion,,,,,,[2.5333 -0.6136 6.2860],5999,2025-01-29 12:04:16.000000,earthquake_local,KLF.FN_20250129120415_HH_EV
FN,KLF,HH,67.2347,23.964,,1069,manual,0.5,,3270,manual,0.5,20250129T121231Z_20250129T121331Z,,,,,,,,,,,explosion,,,,,,[-0.6855 0.4955 3.3645],5999,2025-01-29 12:12:31.200000,earthquake_local,KLF.FN_20250129121231_HH_EV
FN,KLF,HH,67.2347,23.964,,1233,manual,0.5,,3482,manual,0.5,20250130T120540Z_20250130T120640Z,,,,,,,,,,,explosion,,,,,,[-0.5565 0.4702 3.1952],5999,2025-01-30 12:05:40.100000,earthquake_local,KLF.FN_20250130120540_HH_EV
FN,KLF,HH,67.2347,23.964,,1929,manual,0.5,,4687,manual,0.5,20250130T130319Z_20250130T130419Z,,,,,,,,,,,explosion,,,,,,[1.8814 0.1791 3.4697],5999,2025-01-30 13:03:19.050000,earthquake_local,KLF.FN_20250130130319_HH_EV
FN,KLF,HH,67.2347,23.964,,818,manual,0.5,,3482,manual,0.5,20250131T111025Z_20250131T111125Z,,,,,,,,,,,explosion,,,,,,[2.0317 0.4210 2.2846],5999,2025-01-31 11:10:25.750000,earthquake_local,KLF.FN_20250131111025_HH_EV
FN,KLF,HH,67.2347,23.964,,2098,manual,0.5,,4490,manual,0.5,20250131T111653Z_20250131T111753Z,,,,,,,,,,,explosion,,,,,,[3.7654 0.7702 -1.7784],5999,2025-01-31 11:16:53.100000,earthquake_local,KLF.FN_20250131111653_HH_EV
FN,KLF,HH,67.2347,23.964,,2843,manual,0.5,,4560,manual,0.5,20250202T103756Z_20250202T103856Z,,,,,,,,,,,explosion,,,,,,[3.8096 1.8979 3.0670],5999,2025-02-02 10:37:57.000000,earthquake_local,KLF.FN_20250202103756_HH_EV
FN,KLF,HH,67.2347,23.964,,1988,manual,0.5,,3162,manual,0.5,20250202T163851Z_20250202T163951Z,,,,,,,,,,,explosion,,,,,,[-0.7545 1.6382 15.4484],4806,2025-02-02 16:38:51.100000,earthquake_local,KLF.FN_20250202163851_HH_EV
FN,KLF,HH,67.2347,23.964,,1073,manual,0.5,,2973,manual,0.5,20250202T230732Z_20250202T230832Z,,,,,,,,,,,explosion,,,,,,[0.3596 -0.5900 -0.6630],5633,2025-02-02 23:07:32.950000,earthquake_local,KLF.FN_20250202230732_HH_EV
FN,KLF,HH,67.2347,23.964,,1252,manual,0.5,,4640,manual,0.5,20250203T130747Z_20250203T130847Z,,,,,,,,,,,explosion,,,,,,[3.7229 1.9077 -0.9895],5999,2025-02-03 13:07:47.000000,earthquake_local,KLF.FN_20250203130747_HH_EV
FN,KLF,HH,67.2347,23.964,,3174,manual,0.5,,5246,manual,0.5,20250204T024403Z_20250204T024503Z,,,,,,,,,,,explosion,,,,,,[-0.7960 -1.5692 -4.0477],5999,2025-02-04 02:44:03.900000,earthquake_local,KLF.FN_20250204024403_HH_EV
FN,KLF,HH,67.2347,23.964,,1533,manual,0.5,,5005,manual,0.5,20250205T120012Z_20250205T120112Z,,,,,,,,,,,explosion,,,,,,[-3.3497 -0.6744 3.5965],5999,2025-02-05 12:00:12.150000,earthquake_local,KLF.FN_20250205120012_HH_EV
FN,KLF,HH,67.2347,23.964,,1883,manual,0.5,,4123,manual,0.5,20250206T090233Z_20250206T090333Z,,,,,,,,,,,explosion,,,,,,[-4.1412 0.6219 -4.8647],5999,2025-02-06 09:02:33.050000,earthquake_local,KLF.FN_20250206090233_HH_EV
FN,KLF,HH,67.2347,23.964,,1612,manual,0.5,,3527,manual,0.5,20250206T170148Z_20250206T170248Z,,,,,,,,,,,explosion,,,,,,[-3.7084 0.4846 0.5000],5999,2025-02-06 17:01:48.650000,earthquake_local,KLF.FN_20250206170148_HH_EV
FN,KLF,HH,67.2347,23.964,,4800,manual,0.5,,5290,manual,0.5,20250207T065735Z_20250207T065835Z,,,,,,,,,,,explosion,,,,,,[5.8958 -0.8766 0.8615],5976,2025-02-07 06:57:35.600000,earthquake_local,KLF.FN_20250207065735_HH_EV
FN,KLF,HH,67.2347,23.964,,1658,manual,0.5,,4108,manual,0.5,20250207T094452Z_20250207T094552Z,,,,,,,,,,,explosion,,,,,,[-0.6268 0.2899 -5.9354],5999,2025-02-07 09:44:52.100000,earthquake_local,KLF.FN_20250207094452_HH_EV
FN,KLF,HH,67.2347,23.964,,1834,manual,0.5,,4186,manual,0.5,20250207T130629Z_20250207T130729Z,,,,,,,,,,,explosion,,,,,,[0.8232 -3.8801 -2.3846],5999,2025-02-07 13:06:29.700000,earthquake_local,KLF.FN_20250207130629_HH_EV
FN,KLF,HH,67.2347,23.964,,1213,manual,0.5,,4721,manual,0.5,20250207T131121Z_20250207T131221Z,,,,,,,,,,,explosion,,,,,,[4.0677 3.0717 -0.3792],5999,2025-02-07 13:11:21.650000,earthquake_local,KLF.FN_20250207131121_HH_EV
FN,KLF,HH,67.2347,23.964,,1403,manual,0.5,,4889,manual,0.5,20250208T130737Z_20250208T130837Z,,,,,,,,,,,explosion,,,,,,[6.4566 2.2573 6.2979],5999,2025-02-08 13:07:37.550000,earthquake_local,KLF.FN_20250208130737_HH_EV
FN,KLF,HH,67.2347,23.964,,4928,manual,0.5,,5446,manual,0.5,20250210T133026Z_20250210T133126Z,,,,,,,,,,,explosion,,,,,,[5.8563 5.4983 7.7490],5999,2025-02-10 13:30:27.000000,earthquake_local,KLF.FN_20250210133026_HH_EV
FN,KLF,HH,67.2347,23.964,,2723,manual,0.5,,3815,manual,0.5,20250211T044627Z_20250211T044727Z,,,,,,,,,,,explosion,,,,,,[3.7594 1.7821 -4.7219],5344,2025-02-11 04:46:27.650000,earthquake_local,KLF.FN_20250211044627_HH_EV
FN,KLF,HH,67.2347,23.964,,2303,manual,0.5,,3511,manual,0.5,20250212T044048Z_20250212T044148Z,,,,,,,,,,,explosion,,,,,,[-0.6896 2.3727 6.6605],5202,2025-02-12 04:40:48.450000,earthquake_local,KLF.FN_20250212044048_HH_EV
FN,KLF,HH,67.2347,23.964,,1433,manual,0.5,,3525,manual,0.5,20250212T113518Z_20250212T113618Z,,,,,,,,,,,explosion,,,,,,[6.3527 -1.4991 -5.7273],5999,2025-02-12 11:35:18.750000,earthquake_local,KLF.FN_20250212113518_HH_EV
FN,KLF,HH,67.2347,23.964,,788,manual,0.5,,5428,manual,0.5,20250212T132731Z_20250212T132831Z,,,,,,,,,,,explosion,,,,,,[2.7214 -0.3416 0.2897],5999,2025-02-12 13:27:31.800000,earthquake_local,KLF.FN_20250212132731_HH_EV
FN,KLF,HH,67.2347,23.964,,2788,manual,0.5,,4944,manual,0.5,20250213T121953Z_20250213T122053Z,,,,,,,,,,,explosion,,,,,,[-0.4443 1.2770 6.6373],5999,2025-02-13 12:19:54.000000,earthquake_local,KLF.FN_20250213121953_HH_EV
FN,KLF,HH,67.2347,23.964,,1517,manual,0.5,,2791,manual,0.5,20250213T164054Z_20250213T164154Z,,,,,,,,,,,explosion,,,,,,[4.0257 0.3791 0.2281],4575,2025-02-13 16:40:54.050000,earthquake_local,KLF.FN_20250213164054_HH_EV
FN,KLF,HH,67.2347,23.964,,1898,manual,0.5,,5230,manual,0.5,20250214T103121Z_20250214T103221Z,,,,,,,,,,,explosion,,,,,,[0.0259 0.7268 2.8328],5999,2025-02-14 10:31:21.700000,earthquake_local,KLF.FN_20250214103121_HH_EV
FN,KLF,HH,67.2347,23.964,,1298,manual,0.5,,4781,manual,0.5,20250214T131820Z_20250214T131920Z,,,,,,,,,,,explosion,,,,,,[-0.0994 -0.3702 0.4466],5999,2025-02-14 13:18:20.950000,earthquake_local,KLF.FN_20250214131820_HH_EV
FN,KLF,HH,67.2347,23.964,,4279,manual,0.5,,5497,manual,0.5,20250216T044015Z_20250216T044115Z,,,,,,,,,,,explosion,,,,,,[-0.8726 0.6276 1.8521],5999,2025-02-16 04:40:15.550000,earthquake_local,KLF.FN_20250216044015_HH_EV
FN,KLF,HH,67.2347,23.964,,1610,manual,0.5,,3890,manual,0.5,20250217T023326Z_20250217T023426Z,,,,,,,,,,,explosion,,,,,,[0.5432 -0.1754 -1.7202],5999,2025-02-17 02:33:26.900000,earthquake_local,KLF.FN_20250217023326_HH_EV
FN,KLF,HH,67.2347,23.964,,1724,manual,0.5,,5336,manual,0.5,20250217T200557Z_20250217T200657Z,,,,,,,,,,,explosion,,,,,,[0.5850 0.2226 3.9322],5999,2025-02-17 20:05:57.200000,earthquake_local,KLF.FN_20250217200557_HH_EV
FN,KLF,HH,67.2347,23.964,,887,manual,0.5,,2647,manual,0.5,20250217T231306Z_20250217T231406Z,,,,,,,,,,,explosion,,,,,,[-3.6849 -0.5095 4.4474],5111,2025-02-17 23:13:06.250000,earthquake_local,KLF.FN_20250217231306_HH_EV
FN,KLF,HH,67.2347,23.964,,2760,manual,0.5,,4920,manual,0.5,20250218T002315Z_20250218T002415Z,,,,,,,,,,,explosion,,,,,,[1.4324 -0.7282 -0.2114],5999,2025-02-18 00:23:15.200000,earthquake_local,KLF.FN_20250218002315_HH_EV
FN,KLF,HH,67.2347,23.964,,1976,manual,0.5,,3802,manual,0.5,20250218T015506Z_20250218T015606Z,,,,,,,,,,,explosion,,,,,,[-0.8030 0.5708 2.1173],5999,2025-02-18 01:55:06.500000,earthquake_local,KLF.FN_20250218015506_HH_EV
FN,KLF,HH,67.2347,23.964,,1757,manual,0.5,,4292,manual,0.5,20250218T090556Z_20250218T090656Z,,,,,,,,,,,explosion,,,,,,[2.7830 0.4602 -0.8374],5999,2025-02-18 09:05:56.050000,earthquake_local,KLF.FN_20250218090556_HH_EV
FN,KLF,HH,67.2347,23.964,,1885,manual,0.5,,3733,manual,0.5,20250218T112343Z_20250218T112443Z,,,,,,,,,,,explosion,,,,,,[0.7326 -0.1973 -7.6614],5999,2025-02-18 11:23:43.350000,earthquake_local,KLF.FN_20250218112343_HH_EV
FN,KLF,HH,67.2347,23.964,,3055,manual,0.5,,5407,manual,0.5,20250219T124515Z_20250219T124615Z,,,,,,,,,,,explosion,,,,,,[4.8982 0.1736 2.9346],5999,2025-02-19 12:45:15.500000,earthquake_local,KLF.FN_20250219124515_HH_EV
FN,KLF,HH,67.2347,23.964,,2818,manual,0.5,,5086,manual,0.5,20250220T150711Z_20250220T150811Z,,,,,,,,,,,explosion,,,,,,[2.7114 0.4851 2.6608],5999,2025-02-20 15:07:11.700000,earthquake_local,KLF.FN_20250220150711_HH_EV
FN,KLF,HH,67.2347,23.964,,1106,manual,0.5,,3862,manual,0.5,20250221T091127Z_20250221T091227Z,,,,,,,,,,,explosion,,,,,,[-1.0634 -0.4856 0.9625],5999,2025-02-21 09:11:27.150000,earthquake_local,KLF.FN_20250221091127_HH_EV
FN,KLF,HH,67.2347,23.964,,1893,manual,0.5,,5342,manual,0.5,20250221T131236Z_20250221T131336Z,,,,,,,,,,,explosion,,,,,,[-0.8316 -0.6751 4.6880],5999,2025-02-21 13:12:36.100000,earthquake_local,KLF.FN_20250221131236_HH_EV
FN,KLF,HH,67.2347,23.964,,788,manual,0.5,,4226,manual,0.5,20250221T131943Z_20250221T132043Z,,,,,,,,,,,explosion,,,,,,[1.1884 0.3209 -4.1175],5999,2025-02-21 13:19:43.100000,earthquake_local,KLF.FN_20250221131943_HH_EV
FN,KLF,HH,67.2347,23.964,,2750,manual,0.5,,4667,manual,0.5,20250221T170118Z_20250221T170218Z,,,,,,,,,,,explosion,,,,,,[-1.4898 0.7573 -3.2908],5999,2025-02-21 17:01:18.650000,earthquake_local,KLF.FN_20250221170118_HH_EV
FN,KLF,HH,67.2347,23.964,,1283,manual,0.5,,1751,manual,0.5,20250222T103417Z_20250222T103517Z,,,,,,,,,,,explosion,,,,,,[11.1480 2.0408 7.8222],2406,2025-02-22 10:34:17.250000,earthquake_local,KLF.FN_20250222103417_HH_EV
FN,KLF,HH,67.2347,23.964,,906,manual,0.5,,4602,manual,0.5,20250225T043250Z_20250225T043350Z,,,,,,,,,,,explosion,,,,,,[0.7333 0.1802 3.9527],5999,2025-02-25 04:32:50.700000,earthquake_local,KLF.FN_20250225043250_HH_EV
FN,KLF,HH,67.2347,23.964,,2232,manual,0.5,,4200,manual,0.5,20250225T060838Z_20250225T060938Z,,,,,,,,,,,explosion,,,,,,[5.2517 0.2974 2.3762],5999,2025-02-25 06:08:38.400000,earthquake_local,KLF.FN_20250225060838_HH_EV
FN,KLF,HH,67.2347,23.964,,748,manual,0.5,,4238,manual,0.5,20250225T123250Z_20250225T123350Z,,,,,,,,,,,explosion,,,,,,[3.3545 -2.0242 4.2607],5999,2025-02-25 12:32:50.300000,earthquake_local,KLF.FN_20250225123250_HH_EV
FN,KLF,HH,67.2347,23.964,,1778,manual,0.5,,3008,manual,0.5,20250225T164424Z_20250225T164524Z,,,,,,,,,,,explosion,,,,,,[5.2459 2.1083 -1.5081],4730,2025-02-25 16:44:24.200000,earthquake_local,KLF.FN_20250225164424_HH_EV
FN,KLF,HH,67.2347,23.964,,1611,manual,0.5,,4015,manual,0.5,20250226T122016Z_20250226T122116Z,,,,,,,,,,,explosion,,,,,,[-3.2361 1.5085 0.5145],5999,2025-02-26 12:20:16.250000,earthquake_local,KLF.FN_20250226122016_HH_EV
FN,KLF,HH,67.2347,23.964,,1028,manual,0.5,,3176,manual,0.5,20250226T131845Z_20250226T131945Z,,,,,,,,,,,explosion,,,,,,[-1.1916 -0.1754 3.8919],5999,2025-02-26 13:18:45.200000,earthquake_local,KLF.FN_20250226131845_HH_EV
FN,KLF,HH,67.2347,23.964,,1428,manual,0.5,,3752,manual,0.5,20250227T114902Z_20250227T115002Z,,,,,,,,,,,explosion,,,,,,[1.2915 1.2714 2.9600],5999,2025-02-27 11:49:02.800000,earthquake_local,KLF.FN_20250227114902_HH_EV
FN,KLF,HH,67.2347,23.964,,2722,manual,0.5,,4934,manual,0.5,20250227T120411Z_20250227T120511Z,,,,,,,,,,,explosion,,,,,,[-2.6562 0.1750 -3.7461],5999,2025-02-27 12:04:11.300000,earthquake_local,KLF.FN_20250227120411_HH_EV
FN,KLF,HH,67.2347,23.964,,2070,manual,0.5,,4618,manual,0.5,20250227T142125Z_20250227T142225Z,,,,,,,,,,,explosion,,,,,,[-1.5754 -0.4893 1.3701],5999,2025-02-27 14:21:25.700000,earthquake_local,KLF.FN_20250227142125_HH_EV
FN,KLF,HH,67.2347,23.964,,4553,manual,0.5,,5146,manual,0.5,20250228T131428Z_20250228T131528Z,,,,,,,,,,,explosion,,,,,,[12.6309 3.5413 3.7057],5976,2025-02-28 13:14:28.600000,earthquake_local,KLF.FN_20250228131428_HH_EV
FN,KLF,HH,67.2347,23.964,,683,manual,0.5,,4175,manual,0.5,20250228T134814Z_20250228T134914Z,,,,,,,,,,,explosion,,,,,,[2.1997 -0.0377 2.2519],5999,2025-02-28 13:48:14.850000,earthquake_local,KLF.FN_20250228134814_HH_EV
FN,KMNF,HH,69.14895,26.99611,,1346,manual,0.5,,3091,manual,0.5,20250108T164409Z_20250108T164509Z,,,,,,,,,,,explosion,,,,,,[2.4856 0.1044 -0.0366],5534,2025-01-08 16:44:09.550000,earthquake_local,KMNF.FN_20250108164409_HH_EV
FN,KMNF,HH,69.14895,26.99611,,1365,manual,0.5,,3078,manual,0.5,20250122T045314Z_20250122T045414Z,,,,,,,,,,,explosion,,,,,,[-2.4392 0.4183 -0.2347],5476,2025-01-22 04:53:14.000000,earthquake_local,KMNF.FN_20250122045314_HH_EV
FN,KMNF,HH,69.14895,26.99611,,3495,manual,0.5,,5247,manual,0.5,20250129T044452Z_20250129T044552Z,,,,,,,,,,,explosion,,,,,,[1.5525 -0.0398 0.6544],5999,2025-01-29 04:44:52.700000,earthquake_local,KMNF.FN_20250129044452_HH_EV
FN,KMNF,HH,69.14895,26.99611,,1995,manual,0.5,,3832,manual,0.5,20250131T114558Z_20250131T114658Z,,,,,,,,,,,explosion,,,,,,[-2.2632 -1.3589 -0.2447],5999,2025-01-31 11:45:58.300000,earthquake_local,KMNF.FN_20250131114558_HH_EV
FN,KMNF,HH,69.14895,26.99611,,1208,manual,0.5,,3016,manual,0.5,20250212T044106Z_20250212T044206Z,,,,,,,,,,,explosion,,,,,,[-3.3673 0.9794 -3.0089],5547,2025-02-12 04:41:06.950000,earthquake_local,KMNF.FN_20250212044106_HH_EV
FN,KMNF,HH,69.14895,26.99611,,1180,manual,0.5,,2000,manual,0.5,20250218T090538Z_20250218T090638Z,,,,,,,,,,,explosion,,,,,,[1.4670 0.6788 -0.0961],3148,2025-02-18 09:05:38.350000,earthquake_local,KMNF.FN_20250218090538_HH_EV
HE,KPF,HH,61.8337,22.0704,,1640,manual,0.5,,5458,manual,0.5,20250103T114201Z_20250103T114301Z,,,,,,,,,,,explosion,,,,,,[-1.9475 0.6260 0.7876],5999,2025-01-03 11:42:01.480000,earthquake_local,KPF.HE_20250103114201_HH_EV
HE,KPF,HH,61.8337,22.0704,,2738,manual,0.5,,4796,manual,0.5,20250103T120404Z_20250103T120504Z,,,,,,,,,,,explosion,,,,,,[-0.9566 -0.8717 1.2516],5999,2025-01-03 12:04:04.496000,earthquake_local,KPF.HE_20250103120404_HH_EV
HE,KPF,HH,61.8337,22.0704,,699,manual,0.5,,3330,manual,0.5,20250107T113247Z_20250107T113347Z,,,,,,,,,,,explosion,,,,,,[-0.4093 -5.5289 -3.2441],5999,2025-01-07 11:32:47.464000,earthquake_local,KPF.HE_20250107113247_HH_EV
HE,KPF,HH,61.8337,22.0704,,3205,manual,0.5,,3587,manual,0.5,20250107T124240Z_20250107T124340Z,,,,,,,,,,,explosion,,,,,,[4.1579 13.4372 1.9038],4122,2025-01-07 12:42:40.284000,earthquake_local,KPF.HE_20250107124240_HH_EV
HE,KPF,HH,61.8337,22.0704,,2555,manual,0.5,,3483,manual,0.5,20250107T142612Z_20250107T142712Z,,,,,,,,,,,explosion,,,,,,[-2.3940 5.7407 -6.6204],4782,2025-01-07 14:26:12.624000,earthquake_local,KPF.HE_20250107142612_HH_EV
HE,KPF,HH,61.8337,22.0704,,2747,manual,0.5,,4020,manual,0.5,20250108T124714Z_20250108T124814Z,,,,,,,,,,,explosion,,,,,,[1.2794 3.8625 0.1248],5802,2025-01-08 12:47:14.284000,earthquake_local,KPF.HE_20250108124714_HH_EV
HE,KPF,HH,61.8337,22.0704,,3037,manual,0.5,,4919,manual,0.5,20250108T133407Z_20250108T133507Z,,,,,,,,,,,explosion,,,,,,[-0.4146 1.9805 0.0595],5999,2025-01-08 13:34:07.292000,earthquake_local,KPF.HE_20250108133407_HH_EV
HE,KPF,HH,61.8337,22.0704,,1401,manual,0.5,,4313,manual,0.5,20250109T124828Z_20250109T124928Z,,,,,,,,,,,explosion,,,,,,[0.6532 7.1022 0.8769],5999,2025-01-09 12:48:28.672000,earthquake_local,KPF.HE_20250109124828_HH_EV
HE,KPF,HH,61.8337,22.0704,,539,manual,0.5,,2315,manual,0.5,20250110T100540Z_20250110T100640Z,,,,,,,,,,,explosion,,,,,,[0.5226 0.1086 0.5426],4801,2025-01-10 10:05:40.088000,earthquake_local,KPF.HE_20250110100540_HH_EV
HE,KPF,HH,61.8337,22.0704,,1101,manual,0.5,,3579,manual,0.5,20250110T110135Z_20250110T110235Z,,,,,,,,,,,explosion,,,,,,[-0.4162 -1.1404 0.0850],5999,2025-01-10 11:01:35.468000,earthquake_local,KPF.HE_20250110110135_HH_EV
HE,KPF,HH,61.8337,22.0704,,775,manual,0.5,,4679,manual,0.5,20250110T115220Z_20250110T115320Z,,,,,,,,,,,explosion,,,,,,[0.7553 -0.1330 -0.1569],5999,2025-01-10 11:52:20.228000,earthquake_local,KPF.HE_20250110115220_HH_EV
HE,KPF,HH,61.8337,22.0704,,965,manual,0.5,,2902,manual,0.5,20250110T120355Z_20250110T120455Z,,,,,,,,,,,explosion,,,,,,[-0.1120 0.1279 -0.2608],5614,2025-01-10 12:03:55.252000,earthquake_local,KPF.HE_20250110120355_HH_EV
HE,KPF,HH,61.8337,22.0704,,909,manual,0.5,,2871,manual,0.5,20250110T120910Z_20250110T121010Z,,,,,,,,,,,explosion,,,,,,[-0.3196 0.5025 -0.2443],5618,2025-01-10 12:09:10.408000,earthquake_local,KPF.HE_20250110120910_HH_EV
HE,KPF,HH,61.8337,22.0704,,1616,manual,0.5,,3977,manual,0.5,20250113T080227Z_20250113T080327Z,,,,,,,,,,,explosion,,,,,,[-2.4658 -0.2468 1.4963],5999,2025-01-13 08:02:27.428000,earthquake_local,KPF.HE_20250113080227_HH_EV
HE,KPF,HH,61.8337,22.0704,,1578,manual,0.5,,4473,manual,0.5,20250113T121205Z_20250113T121305Z,,,,,,,,,,,explosion,,,,,,[2.8991 1.9166 7.4181],5999,2025-01-13 12:12:05.152000,earthquake_local,KPF.HE_20250113121205_HH_EV
HE,KPF,HH,61.8337,22.0704,,1606,manual,0.5,,2673,manual,0.5,20250113T125837Z_20250113T125937Z,,,,,,,,,,,explosion,,,,,,[-3.5483 -1.8908 -3.2068],4167,2025-01-13 12:58:37.392000,earthquake_local,KPF.HE_20250113125837_HH_EV
HE,KPF,HH,61.8337,22.0704,,888,manual,0.5,,3554,manual,0.5,20250113T140158Z_20250113T140258Z,,,,,,,,,,,explosion,,,,,,[-2.1918 -1.2523 0.8267],5999,2025-01-13 14:01:58.800000,earthquake_local,KPF.HE_20250113140158_HH_EV
HE,KPF,HH,61.8337,22.0704,,2115,manual,0.5,,4485,manual,0.5,20250114T073124Z_20250114T073224Z,,,,,,,,,,,explosion,,,,,,[2.9141 4.1386 0.4659],5999,2025-01-14 07:31:24.068000,earthquake_local,KPF.HE_20250114073124_HH_EV
HE,KPF,HH,61.8337,22.0704,,4030,manual,0.5,,4884,manual,0.5,20250114T105211Z_20250114T105311Z,,,,,,,,,,,explosion,,,,,,[1.9758 0.4476 0.2661],5999,2025-01-14 10:52:11.180000,earthquake_local,KPF.HE_20250114105211_HH_EV
HE,KPF,HH,61.8337,22.0704,,934,manual,0.5,,4686,manual,0.5,20250114T112631Z_20250114T112731Z,,,,,,,,,,,explosion,,,,,,[3.8897 1.1258 -2.2611],5999,2025-01-14 11:26:31.440000,earthquake_local,KPF.HE_20250114112631_HH_EV
HE,KPF,HH,61.8337,22.0704,,601,manual,0.5,,3201,manual,0.5,20250114T135808Z_20250114T135908Z,,,,,,,,,,,explosion,,,,,,[0.1780 4.2984 1.7913],5999,2025-01-14 13:58:08.472000,earthquake_local,KPF.HE_20250114135808_HH_EV
HE,KPF,HH,61.8337,22.0704,,1012,manual,0.5,,3469,manual,0.5,20250114T140037Z_20250114T140137Z,,,,,,,,,,,explosion,,,,,,[1.7082 11.1471 2.0156],5999,2025-01-14 14:00:37.324000,earthquake_local,KPF.HE_20250114140037_HH_EV
HE,KPF,HH,61.8337,22.0704,,1862,manual,0.5,,2813,manual,0.5,20250115T110949Z_20250115T111049Z,,,,,,,,,,,explosion,,,,,,[-0.8837 -1.8524 -2.6237],4144,2025-01-15 11:09:49.464000,earthquake_local,KPF.HE_20250115110949_HH_EV
HE,KPF,HH,61.8337,22.0704,,1507,manual,0.5,,4335,manual,0.5,20250115T134637Z_20250115T134737Z,,,,,,,,,,,explosion,,,,,,[-0.5449 -3.3092 -2.3107],5999,2025-01-15 13:46:37.572000,earthquake_local,KPF.HE_20250115134637_HH_EV
HE,KPF,HH,61.8337,22.0704,,1883,manual,0.5,,4351,manual,0.5,20250115T152127Z_20250115T152227Z,,,,,,,,,,,explosion,,,,,,[-0.0454 2.7912 3.4019],5999,2025-01-15 15:21:27.968000,earthquake_local,KPF.HE_20250115152127_HH_EV
HE,KPF,HH,61.8337,22.0704,,3420,manual,0.5,,5002,manual,0.5,20250116T091851Z_20250116T091951Z,,,,,,,,,,,explosion,,,,,,[0.4700 4.0416 3.9116],5999,2025-01-16 09:18:51.680000,earthquake_local,KPF.HE_20250116091851_HH_EV
HE,KPF,HH,61.8337,22.0704,,714,manual,0.5,,3264,manual,0.5,20250116T113144Z_20250116T113244Z,,,,,,,,,,,explosion,,,,,,[-0.6548 0.8259 1.5072],5999,2025-01-16 11:31:44.944000,earthquake_local,KPF.HE_20250116113144_HH_EV
HE,KPF,HH,61.8337,22.0704,,546,manual,0.5,,3170,manual,0.5,20250116T113748Z_20250116T113848Z,,,,,,,,,,,explosion,,,,,,[1.2549 0.9462 3.4845],5999,2025-01-16 11:37:48.720000,earthquake_local,KPF.HE_20250116113748_HH_EV
HE,KPF,HH,61.8337,22.0704,,706,manual,0.5,,4638,manual,0.5,20250116T114227Z_20250116T114327Z,,,,,,,,,,,explosion,,,,,,[0.4612 1.8223 3.1991],5999,2025-01-16 11:42:27.244000,earthquake_local,KPF.HE_20250116114227_HH_EV
HE,KPF,HH,61.8337,22.0704,,2863,manual,0.5,,5243,manual,0.5,20250116T120405Z_20250116T120505Z,,,,,,,,,,,explosion,,,,,,[-0.6126 -1.9093 -2.7875],5999,2025-01-16 12:04:05.152000,earthquake_local,KPF.HE_20250116120405_HH_EV
HE,KPF,HH,61.8337,22.0704,,860,manual,0.5,,2922,manual,0.5,20250117T130352Z_20250117T130452Z,,,,,,,,,,,explosion,,,,,,[-1.9354 0.8523 -4.4003],5809,2025-01-17 13:03:52.956000,earthquake_local,KPF.HE_20250117130352_HH_EV
HE,KPF,HH,61.8337,22.0704,,3606,manual,0.5,,5099,manual,0.5,20250120T103157Z_20250120T103257Z,,,,,,,,,,,explosion,,,,,,[2.2309 1.2143 0.6294],5999,2025-01-20 10:31:57.820000,earthquake_local,KPF.HE_20250120103157_HH_EV
HE,KPF,HH,61.8337,22.0704,,672,manual,0.5,,4366,manual,0.5,20250120T113740Z_20250120T113840Z,,,,,,,,,,,explosion,,,,,,[-6.0269 -1.3645 0.3699],5999,2025-01-20 11:37:40.460000,earthquake_local,KPF.HE_20250120113740_HH_EV
HE,KPF,HH,61.8337,22.0704,,2231,manual,0.5,,3479,manual,0.5,20250120T123524Z_20250120T123624Z,,,,,,,,,,,explosion,,,,,,[-4.9379 -3.7182 -0.8622],5226,2025-01-20 12:35:24.988000,earthquake_local,KPF.HE_20250120123524_HH_EV
HE,KPF,HH,61.8337,22.0704,,2870,manual,0.5,,4769,manual,0.5,20250120T135143Z_20250120T135243Z,,,,,,,,,,,explosion,,,,,,[4.8709 -0.0416 -1.0302],5999,2025-01-20 13:51:43.812000,earthquake_local,KPF.HE_20250120135143_HH_EV
HE,KPF,HH,61.8337,22.0704,,3602,manual,0.5,,5464,manual,0.5,20250121T112035Z_20250121T112135Z,,,,,,,,,,,explosion,,,,,,[-0.2444 -0.4318 -0.8944],5999,2025-01-21 11:20:35.132000,earthquake_local,KPF.HE_20250121112035_HH_EV
HE,KPF,HH,61.8337,22.0704,,572,manual,0.5,,1980,manual,0.5,20250121T121419Z_20250121T121519Z,,,,,,,,,,,explosion,,,,,,[0.6119 -0.1516 0.2561],3951,2025-01-21 12:14:19.088000,earthquake_local,KPF.HE_20250121121419_HH_EV
HE,KPF,HH,61.8337,22.0704,,2299,manual,0.5,,3257,manual,0.5,20250122T083118Z_20250122T083218Z,,,,,,,,,,,explosion,,,,,,[2.6299 -0.5061 0.4580],4598,2025-01-22 08:31:18.588000,earthquake_local,KPF.HE_20250122083118_HH_EV
HE,KPF,HH,61.8337,22.0704,,3121,manual,0.5,,3739,manual,0.5,20250122T111111Z_20250122T111211Z,,,,,,,,,,,explosion,,,,,,[-0.1808 -0.5325 0.2164],4604,2025-01-22 11:11:11.268000,earthquake_local,KPF.HE_20250122111111_HH_EV
HE,KPF,HH,61.8337,22.0704,,1815,manual,0.5,,4689,manual,0.5,20250122T131101Z_20250122T131201Z,,,,,,,,,,,explosion,,,,,,[0.4571 0.5296 0.2429],5999,2025-01-22 13:11:01.328000,earthquake_local,KPF.HE_20250122131101_HH_EV
HE,KPF,HH,61.8337,22.0704,,3415,manual,0.5,,4430,manual,0.5,20250123T023913Z_20250123T024013Z,,,,,,,,,,,explosion,,,,,,[0.3351 0.1457 0.2609],5851,2025-01-23 02:39:13.388000,earthquake_local,KPF.HE_20250123023913_HH_EV
HE,KPF,HH,61.8337,22.0704,,1145,manual,0.5,,3845,manual,0.5,20250123T074931Z_20250123T075031Z,,,,,,,,,,,explosion,,,,,,[0.3066 -0.6294 -0.6000],5999,2025-01-23 07:49:31.628000,earthquake_local,KPF.HE_20250123074931_HH_EV
HE,KPF,HH,61.8337,22.0704,,1775,manual,0.5,,4314,manual,0.5,20250123T111539Z_20250123T111639Z,,,,,,,,,,,explosion,,,,,,[-0.1696 -1.1773 -0.0617],5999,2025-01-23 11:15:39.324000,earthquake_local,KPF.HE_20250123111539_HH_EV
HE,KPF,HH,61.8337,22.0704,,1476,manual,0.5,,2790,manual,0.5,20250123T115158Z_20250123T115258Z,,,,,,,,,,,explosion,,,,,,[0.6874 -0.0633 -0.0409],4630,2025-01-23 11:51:58.824000,earthquake_local,KPF.HE_20250123115158_HH_EV
HE,KPF,HH,61.8337,22.0704,,950,manual,0.5,,2966,manual,0.5,20250123T120422Z_20250123T120522Z,,,,,,,,,,,explosion,,,,,,[-0.7521 -0.4697 -0.2528],5788,2025-01-23 12:04:22.636000,earthquake_local,KPF.HE_20250123120422_HH_EV
HE,KPF,HH,61.8337,22.0704,,3540,manual,0.5,,3974,manual,0.5,20250123T131957Z_20250123T132057Z,,,,,,,,,,,explosion,,,,,,[2.3247 0.1120 0.2471],4582,2025-01-23 13:19:57.164000,earthquake_local,KPF.HE_20250123131957_HH_EV
HE,KPF,HH,61.8337,22.0704,,1674,manual,0.5,,5370,manual,0.5,20250124T113851Z_20250124T113951Z,,,,,,,,,,,explosion,,,,,,[-0.9754 -2.3812 7.7778],5999,2025-01-24 11:38:51.680000,earthquake_local,KPF.HE_20250124113851_HH_EV
HE,KPF,HH,61.8337,22.0704,,2434,manual,0.5,,5052,manual,0.5,20250124T114126Z_20250124T114226Z,,,,,,,,,,,explosion,,,,,,[-1.1993 2.2243 1.7450],5999,2025-01-24 11:41:26.740000,earthquake_local,KPF.HE_20250124114126_HH_EV
HE,KPF,HH,61.8337,22.0704,,3740,manual,0.5,,5071,manual,0.5,20250127T105750Z_20250127T105850Z,,,,,,,,,,,explosion,,,,,,[3.5411 2.8238 0.4598],5999,2025-01-27 10:57:50.148000,earthquake_local,KPF.HE_20250127105750_HH_EV
HE,KPF,HH,61.8337,22.0704,,1790,manual,0.5,,3544,manual,0.5,20250127T105951Z_20250127T110051Z,,,,,,,,,,,explosion,,,,,,[-4.0057 1.4425 3.2201],5999,2025-01-27 10:59:51.508000,earthquake_local,KPF.HE_20250127105951_HH_EV
HE,KPF,HH,61.8337,22.0704,,985,manual,0.5,,2707,manual,0.5,20250127T132243Z_20250127T132343Z,,,,,,,,,,,explosion,,,,,,[-2.8467 1.9004 -2.5934],5118,2025-01-27 13:22:43.776000,earthquake_local,KPF.HE_20250127132243_HH_EV
HE,KPF,HH,61.8337,22.0704,,2938,manual,0.5,,3825,manual,0.5,20250128T094826Z_20250128T094926Z,,,,,,,,,,,explosion,,,,,,[-2.7575 0.6465 1.8324],5067,2025-01-28 09:48:26.748000,earthquake_local,KPF.HE_20250128094826_HH_EV
HE,KPF,HH,61.8337,22.0704,,2765,manual,0.5,,5104,manual,0.5,20250128T105316Z_20250128T105416Z,,,,,,,,,,,explosion,,,,,,[0.4746 4.9789 0.5570],5999,2025-01-28 10:53:16.140000,earthquake_local,KPF.HE_20250128105316_HH_EV
HE,KPF,HH,61.8337,22.0704,,3093,manual,0.5,,5158,manual,0.5,20250128T120402Z_20250128T120502Z,,,,,,,,,,,explosion,,,,,,[-2.4843 -1.4334 -3.5195],5999,2025-01-28 12:04:02.004000,earthquake_local,KPF.HE_20250128120402_HH_EV
HE,KPF,HH,61.8337,22.0704,,1661,manual,0.5,,4781,manual,0.5,20250129T102657Z_20250129T102757Z,,,,,,,,,,,explosion,,,,,,[-0.3630 0.0613 0.5673],5999,2025-01-29 10:26:57.600000,earthquake_local,KPF.HE_20250129102657_HH_EV
HE,KPF,HH,61.8337,22.0704,,563,manual,0.5,,1001,manual,0.5,20250129T103019Z_20250129T103119Z,,,,,,,,,,,explosion,,,,,,[1.0220 4.3621 3.4990],1614,2025-01-29 10:30:19.812000,earthquake_local,KPF.HE_20250129103019_HH_EV
HE,KPF,HH,61.8337,22.0704,,4416,manual,0.5,,5256,manual,0.5,20250129T115615Z_20250129T115715Z,,,,,,,,,,,explosion,,,,,,[1.5255 3.9536 0.4721],5999,2025-01-29 11:56:15.316000,earthquake_local,KPF.HE_20250129115615_HH_EV
HE,KPF,HH,61.8337,22.0704,,1117,manual,0.5,,3713,manual,0.5,20250129T125535Z_20250129T125635Z,,,,,,,,,,,explosion,,,,,,[-0.1448 7.5855 3.4709],5999,2025-01-29 12:55:35.528000,earthquake_local,KPF.HE_20250129125535_HH_EV
HE,KPF,HH,61.8337,22.0704,,3009,manual,0.5,,5313,manual,0.5,20250129T150041Z_20250129T150141Z,,,,,,,,,,,explosion,,,,,,[2.0530 -5.2989 -3.7886],5999,2025-01-29 15:00:41.492000,earthquake_local,KPF.HE_20250129150041_HH_EV
HE,KPF,HH,61.8337,22.0704,,631,manual,0.5,,3749,manual,0.5,20250130T093902Z_20250130T094002Z,,,,,,,,,,,explosion,,,,,,[-0.2015 -0.4137 -0.4663],5999,2025-01-30 09:39:02.268000,earthquake_local,KPF.HE_20250130093902_HH_EV
HE,KPF,HH,61.8337,22.0704,,2522,manual,0.5,,4238,manual,0.5,20250130T113150Z_20250130T113250Z,,,,,,,,,,,explosion,,,,,,[-0.2214 1.6515 0.6940],5999,2025-01-30 11:31:50.172000,earthquake_local,KPF.HE_20250130113150_HH_EV
HE,KPF,HH,61.8337,22.0704,,1154,manual,0.5,,3194,manual,0.5,20250130T120418Z_20250130T120518Z,,,,,,,,,,,explosion,,,,,,[-0.8101 -0.1018 -0.1897],5999,2025-01-30 12:04:18.432000,earthquake_local,KPF.HE_20250130120418_HH_EV
HE,KPF,HH,61.8337,22.0704,,530,manual,0.5,,3422,manual,0.5,20250130T120812Z_20250130T120912Z,,,,,,,,,,,explosion,,,,,,[2.2045 0.9855 0.0862],5999,2025-01-30 12:08:12.360000,earthquake_local,KPF.HE_20250130120812_HH_EV
HE,KPF,HH,61.8337,22.0704,,968,manual,0.5,,2010,manual,0.5,20250130T131434Z_20250130T131534Z,,,,,,,,,,,explosion,,,,,,[-0.6596 -0.3831 0.0260],3469,2025-01-30 13:14:34.400000,earthquake_local,KPF.HE_20250130131434_HH_EV
HE,KPF,HH,61.8337,22.0704,,2441,manual,0.5,,4322,manual,0.5,20250130T143033Z_20250130T143133Z,,,,,,,,,,,explosion,,,,,,[0.1151 -0.8170 1.0900],5999,2025-01-30 14:30:33.552000,earthquake_local,KPF.HE_20250130143033_HH_EV
HE,KPF,HH,61.8337,22.0704,,1303,manual,0.5,,3972,manual,0.5,20250131T125715Z_20250131T125815Z,,,,,,,,,,,explosion,,,,,,[-0.1634 0.8794 -0.0508],5999,2025-01-31 12:57:15.340000,earthquake_local,KPF.HE_20250131125715_HH_EV
HE,KPF,HH,61.8337,22.0704,,3717,manual,0.5,,4632,manual,0.5,20250131T132416Z_20250131T132516Z,,,,,,,,,,,explosion,,,,,,[0.8085 -1.5521 -1.2056],5913,2025-01-31 13:24:16.096000,earthquake_local,KPF.HE_20250131132416_HH_EV
HE,KPF,HH,61.8337,22.0704,,1296,manual,0.5,,3014,manual,0.5,20250204T114547Z_20250204T114647Z,,,,,,,,,,,explosion,,,,,,[1.6072 0.2663 -0.5052],5419,2025-02-04 11:45:47.288000,earthquake_local,KPF.HE_20250204114547_HH_EV
HE,KPF,HH,61.8337,22.0704,,3165,manual,0.5,,4087,manual,0.5,20250204T124525Z_20250204T124625Z,,,,,,,,,,,explosion,,,,,,[1.8744 0.5319 0.5785],5378,2025-02-04 12:45:25.736000,earthquake_local,KPF.HE_20250204124525_HH_EV
HE,KPF,HH,61.8337,22.0704,,2494,manual,0.5,,4784,manual,0.5,20250205T105330Z_20250205T105430Z,,,,,,,,,,,explosion,,,,,,[-1.9236 -2.8571 -0.7202],5999,2025-02-05 10:53:30.800000,earthquake_local,KPF.HE_20250205105330_HH_EV
HE,KPF,HH,61.8337,22.0704,,2271,manual,0.5,,5292,manual,0.5,20250205T123313Z_20250205T123413Z,,,,,,,,,,,explosion,,,,,,[-0.3853 0.6129 0.3124],5999,2025-02-05 12:33:13.788000,earthquake_local,KPF.HE_20250205123313_HH_EV
HE,KPF,HH,61.8337,22.0704,,1058,manual,0.5,,3634,manual,0.5,20250205T140527Z_20250205T140627Z,,,,,,,,,,,explosion,,,,,,[-2.0205 -3.8762 -2.0292],5999,2025-02-05 14:05:27.780000,earthquake_local,KPF.HE_20250205140527_HH_EV
HE,KPF,HH,61.8337,22.0704,,810,manual,0.5,,4270,manual,0.5,20250206T105933Z_20250206T110033Z,,,,,,,,,,,explosion,,,,,,[-3.0127 -4.0449 -4.7688],5999,2025-02-06 10:59:33.280000,earthquake_local,KPF.HE_20250206105933_HH_EV
HE,KPF,HH,61.8337,22.0704,,3745,manual,0.5,,5468,manual,0.5,20250206T115513Z_20250206T115613Z,,,,,,,,,,,explosion,,,,,,[-2.5949 7.1904 2.2105],5999,2025-02-06 11:55:13.772000,earthquake_local,KPF.HE_20250206115513_HH_EV
HE,KPF,HH,61.8337,22.0704,,1924,manual,0.5,,3986,manual,0.5,20250206T123724Z_20250206T123824Z,,,,,,,,,,,explosion,,,,,,[-4.5398 -3.4003 -4.5713],5999,2025-02-06 12:37:24.536000,earthquake_local,KPF.HE_20250206123724_HH_EV
HE,KPF,HH,61.8337,22.0704,,1855,manual,0.5,,4555,manual,0.5,20250206T133310Z_20250206T133410Z,,,,,,,,,,,explosion,,,,,,[0.6785 6.4260 -0.2356],5999,2025-02-06 13:33:10.876000,earthquake_local,KPF.HE_20250206133310_HH_EV
HE,KPF,HH,61.8337,22.0704,,2032,manual,0.5,,3838,manual,0.5,20250206T135044Z_20250206T135144Z,,,,,,,,,,,explosion,,,,,,[0.2369 -1.9200 2.0872],5999,2025-02-06 13:50:44.376000,earthquake_local,KPF.HE_20250206135044_HH_EV
HE,KPF,HH,61.8337,22.0704,,1871,manual,0.5,,4413,manual,0.5,20250207T082020Z_20250207T082120Z,,,,,,,,,,,explosion,,,,,,[11.9633 -0.6291 4.0818],5999,2025-02-07 08:20:20.768000,earthquake_local,KPF.HE_20250207082020_HH_EV
HE,KPF,HH,61.8337,22.0704,,1293,manual,0.5,,5081,manual,0.5,20250207T114044Z_20250207T114144Z,,,,,,,,,,,explosion,,,,,,[3.9670 0.5134 0.0254],5999,2025-02-07 11:40:44.652000,earthquake_local,KPF.HE_20250207114044_HH_EV
HE,KPF,HH,61.8337,22.0704,,3375,manual,0.5,,5406,manual,0.5,20250207T120358Z_20250207T120458Z,,,,,,,,,,,explosion,,,,,,[1.9899 5.2006 6.6307],5999,2025-02-07 12:03:58.252000,earthquake_local,KPF.HE_20250207120358_HH_EV
HE,KPF,HH,61.8337,22.0704,,1191,manual,0.5,,4581,manual,0.5,20250211T115701Z_20250211T115801Z,,,,,,,,,,,explosion,,,,,,[-0.8281 0.6243 1.8162],5999,2025-02-11 11:57:01.112000,earthquake_local,KPF.HE_20250211115701_HH_EV
HE,KPF,HH,61.8337,22.0704,,2070,manual,0.5,,4059,manual,0.5,20250211T120414Z_20250211T120514Z,,,,,,,,,,,explosion,,,,,,[0.8722 -6.1960 0.7761],5999,2025-02-11 12:04:14.112000,earthquake_local,KPF.HE_20250211120414_HH_EV
HE,KPF,HH,61.8337,22.0704,,1817,manual,0.5,,2927,manual,0.5,20250211T141053Z_20250211T141153Z,,,,,,,,,,,explosion,,,,,,[0.3980 2.4585 -3.5330],4481,2025-02-11 14:10:53.852000,earthquake_local,KPF.HE_20250211141053_HH_EV
HE,KPF,HH,61.8337,22.0704,,1973,manual,0.5,,3237,manual,0.5,20250212T112837Z_20250212T112937Z,,,,,,,,,,,explosion,,,,,,[1.1639 6.6115 6.4088],5007,2025-02-12 11:28:37.848000,earthquake_local,KPF.HE_20250212112837_HH_EV
HE,KPF,HH,61.8337,22.0704,,866,manual,0.5,,3174,manual,0.5,20250213T105542Z_20250213T105642Z,,,,,,,,,,,explosion,,,,,,[0.3621 0.2442 -0.0236],5999,2025-02-13 10:55:42.404000,earthquake_local,KPF.HE_20250213105542_HH_EV
HE,KPF,HH,61.8337,22.0704,,1629,manual,0.5,,5199,manual,0.5,20250214T094730Z_20250214T094830Z,,,,,,,,,,,explosion,,,,,,[-2.3563 -0.1945 0.0415],5999,2025-02-14 09:47:30.592000,earthquake_local,KPF.HE_20250214094730_HH_EV
HE,KPF,HH,61.8337,22.0704,,1684,manual,0.5,,4499,manual,0.5,20250214T095100Z_20250214T095200Z,,,,,,,,,,,explosion,,,,,,[1.1138 -0.0606 -0.3683],5999,2025-02-14 09:51:00.652000,earthquake_local,KPF.HE_20250214095100_HH_EV
HE,KPF,HH,61.8337,22.0704,,1553,manual,0.5,,4318,manual,0.5,20250214T110658Z_20250214T110758Z,,,,,,,,,,,explosion,,,,,,[-0.1699 -0.4071 -0.3698],5999,2025-02-14 11:06:58.300000,earthquake_local,KPF.HE_20250214110658_HH_EV
HE,KPF,HH,61.8337,22.0704,,4081,manual,0.5,,5488,manual,0.5,20250216T131758Z_20250216T131858Z,,,,,,,,,,,explosion,,,,,,[0.4417 0.9605 0.1917],5999,2025-02-16 13:17:58.260000,earthquake_local,KPF.HE_20250216131758_HH_EV
HE,KPF,HH,61.8337,22.0704,,1591,manual,0.5,,3511,manual,0.5,20250217T120418Z_20250217T120518Z,,,,,,,,,,,explosion,,,,,,[0.7192 -1.5243 -0.3678],5999,2025-02-17 12:04:18.572000,earthquake_local,KPF.HE_20250217120418_HH_EV
HE,KPF,HH,61.8337,22.0704,,986,manual,0.5,,1940,manual,0.5,20250218T115910Z_20250218T120010Z,,,,,,,,,,,explosion,,,,,,[-0.7168 -2.3951 -0.9957],3276,2025-02-18 11:59:10.772000,earthquake_local,KPF.HE_20250218115910_HH_EV
HE,KPF,HH,61.8337,22.0704,,700,manual,0.5,,3233,manual,0.5,20250219T134139Z_20250219T134239Z,,,,,,,,,,,explosion,,,,,,[1.3058 -0.8576 -0.5444],5999,2025-02-19 13:41:39.140000,earthquake_local,KPF.HE_20250219134139_HH_EV
HE,KPF,HH,61.8337,22.0704,,3047,manual,0.5,,4291,manual,0.5,20250220T072928Z_20250220T073028Z,,,,,,,,,,,explosion,,,,,,[2.3421 -1.6777 0.7379],5999,2025-02-20 07:29:28.828000,earthquake_local,KPF.HE_20250220072928_HH_EV
HE,KPF,HH,61.8337,22.0704,,2060,manual,0.5,,3588,manual,0.5,20250220T092056Z_20250220T092156Z,,,,,,,,,,,explosion,,,,,,[1.2560 -1.6203 -1.0804],5727,2025-02-20 09:20:56.008000,earthquake_local,KPF.HE_20250220092056_HH_EV
HE,KPF,HH,61.8337,22.0704,,596,manual,0.5,,1796,manual,0.5,20250220T093309Z_20250220T093409Z,,,,,,,,,,,explosion,,,,,,[5.0506 -3.1541 1.0374],3476,2025-02-20 09:33:09.956000,earthquake_local,KPF.HE_20250220093309_HH_EV
HE,KPF,HH,61.8337,22.0704,,1644,manual,0.5,,2783,manual,0.5,20250220T111222Z_20250220T111322Z,,,,,,,,,,,explosion,,,,,,[-5.3374 7.9638 1.3271],4378,2025-02-20 11:12:22.976000,earthquake_local,KPF.HE_20250220111222_HH_EV
HE,KPF,HH,61.8337,22.0704,,1602,manual,0.5,,4187,manual,0.5,20250220T113709Z_20250220T113809Z,,,,,,,,,,,explosion,,,,,,[2.2552 4.7255 -1.0190],5999,2025-02-20 11:37:09.260000,earthquake_local,KPF.HE_20250220113709_HH_EV
HE,KPF,HH,61.8337,22.0704,,3525,manual,0.5,,4850,manual,0.5,20250220T114643Z_20250220T114743Z,,,,,,,,,,,explosion,,,,,,[1.4178 -0.7635 -1.5653],5999,2025-02-20 11:46:43.440000,earthquake_local,KPF.HE_20250220114643_HH_EV
HE,KPF,HH,61.8337,22.0704,,1295,manual,0.5,,3370,manual,0.5,20250220T120419Z_20250220T120519Z,,,,,,,,,,,explosion,,,,,,[2.3543 3.0956 -1.1507],5999,2025-02-20 12:04:19.080000,earthquake_local,KPF.HE_20250220120419_HH_EV
HE,KPF,HH,61.8337,22.0704,,3239,manual,0.5,,5278,manual,0.5,20250220T121353Z_20250220T121453Z,,,,,,,,,,,explosion,,,,,,[-2.6570 -9.7878 -2.4302],5999,2025-02-20 12:13:53.208000,earthquake_local,KPF.HE_20250220121353_HH_EV
HE,KPF,HH,61.8337,22.0704,,2603,manual,0.5,,5479,manual,0.5,20250221T100055Z_20250221T100155Z,,,,,,,,,,,explosion,,,,,,[-0.3390 2.2451 1.6363],5999,2025-02-21 10:00:55.788000,earthquake_local,KPF.HE_20250221100055_HH_EV
HE,KPF,HH,61.8337,22.0704,,719,manual,0.5,,4583,manual,0.5,20250221T113654Z_20250221T113754Z,,,,,,,,,,,explosion,,,,,,[2.2030 -0.8351 -0.7121],5999,2025-02-21 11:36:54.588000,earthquake_local,KPF.HE_20250221113654_HH_EV
HE,KPF,HH,61.8337,22.0704,,1407,manual,0.5,,3193,manual,0.5,20250221T124459Z_20250221T124559Z,,,,,,,,,,,explosion,,,,,,[0.4090 -0.5780 0.1291],5693,2025-02-21 12:44:59.760000,earthquake_local,KPF.HE_20250221124459_HH_EV
HE,KPF,HH,61.8337,22.0704,,1184,manual,0.5,,3707,manual,0.5,20250221T130320Z_20250221T130420Z,,,,,,,,,,,explosion,,,,,,[-0.4499 -0.9551 0.9861],5999,2025-02-21 13:03:20.860000,earthquake_local,KPF.HE_20250221130320_HH_EV
HE,KPF,HH,61.8337,22.0704,,1727,manual,0.5,,4344,manual,0.5,20250224T075846Z_20250224T075946Z,,,,,,,,,,,explosion,,,,,,[-0.8992 1.5082 -0.5501],5999,2025-02-24 07:58:46.560000,earthquake_local,KPF.HE_20250224075846_HH_EV
HE,KPF,HH,61.8337,22.0704,,3297,manual,0.5,,3533,manual,0.5,20250224T110822Z_20250224T110922Z,,,,,,,,,,,explosion,,,,,,[2.0472 2.7465 2.1620],3863,2025-02-24 11:08:22.896000,earthquake_local,KPF.HE_20250224110822_HH_EV
HE,KPF,HH,61.8337,22.0704,,3446,manual,0.5,,5340,manual,0.5,20250225T101734Z_20250225T101834Z,,,,,,,,,,,explosion,,,,,,[0.6079 1.5302 -3.7503],5999,2025-02-25 10:17:34.800000,earthquake_local,KPF.HE_20250225101734_HH_EV
HE,KPF,HH,61.8337,22.0704,,1914,manual,0.5,,4205,manual,0.5,20250225T120129Z_20250225T120229Z,,,,,,,,,,,explosion,,,,,,[0.0236 0.6719 -0.5228],5999,2025-02-25 12:01:29.024000,earthquake_local,KPF.HE_20250225120129_HH_EV
HE,KPF,HH,61.8337,22.0704,,3381,manual,0.5,,3742,manual,0.5,20250225T121827Z_20250225T121927Z,,,,,,,,,,,explosion,,,,,,[7.1517 12.7458 3.8540],4247,2025-02-25 12:18:27.128000,earthquake_local,KPF.HE_20250225121827_HH_EV
HE,KPF,HH,61.8337,22.0704,,1195,manual,0.5,,2378,manual,0.5,20250225T134838Z_20250225T134938Z,,,,,,,,,,,explosion,,,,,,[-2.2190 1.5609 -2.7125],4034,2025-02-25 13:48:38.824000,earthquake_local,KPF.HE_20250225134838_HH_EV
HE,KPF,HH,61.8337,22.0704,,3261,manual,0.5,,5131,manual,0.5,20250226T104929Z_20250226T105029Z,,,,,,,,,,,explosion,,,,,,[0.8276 1.8437 2.0736],5999,2025-02-26 10:49:29.672000,earthquake_local,KPF.HE_20250226104929_HH_EV
HE,KPF,HH,61.8337,22.0704,,3796,manual,0.5,,5003,manual,0.5,20250226T124323Z_20250226T124423Z,,,,,,,,,,,explosion,,,,,,[0.6377 7.1053 3.1359],5999,2025-02-26 12:43:23.512000,earthquake_local,KPF.HE_20250226124323_HH_EV
HE,KPF,HH,61.8337,22.0704,,1602,manual,0.5,,4346,manual,0.5,20250226T130053Z_20250226T130153Z,,,,,,,,,,,explosion,,,,,,[-0.3122 -0.7991 -5.0862],5999,2025-02-26 13:00:53.620000,earthquake_local,KPF.HE_20250226130053_HH_EV
HE,KPF,HH,61.8337,22.0704,,887,manual,0.5,,3611,manual,0.5,20250226T140601Z_20250226T140701Z,,,,,,,,,,,explosion,,,,,,[-0.7397 -2.0355 -2.4111],5999,2025-02-26 14:06:01.812000,earthquake_local,KPF.HE_20250226140601_HH_EV
HE,KPF,HH,61.8337,22.0704,,1022,manual,0.5,,3489,manual,0.5,20250226T155457Z_20250226T155557Z,,,,,,,,,,,explosion,,,,,,[1.6932 5.0889 2.6698],5999,2025-02-26 15:54:57.672000,earthquake_local,KPF.HE_20250226155457_HH_EV
HE,KPF,HH,61.8337,22.0704,,1310,manual,0.5,,3724,manual,0.5,20250227T091413Z_20250227T091513Z,,,,,,,,,,,explosion,,,,,,[-0.9920 -2.0274 -3.2091],5999,2025-02-27 09:14:13.280000,earthquake_local,KPF.HE_20250227091413_HH_EV
HE,KPF,HH,61.8337,22.0704,,1242,manual,0.5,,3530,manual,0.5,20250227T105728Z_20250227T105828Z,,,,,,,,,,,explosion,,,,,,[-0.3630 4.0724 1.1713],5999,2025-02-27 10:57:28.816000,earthquake_local,KPF.HE_20250227105728_HH_EV
HE,KPF,HH,61.8337,22.0704,,1338,manual,0.5,,2937,manual,0.5,20250227T111302Z_20250227T111402Z,,,,,,,,,,,explosion,,,,,,[1.9981 -4.6690 -0.6604],5176,2025-02-27 11:13:02.204000,earthquake_local,KPF.HE_20250227111302_HH_EV
HE,KPF,HH,61.8337,22.0704,,888,manual,0.5,,2800,manual,0.5,20250227T115902Z_20250227T120002Z,,,,,,,,,,,explosion,,,,,,[-0.0092 5.8140 1.8852],5477,2025-02-27 11:59:02.604000,earthquake_local,KPF.HE_20250227115902_HH_EV
HE,KPF,HH,61.8337,22.0704,,813,manual,0.5,,1953,manual,0.5,20250228T085248Z_20250228T085348Z,,,,,,,,,,,explosion,,,,,,[-2.0545 3.8287 -1.2738],3549,2025-02-28 08:52:48.268000,earthquake_local,KPF.HE_20250228085248_HH_EV
HE,KPF,HH,61.8337,22.0704,,1302,manual,0.5,,3412,manual,0.5,20250228T085729Z_20250228T085829Z,,,,,,,,,,,explosion,,,,,,[1.5516 2.6712 1.5424],5999,2025-02-28 08:57:29.656000,earthquake_local,KPF.HE_20250228085729_HH_EV
HE,KPF,HH,61.8337,22.0704,,2036,manual,0.5,,4380,manual,0.5,20250228T105218Z_20250228T105318Z,,,,,,,,,,,explosion,,,,,,[0.3731 -3.8021 -0.4423],5999,2025-02-28 10:52:18.620000,earthquake_local,KPF.HE_20250228105218_HH_EV
HE,KPF,HH,61.8337,22.0704,,1278,manual,0.5,,5138,manual,0.5,20250228T113706Z_20250228T113806Z,,,,,,,,,,,explosion,,,,,,[-0.2821 2.4293 0.8608],5999,2025-02-28 11:37:06.300000,earthquake_local,KPF.HE_20250228113706_HH_EV
HE,KU6,HH,66.02547,29.89067,,1181,manual,0.5,,4369,manual,0.5,20250102T115205Z_20250102T115305Z,,,,,,,,,,,explosion,,,,,,[-0.6686 -0.2926 -0.0203],5999,2025-01-02 11:52:05.070000,earthquake_local,KU6.HE_20250102115205_HH_EV
HE,KU6,HH,66.02547,29.89067,,2427,manual,0.5,,4455,manual,0.5,20250102T123943Z_20250102T124043Z,,,,,,,,,,,explosion,,,,,,[-0.0706 -4.8194 1.4009],5999,2025-01-02 12:39:43.810000,earthquake_local,KU6.HE_20250102123943_HH_EV
HE,KU6,HH,66.02547,29.89067,,853,manual,0.5,,3629,manual,0.5,20250103T123034Z_20250103T123134Z,,,,,,,,,,,explosion,,,,,,[1.4117 3.3618 -2.0183],5999,2025-01-03 12:30:34.200000,earthquake_local,KU6.HE_20250103123034_HH_EV
HE,KU6,HH,66.02547,29.89067,,1367,manual,0.5,,4223,manual,0.5,20250103T200924Z_20250103T201024Z,,,,,,,,,,,explosion,,,,,,[-0.0266 -7.2383 -3.1661],5999,2025-01-03 20:09:24.410000,earthquake_local,KU6.HE_20250103200924_HH_EV
HE,KU6,HH,66.02547,29.89067,,2116,manual,0.5,,5056,manual,0.5,20250103T202932Z_20250103T203032Z,,,,,,,,,,,explosion,,,,,,[0.5666 1.7537 -0.6422],5999,2025-01-03 20:29:32.240000,earthquake_local,KU6.HE_20250103202932_HH_EV
HE,KU6,HH,66.02547,29.89067,,3011,manual,0.5,,5327,manual,0.5,20250104T110634Z_20250104T110734Z,,,,,,,,,,,explosion,,,,,,[-0.2416 0.7963 0.8140],5999,2025-01-04 11:06:34.770000,earthquake_local,KU6.HE_20250104110634_HH_EV
HE,KU6,HH,66.02547,29.89067,,1187,manual,0.5,,4892,manual,0.5,20250104T131547Z_20250104T131647Z,,,,,,,,,,,explosion,,,,,,[0.0064 5.0527 0.2268],5999,2025-01-04 13:15:47.560000,earthquake_local,KU6.HE_20250104131547_HH_EV
HE,KU6,HH,66.02547,29.89067,,2265,manual,0.5,,5149,manual,0.5,20250104T201808Z_20250104T201908Z,,,,,,,,,,,explosion,,,,,,[0.1658 2.1584 0.2769],5999,2025-01-04 20:18:08.710000,earthquake_local,KU6.HE_20250104201808_HH_EV
HE,KU6,HH,66.02547,29.89067,,1812,manual,0.5,,4696,manual,0.5,20250105T003200Z_20250105T003300Z,,,,,,,,,,,explosion,,,,,,[-0.4232 5.2139 0.3052],5999,2025-01-05 00:32:00.200000,earthquake_local,KU6.HE_20250105003200_HH_EV
HE,KU6,HH,66.02547,29.89067,,1511,manual,0.5,,4395,manual,0.5,20250105T003312Z_20250105T003412Z,,,,,,,,,,,explosion,,,,,,[0.0508 -0.3142 0.3469],5999,2025-01-05 00:33:12.330000,earthquake_local,KU6.HE_20250105003312_HH_EV
HE,KU6,HH,66.02547,29.89067,,1253,manual,0.5,,4235,manual,0.5,20250105T200534Z_20250105T200634Z,,,,,,,,,,,explosion,,,,,,[0.1412 -5.1285 -0.4147],5999,2025-01-05 20:05:34.290000,earthquake_local,KU6.HE_20250105200534_HH_EV
HE,KU6,HH,66.02547,29.89067,,1221,manual,0.5,,4273,manual,0.5,20250105T201441Z_20250105T201541Z,,,,,,,,,,,explosion,,,,,,[0.1351 -3.7024 -0.3342],5999,2025-01-05 20:14:41.870000,earthquake_local,KU6.HE_20250105201441_HH_EV
HE,KU6,HH,66.02547,29.89067,,2703,manual,0.5,,5371,manual,0.5,20250108T120152Z_20250108T120252Z,,,,,,,,,,,explosion,,,,,,[0.0387 3.9567 -0.3605],5999,2025-01-08 12:01:52.750000,earthquake_local,KU6.HE_20250108120152_HH_EV
HE,KU6,HH,66.02547,29.89067,,2011,manual,0.5,,4047,manual,0.5,20250108T120932Z_20250108T121032Z,,,,,,,,,,,explosion,,,,,,[-0.0046 4.6369 -0.1084],5999,2025-01-08 12:09:32.170000,earthquake_local,KU6.HE_20250108120932_HH_EV
HE,KU6,HH,66.02547,29.89067,,4513,manual,0.5,,5409,manual,0.5,20250109T100304Z_20250109T100404Z,,,,,,,,,,,explosion,,,,,,[0.1290 3.3887 0.0298],5999,2025-01-09 10:03:04.150000,earthquake_local,KU6.HE_20250109100304_HH_EV
HE,KU6,HH,66.02547,29.89067,,1199,manual,0.5,,5385,manual,0.5,20250110T115216Z_20250110T115316Z,,,,,,,,,,,explosion,,,,,,[-0.5220 -5.1544 0.2745],5999,2025-01-10 11:52:16.190000,earthquake_local,KU6.HE_20250110115216_HH_EV
HE,KU6,HH,66.02547,29.89067,,2366,manual,0.5,,5324,manual,0.5,20250110T200534Z_20250110T200634Z,,,,,,,,,,,explosion,,,,,,[0.1514 6.4729 0.0370],5999,2025-01-10 20:05:34.480000,earthquake_local,KU6.HE_20250110200534_HH_EV
HE,KU6,HH,66.02547,29.89067,,2101,manual,0.5,,5069,manual,0.5,20250111T201424Z_20250111T201524Z,,,,,,,,,,,explosion,,,,,,[0.1569 3.5872 0.1871],5999,2025-01-11 20:14:24.630000,earthquake_local,KU6.HE_20250111201424_HH_EV
HE,KU6,HH,66.02547,29.89067,,1014,manual,0.5,,3958,manual,0.5,20250111T213222Z_20250111T213322Z,,,,,,,,,,,explosion,,,,,,[-0.0987 0.2379 -1.0266],5999,2025-01-11 21:32:22.060000,earthquake_local,KU6.HE_20250111213222_HH_EV
HE,KU6,HH,66.02547,29.89067,,949,manual,0.5,,3861,manual,0.5,20250112T200510Z_20250112T200610Z,,,,,,,,,,,explosion,,,,,,[-0.3327 -3.3227 -0.4051],5999,2025-01-12 20:05:10.070000,earthquake_local,KU6.HE_20250112200510_HH_EV
HE,KU6,HH,66.02547,29.89067,,1159,manual,0.5,,3595,manual,0.5,20250113T110115Z_20250113T110215Z,,,,,,,,,,,explosion,,,,,,[0.3793 -3.5049 0.5537],5999,2025-01-13 11:01:15.690000,earthquake_local,KU6.HE_20250113110115_HH_EV
HE,KU6,HH,66.02547,29.89067,,1479,manual,0.5,,4163,manual,0.5,20250113T123033Z_20250113T123133Z,,,,,,,,,,,explosion,,,,,,[-3.1242 -3.8599 -0.7972],5999,2025-01-13 12:30:33.590000,earthquake_local,KU6.HE_20250113123033_HH_EV
HE,KU6,HH,66.02547,29.89067,,2525,manual,0.5,,5493,manual,0.5,20250113T200526Z_20250113T200626Z,,,,,,,,,,,explosion,,,,,,[-0.7682 -5.0852 -1.4315],5999,2025-01-13 20:05:26.830000,earthquake_local,KU6.HE_20250113200526_HH_EV
HE,KU6,HH,66.02547,29.89067,,1251,manual,0.5,,5368,manual,0.5,20250116T114224Z_20250116T114324Z,,,,,,,,,,,explosion,,,,,,[-0.1034 -3.3120 -0.6985],5999,2025-01-16 11:42:24.920000,earthquake_local,KU6.HE_20250116114224_HH_EV
HE,KU6,HH,66.02547,29.89067,,860,manual,0.5,,3436,manual,0.5,20250117T081701Z_20250117T081801Z,,,,,,,,,,,explosion,,,,,,[0.7522 0.6741 -0.4959],5999,2025-01-17 08:17:01.840000,earthquake_local,KU6.HE_20250117081701_HH_EV
HE,KU6,HH,66.02547,29.89067,,2482,manual,0.5,,4526,manual,0.5,20250117T123929Z_20250117T124029Z,,,,,,,,,,,explosion,,,,,,[0.1733 6.7314 0.0336],5999,2025-01-17 12:39:29.380000,earthquake_local,KU6.HE_20250117123929_HH_EV
HE,KU6,HH,66.02547,29.89067,,1714,manual,0.5,,5374,manual,0.5,20250119T101916Z_20250119T102016Z,,,,,,,,,,,explosion,,,,,,[1.3294 -3.3709 2.5336],5999,2025-01-19 10:19:16.940000,earthquake_local,KU6.HE_20250119101916_HH_EV
HE,KU6,HH,66.02547,29.89067,,2252,manual,0.5,,5276,manual,0.5,20250120T004217Z_20250120T004317Z,,,,,,,,,,,explosion,,,,,,[-0.1082 -3.5977 0.7834],5999,2025-01-20 00:42:17.240000,earthquake_local,KU6.HE_20250120004217_HH_EV
HE,KU6,HH,66.02547,29.89067,,3448,manual,0.5,,4257,manual,0.5,20250120T091346Z_20250120T091446Z,,,,,,,,,,,explosion,,,,,,[-1.6456 0.1029 4.5864],5390,2025-01-20 09:13:46.810000,earthquake_local,KU6.HE_20250120091346_HH_EV
HE,KU6,HH,66.02547,29.89067,,2285,manual,0.5,,5187,manual,0.5,20250120T120517Z_20250120T120617Z,,,,,,,,,,,explosion,,,,,,[0.3407 -0.6451 4.1605],5999,2025-01-20 12:05:17.770000,earthquake_local,KU6.HE_20250120120517_HH_EV
HE,KU6,HH,66.02547,29.89067,,671,manual,0.5,,3667,manual,0.5,20250120T201101Z_20250120T201201Z,,,,,,,,,,,explosion,,,,,,[-0.0329 2.9264 6.0456],5999,2025-01-20 20:11:01.890000,earthquake_local,KU6.HE_20250120201101_HH_EV
HE,KU6,HH,66.02547,29.89067,,1233,manual,0.5,,4425,manual,0.5,20250121T102034Z_20250121T102134Z,,,,,,,,,,,explosion,,,,,,[1.3974 4.9624 1.7913],5999,2025-01-21 10:20:34.230000,earthquake_local,KU6.HE_20250121102034_HH_EV
HE,KU6,HH,66.02547,29.89067,,3331,manual,0.5,,5075,manual,0.5,20250121T121832Z_20250121T121932Z,,,,,,,,,,,explosion,,,,,,[-0.0220 -1.0392 0.3632],5999,2025-01-21 12:18:32.970000,earthquake_local,KU6.HE_20250121121832_HH_EV
HE,KU6,HH,66.02547,29.89067,,1423,manual,0.5,,3947,manual,0.5,20250123T111127Z_20250123T111227Z,,,,,,,,,,,explosion,,,,,,[0.2855 -2.3038 -0.2773],5999,2025-01-23 11:11:27.430000,earthquake_local,KU6.HE_20250123111127_HH_EV
HE,KU6,HH,66.02547,29.89067,,562,manual,0.5,,4762,manual,0.5,20250123T113359Z_20250123T113459Z,,,,,,,,,,,explosion,,,,,,[0.0517 -2.4588 -0.3396],5999,2025-01-23 11:33:59.660000,earthquake_local,KU6.HE_20250123113359_HH_EV
HE,KU6,HH,66.02547,29.89067,,766,manual,0.5,,4818,manual,0.5,20250123T120819Z_20250123T120919Z,,,,,,,,,,,explosion,,,,,,[-0.0958 0.6662 -0.4581],5999,2025-01-23 12:08:19.620000,earthquake_local,KU6.HE_20250123120819_HH_EV
HE,KU6,HH,66.02547,29.89067,,1035,manual,0.5,,3416,manual,0.5,20250124T104814Z_20250124T104914Z,,,,,,,,,,,explosion,,,,,,[0.1239 -1.3626 0.3192],5999,2025-01-24 10:48:14.840000,earthquake_local,KU6.HE_20250124104814_HH_EV
HE,KU6,HH,66.02547,29.89067,,2452,manual,0.5,,5460,manual,0.5,20250124T194135Z_20250124T194235Z,,,,,,,,,,,explosion,,,,,,[0.4154 5.2747 0.4630],5999,2025-01-24 19:41:35.200000,earthquake_local,KU6.HE_20250124194135_HH_EV
HE,KU6,HH,66.02547,29.89067,,2242,manual,0.5,,5322,manual,0.5,20250125T005346Z_20250125T005446Z,,,,,,,,,,,explosion,,,,,,[0.3543 2.3368 -0.3971],5999,2025-01-25 00:53:46.260000,earthquake_local,KU6.HE_20250125005346_HH_EV
HE,KU6,HH,66.02547,29.89067,,1159,manual,0.5,,5213,manual,0.5,20250125T102600Z_20250125T102700Z,,,,,,,,,,,explosion,,,,,,[0.3216 -1.1041 -0.4052],5999,2025-01-25 10:26:00.190000,earthquake_local,KU6.HE_20250125102600_HH_EV
HE,KU6,HH,66.02547,29.89067,,2515,manual,0.5,,5431,manual,0.5,20250125T201618Z_20250125T201718Z,,,,,,,,,,,explosion,,,,,,[0.0906 -0.2468 -0.2390],5999,2025-01-25 20:16:18.370000,earthquake_local,KU6.HE_20250125201618_HH_EV
HE,KU6,HH,66.02547,29.89067,,628,manual,0.5,,3568,manual,0.5,20250126T201949Z_20250126T202049Z,,,,,,,,,,,explosion,,,,,,[-0.1704 0.6187 -2.0223],5999,2025-01-26 20:19:49.360000,earthquake_local,KU6.HE_20250126201949_HH_EV
HE,KU6,HH,66.02547,29.89067,,1642,manual,0.5,,4582,manual,0.5,20250127T120510Z_20250127T120610Z,,,,,,,,,,,explosion,,,,,,[1.1057 -6.0505 0.6035],5999,2025-01-27 12:05:10.660000,earthquake_local,KU6.HE_20250127120510_HH_EV
HE,KU6,HH,66.02547,29.89067,,1442,manual,0.5,,4438,manual,0.5,20250127T200956Z_20250127T201056Z,,,,,,,,,,,explosion,,,,,,[-0.2835 -2.9808 0.3458],5999,2025-01-27 20:09:56.420000,earthquake_local,KU6.HE_20250127200956_HH_EV
HE,KU6,HH,66.02547,29.89067,,1819,manual,0.5,,4689,manual,0.5,20250127T201722Z_20250127T201822Z,,,,,,,,,,,explosion,,,,,,[0.4980 -0.8129 1.3497],5999,2025-01-27 20:17:22.470000,earthquake_local,KU6.HE_20250127201722_HH_EV
HE,KU6,HH,66.02547,29.89067,,1551,manual,0.5,,4519,manual,0.5,20250128T002808Z_20250128T002908Z,,,,,,,,,,,explosion,,,,,,[0.0839 -2.0748 -2.0471],5999,2025-01-28 00:28:08.850000,earthquake_local,KU6.HE_20250128002808_HH_EV
HE,KU6,HH,66.02547,29.89067,,730,manual,0.5,,3642,manual,0.5,20250128T040537Z_20250128T040637Z,,,,,,,,,,,explosion,,,,,,[0.5119 -0.7994 2.5526],5999,2025-01-28 04:05:37.180000,earthquake_local,KU6.HE_20250128040537_HH_EV
HE,KU6,HH,66.02547,29.89067,,2266,manual,0.5,,3984,manual,0.5,20250128T114952Z_20250128T115052Z,,,,,,,,,,,explosion,,,,,,[0.3692 -0.0431 1.4361],5999,2025-01-28 11:49:52.160000,earthquake_local,KU6.HE_20250128114952_HH_EV
HE,KU6,HH,66.02547,29.89067,,1486,manual,0.5,,5454,manual,0.5,20250128T133628Z_20250128T133728Z,,,,,,,,,,,explosion,,,,,,[1.8463 8.1246 -0.5917],5999,2025-01-28 13:36:28.620000,earthquake_local,KU6.HE_20250128133628_HH_EV
HE,KU6,HH,66.02547,29.89067,,2238,manual,0.5,,5042,manual,0.5,20250128T200526Z_20250128T200626Z,,,,,,,,,,,explosion,,,,,,[0.7467 1.8035 1.1144],5999,2025-01-28 20:05:26.420000,earthquake_local,KU6.HE_20250128200526_HH_EV
HE,KU6,HH,66.02547,29.89067,,1220,manual,0.5,,4048,manual,0.5,20250128T201335Z_20250128T201435Z,,,,,,,,,,,explosion,,,,,,[-0.2483 -0.2533 -0.4946],5999,2025-01-28 20:13:35.480000,earthquake_local,KU6.HE_20250128201335_HH_EV
HE,KU6,HH,66.02547,29.89067,,1237,manual,0.5,,3281,manual,0.5,20250129T120400Z_20250129T120500Z,,,,,,,,,,,explosion,,,,,,[0.1647 -6.0947 -0.0231],5999,2025-01-29 12:04:00.790000,earthquake_local,KU6.HE_20250129120400_HH_EV
HE,KU6,HH,66.02547,29.89067,,794,manual,0.5,,4014,manual,0.5,20250131T081755Z_20250131T081855Z,,,,,,,,,,,explosion,,,,,,[0.0498 0.0895 -0.2183],5999,2025-01-31 08:17:55.740000,earthquake_local,KU6.HE_20250131081755_HH_EV
HE,KU6,HH,66.02547,29.89067,,3036,manual,0.5,,4176,manual,0.5,20250131T091843Z_20250131T091943Z,,,,,,,,,,,explosion,,,,,,[0.1700 -5.0286 -0.3483],5772,2025-01-31 09:18:43.640000,earthquake_local,KU6.HE_20250131091843_HH_EV
HE,KU6,HH,66.02547,29.89067,,1487,manual,0.5,,4063,manual,0.5,20250131T111702Z_20250131T111802Z,,,,,,,,,,,explosion,,,,,,[-0.1104 8.6730 0.1900],5999,2025-01-31 11:17:02.010000,earthquake_local,KU6.HE_20250131111702_HH_EV
HE,KU6,HH,66.02547,29.89067,,1598,manual,0.5,,4552,manual,0.5,20250131T190418Z_20250131T190518Z,,,,,,,,,,,explosion,,,,,,[0.0157 0.9320 -0.0941],5999,2025-01-31 19:04:18.880000,earthquake_local,KU6.HE_20250131190418_HH_EV
HE,KU6,HH,66.02547,29.89067,,2319,manual,0.5,,5231,manual,0.5,20250131T202258Z_20250131T202358Z,,,,,,,,,,,explosion,,,,,,[-0.1110 -4.2531 -0.6437],5999,2025-01-31 20:22:58.250000,earthquake_local,KU6.HE_20250131202258_HH_EV
HE,KU6,HH,66.02547,29.89067,,565,manual,0.5,,3489,manual,0.5,20250201T201407Z_20250201T201507Z,,,,,,,,,,,explosion,,,,,,[-0.0112 2.6391 0.0785],5999,2025-02-01 20:14:07.770000,earthquake_local,KU6.HE_20250201201407_HH_EV
HE,KU6,HH,66.02547,29.89067,,2087,manual,0.5,,4781,manual,0.5,20250202T103818Z_20250202T103918Z,,,,,,,,,,,explosion,,,,,,[-0.0883 -2.3385 -0.3538],5999,2025-02-02 10:38:18.310000,earthquake_local,KU6.HE_20250202103818_HH_EV
HE,KU6,HH,66.02547,29.89067,,2291,manual,0.5,,5203,manual,0.5,20250202T200521Z_20250202T200621Z,,,,,,,,,,,explosion,,,,,,[-0.2190 6.4223 -0.5242],5999,2025-02-02 20:05:21.210000,earthquake_local,KU6.HE_20250202200521_HH_EV
HE,KU6,HH,66.02547,29.89067,,2553,manual,0.5,,5437,manual,0.5,20250203T040920Z_20250203T041020Z,,,,,,,,,,,explosion,,,,,,[0.1667 3.1815 2.2801],5999,2025-02-03 04:09:20.430000,earthquake_local,KU6.HE_20250203040920_HH_EV
HE,KU6,HH,66.02547,29.89067,,1691,manual,0.5,,4653,manual,0.5,20250203T103657Z_20250203T103757Z,,,,,,,,,,,explosion,,,,,,[-0.6913 -4.7809 -0.0515],5999,2025-02-03 10:36:57.430000,earthquake_local,KU6.HE_20250203103657_HH_EV
HE,KU6,HH,66.02547,29.89067,,550,manual,0.5,,2524,manual,0.5,20250203T130739Z_20250203T130839Z,,,,,,,,,,,explosion,,,,,,[0.7319 8.3273 0.4488],5288,2025-02-03 13:07:39.760000,earthquake_local,KU6.HE_20250203130739_HH_EV
HE,KU6,HH,66.02547,29.89067,,1902,manual,0.5,,4870,manual,0.5,20250203T181725Z_20250203T181825Z,,,,,,,,,,,explosion,,,,,,[0.0549 0.2578 0.0209],5999,2025-02-03 18:17:25.740000,earthquake_local,KU6.HE_20250203181725_HH_EV
HE,KU6,HH,66.02547,29.89067,,1270,manual,0.5,,4238,manual,0.5,20250203T193742Z_20250203T193842Z,,,,,,,,,,,explosion,,,,,,[-0.0731 -3.3886 1.9298],5999,2025-02-03 19:37:42.340000,earthquake_local,KU6.HE_20250203193742_HH_EV
HE,KU6,HH,66.02547,29.89067,,1004,manual,0.5,,3692,manual,0.5,20250204T040536Z_20250204T040636Z,,,,,,,,,,,explosion,,,,,,[-1.6076 5.7699 0.7634],5999,2025-02-04 04:05:36.480000,earthquake_local,KU6.HE_20250204040536_HH_EV
HE,KU6,HH,66.02547,29.89067,,1988,manual,0.5,,3406,manual,0.5,20250204T135534Z_20250204T135634Z,,,,,,,,,,,explosion,,,,,,[0.8779 -0.9871 0.4309],5391,2025-02-04 13:55:34.520000,earthquake_local,KU6.HE_20250204135534_HH_EV
HE,KU6,HH,66.02547,29.89067,,819,manual,0.5,,3815,manual,0.5,20250204T200536Z_20250204T200636Z,,,,,,,,,,,explosion,,,,,,[1.7297 4.0105 -3.2825],5999,2025-02-04 20:05:36.650000,earthquake_local,KU6.HE_20250204200536_HH_EV
HE,KU6,HH,66.02547,29.89067,,2752,manual,0.5,,4740,manual,0.5,20250205T115946Z_20250205T120046Z,,,,,,,,,,,explosion,,,,,,[-0.0229 -2.7667 -0.3711],5999,2025-02-05 11:59:46.160000,earthquake_local,KU6.HE_20250205115946_HH_EV
HE,KU6,HH,66.02547,29.89067,,1058,manual,0.5,,2682,manual,0.5,20250206T105108Z_20250206T105208Z,,,,,,,,,,,explosion,,,,,,[0.2053 -2.0406 0.2442],4956,2025-02-06 10:51:08.940000,earthquake_local,KU6.HE_20250206105108_HH_EV
HE,KU6,HH,66.02547,29.89067,,1620,manual,0.5,,5414,manual,0.5,20250206T114151Z_20250206T114251Z,,,,,,,,,,,explosion,,,,,,[0.8577 -1.8857 -0.4994],5999,2025-02-06 11:41:51.420000,earthquake_local,KU6.HE_20250206114151_HH_EV
HE,KU6,HH,66.02547,29.89067,,624,manual,0.5,,4768,manual,0.5,20250207T065900Z_20250207T070000Z,,,,,,,,,,,explosion,,,,,,[-0.4641 4.8627 2.4586],5999,2025-02-07 06:59:00.840000,earthquake_local,KU6.HE_20250207065900_HH_EV
HE,KU6,HH,66.02547,29.89067,,506,manual,0.5,,4438,manual,0.5,20250207T130704Z_20250207T130804Z,,,,,,,,,,,explosion,,,,,,[1.8710 -6.3721 -2.3179],5999,2025-02-07 13:07:04.220000,earthquake_local,KU6.HE_20250207130704_HH_EV
HE,KU6,HH,66.02547,29.89067,,3174,manual,0.5,,5176,manual,0.5,20250207T131048Z_20250207T131148Z,,,,,,,,,,,explosion,,,,,,[1.5060 -0.3052 2.9772],5999,2025-02-07 13:10:48.120000,earthquake_local,KU6.HE_20250207131048_HH_EV
HE,KU6,HH,66.02547,29.89067,,1009,manual,0.5,,3121,manual,0.5,20250207T131153Z_20250207T131253Z,,,,,,,,,,,explosion,,,,,,[1.9810 0.3228 2.1746],5999,2025-02-07 13:11:53.310000,earthquake_local,KU6.HE_20250207131153_HH_EV
HE,KU6,HH,66.02547,29.89067,,2609,manual,0.5,,5055,manual,0.5,20250208T130711Z_20250208T130811Z,,,,,,,,,,,explosion,,,,,,[-0.7272 4.0795 -0.0795],5999,2025-02-08 13:07:11.490000,earthquake_local,KU6.HE_20250208130711_HH_EV
HE,KU6,HH,66.02547,29.89067,,1992,manual,0.5,,4876,manual,0.5,20250208T201529Z_20250208T201629Z,,,,,,,,,,,explosion,,,,,,[-0.7483 0.0918 -1.9849],5999,2025-02-08 20:15:29.000000,earthquake_local,KU6.HE_20250208201529_HH_EV
HE,KU6,HH,66.02547,29.89067,,1017,manual,0.5,,4772,manual,0.5,20250210T133149Z_20250210T133249Z,,,,,,,,,,,explosion,,,,,,[-0.1219 1.9037 -0.0669],5999,2025-02-10 13:31:49.560000,earthquake_local,KU6.HE_20250210133149_HH_EV
HE,KU6,HH,66.02547,29.89067,,921,manual,0.5,,4303,manual,0.5,20250212T132715Z_20250212T132815Z,,,,,,,,,,,explosion,,,,,,[-0.4717 9.1197 0.1956],5999,2025-02-12 13:27:15.370000,earthquake_local,KU6.HE_20250212132715_HH_EV
HE,KU6,HH,66.02547,29.89067,,1123,manual,0.5,,4087,manual,0.5,20250213T075030Z_20250213T075130Z,,,,,,,,,,,explosion,,,,,,[0.1020 2.1354 0.9383],5999,2025-02-13 07:50:30.050000,earthquake_local,KU6.HE_20250213075030_HH_EV
HE,KU6,HH,66.02547,29.89067,,696,manual,0.5,,4872,manual,0.5,20250213T114307Z_20250213T114407Z,,,,,,,,,,,explosion,,,,,,[0.2829 -0.4852 -0.6422],5999,2025-02-13 11:43:07.320000,earthquake_local,KU6.HE_20250213114307_HH_EV
HE,KU6,HH,66.02547,29.89067,,843,manual,0.5,,3867,manual,0.5,20250213T225125Z_20250213T225225Z,,,,,,,,,,,explosion,,,,,,[0.2484 -4.2016 -0.5271],5999,2025-02-13 22:51:25.570000,earthquake_local,KU6.HE_20250213225125_HH_EV
HE,KU6,HH,66.02547,29.89067,,3035,manual,0.5,,4967,manual,0.5,20250214T130748Z_20250214T130848Z,,,,,,,,,,,explosion,,,,,,[0.0757 0.1361 0.2696],5999,2025-02-14 13:07:48.610000,earthquake_local,KU6.HE_20250214130748_HH_EV
HE,KU6,HH,66.02547,29.89067,,1000,manual,0.5,,3100,manual,0.5,20250214T131809Z_20250214T131909Z,,,,,,,,,,,explosion,,,,,,[-0.1764 5.7445 0.0228],5999,2025-02-14 13:18:09.600000,earthquake_local,KU6.HE_20250214131809_HH_EV
HE,KU6,HH,66.02547,29.89067,,833,manual,0.5,,4958,manual,0.5,20250214T160104Z_20250214T160204Z,,,,,,,,,,,explosion,,,,,,[0.3898 -2.5994 -1.1334],5999,2025-02-14 16:01:04.200000,earthquake_local,KU6.HE_20250214160104_HH_EV
HE,KU6,HH,66.02547,29.89067,,2420,manual,0.5,,5360,manual,0.5,20250214T200521Z_20250214T200621Z,,,,,,,,,,,explosion,,,,,,[-0.3579 1.0650 -0.2193],5999,2025-02-14 20:05:21.720000,earthquake_local,KU6.HE_20250214200521_HH_EV
HE,KU6,HH,66.02547,29.89067,,2455,manual,0.5,,5337,manual,0.5,20250214T200643Z_20250214T200743Z,,,,,,,,,,,explosion,,,,,,[-0.3034 -0.8816 0.5110],5999,2025-02-14 20:06:43.630000,earthquake_local,KU6.HE_20250214200643_HH_EV
HE,KU6,HH,66.02547,29.89067,,2173,manual,0.5,,5113,manual,0.5,20250215T201722Z_20250215T201822Z,,,,,,,,,,,explosion,,,,,,[-0.0405 8.4885 -0.0744],5999,2025-02-15 20:17:22.670000,earthquake_local,KU6.HE_20250215201722_HH_EV
HE,KU6,HH,66.02547,29.89067,,2154,manual,0.5,,5038,manual,0.5,20250216T004308Z_20250216T004408Z,,,,,,,,,,,explosion,,,,,,[-0.3695 4.0845 0.6621],5999,2025-02-16 00:43:08.460000,earthquake_local,KU6.HE_20250216004308_HH_EV
HE,KU6,HH,66.02547,29.89067,,876,manual,0.5,,4468,manual,0.5,20250216T044118Z_20250216T044218Z,,,,,,,,,,,explosion,,,,,,[-0.0474 -2.0759 -0.3938],5999,2025-02-16 04:41:18.520000,earthquake_local,KU6.HE_20250216044118_HH_EV
HE,KU6,HH,66.02547,29.89067,,763,manual,0.5,,2401,manual,0.5,20250216T194911Z_20250216T195011Z,,,,,,,,,,,explosion,,,,,,[-0.1714 -4.0278 0.3354],4694,2025-02-16 19:49:11.930000,earthquake_local,KU6.HE_20250216194911_HH_EV
HE,KU6,HH,66.02547,29.89067,,2171,manual,0.5,,4775,manual,0.5,20250216T200527Z_20250216T200627Z,,,,,,,,,,,explosion,,,,,,[-0.0522 -1.4464 0.1727],5999,2025-02-16 20:05:27.410000,earthquake_local,KU6.HE_20250216200527_HH_EV
HE,KU6,HH,66.02547,29.89067,,1129,manual,0.5,,4013,manual,0.5,20250217T041920Z_20250217T042020Z,,,,,,,,,,,explosion,,,,,,[-0.1118 -1.7416 -0.6292],5999,2025-02-17 04:19:20.750000,earthquake_local,KU6.HE_20250217041920_HH_EV
HE,KU6,HH,66.02547,29.89067,,1339,manual,0.5,,4269,manual,0.5,20250217T120534Z_20250217T120634Z,,,,,,,,,,,explosion,,,,,,[0.2991 -4.0651 0.1925],5999,2025-02-17 12:05:34.310000,earthquake_local,KU6.HE_20250217120534_HH_EV
HE,KU6,HH,66.02547,29.89067,,1713,manual,0.5,,4653,manual,0.5,20250217T121421Z_20250217T121521Z,,,,,,,,,,,explosion,,,,,,[-0.2555 -3.8493 0.0868],5999,2025-02-17 12:14:21.110000,earthquake_local,KU6.HE_20250217121421_HH_EV
HE,KU6,HH,66.02547,29.89067,,2298,manual,0.5,,5322,manual,0.5,20250217T181312Z_20250217T181412Z,,,,,,,,,,,explosion,,,,,,[-0.0693 -2.9031 -0.6503],5999,2025-02-17 18:13:12.100000,earthquake_local,KU6.HE_20250217181312_HH_EV
HE,KU6,HH,66.02547,29.89067,,1453,manual,0.5,,4453,manual,0.5,20250217T200531Z_20250217T200631Z,,,,,,,,,,,explosion,,,,,,[-0.0535 1.7962 0.0149],5999,2025-02-17 20:05:31.150000,earthquake_local,KU6.HE_20250217200531_HH_EV
HE,KU6,HH,66.02547,29.89067,,1756,manual,0.5,,4682,manual,0.5,20250218T040412Z_20250218T040512Z,,,,,,,,,,,explosion,,,,,,[0.6099 2.7499 0.0575],5999,2025-02-18 04:04:12.500000,earthquake_local,KU6.HE_20250218040412_HH_EV
HE,KU6,HH,66.02547,29.89067,,1008,manual,0.5,,3998,manual,0.5,20250218T120610Z_20250218T120710Z,,,,,,,,,,,explosion,,,,,,[-0.0767 -0.2442 0.4483],5999,2025-02-18 12:06:10.900000,earthquake_local,KU6.HE_20250218120610_HH_EV
HE,KU6,HH,66.02547,29.89067,,930,manual,0.5,,3786,manual,0.5,20250218T200535Z_20250218T200635Z,,,,,,,,,,,explosion,,,,,,[0.1837 3.4826 -0.1474],5999,2025-02-18 20:05:35.620000,earthquake_local,KU6.HE_20250218200535_HH_EV
HE,KU6,HH,66.02547,29.89067,,1750,manual,0.5,,4676,manual,0.5,20250218T200800Z_20250218T200900Z,,,,,,,,,,,explosion,,,,,,[-0.0333 1.7184 0.1609],5999,2025-02-18 20:08:00.480000,earthquake_local,KU6.HE_20250218200800_HH_EV
HE,KU6,HH,66.02547,29.89067,,2581,manual,0.5,,5437,manual,0.5,20250218T202503Z_20250218T202603Z,,,,,,,,,,,explosion,,,,,,[0.1059 0.8049 0.0920],5999,2025-02-18 20:25:03.750000,earthquake_local,KU6.HE_20250218202503_HH_EV
HE,KU6,HH,66.02547,29.89067,,2058,manual,0.5,,5054,manual,0.5,20250219T000522Z_20250219T000622Z,,,,,,,,,,,explosion,,,,,,[0.5237 0.8314 -0.3437],5999,2025-02-19 00:05:22.220000,earthquake_local,KU6.HE_20250219000522_HH_EV
HE,KU6,HH,66.02547,29.89067,,1964,manual,0.5,,4896,manual,0.5,20250219T004023Z_20250219T004123Z,,,,,,,,,,,explosion,,,,,,[0.7179 4.1122 -0.3307],5999,2025-02-19 00:40:23.760000,earthquake_local,KU6.HE_20250219004023_HH_EV
HE,KU6,HH,66.02547,29.89067,,2395,manual,0.5,,5377,manual,0.5,20250219T040943Z_20250219T041043Z,,,,,,,,,,,explosion,,,,,,[0.3441 1.7950 0.0422],5999,2025-02-19 04:09:43.310000,earthquake_local,KU6.HE_20250219040943_HH_EV
HE,KU6,HH,66.02547,29.89067,,3521,manual,0.5,,4979,manual,0.5,20250219T110229Z_20250219T110329Z,,,,,,,,,,,explosion,,,,,,[-0.4361 -1.4996 0.8460],5999,2025-02-19 11:02:29.200000,earthquake_local,KU6.HE_20250219110229_HH_EV
HE,KU6,HH,66.02547,29.89067,,1902,manual,0.5,,4392,manual,0.5,20250219T124529Z_20250219T124629Z,,,,,,,,,,,explosion,,,,,,[0.0652 1.1933 0.1668],5999,2025-02-19 12:45:29.080000,earthquake_local,KU6.HE_20250219124529_HH_EV
HE,KU6,HH,66.02547,29.89067,,1171,manual,0.5,,5157,manual,0.5,20250220T150752Z_20250220T150852Z,,,,,,,,,,,explosion,,,,,,[-0.1236 -4.6942 -0.0022],5999,2025-02-20 15:07:52.570000,earthquake_local,KU6.HE_20250220150752_HH_EV
HE,KU6,HH,66.02547,29.89067,,907,manual,0.5,,3847,manual,0.5,20250220T190425Z_20250220T190525Z,,,,,,,,,,,explosion,,,,,,[0.1219 4.0679 -0.3603],5999,2025-02-20 19:04:25.170000,earthquake_local,KU6.HE_20250220190425_HH_EV
HE,KU6,HH,66.02547,29.89067,,2400,manual,0.5,,5368,manual,0.5,20250220T201413Z_20250220T201513Z,,,,,,,,,,,explosion,,,,,,[-0.3995 -7.1599 1.0740],5999,2025-02-20 20:14:13.600000,earthquake_local,KU6.HE_20250220201413_HH_EV
HE,KU6,HH,66.02547,29.89067,,2070,manual,0.5,,5038,manual,0.5,20250220T235635Z_20250220T235735Z,,,,,,,,,,,explosion,,,,,,[-0.2319 1.8958 -0.2668],5999,2025-02-20 23:56:35.140000,earthquake_local,KU6.HE_20250220235635_HH_EV
HE,KU6,HH,66.02547,29.89067,,2115,manual,0.5,,4284,manual,0.5,20250221T131219Z_20250221T131319Z,,,,,,,,,,,explosion,,,,,,[-0.0014 -4.0354 0.0853],5999,2025-02-21 13:12:19.680000,earthquake_local,KU6.HE_20250221131219_HH_EV
HE,KU6,HH,66.02547,29.89067,,2743,manual,0.5,,4760,manual,0.5,20250221T131909Z_20250221T132009Z,,,,,,,,,,,explosion,,,,,,[0.1310 1.7295 -0.1290],5999,2025-02-21 13:19:09.600000,earthquake_local,KU6.HE_20250221131909_HH_EV
HE,KU6,HH,66.02547,29.89067,,1506,manual,0.5,,4247,manual,0.5,20250221T170141Z_20250221T170241Z,,,,,,,,,,,explosion,,,,,,[-0.6310 0.8942 -0.3732],5999,2025-02-21 17:01:41.770000,earthquake_local,KU6.HE_20250221170141_HH_EV
HE,KU6,HH,66.02547,29.89067,,2269,manual,0.5,,5223,manual,0.5,20250221T200514Z_20250221T200614Z,,,,,,,,,,,explosion,,,,,,[-0.2588 -1.3522 -0.3965],5999,2025-02-21 20:05:14.530000,earthquake_local,KU6.HE_20250221200514_HH_EV
HE,KU6,HH,66.02547,29.89067,,2003,manual,0.5,,4927,manual,0.5,20250221T201513Z_20250221T201613Z,,,,,,,,,,,explosion,,,,,,[0.1749 -0.6144 0.5588],5999,2025-02-21 20:15:13.330000,earthquake_local,KU6.HE_20250221201513_HH_EV
HE,KU6,HH,66.02547,29.89067,,1092,manual,0.5,,4032,manual,0.5,20250222T200917Z_20250222T201017Z,,,,,,,,,,,explosion,,,,,,[-0.1881 -3.9329 0.5461],5999,2025-02-22 20:09:17.560000,earthquake_local,KU6.HE_20250222200917_HH_EV
HE,KU6,HH,66.02547,29.89067,,561,manual,0.5,,3529,manual,0.5,20250222T210203Z_20250222T210303Z,,,,,,,,,,,explosion,,,,,,[-0.0993 -1.1838 0.1358],5999,2025-02-22 21:02:03.790000,earthquake_local,KU6.HE_20250222210203_HH_EV
HE,KU6,HH,66.02547,29.89067,,1080,manual,0.5,,4006,manual,0.5,20250223T200542Z_20250223T200642Z,,,,,,,,,,,explosion,,,,,,[0.5909 -1.0107 0.7169],5999,2025-02-23 20:05:42.340000,earthquake_local,KU6.HE_20250223200542_HH_EV
HE,KU6,HH,66.02547,29.89067,,2505,manual,0.5,,5361,manual,0.5,20250223T200908Z_20250223T201008Z,,,,,,,,,,,explosion,,,,,,[-0.0699 2.9333 0.4813],5999,2025-02-23 20:09:08.990000,earthquake_local,KU6.HE_20250223200908_HH_EV
HE,KU6,HH,66.02547,29.89067,,1855,manual,0.5,,4365,manual,0.5,20250224T102807Z_20250224T102907Z,,,,,,,,,,,explosion,,,,,,[-0.0944 -2.3004 -0.8385],5999,2025-02-24 10:28:07.750000,earthquake_local,KU6.HE_20250224102807_HH_EV
HE,KU6,HH,66.02547,29.89067,,1217,manual,0.5,,5253,manual,0.5,20250224T114627Z_20250224T114727Z,,,,,,,,,,,explosion,,,,,,[0.2851 1.4527 0.1848],5999,2025-02-24 11:46:27.310000,earthquake_local,KU6.HE_20250224114627_HH_EV
HE,KU6,HH,66.02547,29.89067,,798,manual,0.5,,3682,manual,0.5,20250224T201601Z_20250224T201701Z,,,,,,,,,,,explosion,,,,,,[-0.0809 -1.4708 0.3515],5999,2025-02-24 20:16:01.460000,earthquake_local,KU6.HE_20250224201601_HH_EV
HE,KU6,HH,66.02547,29.89067,,2367,manual,0.5,,5363,manual,0.5,20250225T043206Z_20250225T043306Z,,,,,,,,,,,explosion,,,,,,[0.1746 -5.1035 -0.4040],5999,2025-02-25 04:32:06.610000,earthquake_local,KU6.HE_20250225043206_HH_EV
HE,KU6,HH,66.02547,29.89067,,1520,manual,0.5,,4596,manual,0.5,20250225T235435Z_20250225T235535Z,,,,,,,,,,,explosion,,,,,,[-0.9972 5.7300 -0.8467],5999,2025-02-25 23:54:35.840000,earthquake_local,KU6.HE_20250225235435_HH_EV
HE,KU6,HH,66.02547,29.89067,,955,manual,0.5,,4910,manual,0.5,20250226T122045Z_20250226T122145Z,,,,,,,,,,,explosion,,,,,,[-0.3452 -0.5669 -0.7845],5999,2025-02-26 12:20:45.380000,earthquake_local,KU6.HE_20250226122045_HH_EV
HE,KU6,HH,66.02547,29.89067,,1880,manual,0.5,,4331,manual,0.5,20250227T114901Z_20250227T115001Z,,,,,,,,,,,explosion,,,,,,[0.1149 1.4547 0.1460],5999,2025-02-27 11:49:01.130000,earthquake_local,KU6.HE_20250227114901_HH_EV
HE,KU6,HH,66.02547,29.89067,,567,manual,0.5,,3720,manual,0.5,20250227T121139Z_20250227T121239Z,,,,,,,,,,,explosion,,,,,,[-0.0108 -1.5257 -0.3845],5999,2025-02-27 12:11:39.760000,earthquake_local,KU6.HE_20250227121139_HH_EV
HE,KU6,HH,66.02547,29.89067,,1059,manual,0.5,,4843,manual,0.5,20250228T113711Z_20250228T113811Z,,,,,,,,,,,explosion,,,,,,[-0.1147 -0.1351 0.2746],5999,2025-02-28 11:37:11.590000,earthquake_local,KU6.HE_20250228113711_HH_EV
HE,KU6,HH,66.02547,29.89067,,1660,manual,0.5,,3536,manual,0.5,20250228T124252Z_20250228T124352Z,,,,,,,,,,,explosion,,,,,,[0.1204 0.2650 -1.2169],5999,2025-02-28 12:42:52.560000,earthquake_local,KU6.HE_20250228124252_HH_EV
HE,KU6,HH,66.02547,29.89067,,693,manual,0.5,,4766,manual,0.5,20250228T131550Z_20250228T131650Z,,,,,,,,,,,explosion,,,,,,[-0.1670 -2.5484 0.3763],5999,2025-02-28 13:15:50.300000,earthquake_local,KU6.HE_20250228131550_HH_EV
HE,KU6,HH,66.02547,29.89067,,2028,manual,0.5,,4072,manual,0.5,20250228T134747Z_20250228T134847Z,,,,,,,,,,,explosion,,,,,,[-0.2728 1.6955 0.3518],5999,2025-02-28 13:47:47.240000,earthquake_local,KU6.HE_20250228134747_HH_EV
HE,KU6,HH,66.02547,29.89067,,731,manual,0.5,,3615,manual,0.5,20250228T200913Z_20250228T201013Z,,,,,,,,,,,explosion,,,,,,[0.2118 0.8895 -0.1262],5999,2025-02-28 20:09:13.890000,earthquake_local,KU6.HE_20250228200913_HH_EV
HE,KUNI,HH,,,,1138,manual,0.5,,2318,manual,0.5,20250102T091716Z_20250102T091816Z,,,,,,,,,,,explosion,,,,,,[-0.4837 -1.5262 0.0605],3970,2025-01-02 09:17:16.868000,earthquake_local,KUNI.HE_20250102091716_HH_EV
HE,KUNI,HH,,,,555,manual,0.5,,624,manual,0.5,20250103T134333Z_20250103T134433Z,,,,,,,,,,,explosion,,,,,,[-2.3445 1.0154 1.3419],724,2025-01-03 13:43:33.444000,earthquake_local,KUNI.HE_20250103134333_HH_EV
HE,KUNI,HH,,,,1955,manual,0.5,,3090,manual,0.5,20250108T104229Z_20250108T104329Z,,,,,,,,,,,explosion,,,,,,[0.1552 -0.4257 0.1378],4679,2025-01-08 10:42:29.004000,earthquake_local,KUNI.HE_20250108104229_HH_EV
HE,KUNI,HH,,,,2106,manual,0.5,,2511,manual,0.5,20250108T125948Z_20250108T130048Z,,,,,,,,,,,explosion,,,,,,[-0.2656 -0.0988 -0.0188],3078,2025-01-08 12:59:48.176000,earthquake_local,KUNI.HE_20250108125948_HH_EV
HE,KUNI,HH,,,,646,manual,0.5,,987,manual,0.5,20250109T124801Z_20250109T124901Z,,,,,,,,,,,explosion,,,,,,[0.3778 0.3642 1.2868],1464,2025-01-09 12:48:01.808000,earthquake_local,KUNI.HE_20250109124801_HH_EV
HE,KUNI,HH,,,,4631,manual,0.5,,4947,manual,0.5,20250110T100030Z_20250110T100130Z,,,,,,,,,,,explosion,,,,,,[-0.5922 -0.1759 -0.0412],5389,2025-01-10 10:00:30.092000,earthquake_local,KUNI.HE_20250110100030_HH_EV
HE,KUNI,HH,,,,1855,manual,0.5,,2363,manual,0.5,20250110T102737Z_20250110T102837Z,,,,,,,,,,,explosion,,,,,,[0.8656 1.2188 0.0159],3074,2025-01-10 10:27:37.428000,earthquake_local,KUNI.HE_20250110102737_HH_EV
HE,KUNI,HH,,,,3212,manual,0.5,,3755,manual,0.5,20250110T112939Z_20250110T113039Z,,,,,,,,,,,explosion,,,,,,[0.9007 0.6333 0.0566],4515,2025-01-10 11:29:39.088000,earthquake_local,KUNI.HE_20250110112939_HH_EV
HE,KUNI,HH,,,,1566,manual,0.5,,1847,manual,0.5,20250113T135549Z_20250113T135649Z,,,,,,,,,,,explosion,,,,,,[1.7718 0.3652 -0.3175],2240,2025-01-13 13:55:49.052000,earthquake_local,KUNI.HE_20250113135549_HH_EV
HE,KUNI,HH,,,,4118,manual,0.5,,4529,manual,0.5,20250114T073034Z_20250114T073134Z,,,,,,,,,,,explosion,,,,,,[1.1540 -0.5469 -0.0303],5104,2025-01-14 07:30:34.936000,earthquake_local,KUNI.HE_20250114073034_HH_EV
HE,KUNI,HH,,,,3663,manual,0.5,,3727,manual,0.5,20250114T103130Z_20250114T103230Z,,,,,,,,,,,explosion,,,,,,[0.1771 0.6857 0.2811],3827,2025-01-14 10:31:30.736000,earthquake_local,KUNI.HE_20250114103130_HH_EV
HE,KUNI,HH,,,,723,manual,0.5,,1009,manual,0.5,20250114T135733Z_20250114T135833Z,,,,,,,,,,,explosion,,,,,,[-0.2929 -1.1307 0.1842],1409,2025-01-14 13:57:33.752000,earthquake_local,KUNI.HE_20250114135733_HH_EV
HE,KUNI,HH,,,,3409,manual,0.5,,3816,manual,0.5,20250114T135944Z_20250114T140044Z,,,,,,,,,,,explosion,,,,,,[2.0003 0.1151 0.3765],4386,2025-01-14 13:59:44.428000,earthquake_local,KUNI.HE_20250114135944_HH_EV
HE,KUNI,HH,,,,1740,manual,0.5,,2179,manual,0.5,20250115T111019Z_20250115T111119Z,,,,,,,,,,,explosion,,,,,,[0.4665 0.9645 -0.0222],2794,2025-01-15 11:10:19.376000,earthquake_local,KUNI.HE_20250115111019_HH_EV
HE,KUNI,HH,,,,3253,manual,0.5,,4514,manual,0.5,20250115T121514Z_20250115T121614Z,,,,,,,,,,,explosion,,,,,,[0.9688 0.2159 -0.0542],5999,2025-01-15 12:15:14.224000,earthquake_local,KUNI.HE_20250115121514_HH_EV
HE,KUNI,HH,,,,3613,manual,0.5,,3861,manual,0.5,20250115T122950Z_20250115T123050Z,,,,,,,,,,,explosion,,,,,,[-0.5373 0.9160 -0.0136],4208,2025-01-15 12:29:50.424000,earthquake_local,KUNI.HE_20250115122950_HH_EV
HE,KUNI,HH,,,,5037,manual,0.5,,5239,manual,0.5,20250116T113028Z_20250116T113128Z,,,,,,,,,,,explosion,,,,,,[0.3652 0.7884 0.2025],5522,2025-01-16 11:30:28.672000,earthquake_local,KUNI.HE_20250116113028_HH_EV
HE,KUNI,HH,,,,3770,manual,0.5,,4045,manual,0.5,20250117T113619Z_20250117T113719Z,,,,,,,,,,,explosion,,,,,,[0.7409 0.4571 -0.0733],4430,2025-01-17 11:36:19.888000,earthquake_local,KUNI.HE_20250117113619_HH_EV
HE,KUNI,HH,,,,2788,manual,0.5,,3349,manual,0.5,20250120T113734Z_20250120T113834Z,,,,,,,,,,,explosion,,,,,,[0.1484 1.0565 0.0041],4134,2025-01-20 11:37:34.188000,earthquake_local,KUNI.HE_20250120113734_HH_EV
HE,KUNI,HH,,,,2654,manual,0.5,,2916,manual,0.5,20250121T124817Z_20250121T124917Z,,,,,,,,,,,explosion,,,,,,[0.0303 -0.1076 -0.3570],3283,2025-01-21 12:48:17.852000,earthquake_local,KUNI.HE_20250121124817_HH_EV
HE,KUNI,HH,,,,1479,manual,0.5,,1729,manual,0.5,20250122T122734Z_20250122T122834Z,,,,,,,,,,,explosion,,,,,,[0.0654 0.0182 -0.0048],2079,2025-01-22 12:27:34.660000,earthquake_local,KUNI.HE_20250122122734_HH_EV
HE,KUNI,HH,,,,2796,manual,0.5,,3136,manual,0.5,20250122T131016Z_20250122T131116Z,,,,,,,,,,,explosion,,,,,,[0.1797 0.2295 0.0291],3612,2025-01-22 13:10:16.724000,earthquake_local,KUNI.HE_20250122131016_HH_EV
HE,KUNI,HH,,,,3390,manual,0.5,,4805,manual,0.5,20250122T142801Z_20250122T142901Z,,,,,,,,,,,explosion,,,,,,[0.0201 -0.1183 -0.0077],5999,2025-01-22 14:28:01.168000,earthquake_local,KUNI.HE_20250122142801_HH_EV
HE,KUNI,HH,,,,766,manual,0.5,,970,manual,0.5,20250123T111516Z_20250123T111616Z,,,,,,,,,,,explosion,,,,,,[0.6087 0.3123 0.4229],1256,2025-01-23 11:15:16.480000,earthquake_local,KUNI.HE_20250123111516_HH_EV
HE,KUNI,HH,,,,2291,manual,0.5,,2440,manual,0.5,20250124T085456Z_20250124T085556Z,,,,,,,,,,,explosion,,,,,,[0.2858 -0.1589 -2.4291],2649,2025-01-24 08:54:56.028000,earthquake_local,KUNI.HE_20250124085456_HH_EV
HE,KUNI,HH,,,,2640,manual,0.5,,2947,manual,0.5,20250124T100231Z_20250124T100331Z,,,,,,,,,,,explosion,,,,,,[0.6609 -0.4631 -5.1955],3377,2025-01-24 10:02:31.640000,earthquake_local,KUNI.HE_20250124100231_HH_EV
HE,KUNI,HH,,,,2436,manual,0.5,,2627,manual,0.5,20250127T090045Z_20250127T090145Z,,,,,,,,,,,explosion,,,,,,[0.0730 -0.3291 -0.0005],2894,2025-01-27 09:00:45.236000,earthquake_local,KUNI.HE_20250127090045_HH_EV
HE,KUNI,HH,,,,4564,manual,0.5,,4851,manual,0.5,20250127T124307Z_20250127T124407Z,,,,,,,,,,,explosion,,,,,,[-1.9439 0.0472 0.0978],5253,2025-01-27 12:43:07.392000,earthquake_local,KUNI.HE_20250127124307_HH_EV
HE,KUNI,HH,,,,3184,manual,0.5,,4083,manual,0.5,20250127T135215Z_20250127T135315Z,,,,,,,,,,,explosion,,,,,,[0.5424 1.3122 0.0884],5342,2025-01-27 13:52:15.384000,earthquake_local,KUNI.HE_20250127135215_HH_EV
HE,KUNI,HH,,,,1863,manual,0.5,,2127,manual,0.5,20250127T142554Z_20250127T142654Z,,,,,,,,,,,explosion,,,,,,[0.6114 -5.6995 0.1531],2497,2025-01-27 14:25:54.460000,earthquake_local,KUNI.HE_20250127142554_HH_EV
HE,KUNI,HH,,,,1577,manual,0.5,,1739,manual,0.5,20250127T150048Z_20250127T150148Z,,,,,,,,,,,explosion,,,,,,[0.4520 -1.6705 0.0684],1966,2025-01-27 15:00:48.968000,earthquake_local,KUNI.HE_20250127150048_HH_EV
HE,KUNI,HH,,,,3567,manual,0.5,,3739,manual,0.5,20250128T153013Z_20250128T153113Z,,,,,,,,,,,explosion,,,,,,[-0.0351 -0.1338 0.1001],3980,2025-01-28 15:30:13.296000,earthquake_local,KUNI.HE_20250128153013_HH_EV
HE,KUNI,HH,,,,2342,manual,0.5,,4614,manual,0.5,20250129T113203Z_20250129T113303Z,,,,,,,,,,,explosion,,,,,,[-0.2739 0.6095 0.1706],5999,2025-01-29 11:32:03.212000,earthquake_local,KUNI.HE_20250129113203_HH_EV
HE,KUNI,HH,,,,1879,manual,0.5,,2978,manual,0.5,20250129T150035Z_20250129T150135Z,,,,,,,,,,,explosion,,,,,,[-0.2597 0.1861 0.2379],4517,2025-01-29 15:00:35.512000,earthquake_local,KUNI.HE_20250129150035_HH_EV
HE,KUNI,HH,,,,2016,manual,0.5,,2316,manual,0.5,20250130T090439Z_20250130T090539Z,,,,,,,,,,,explosion,,,,,,[-0.5011 -0.5009 2.6752],2736,2025-01-30 09:04:39.760000,earthquake_local,KUNI.HE_20250130090439_HH_EV
HE,KUNI,HH,,,,3485,manual,0.5,,3767,manual,0.5,20250130T143728Z_20250130T143828Z,,,,,,,,,,,explosion,,,,,,[0.3424 0.6251 0.0010],4162,2025-01-30 14:37:28.852000,earthquake_local,KUNI.HE_20250130143728_HH_EV
HE,KUNI,HH,,,,1478,manual,0.5,,1634,manual,0.5,20250131T085932Z_20250131T090032Z,,,,,,,,,,,explosion,,,,,,[0.1326 0.3192 0.4130],1852,2025-01-31 08:59:32.156000,earthquake_local,KUNI.HE_20250131085932_HH_EV
HE,KUNI,HH,,,,3306,manual,0.5,,4970,manual,0.5,20250131T090151Z_20250131T090251Z,,,,,,,,,,,explosion,,,,,,[-0.1107 -0.1909 0.1021],5999,2025-01-31 09:01:51.616000,earthquake_local,KUNI.HE_20250131090151_HH_EV
HE,KUNI,HH,,,,3510,manual,0.5,,3832,manual,0.5,20250131T092529Z_20250131T092629Z,,,,,,,,,,,explosion,,,,,,[-1.0160 -0.7929 0.1941],4283,2025-01-31 09:25:29.556000,earthquake_local,KUNI.HE_20250131092529_HH_EV
HE,KUNI,HH,,,,3981,manual,0.5,,4497,manual,0.5,20250131T112940Z_20250131T113040Z,,,,,,,,,,,explosion,,,,,,[0.4537 0.1577 0.1838],5219,2025-01-31 11:29:40.192000,earthquake_local,KUNI.HE_20250131112940_HH_EV
HE,KUNI,HH,,,,3218,manual,0.5,,3468,manual,0.5,20250131T125623Z_20250131T125723Z,,,,,,,,,,,explosion,,,,,,[0.6137 0.0231 0.4097],3818,2025-01-31 12:56:23.448000,earthquake_local,KUNI.HE_20250131125623_HH_EV
HE,KUNI,HH,,,,3604,manual,0.5,,3917,manual,0.5,20250203T142834Z_20250203T142934Z,,,,,,,,,,,explosion,,,,,,[0.4582 0.3290 0.0061],4355,2025-02-03 14:28:34.128000,earthquake_local,KUNI.HE_20250203142834_HH_EV
HE,KUNI,HH,,,,1404,manual,0.5,,1606,manual,0.5,20250203T145950Z_20250203T150050Z,,,,,,,,,,,explosion,,,,,,[-3.2947 -1.1027 -0.1228],1889,2025-02-03 14:59:50.972000,earthquake_local,KUNI.HE_20250203145950_HH_EV
HE,KUNI,HH,,,,4780,manual,0.5,,4965,manual,0.5,20250204T085903Z_20250204T090003Z,,,,,,,,,,,explosion,,,,,,[-6.0201 1.5045 0.1410],5224,2025-02-04 08:59:03.212000,earthquake_local,KUNI.HE_20250204085903_HH_EV
HE,KUNI,HH,,,,4730,manual,0.5,,5031,manual,0.5,20250204T092455Z_20250204T092555Z,,,,,,,,,,,explosion,,,,,,[3.5476 -1.0352 -0.0050],5452,2025-02-04 09:24:55.324000,earthquake_local,KUNI.HE_20250204092455_HH_EV
HE,KUNI,HH,,,,4168,manual,0.5,,4321,manual,0.5,20250204T100846Z_20250204T100946Z,,,,,,,,,,,explosion,,,,,,[3.2763 0.5052 0.0329],4535,2025-02-04 10:08:46.396000,earthquake_local,KUNI.HE_20250204100846_HH_EV
HE,KUNI,HH,,,,571,manual,0.5,,1826,manual,0.5,20250204T113441Z_20250204T113541Z,,,,,,,,,,,explosion,,,,,,[-2.1257 -1.7294 0.0314],3583,2025-02-04 11:34:41.200000,earthquake_local,KUNI.HE_20250204113441_HH_EV
HE,KUNI,HH,,,,4295,manual,0.5,,4541,manual,0.5,20250204T115949Z_20250204T120049Z,,,,,,,,,,,explosion,,,,,,[3.1262 -2.8409 -0.0444],4885,2025-02-04 11:59:49.728000,earthquake_local,KUNI.HE_20250204115949_HH_EV
HE,KUNI,HH,,,,1655,manual,0.5,,2062,manual,0.5,20250204T123921Z_20250204T124021Z,,,,,,,,,,,explosion,,,,,,[0.5086 1.3576 0.5394],2632,2025-02-04 12:39:21.584000,earthquake_local,KUNI.HE_20250204123921_HH_EV
HE,KUNI,HH,,,,4494,manual,0.5,,4811,manual,0.5,20250204T142651Z_20250204T142751Z,,,,,,,,,,,explosion,,,,,,[2.2008 0.2515 -0.2043],5255,2025-02-04 14:26:51.180000,earthquake_local,KUNI.HE_20250204142651_HH_EV
HE,KUNI,HH,,,,3140,manual,0.5,,3585,manual,0.5,20250205T105258Z_20250205T105358Z,,,,,,,,,,,explosion,,,,,,[-0.1362 0.1585 -0.1013],4208,2025-02-05 10:52:58.804000,earthquake_local,KUNI.HE_20250205105258_HH_EV
HE,KUNI,HH,,,,815,manual,0.5,,1212,manual,0.5,20250205T130040Z_20250205T130140Z,,,,,,,,,,,explosion,,,,,,[0.6525 -0.0939 0.0992],1768,2025-02-05 13:00:40.760000,earthquake_local,KUNI.HE_20250205130040_HH_EV
HE,KUNI,HH,,,,619,manual,0.5,,910,manual,0.5,20250205T143147Z_20250205T143247Z,,,,,,,,,,,explosion,,,,,,[0.1423 0.0629 0.0541],1317,2025-02-05 14:31:47.280000,earthquake_local,KUNI.HE_20250205143147_HH_EV
HE,KUNI,HH,,,,1939,manual,0.5,,3256,manual,0.5,20250206T105853Z_20250206T105953Z,,,,,,,,,,,explosion,,,,,,[1.1248 0.0323 0.1676],5100,2025-02-06 10:58:53.764000,earthquake_local,KUNI.HE_20250206105853_HH_EV
HE,KUNI,HH,,,,1676,manual,0.5,,1924,manual,0.5,20250206T130039Z_20250206T130139Z,,,,,,,,,,,explosion,,,,,,[1.6627 -1.0488 -0.0244],2271,2025-02-06 13:00:39.616000,earthquake_local,KUNI.HE_20250206130039_HH_EV
HE,KUNI,HH,,,,4241,manual,0.5,,4617,manual,0.5,20250206T140122Z_20250206T140222Z,,,,,,,,,,,explosion,,,,,,[0.3902 -0.5459 -0.8220],5143,2025-02-06 14:01:22.368000,earthquake_local,KUNI.HE_20250206140122_HH_EV
HE,KUNI,HH,,,,1985,manual,0.5,,4432,manual,0.5,20250208T232047Z_20250208T232147Z,,,,,,,,,,,explosion,,,,,,[0.5853 -0.6162 0.2147],5999,2025-02-08 23:20:47.556000,earthquake_local,KUNI.HE_20250208232047_HH_EV
HE,KUNI,HH,,,,5062,manual,0.5,,5256,manual,0.5,20250210T100402Z_20250210T100502Z,,,,,,,,,,,explosion,,,,,,[-0.1448 0.6707 0.0581],5528,2025-02-10 10:04:02.912000,earthquake_local,KUNI.HE_20250210100402_HH_EV
HE,KUNI,HH,,,,4012,manual,0.5,,4311,manual,0.5,20250210T142829Z_20250210T142929Z,,,,,,,,,,,explosion,,,,,,[0.4355 -0.1940 0.0046],4730,2025-02-10 14:28:29.376000,earthquake_local,KUNI.HE_20250210142829_HH_EV
HE,KUNI,HH,,,,5293,manual,0.5,,5444,manual,0.5,20250211T091417Z_20250211T091517Z,,,,,,,,,,,explosion,,,,,,[0.1237 0.0225 -0.2149],5655,2025-02-11 09:14:17.456000,earthquake_local,KUNI.HE_20250211091417_HH_EV
HE,KUNI,HH,,,,5132,manual,0.5,,5433,manual,0.5,20250211T093039Z_20250211T093139Z,,,,,,,,,,,explosion,,,,,,[-0.8306 1.4657 0.1927],5854,2025-02-11 09:30:39.668000,earthquake_local,KUNI.HE_20250211093039_HH_EV
HE,KUNI,HH,,,,1721,manual,0.5,,2051,manual,0.5,20250211T132833Z_20250211T132933Z,,,,,,,,,,,explosion,,,,,,[-0.0906 -0.4859 1.3883],2513,2025-02-11 13:28:33.068000,earthquake_local,KUNI.HE_20250211132833_HH_EV
HE,KUNI,HH,,,,3523,manual,0.5,,3713,manual,0.5,20250212T102507Z_20250212T102607Z,,,,,,,,,,,explosion,,,,,,[0.3091 0.3488 -0.0024],3979,2025-02-12 10:25:07.096000,earthquake_local,KUNI.HE_20250212102507_HH_EV
HE,KUNI,HH,,,,3896,manual,0.5,,4087,manual,0.5,20250212T112531Z_20250212T112631Z,,,,,,,,,,,explosion,,,,,,[1.0470 0.8065 0.0168],4354,2025-02-12 11:25:31.564000,earthquake_local,KUNI.HE_20250212112531_HH_EV
HE,KUNI,HH,,,,5097,manual,0.5,,5380,manual,0.5,20250212T142636Z_20250212T142736Z,,,,,,,,,,,explosion,,,,,,[-0.1500 0.1726 -0.2361],5776,2025-02-12 14:26:36.128000,earthquake_local,KUNI.HE_20250212142636_HH_EV
HE,KUNI,HH,,,,1627,manual,0.5,,2004,manual,0.5,20250212T151403Z_20250212T151503Z,,,,,,,,,,,explosion,,,,,,[0.1570 -0.7409 -0.2353],2532,2025-02-12 15:14:03.072000,earthquake_local,KUNI.HE_20250212151403_HH_EV
HE,KUNI,HH,,,,1760,manual,0.5,,2293,manual,0.5,20250213T105508Z_20250213T105608Z,,,,,,,,,,,explosion,,,,,,[0.1557 2.5600 -0.0717],3039,2025-02-13 10:55:08.812000,earthquake_local,KUNI.HE_20250213105508_HH_EV
HE,KUNI,HH,,,,4480,manual,0.5,,4918,manual,0.5,20250213T112926Z_20250213T113026Z,,,,,,,,,,,explosion,,,,,,[0.6020 1.5187 0.0136],5531,2025-02-13 11:29:26.236000,earthquake_local,KUNI.HE_20250213112926_HH_EV
HE,KUNI,HH,,,,718,manual,0.5,,1005,manual,0.5,20250213T150811Z_20250213T150911Z,,,,,,,,,,,explosion,,,,,,[-0.0684 -0.9488 -0.1304],1407,2025-02-13 15:08:11.760000,earthquake_local,KUNI.HE_20250213150811_HH_EV
HE,KUNI,HH,,,,1320,manual,0.5,,1623,manual,0.5,20250214T110626Z_20250214T110726Z,,,,,,,,,,,explosion,,,,,,[-0.3041 0.5347 -0.0029],2047,2025-02-14 11:06:26.008000,earthquake_local,KUNI.HE_20250214110626_HH_EV
HE,KUNI,HH,,,,1251,manual,0.5,,3579,manual,0.5,20250214T115607Z_20250214T115707Z,,,,,,,,,,,explosion,,,,,,[-1.0455 -0.7306 0.0621],5999,2025-02-14 11:56:07.700000,earthquake_local,KUNI.HE_20250214115607_HH_EV
HE,KUNI,HH,,,,5128,manual,0.5,,5329,manual,0.5,20250214T122528Z_20250214T122628Z,,,,,,,,,,,explosion,,,,,,[-0.1590 -0.0669 -0.0210],5610,2025-02-14 12:25:28.348000,earthquake_local,KUNI.HE_20250214122528_HH_EV
HE,KUNI,HH,,,,1505,manual,0.5,,1821,manual,0.5,20250214T123029Z_20250214T123129Z,,,,,,,,,,,explosion,,,,,,[-0.4241 0.3526 -0.1024],2263,2025-02-14 12:30:29.820000,earthquake_local,KUNI.HE_20250214123029_HH_EV
HE,KUNI,HH,,,,3284,manual,0.5,,3524,manual,0.5,20250217T152751Z_20250217T152851Z,,,,,,,,,,,explosion,,,,,,[-0.1045 0.2793 -0.0615],3860,2025-02-17 15:27:51.584000,earthquake_local,KUNI.HE_20250217152751_HH_EV
HE,KUNI,HH,,,,2678,manual,0.5,,2955,manual,0.5,20250218T093014Z_20250218T093114Z,,,,,,,,,,,explosion,,,,,,[-0.1157 -0.3277 0.0304],3343,2025-02-18 09:30:14.960000,earthquake_local,KUNI.HE_20250218093014_HH_EV
HE,KUNI,HH,,,,3774,manual,0.5,,3958,manual,0.5,20250218T114034Z_20250218T114134Z,,,,,,,,,,,explosion,,,,,,[0.1238 0.9910 -0.0028],4216,2025-02-18 11:40:34.184000,earthquake_local,KUNI.HE_20250218114034_HH_EV
HE,KUNI,HH,,,,2382,manual,0.5,,2771,manual,0.5,20250218T133632Z_20250218T133732Z,,,,,,,,,,,explosion,,,,,,[0.2036 0.1323 -0.0014],3316,2025-02-18 13:36:32.864000,earthquake_local,KUNI.HE_20250218133632_HH_EV
HE,KUNI,HH,,,,1027,manual,0.5,,1328,manual,0.5,20250218T142941Z_20250218T143041Z,,,,,,,,,,,explosion,,,,,,[-0.1502 0.1504 -0.0341],1749,2025-02-18 14:29:41.868000,earthquake_local,KUNI.HE_20250218142941_HH_EV
HE,KUNI,HH,,,,2115,manual,0.5,,2496,manual,0.5,20250218T155619Z_20250218T155719Z,,,,,,,,,,,explosion,,,,,,[-0.2034 0.3611 -0.0058],3029,2025-02-18 15:56:19.108000,earthquake_local,KUNI.HE_20250218155619_HH_EV
HE,KUNI,HH,,,,2537,manual,0.5,,2938,manual,0.5,20250219T113028Z_20250219T113128Z,,,,,,,,,,,explosion,,,,,,[-0.0163 -0.0256 0.0341],3499,2025-02-19 11:30:28.100000,earthquake_local,KUNI.HE_20250219113028_HH_EV
HE,KUNI,HH,,,,4428,manual,0.5,,5428,manual,0.5,20250219T114006Z_20250219T114106Z,,,,,,,,,,,explosion,,,,,,[-0.1548 0.1879 -0.0250],5999,2025-02-19 11:40:06.668000,earthquake_local,KUNI.HE_20250219114006_HH_EV
HE,KUNI,HH,,,,3355,manual,0.5,,3587,manual,0.5,20250219T135504Z_20250219T135604Z,,,,,,,,,,,explosion,,,,,,[-0.0464 -0.0325 -0.0071],3912,2025-02-19 13:55:04.684000,earthquake_local,KUNI.HE_20250219135504_HH_EV
HE,KUNI,HH,,,,2834,manual,0.5,,3005,manual,0.5,20250219T135942Z_20250219T140042Z,,,,,,,,,,,explosion,,,,,,[0.2156 -0.2931 0.0507],3244,2025-02-19 13:59:42.244000,earthquake_local,KUNI.HE_20250219135942_HH_EV
HE,KUNI,HH,,,,4438,manual,0.5,,4733,manual,0.5,20250219T142645Z_20250219T142745Z,,,,,,,,,,,explosion,,,,,,[-0.0861 -0.2719 -0.0631],5146,2025-02-19 14:26:45.820000,earthquake_local,KUNI.HE_20250219142645_HH_EV
HE,KUNI,HH,,,,3396,manual,0.5,,3829,manual,0.5,20250219T152749Z_20250219T152849Z,,,,,,,,,,,explosion,,,,,,[-0.2139 -0.0824 0.0095],4435,2025-02-19 15:27:49.776000,earthquake_local,KUNI.HE_20250219152749_HH_EV
HE,KUNI,HH,,,,3700,manual,0.5,,3784,manual,0.5,20250220T082039Z_20250220T082139Z,,,,,,,,,,,explosion,,,,,,[-0.7935 3.9451 -0.0422],3902,2025-02-20 08:20:39.504000,earthquake_local,KUNI.HE_20250220082039_HH_EV
HE,KUNI,HH,,,,4373,manual,0.5,,4467,manual,0.5,20250220T091402Z_20250220T091502Z,,,,,,,,,,,explosion,,,,,,[1.9258 0.9870 0.0474],4599,2025-02-20 09:14:02.864000,earthquake_local,KUNI.HE_20250220091402_HH_EV
HE,KUNI,HH,,,,3126,manual,0.5,,3380,manual,0.5,20250220T112705Z_20250220T112805Z,,,,,,,,,,,explosion,,,,,,[-0.1250 -0.0056 -0.0515],3736,2025-02-20 11:27:05.964000,earthquake_local,KUNI.HE_20250220112705_HH_EV
HE,KUNI,HH,,,,3378,manual,0.5,,3882,manual,0.5,20250220T113622Z_20250220T113722Z,,,,,,,,,,,explosion,,,,,,[0.3366 0.0124 0.0188],4588,2025-02-20 11:36:22.788000,earthquake_local,KUNI.HE_20250220113622_HH_EV
HE,KUNI,HH,,,,2979,manual,0.5,,3174,manual,0.5,20250220T124117Z_20250220T124217Z,,,,,,,,,,,explosion,,,,,,[0.5902 -0.0832 0.0254],3447,2025-02-20 12:41:17.512000,earthquake_local,KUNI.HE_20250220124117_HH_EV
HE,KUNI,HH,,,,1680,manual,0.5,,1827,manual,0.5,20250220T135949Z_20250220T140049Z,,,,,,,,,,,explosion,,,,,,[0.2101 -0.2643 -0.0516],2033,2025-02-20 13:59:49.532000,earthquake_local,KUNI.HE_20250220135949_HH_EV
HE,KUNI,HH,,,,2756,manual,0.5,,3156,manual,0.5,20250220T140234Z_20250220T140334Z,,,,,,,,,,,explosion,,,,,,[-0.0409 -0.3661 0.0120],3716,2025-02-20 14:02:34.680000,earthquake_local,KUNI.HE_20250220140234_HH_EV
HE,KUNI,HH,,,,4069,manual,0.5,,4371,manual,0.5,20250220T152918Z_20250220T153018Z,,,,,,,,,,,explosion,,,,,,[0.0675 0.1392 -0.0103],4794,2025-02-20 15:29:18.128000,earthquake_local,KUNI.HE_20250220152918_HH_EV
HE,KUNI,HH,,,,1713,manual,0.5,,2104,manual,0.5,20250220T155545Z_20250220T155645Z,,,,,,,,,,,explosion,,,,,,[0.2917 0.1359 0.0223],2651,2025-02-20 15:55:45.292000,earthquake_local,KUNI.HE_20250220155545_HH_EV
HE,KUNI,HH,,,,3937,manual,0.5,,4108,manual,0.5,20250221T085929Z_20250221T090029Z,,,,,,,,,,,explosion,,,,,,[0.0647 0.1240 0.1043],4347,2025-02-21 08:59:29.956000,earthquake_local,KUNI.HE_20250221085929_HH_EV
HE,KUNI,HH,,,,3427,manual,0.5,,3713,manual,0.5,20250221T100013Z_20250221T100113Z,,,,,,,,,,,explosion,,,,,,[0.6924 0.1389 -0.0218],4113,2025-02-21 10:00:13.612000,earthquake_local,KUNI.HE_20250221100013_HH_EV
HE,KUNI,HH,,,,2277,manual,0.5,,2504,manual,0.5,20250224T120040Z_20250224T120140Z,,,,,,,,,,,explosion,,,,,,[-1.6675 -0.3118 0.6198],2822,2025-02-24 12:00:40.196000,earthquake_local,KUNI.HE_20250224120040_HH_EV
HE,KUNI,HH,,,,1270,manual,0.5,,1476,manual,0.5,20250224T121003Z_20250224T121103Z,,,,,,,,,,,explosion,,,,,,[0.8484 0.5739 0.1919],1764,2025-02-24 12:10:03.788000,earthquake_local,KUNI.HE_20250224121003_HH_EV
HE,KUNI,HH,,,,4969,manual,0.5,,5309,manual,0.5,20250224T141254Z_20250224T141354Z,,,,,,,,,,,explosion,,,,,,[0.1596 -0.8029 0.1478],5785,2025-02-24 14:12:54.692000,earthquake_local,KUNI.HE_20250224141254_HH_EV
HE,KUNI,HH,,,,823,manual,0.5,,1088,manual,0.5,20250224T154217Z_20250224T154317Z,,,,,,,,,,,explosion,,,,,,[-0.1185 -0.0222 -0.3417],1459,2025-02-24 15:42:17.784000,earthquake_local,KUNI.HE_20250224154217_HH_EV
HE,KUNI,HH,,,,3784,manual,0.5,,4725,manual,0.5,20250225T101718Z_20250225T101818Z,,,,,,,,,,,explosion,,,,,,[0.1986 -0.6763 0.1557],5999,2025-02-25 10:17:18.628000,earthquake_local,KUNI.HE_20250225101718_HH_EV
HE,KUNI,HH,,,,3000,manual,0.5,,3291,manual,0.5,20250225T155307Z_20250225T155407Z,,,,,,,,,,,explosion,,,,,,[-0.4795 -0.1288 -0.9027],3698,2025-02-25 15:53:07.680000,earthquake_local,KUNI.HE_20250225155307_HH_EV
HE,KUNI,HH,,,,2801,manual,0.5,,3089,manual,0.5,20250226T094223Z_20250226T094323Z,,,,,,,,,,,explosion,,,,,,[-0.2530 0.4171 -0.0198],3492,2025-02-26 09:42:23.588000,earthquake_local,KUNI.HE_20250226094223_HH_EV
HE,KUNI,HH,,,,2329,manual,0.5,,4676,manual,0.5,20250226T124004Z_20250226T124104Z,,,,,,,,,,,explosion,,,,,,[0.0109 -0.3620 -1.4835],5999,2025-02-26 12:40:04.284000,earthquake_local,KUNI.HE_20250226124004_HH_EV
HE,KUNI,HH,,,,562,manual,0.5,,842,manual,0.5,20250226T130030Z_20250226T130130Z,,,,,,,,,,,explosion,,,,,,[0.5128 0.6678 -0.4287],1234,2025-02-26 13:00:30.756000,earthquake_local,KUNI.HE_20250226130030_HH_EV
HE,KUNI,HH,,,,2760,manual,0.5,,2921,manual,0.5,20250226T152940Z_20250226T153040Z,,,,,,,,,,,explosion,,,,,,[-0.3388 -0.3702 0.0002],3146,2025-02-26 15:29:40.612000,earthquake_local,KUNI.HE_20250226152940_HH_EV
HE,KUNI,HH,,,,3376,manual,0.5,,3681,manual,0.5,20250226T154530Z_20250226T154630Z,,,,,,,,,,,explosion,,,,,,[0.2212 -0.1757 0.1629],4108,2025-02-26 15:45:30.432000,earthquake_local,KUNI.HE_20250226154530_HH_EV
HE,KUNI,HH,,,,5178,manual,0.5,,5472,manual,0.5,20250227T154129Z_20250227T154229Z,,,,,,,,,,,explosion,,,,,,[-0.1612 -0.1190 0.1215],5884,2025-02-27 15:41:29.260000,earthquake_local,KUNI.HE_20250227154129_HH_EV
HE,KUNI,HH,,,,1763,manual,0.5,,4813,manual,0.5,20250228T075809Z_20250228T075909Z,,,,,,,,,,,explosion,,,,,,[0.9741 -0.4183 -0.0722],5999,2025-02-28 07:58:09.208000,earthquake_local,KUNI.HE_20250228075809_HH_EV
HE,KUNI,HH,,,,2503,manual,0.5,,2574,manual,0.5,20250228T085530Z_20250228T085630Z,,,,,,,,,,,explosion,,,,,,[-0.1272 0.5070 0.4407],2674,2025-02-28 08:55:30.756000,earthquake_local,KUNI.HE_20250228085530_HH_EV
HE,KUNI,HH,,,,3970,manual,0.5,,4052,manual,0.5,20250228T104238Z_20250228T104338Z,,,,,,,,,,,explosion,,,,,,[0.7990 -0.5507 -0.2971],4167,2025-02-28 10:42:38.728000,earthquake_local,KUNI.HE_20250228104238_HH_EV
HE,KUNI,HH,,,,4483,manual,0.5,,4998,manual,0.5,20250228T105129Z_20250228T105229Z,,,,,,,,,,,explosion,,,,,,[-0.2429 -0.1060 -0.1569],5719,2025-02-28 10:51:29.236000,earthquake_local,KUNI.HE_20250228105129_HH_EV
HE,LAUT,HH,,,,2573,manual,0.5,,2753,manual,0.5,20250103T085236Z_20250103T085336Z,,,,,,,,,,,explosion,,,,,,[1.0873 0.0714 -0.0073],3005,2025-01-03 08:52:36.112000,earthquake_local,LAUT.HE_20250103085236_HH_EV
HE,LAUT,HH,,,,4810,manual,0.5,,4910,manual,0.5,20250103T134251Z_20250103T134351Z,,,,,,,,,,,explosion,,,,,,[-2.4265 -0.6664 0.1087],5050,2025-01-03 13:42:51.324000,earthquake_local,LAUT.HE_20250103134251_HH_EV
HE,LAUT,HH,,,,3703,manual,0.5,,3898,manual,0.5,20250107T125719Z_20250107T125819Z,,,,,,,,,,,explosion,,,,,,[1.7219 -1.0009 0.0127],4171,2025-01-07 12:57:19.904000,earthquake_local,LAUT.HE_20250107125719_HH_EV
HE,LAUT,HH,,,,4193,manual,0.5,,5424,manual,0.5,20250108T104207Z_20250108T104307Z,,,,,,,,,,,explosion,,,,,,[-0.3355 -0.7839 0.1071],5999,2025-01-08 10:42:07.940000,earthquake_local,LAUT.HE_20250108104207_HH_EV
HE,LAUT,HH,,,,534,manual,0.5,,954,manual,0.5,20250108T130004Z_20250108T130104Z,,,,,,,,,,,explosion,,,,,,[-0.2011 -0.3889 -0.1212],1542,2025-01-08 13:00:04.072000,earthquake_local,LAUT.HE_20250108130004_HH_EV
HE,LAUT,HH,,,,4123,manual,0.5,,4554,manual,0.5,20250109T124728Z_20250109T124828Z,,,,,,,,,,,explosion,,,,,,[0.2376 1.5112 1.0098],5157,2025-01-09 12:47:28.936000,earthquake_local,LAUT.HE_20250109124728_HH_EV
HE,LAUT,HH,,,,4872,manual,0.5,,5080,manual,0.5,20250110T100026Z_20250110T100126Z,,,,,,,,,,,explosion,,,,,,[0.5329 0.4474 0.0449],5371,2025-01-10 10:00:26.660000,earthquake_local,LAUT.HE_20250110100026_HH_EV
HE,LAUT,HH,,,,4592,manual,0.5,,4996,manual,0.5,20250110T102708Z_20250110T102808Z,,,,,,,,,,,explosion,,,,,,[0.2256 0.7216 -0.0695],5562,2025-01-10 10:27:08.504000,earthquake_local,LAUT.HE_20250110102708_HH_EV
HE,LAUT,HH,,,,4021,manual,0.5,,4693,manual,0.5,20250110T110040Z_20250110T110140Z,,,,,,,,,,,explosion,,,,,,[0.4808 0.2174 0.1133],5634,2025-01-10 11:00:40.072000,earthquake_local,LAUT.HE_20250110110040_HH_EV
HE,LAUT,HH,,,,2638,manual,0.5,,3167,manual,0.5,20250110T112944Z_20250110T113044Z,,,,,,,,,,,explosion,,,,,,[-0.4100 -0.0169 0.3020],3908,2025-01-10 11:29:44.732000,earthquake_local,LAUT.HE_20250110112944_HH_EV
HE,LAUT,HH,,,,1657,manual,0.5,,1874,manual,0.5,20250113T135546Z_20250113T135646Z,,,,,,,,,,,explosion,,,,,,[0.5617 2.9303 -0.0207],2178,2025-01-13 13:55:46.916000,earthquake_local,LAUT.HE_20250113135546_HH_EV
HE,LAUT,HH,,,,2892,manual,0.5,,3229,manual,0.5,20250113T140105Z_20250113T140205Z,,,,,,,,,,,explosion,,,,,,[-0.2493 -3.0695 -0.1734],3701,2025-01-13 14:01:05.592000,earthquake_local,LAUT.HE_20250113140105_HH_EV
HE,LAUT,HH,,,,2113,manual,0.5,,2518,manual,0.5,20250114T073055Z_20250114T073155Z,,,,,,,,,,,explosion,,,,,,[-0.0547 -1.7706 -0.0939],3085,2025-01-14 07:30:55.164000,earthquake_local,LAUT.HE_20250114073055_HH_EV
HE,LAUT,HH,,,,1263,manual,0.5,,1358,manual,0.5,20250114T103155Z_20250114T103255Z,,,,,,,,,,,explosion,,,,,,[0.5116 -1.3456 0.0932],1491,2025-01-14 10:31:55.172000,earthquake_local,LAUT.HE_20250114103155_HH_EV
HE,LAUT,HH,,,,5261,manual,0.5,,5445,manual,0.5,20250114T135647Z_20250114T135747Z,,,,,,,,,,,explosion,,,,,,[-0.3521 0.1148 0.0394],5703,2025-01-14 13:56:47.168000,earthquake_local,LAUT.HE_20250114135647_HH_EV
HE,LAUT,HH,,,,2133,manual,0.5,,2540,manual,0.5,20250114T135957Z_20250114T140057Z,,,,,,,,,,,explosion,,,,,,[1.4045 -1.2918 0.0097],3110,2025-01-14 13:59:57.304000,earthquake_local,LAUT.HE_20250114135957_HH_EV
HE,LAUT,HH,,,,4566,manual,0.5,,4656,manual,0.5,20250114T163228Z_20250114T163328Z,,,,,,,,,,,explosion,,,,,,[-0.9827 -0.2576 -0.0245],4782,2025-01-14 16:32:28.016000,earthquake_local,LAUT.HE_20250114163228_HH_EV
HE,LAUT,HH,,,,4331,manual,0.5,,4694,manual,0.5,20250115T110952Z_20250115T111052Z,,,,,,,,,,,explosion,,,,,,[-0.4037 1.3182 0.1233],5202,2025-01-15 11:09:52.300000,earthquake_local,LAUT.HE_20250115110952_HH_EV
HE,LAUT,HH,,,,1417,manual,0.5,,1657,manual,0.5,20250115T123012Z_20250115T123112Z,,,,,,,,,,,explosion,,,,,,[-0.3834 0.0410 0.5540],1993,2025-01-15 12:30:12.300000,earthquake_local,LAUT.HE_20250115123012_HH_EV
HE,LAUT,HH,,,,798,manual,0.5,,1226,manual,0.5,20250115T134613Z_20250115T134713Z,,,,,,,,,,,explosion,,,,,,[0.0792 -0.2993 -0.0670],1825,2025-01-15 13:46:13.960000,earthquake_local,LAUT.HE_20250115134613_HH_EV
HE,LAUT,HH,,,,4224,manual,0.5,,4580,manual,0.5,20250116T113038Z_20250116T113138Z,,,,,,,,,,,explosion,,,,,,[0.6940 2.5493 -0.0435],5078,2025-01-16 11:30:38.836000,earthquake_local,LAUT.HE_20250116113038_HH_EV
HE,LAUT,HH,,,,2310,manual,0.5,,2606,manual,0.5,20250116T113659Z_20250116T113759Z,,,,,,,,,,,explosion,,,,,,[-0.3610 -0.2159 -0.1181],3020,2025-01-16 11:36:59.076000,earthquake_local,LAUT.HE_20250116113659_HH_EV
HE,LAUT,HH,,,,4647,manual,0.5,,4860,manual,0.5,20250117T121524Z_20250117T121624Z,,,,,,,,,,,explosion,,,,,,[-0.3368 -0.1969 0.0753],5158,2025-01-17 12:15:24.960000,earthquake_local,LAUT.HE_20250117121524_HH_EV
HE,LAUT,HH,,,,4005,manual,0.5,,4494,manual,0.5,20250120T113721Z_20250120T113821Z,,,,,,,,,,,explosion,,,,,,[1.2622 -0.0260 -0.2646],5179,2025-01-20 11:37:21.348000,earthquake_local,LAUT.HE_20250120113721_HH_EV
HE,LAUT,HH,,,,4867,manual,0.5,,5097,manual,0.5,20250121T124754Z_20250121T124854Z,,,,,,,,,,,explosion,,,,,,[-0.1561 2.2045 0.0112],5419,2025-01-21 12:47:54.476000,earthquake_local,LAUT.HE_20250121124754_HH_EV
HE,LAUT,HH,,,,1278,manual,0.5,,1528,manual,0.5,20250122T122736Z_20250122T122836Z,,,,,,,,,,,explosion,,,,,,[0.0683 -0.0181 -0.0115],1878,2025-01-22 12:27:36.572000,earthquake_local,LAUT.HE_20250122122736_HH_EV
HE,LAUT,HH,,,,1875,manual,0.5,,2321,manual,0.5,20250122T131027Z_20250122T131127Z,,,,,,,,,,,explosion,,,,,,[0.0172 0.1947 0.0091],2945,2025-01-22 13:10:27.672000,earthquake_local,LAUT.HE_20250122131027_HH_EV
HE,LAUT,HH,,,,1709,manual,0.5,,1828,manual,0.5,20250124T085501Z_20250124T085601Z,,,,,,,,,,,explosion,,,,,,[1.2627 1.4048 -0.1882],1995,2025-01-24 08:55:01.252000,earthquake_local,LAUT.HE_20250124085501_HH_EV
HE,LAUT,HH,,,,1501,manual,0.5,,1673,manual,0.5,20250124T100241Z_20250124T100341Z,,,,,,,,,,,explosion,,,,,,[0.9237 -0.3834 0.1882],1914,2025-01-24 10:02:41.848000,earthquake_local,LAUT.HE_20250124100241_HH_EV
HE,LAUT,HH,,,,2699,manual,0.5,,3007,manual,0.5,20250124T114051Z_20250124T114151Z,,,,,,,,,,,explosion,,,,,,[0.2580 1.1340 -0.0020],3438,2025-01-24 11:40:51.592000,earthquake_local,LAUT.HE_20250124114051_HH_EV
HE,LAUT,HH,,,,3361,manual,0.5,,3501,manual,0.5,20250127T090036Z_20250127T090136Z,,,,,,,,,,,explosion,,,,,,[1.1242 2.4488 0.1489],3697,2025-01-27 09:00:36.124000,earthquake_local,LAUT.HE_20250127090036_HH_EV
HE,LAUT,HH,,,,3941,manual,0.5,,4147,manual,0.5,20250127T124312Z_20250127T124412Z,,,,,,,,,,,explosion,,,,,,[-0.0662 -0.0506 0.4912],4435,2025-01-27 12:43:12.624000,earthquake_local,LAUT.HE_20250127124312_HH_EV
HE,LAUT,HH,,,,3878,manual,0.5,,4141,manual,0.5,20250127T142534Z_20250127T142634Z,,,,,,,,,,,explosion,,,,,,[-0.9375 2.0280 -0.4345],4509,2025-01-27 14:25:34.276000,earthquake_local,LAUT.HE_20250127142534_HH_EV
HE,LAUT,HH,,,,4714,manual,0.5,,4877,manual,0.5,20250127T150017Z_20250127T150117Z,,,,,,,,,,,explosion,,,,,,[1.4860 -0.8072 -0.0066],5105,2025-01-27 15:00:17.520000,earthquake_local,LAUT.HE_20250127150017_HH_EV
HE,LAUT,HH,,,,3074,manual,0.5,,3920,manual,0.5,20250128T123322Z_20250128T123422Z,,,,,,,,,,,explosion,,,,,,[0.5073 -0.0338 -0.0187],5104,2025-01-28 12:33:22.976000,earthquake_local,LAUT.HE_20250128123322_HH_EV
HE,LAUT,HH,,,,5231,manual,0.5,,5398,manual,0.5,20250128T152956Z_20250128T153056Z,,,,,,,,,,,explosion,,,,,,[0.1313 -0.2488 0.1311],5632,2025-01-28 15:29:56.636000,earthquake_local,LAUT.HE_20250128152956_HH_EV
HE,LAUT,HH,,,,1064,manual,0.5,,3702,manual,0.5,20250129T082455Z_20250129T082555Z,,,,,,,,,,,explosion,,,,,,[0.5167 -0.4146 -0.2929],5999,2025-01-29 08:24:55.308000,earthquake_local,LAUT.HE_20250129082455_HH_EV
HE,LAUT,HH,,,,1166,manual,0.5,,3416,manual,0.5,20250129T113214Z_20250129T113314Z,,,,,,,,,,,explosion,,,,,,[-0.0144 -0.4516 0.0284],5999,2025-01-29 11:32:14.032000,earthquake_local,LAUT.HE_20250129113214_HH_EV
HE,LAUT,HH,,,,4130,manual,0.5,,5180,manual,0.5,20250129T150012Z_20250129T150112Z,,,,,,,,,,,explosion,,,,,,[-0.1728 -1.1453 -0.0343],5999,2025-01-29 15:00:12.476000,earthquake_local,LAUT.HE_20250129150012_HH_EV
HE,LAUT,HH,,,,2700,manual,0.5,,2910,manual,0.5,20250130T090431Z_20250130T090531Z,,,,,,,,,,,explosion,,,,,,[0.1207 0.1809 -0.0676],3204,2025-01-30 09:04:31.780000,earthquake_local,LAUT.HE_20250130090431_HH_EV
HE,LAUT,HH,,,,3155,manual,0.5,,3367,manual,0.5,20250130T143730Z_20250130T143830Z,,,,,,,,,,,explosion,,,,,,[1.4998 1.7819 -0.0122],3664,2025-01-30 14:37:30.964000,earthquake_local,LAUT.HE_20250130143730_HH_EV
HE,LAUT,HH,,,,5122,manual,0.5,,5232,manual,0.5,20250131T085855Z_20250131T085955Z,,,,,,,,,,,explosion,,,,,,[0.1059 0.0072 0.0509],5386,2025-01-31 08:58:55.120000,earthquake_local,LAUT.HE_20250131085855_HH_EV
HE,LAUT,HH,,,,2072,manual,0.5,,2262,manual,0.5,20250131T092542Z_20250131T092642Z,,,,,,,,,,,explosion,,,,,,[-0.9284 1.6822 -0.0845],2528,2025-01-31 09:25:42.756000,earthquake_local,LAUT.HE_20250131092542_HH_EV
HE,LAUT,HH,,,,783,manual,0.5,,1018,manual,0.5,20250131T125647Z_20250131T125747Z,,,,,,,,,,,explosion,,,,,,[0.5125 0.6150 0.0257],1347,2025-01-31 12:56:47.688000,earthquake_local,LAUT.HE_20250131125647_HH_EV
HE,LAUT,HH,,,,3946,manual,0.5,,4151,manual,0.5,20250203T142829Z_20250203T142929Z,,,,,,,,,,,explosion,,,,,,[-1.1057 4.8624 -0.0125],4438,2025-02-03 14:28:29.648000,earthquake_local,LAUT.HE_20250203142829_HH_EV
HE,LAUT,HH,,,,798,manual,0.5,,940,manual,0.5,20250203T145957Z_20250203T150057Z,,,,,,,,,,,explosion,,,,,,[1.2172 -1.4528 -0.2422],1139,2025-02-03 14:59:57.104000,earthquake_local,LAUT.HE_20250203145957_HH_EV
HE,LAUT,HH,,,,3264,manual,0.5,,3429,manual,0.5,20250204T085918Z_20250204T090018Z,,,,,,,,,,,explosion,,,,,,[-1.4119 0.2487 0.0961],3660,2025-02-04 08:59:18.380000,earthquake_local,LAUT.HE_20250204085918_HH_EV
HE,LAUT,HH,,,,2997,manual,0.5,,3213,manual,0.5,20250204T092511Z_20250204T092611Z,,,,,,,,,,,explosion,,,,,,[-0.8710 3.3849 -0.1766],3515,2025-02-04 09:25:11.472000,earthquake_local,LAUT.HE_20250204092511_HH_EV
HE,LAUT,HH,,,,3409,manual,0.5,,3524,manual,0.5,20250204T100853Z_20250204T100953Z,,,,,,,,,,,explosion,,,,,,[-0.9069 -2.3312 0.1366],3685,2025-02-04 10:08:53.432000,earthquake_local,LAUT.HE_20250204100853_HH_EV
HE,LAUT,HH,,,,3695,manual,0.5,,5150,manual,0.5,20250204T113411Z_20250204T113511Z,,,,,,,,,,,explosion,,,,,,[0.1982 -0.4184 0.0734],5999,2025-02-04 11:34:11.272000,earthquake_local,LAUT.HE_20250204113411_HH_EV
HE,LAUT,HH,,,,721,manual,0.5,,1041,manual,0.5,20250204T120027Z_20250204T120127Z,,,,,,,,,,,explosion,,,,,,[-0.8775 1.6642 1.1670],1489,2025-02-04 12:00:27.608000,earthquake_local,LAUT.HE_20250204120027_HH_EV
HE,LAUT,HH,,,,3653,manual,0.5,,3984,manual,0.5,20250204T123900Z_20250204T124000Z,,,,,,,,,,,explosion,,,,,,[-0.9696 -0.4402 -0.9339],4447,2025-02-04 12:39:00.240000,earthquake_local,LAUT.HE_20250204123900_HH_EV
HE,LAUT,HH,,,,2641,manual,0.5,,2820,manual,0.5,20250204T142708Z_20250204T142808Z,,,,,,,,,,,explosion,,,,,,[-1.8723 1.6431 0.4831],3071,2025-02-04 14:27:08.668000,earthquake_local,LAUT.HE_20250204142708_HH_EV
HE,LAUT,HH,,,,3949,manual,0.5,,4363,manual,0.5,20250205T130009Z_20250205T130109Z,,,,,,,,,,,explosion,,,,,,[0.2376 0.6840 0.0667],4943,2025-02-05 13:00:09.680000,earthquake_local,LAUT.HE_20250205130009_HH_EV
HE,LAUT,HH,,,,2218,manual,0.5,,2368,manual,0.5,20250205T143130Z_20250205T143230Z,,,,,,,,,,,explosion,,,,,,[0.2134 0.3973 0.0043],2578,2025-02-05 14:31:30.200000,earthquake_local,LAUT.HE_20250205143130_HH_EV
HE,LAUT,HH,,,,1851,manual,0.5,,3228,manual,0.5,20250206T105855Z_20250206T105955Z,,,,,,,,,,,explosion,,,,,,[0.1025 -0.2786 0.1302],5156,2025-02-06 10:58:55.796000,earthquake_local,LAUT.HE_20250206105855_HH_EV
HE,LAUT,HH,,,,3035,manual,0.5,,3285,manual,0.5,20250206T130025Z_20250206T130125Z,,,,,,,,,,,explosion,,,,,,[1.3535 0.2267 -0.0691],3635,2025-02-06 13:00:25.928000,earthquake_local,LAUT.HE_20250206130025_HH_EV
HE,LAUT,HH,,,,1233,manual,0.5,,1632,manual,0.5,20250206T140152Z_20250206T140252Z,,,,,,,,,,,explosion,,,,,,[-0.7528 0.7839 -0.0949],2191,2025-02-06 14:01:52.492000,earthquake_local,LAUT.HE_20250206140152_HH_EV
HE,LAUT,HH,,,,820,manual,0.5,,1200,manual,0.5,20250207T114113Z_20250207T114213Z,,,,,,,,,,,explosion,,,,,,[-1.3328 -0.7663 -0.3560],1732,2025-02-07 11:41:13.484000,earthquake_local,LAUT.HE_20250207114113_HH_EV
HE,LAUT,HH,,,,2248,manual,0.5,,4593,manual,0.5,20250208T232044Z_20250208T232144Z,,,,,,,,,,,explosion,,,,,,[0.3786 -0.7537 -0.0718],5999,2025-02-08 23:20:44.840000,earthquake_local,LAUT.HE_20250208232044_HH_EV
HE,LAUT,HH,,,,2059,manual,0.5,,2210,manual,0.5,20250210T100432Z_20250210T100532Z,,,,,,,,,,,explosion,,,,,,[-0.3123 0.6673 0.0450],2421,2025-02-10 10:04:32.236000,earthquake_local,LAUT.HE_20250210100432_HH_EV
HE,LAUT,HH,,,,3750,manual,0.5,,3916,manual,0.5,20250210T142830Z_20250210T142930Z,,,,,,,,,,,explosion,,,,,,[0.3937 0.7488 -0.0137],4148,2025-02-10 14:28:30.864000,earthquake_local,LAUT.HE_20250210142830_HH_EV
HE,LAUT,HH,,,,1332,manual,0.5,,1533,manual,0.5,20250211T093116Z_20250211T093216Z,,,,,,,,,,,explosion,,,,,,[-0.2524 0.4964 -0.0949],1814,2025-02-11 09:31:16.548000,earthquake_local,LAUT.HE_20250211093116_HH_EV
HE,LAUT,HH,,,,2915,manual,0.5,,2995,manual,0.5,20250211T132820Z_20250211T132920Z,,,,,,,,,,,explosion,,,,,,[0.4188 -0.1198 0.1058],3107,2025-02-11 13:28:20.892000,earthquake_local,LAUT.HE_20250211132820_HH_EV
HE,LAUT,HH,,,,4718,manual,0.5,,4827,manual,0.5,20250212T102454Z_20250212T102554Z,,,,,,,,,,,explosion,,,,,,[0.0744 -0.8084 0.1033],4980,2025-02-12 10:24:54.580000,earthquake_local,LAUT.HE_20250212102454_HH_EV
HE,LAUT,HH,,,,2276,manual,0.5,,2637,manual,0.5,20250212T112549Z_20250212T112649Z,,,,,,,,,,,explosion,,,,,,[0.4124 -0.9339 0.0826],3142,2025-02-12 11:25:49.888000,earthquake_local,LAUT.HE_20250212112549_HH_EV
HE,LAUT,HH,,,,1000,manual,0.5,,1210,manual,0.5,20250212T142716Z_20250212T142816Z,,,,,,,,,,,explosion,,,,,,[0.2853 0.3130 0.1174],1504,2025-02-12 14:27:16.028000,earthquake_local,LAUT.HE_20250212142716_HH_EV
HE,LAUT,HH,,,,3396,manual,0.5,,3793,manual,0.5,20250212T151345Z_20250212T151445Z,,,,,,,,,,,explosion,,,,,,[0.1477 0.2395 0.1126],4349,2025-02-12 15:13:45.552000,earthquake_local,LAUT.HE_20250212151345_HH_EV
HE,LAUT,HH,,,,3136,manual,0.5,,3545,manual,0.5,20250213T112940Z_20250213T113040Z,,,,,,,,,,,explosion,,,,,,[0.2111 -0.9263 0.0188],4118,2025-02-13 11:29:40.000000,earthquake_local,LAUT.HE_20250213112940_HH_EV
HE,LAUT,HH,,,,4463,manual,0.5,,4677,manual,0.5,20250213T150733Z_20250213T150833Z,,,,,,,,,,,explosion,,,,,,[1.3230 0.7668 0.0102],4977,2025-02-13 15:07:33.192000,earthquake_local,LAUT.HE_20250213150733_HH_EV
HE,LAUT,HH,,,,654,manual,0.5,,819,manual,0.5,20250214T110631Z_20250214T110731Z,,,,,,,,,,,explosion,,,,,,[0.2775 1.4051 0.0422],1050,2025-02-14 11:06:31.488000,earthquake_local,LAUT.HE_20250214110631_HH_EV
HE,LAUT,HH,,,,2356,manual,0.5,,4625,manual,0.5,20250214T115555Z_20250214T115655Z,,,,,,,,,,,explosion,,,,,,[-0.1726 0.3660 0.0248],5999,2025-02-14 11:55:55.964000,earthquake_local,LAUT.HE_20250214115555_HH_EV
HE,LAUT,HH,,,,1253,manual,0.5,,1409,manual,0.5,20250214T122606Z_20250214T122706Z,,,,,,,,,,,explosion,,,,,,[-0.1536 -0.4840 -0.0342],1627,2025-02-14 12:26:06.536000,earthquake_local,LAUT.HE_20250214122606_HH_EV
HE,LAUT,HH,,,,1784,manual,0.5,,1985,manual,0.5,20250214T123026Z_20250214T123126Z,,,,,,,,,,,explosion,,,,,,[0.2359 -0.0663 0.0142],2266,2025-02-14 12:30:26.060000,earthquake_local,LAUT.HE_20250214123026_HH_EV
HE,LAUT,HH,,,,4344,manual,0.5,,4598,manual,0.5,20250217T152740Z_20250217T152840Z,,,,,,,,,,,explosion,,,,,,[0.3912 -0.1709 0.0144],4954,2025-02-17 15:27:40.824000,earthquake_local,LAUT.HE_20250217152740_HH_EV
HE,LAUT,HH,,,,520,manual,0.5,,726,manual,0.5,20250218T093035Z_20250218T093135Z,,,,,,,,,,,explosion,,,,,,[-0.1303 0.2818 -0.0390],1014,2025-02-18 09:30:35.192000,earthquake_local,LAUT.HE_20250218093035_HH_EV
HE,LAUT,HH,,,,3645,manual,0.5,,3970,manual,0.5,20250218T114037Z_20250218T114137Z,,,,,,,,,,,explosion,,,,,,[0.1643 0.1931 -0.0041],4425,2025-02-18 11:40:37.668000,earthquake_local,LAUT.HE_20250218114037_HH_EV
HE,LAUT,HH,,,,4678,manual,0.5,,5188,manual,0.5,20250218T133612Z_20250218T133712Z,,,,,,,,,,,explosion,,,,,,[-0.1395 0.1101 -0.0047],5902,2025-02-18 13:36:12.152000,earthquake_local,LAUT.HE_20250218133612_HH_EV
HE,LAUT,HH,,,,1410,manual,0.5,,1590,manual,0.5,20250218T142936Z_20250218T143036Z,,,,,,,,,,,explosion,,,,,,[0.1997 -1.0512 -0.0041],1842,2025-02-18 14:29:36.948000,earthquake_local,LAUT.HE_20250218142936_HH_EV
HE,LAUT,HH,,,,1861,manual,0.5,,2257,manual,0.5,20250218T155621Z_20250218T155721Z,,,,,,,,,,,explosion,,,,,,[0.1647 -0.5052 -0.0147],2811,2025-02-18 15:56:21.656000,earthquake_local,LAUT.HE_20250218155621_HH_EV
HE,LAUT,HH,,,,4615,manual,0.5,,5024,manual,0.5,20250219T112921Z_20250219T113021Z,,,,,,,,,,,explosion,,,,,,[0.1509 -0.5785 0.0067],5597,2025-02-19 11:29:21.300000,earthquake_local,LAUT.HE_20250219112921_HH_EV
HE,LAUT,HH,,,,1544,manual,0.5,,2512,manual,0.5,20250219T114034Z_20250219T114134Z,,,,,,,,,,,explosion,,,,,,[-0.0750 -0.1060 0.0008],3867,2025-02-19 11:40:34.428000,earthquake_local,LAUT.HE_20250219114034_HH_EV
HE,LAUT,HH,,,,4031,manual,0.5,,4242,manual,0.5,20250219T135457Z_20250219T135557Z,,,,,,,,,,,explosion,,,,,,[-0.1468 0.1451 -0.0095],4537,2025-02-19 13:54:57.800000,earthquake_local,LAUT.HE_20250219135457_HH_EV
HE,LAUT,HH,,,,1658,manual,0.5,,1831,manual,0.5,20250219T135953Z_20250219T140053Z,,,,,,,,,,,explosion,,,,,,[0.1179 0.0949 -0.0046],2073,2025-02-19 13:59:53.844000,earthquake_local,LAUT.HE_20250219135953_HH_EV
HE,LAUT,HH,,,,932,manual,0.5,,1144,manual,0.5,20250219T142719Z_20250219T142819Z,,,,,,,,,,,explosion,,,,,,[-0.0227 0.1573 0.0131],1441,2025-02-19 14:27:19.764000,earthquake_local,LAUT.HE_20250219142719_HH_EV
HE,LAUT,HH,,,,1349,manual,0.5,,1757,manual,0.5,20250219T152810Z_20250219T152910Z,,,,,,,,,,,explosion,,,,,,[0.1458 0.2462 -0.0075],2328,2025-02-19 15:28:10.248000,earthquake_local,LAUT.HE_20250219152810_HH_EV
HE,LAUT,HH,,,,4296,manual,0.5,,4434,manual,0.5,20250220T082034Z_20250220T082134Z,,,,,,,,,,,explosion,,,,,,[0.1860 2.5148 -0.3600],4627,2025-02-20 08:20:34.184000,earthquake_local,LAUT.HE_20250220082034_HH_EV
HE,LAUT,HH,,,,4678,manual,0.5,,4771,manual,0.5,20250220T091359Z_20250220T091459Z,,,,,,,,,,,explosion,,,,,,[0.6228 0.5847 -0.0141],4901,2025-02-20 09:13:59.704000,earthquake_local,LAUT.HE_20250220091359_HH_EV
HE,LAUT,HH,,,,4268,manual,0.5,,4506,manual,0.5,20250220T112654Z_20250220T112754Z,,,,,,,,,,,explosion,,,,,,[-0.0122 0.3510 0.0046],4839,2025-02-20 11:26:54.476000,earthquake_local,LAUT.HE_20250220112654_HH_EV
HE,LAUT,HH,,,,3963,manual,0.5,,4379,manual,0.5,20250220T113615Z_20250220T113715Z,,,,,,,,,,,explosion,,,,,,[0.2434 0.7255 0.0085],4961,2025-02-20 11:36:15.532000,earthquake_local,LAUT.HE_20250220113615_HH_EV
HE,LAUT,HH,,,,4506,manual,0.5,,4669,manual,0.5,20250220T124101Z_20250220T124201Z,,,,,,,,,,,explosion,,,,,,[-0.0196 -0.1245 0.0041],4897,2025-02-20 12:41:01.632000,earthquake_local,LAUT.HE_20250220124101_HH_EV
HE,LAUT,HH,,,,790,manual,0.5,,915,manual,0.5,20250220T135958Z_20250220T140058Z,,,,,,,,,,,explosion,,,,,,[-0.2843 0.2529 -0.0261],1090,2025-02-20 13:59:58.456000,earthquake_local,LAUT.HE_20250220135958_HH_EV
HE,LAUT,HH,,,,4194,manual,0.5,,4595,manual,0.5,20250220T140220Z_20250220T140320Z,,,,,,,,,,,explosion,,,,,,[0.2389 0.3135 0.0051],5156,2025-02-20 14:02:20.412000,earthquake_local,LAUT.HE_20250220140220_HH_EV
HE,LAUT,HH,,,,3272,manual,0.5,,3489,manual,0.5,20250220T152924Z_20250220T153024Z,,,,,,,,,,,explosion,,,,,,[0.1210 0.1586 0.0193],3793,2025-02-20 15:29:24.988000,earthquake_local,LAUT.HE_20250220152924_HH_EV
HE,LAUT,HH,,,,3210,manual,0.5,,3601,manual,0.5,20250220T155530Z_20250220T155630Z,,,,,,,,,,,explosion,,,,,,[0.0394 -0.7453 0.0080],4148,2025-02-20 15:55:30.576000,earthquake_local,LAUT.HE_20250220155530_HH_EV
HE,LAUT,HH,,,,4788,manual,0.5,,4961,manual,0.5,20250221T085921Z_20250221T090021Z,,,,,,,,,,,explosion,,,,,,[0.4339 0.4865 0.1529],5203,2025-02-21 08:59:21.440000,earthquake_local,LAUT.HE_20250221085921_HH_EV
HE,LAUT,HH,,,,1248,manual,0.5,,1436,manual,0.5,20250221T100034Z_20250221T100134Z,,,,,,,,,,,explosion,,,,,,[-0.0993 0.7916 -0.0251],1699,2025-02-21 10:00:34.216000,earthquake_local,LAUT.HE_20250221100034_HH_EV
HE,LAUT,HH,,,,4669,manual,0.5,,4908,manual,0.5,20250224T120016Z_20250224T120116Z,,,,,,,,,,,explosion,,,,,,[-0.8650 0.8795 -0.0659],5243,2025-02-24 12:00:16.152000,earthquake_local,LAUT.HE_20250224120016_HH_EV
HE,LAUT,HH,,,,2964,manual,0.5,,3335,manual,0.5,20250224T120948Z_20250224T121048Z,,,,,,,,,,,explosion,,,,,,[-0.5711 1.2236 0.0751],3854,2025-02-24 12:09:48.896000,earthquake_local,LAUT.HE_20250224120948_HH_EV
HE,LAUT,HH,,,,2898,manual,0.5,,3340,manual,0.5,20250224T141317Z_20250224T141417Z,,,,,,,,,,,explosion,,,,,,[-0.7247 1.2659 0.0236],3959,2025-02-24 14:13:17.136000,earthquake_local,LAUT.HE_20250224141317_HH_EV
HE,LAUT,HH,,,,2627,manual,0.5,,2821,manual,0.5,20250224T154158Z_20250224T154258Z,,,,,,,,,,,explosion,,,,,,[0.3745 -0.5191 -0.2494],3093,2025-02-24 15:41:58.628000,earthquake_local,LAUT.HE_20250224154158_HH_EV
HE,LAUT,HH,,,,2472,manual,0.5,,3508,manual,0.5,20250225T101733Z_20250225T101833Z,,,,,,,,,,,explosion,,,,,,[-0.3051 1.1613 -0.0148],4958,2025-02-25 10:17:33.596000,earthquake_local,LAUT.HE_20250225101733_HH_EV
HE,LAUT,HH,,,,769,manual,0.5,,1003,manual,0.5,20250225T155328Z_20250225T155428Z,,,,,,,,,,,explosion,,,,,,[-0.0390 2.1392 0.0292],1331,2025-02-25 15:53:28.796000,earthquake_local,LAUT.HE_20250225155328_HH_EV
HE,LAUT,HH,,,,3824,manual,0.5,,4011,manual,0.5,20250226T094212Z_20250226T094312Z,,,,,,,,,,,explosion,,,,,,[-0.2045 -0.2896 -0.0037],4273,2025-02-26 09:42:12.140000,earthquake_local,LAUT.HE_20250226094212_HH_EV
HE,LAUT,HH,,,,2741,manual,0.5,,5028,manual,0.5,20250226T123959Z_20250226T124059Z,,,,,,,,,,,explosion,,,,,,[0.0469 -0.2004 -0.0410],5999,2025-02-26 12:39:59.616000,earthquake_local,LAUT.HE_20250226123959_HH_EV
HE,LAUT,HH,,,,3970,manual,0.5,,4210,manual,0.5,20250226T125956Z_20250226T130056Z,,,,,,,,,,,explosion,,,,,,[0.0539 -0.7058 0.0121],4546,2025-02-26 12:59:56.480000,earthquake_local,LAUT.HE_20250226125956_HH_EV
HE,LAUT,HH,,,,4013,manual,0.5,,4190,manual,0.5,20250226T152927Z_20250226T153027Z,,,,,,,,,,,explosion,,,,,,[0.1951 0.3717 0.0631],4438,2025-02-26 15:29:27.824000,earthquake_local,LAUT.HE_20250226152927_HH_EV
HE,LAUT,HH,,,,506,manual,0.5,,688,manual,0.5,20250226T154557Z_20250226T154657Z,,,,,,,,,,,explosion,,,,,,[-0.0917 1.8572 -0.0638],943,2025-02-26 15:45:57.924000,earthquake_local,LAUT.HE_20250226154557_HH_EV
HE,LAUT,HH,,,,3197,manual,0.5,,3600,manual,0.5,20250226T155406Z_20250226T155506Z,,,,,,,,,,,explosion,,,,,,[0.1224 -1.4728 -0.0346],4164,2025-02-26 15:54:06.640000,earthquake_local,LAUT.HE_20250226155406_HH_EV
HE,LAUT,HH,,,,3072,manual,0.5,,3276,manual,0.5,20250227T154149Z_20250227T154249Z,,,,,,,,,,,explosion,,,,,,[-0.0439 0.0772 -0.1119],3562,2025-02-27 15:41:49.172000,earthquake_local,LAUT.HE_20250227154149_HH_EV
HE,LAUT,HH,,,,4744,manual,0.5,,4957,manual,0.5,20250228T085510Z_20250228T085610Z,,,,,,,,,,,explosion,,,,,,[0.3120 -0.0859 0.3515],5255,2025-02-28 08:55:10.444000,earthquake_local,LAUT.HE_20250228085510_HH_EV
HE,LAUT,HH,,,,2370,manual,0.5,,2506,manual,0.5,20250228T104255Z_20250228T104355Z,,,,,,,,,,,explosion,,,,,,[0.1903 0.2981 -0.0608],2696,2025-02-28 10:42:55.404000,earthquake_local,LAUT.HE_20250228104255_HH_EV
HE,MEF,HH,60.2172,24.3958,,1750,manual,0.5,,3258,manual,0.5,20250102T091715Z_20250102T091815Z,,,,,,,,,,,explosion,,,,,,[1.3152 -0.1829 -0.0628],5369,2025-01-02 09:17:15.630000,earthquake_local,MEF.HE_20250102091715_HH_EV
HE,MEF,HH,60.2172,24.3958,,4948,manual,0.5,,5090,manual,0.5,20250103T085211Z_20250103T085311Z,,,,,,,,,,,explosion,,,,,,[3.1250 2.7186 0.7428],5289,2025-01-03 08:52:11.380000,earthquake_local,MEF.HE_20250103085211_HH_EV
HE,MEF,HH,60.2172,24.3958,,1667,manual,0.5,,4427,manual,0.5,20250103T115422Z_20250103T115522Z,,,,,,,,,,,explosion,,,,,,[-1.6834 -0.1730 0.5950],5999,2025-01-03 11:54:22.310000,earthquake_local,MEF.HE_20250103115422_HH_EV
HE,MEF,HH,60.2172,24.3958,,1282,manual,0.5,,1592,manual,0.5,20250103T134329Z_20250103T134429Z,,,,,,,,,,,explosion,,,,,,[2.5405 -0.5697 0.1718],2026,2025-01-03 13:43:29.950000,earthquake_local,MEF.HE_20250103134329_HH_EV
HE,MEF,HH,60.2172,24.3958,,2080,manual,0.5,,4479,manual,0.5,20250107T124320Z_20250107T124420Z,,,,,,,,,,,explosion,,,,,,[-0.3242 0.1638 0.1583],5999,2025-01-07 12:43:20.250000,earthquake_local,MEF.HE_20250107124320_HH_EV
HE,MEF,HH,60.2172,24.3958,,1622,manual,0.5,,1667,manual,0.5,20250107T125739Z_20250107T125839Z,,,,,,,,,,,explosion,,,,,,[6.9977 0.3893 0.0431],1767,2025-01-07 12:57:39.210000,earthquake_local,MEF.HE_20250107125739_HH_EV
HE,MEF,HH,60.2172,24.3958,,3248,manual,0.5,,4910,manual,0.5,20250107T142616Z_20250107T142716Z,,,,,,,,,,,explosion,,,,,,[2.8902 0.1104 -0.0159],5999,2025-01-07 14:26:16.130000,earthquake_local,MEF.HE_20250107142616_HH_EV
HE,MEF,HH,60.2172,24.3958,,1702,manual,0.5,,3400,manual,0.5,20250108T094946Z_20250108T095046Z,,,,,,,,,,,explosion,,,,,,[0.6685 0.1156 -0.0952],5777,2025-01-08 09:49:46.080000,earthquake_local,MEF.HE_20250108094946_HH_EV
HE,MEF,HH,60.2172,24.3958,,4132,manual,0.5,,4526,manual,0.5,20250108T100146Z_20250108T100246Z,,,,,,,,,,,explosion,,,,,,[3.2105 -0.0030 -0.0146],5078,2025-01-08 10:01:46.280000,earthquake_local,MEF.HE_20250108100146_HH_EV
HE,MEF,HH,60.2172,24.3958,,3544,manual,0.5,,5055,manual,0.5,20250108T104217Z_20250108T104317Z,,,,,,,,,,,explosion,,,,,,[-0.1547 0.2403 0.0699],5999,2025-01-08 10:42:17.830000,earthquake_local,MEF.HE_20250108104217_HH_EV
HE,MEF,HH,60.2172,24.3958,,3500,manual,0.5,,5222,manual,0.5,20250108T124713Z_20250108T124813Z,,,,,,,,,,,explosion,,,,,,[4.1722 -0.1676 -0.0058],5999,2025-01-08 12:47:13.210000,earthquake_local,MEF.HE_20250108124713_HH_EV
HE,MEF,HH,60.2172,24.3958,,1667,manual,0.5,,1794,manual,0.5,20250108T125948Z_20250108T130048Z,,,,,,,,,,,explosion,,,,,,[7.1116 0.6853 -0.0097],1972,2025-01-08 12:59:48.770000,earthquake_local,MEF.HE_20250108125948_HH_EV
HE,MEF,HH,60.2172,24.3958,,2090,manual,0.5,,2732,manual,0.5,20250109T124752Z_20250109T124852Z,,,,,,,,,,,explosion,,,,,,[0.9797 -0.0805 0.3476],3631,2025-01-09 12:47:52.580000,earthquake_local,MEF.HE_20250109124752_HH_EV
HE,MEF,HH,60.2172,24.3958,,1148,manual,0.5,,1295,manual,0.5,20250110T100102Z_20250110T100202Z,,,,,,,,,,,explosion,,,,,,[8.8891 7.2949 0.3496],1501,2025-01-10 10:01:02.930000,earthquake_local,MEF.HE_20250110100102_HH_EV
HE,MEF,HH,60.2172,24.3958,,738,manual,0.5,,2364,manual,0.5,20250110T102506Z_20250110T102606Z,,,,,,,,,,,explosion,,,,,,[2.5876 -0.7868 -0.0944],4640,2025-01-10 10:25:06.600000,earthquake_local,MEF.HE_20250110102506_HH_EV
HE,MEF,HH,60.2172,24.3958,,723,manual,0.5,,983,manual,0.5,20250110T102745Z_20250110T102845Z,,,,,,,,,,,explosion,,,,,,[0.8504 -0.1836 -0.1748],1347,2025-01-10 10:27:45.560000,earthquake_local,MEF.HE_20250110102745_HH_EV
HE,MEF,HH,60.2172,24.3958,,4934,manual,0.5,,5284,manual,0.5,20250110T110026Z_20250110T110126Z,,,,,,,,,,,explosion,,,,,,[11.4897 0.1882 1.5521],5774,2025-01-10 11:00:26.580000,earthquake_local,MEF.HE_20250110110026_HH_EV
HE,MEF,HH,60.2172,24.3958,,1757,manual,0.5,,1989,manual,0.5,20250110T112949Z_20250110T113049Z,,,,,,,,,,,explosion,,,,,,[0.1253 1.5388 0.5949],2314,2025-01-10 11:29:49.030000,earthquake_local,MEF.HE_20250110112949_HH_EV
HE,MEF,HH,60.2172,24.3958,,3404,manual,0.5,,4551,manual,0.5,20250110T120320Z_20250110T120420Z,,,,,,,,,,,explosion,,,,,,[-3.9464 -1.2101 -0.0433],5999,2025-01-10 12:03:20.520000,earthquake_local,MEF.HE_20250110120320_HH_EV
HE,MEF,HH,60.2172,24.3958,,2957,manual,0.5,,5452,manual,0.5,20250113T121142Z_20250113T121242Z,,,,,,,,,,,explosion,,,,,,[1.4693 -1.1077 0.0847],5999,2025-01-13 12:11:42.160000,earthquake_local,MEF.HE_20250113121142_HH_EV
HE,MEF,HH,60.2172,24.3958,,705,manual,0.5,,861,manual,0.5,20250113T135555Z_20250113T135655Z,,,,,,,,,,,explosion,,,,,,[1.9517 1.1767 -1.8968],1079,2025-01-13 13:55:55.580000,earthquake_local,MEF.HE_20250113135555_HH_EV
HE,MEF,HH,60.2172,24.3958,,1786,manual,0.5,,1913,manual,0.5,20250114T073054Z_20250114T073154Z,,,,,,,,,,,explosion,,,,,,[9.1002 0.6349 0.1416],2091,2025-01-14 07:30:54.400000,earthquake_local,MEF.HE_20250114073054_HH_EV
HE,MEF,HH,60.2172,24.3958,,2119,manual,0.5,,2451,manual,0.5,20250114T103149Z_20250114T103249Z,,,,,,,,,,,explosion,,,,,,[-1.0077 -0.9786 0.1862],2916,2025-01-14 10:31:49.530000,earthquake_local,MEF.HE_20250114103149_HH_EV
HE,MEF,HH,60.2172,24.3958,,4559,manual,0.5,,4699,manual,0.5,20250114T135653Z_20250114T135753Z,,,,,,,,,,,explosion,,,,,,[-2.4382 0.4133 -0.0056],4895,2025-01-14 13:56:53.270000,earthquake_local,MEF.HE_20250114135653_HH_EV
HE,MEF,HH,60.2172,24.3958,,2762,manual,0.5,,2886,manual,0.5,20250114T135947Z_20250114T140047Z,,,,,,,,,,,explosion,,,,,,[5.1004 2.6492 0.2061],3060,2025-01-14 13:59:47.050000,earthquake_local,MEF.HE_20250114135947_HH_EV
HE,MEF,HH,60.2172,24.3958,,1694,manual,0.5,,2101,manual,0.5,20250114T163300Z_20250114T163400Z,,,,,,,,,,,explosion,,,,,,[2.2521 -0.0872 0.1708],2671,2025-01-14 16:33:00.390000,earthquake_local,MEF.HE_20250114163300_HH_EV
HE,MEF,HH,60.2172,24.3958,,1788,manual,0.5,,1966,manual,0.5,20250115T111015Z_20250115T111115Z,,,,,,,,,,,explosion,,,,,,[12.7227 8.1847 1.6628],2215,2025-01-15 11:10:15.450000,earthquake_local,MEF.HE_20250115111015_HH_EV
HE,MEF,HH,60.2172,24.3958,,1790,manual,0.5,,3344,manual,0.5,20250115T121532Z_20250115T121632Z,,,,,,,,,,,explosion,,,,,,[-0.2422 -2.0447 -0.2622],5520,2025-01-15 12:15:32.880000,earthquake_local,MEF.HE_20250115121532_HH_EV
HE,MEF,HH,60.2172,24.3958,,2407,manual,0.5,,2510,manual,0.5,20250115T123000Z_20250115T123100Z,,,,,,,,,,,explosion,,,,,,[10.8725 15.3309 2.1998],2654,2025-01-15 12:30:00.790000,earthquake_local,MEF.HE_20250115123000_HH_EV
HE,MEF,HH,60.2172,24.3958,,3700,manual,0.5,,3960,manual,0.5,20250115T134541Z_20250115T134641Z,,,,,,,,,,,explosion,,,,,,[6.0499 10.4787 5.8144],4324,2025-01-15 13:45:41.280000,earthquake_local,MEF.HE_20250115134541_HH_EV
HE,MEF,HH,60.2172,24.3958,,4668,manual,0.5,,5130,manual,0.5,20250115T152035Z_20250115T152135Z,,,,,,,,,,,explosion,,,,,,[3.5478 3.4593 -0.1002],5777,2025-01-15 15:20:35.920000,earthquake_local,MEF.HE_20250115152035_HH_EV
HE,MEF,HH,60.2172,24.3958,,1187,manual,0.5,,2267,manual,0.5,20250116T091906Z_20250116T092006Z,,,,,,,,,,,explosion,,,,,,[-2.6302 -2.4840 0.1801],3779,2025-01-16 09:19:06.070000,earthquake_local,MEF.HE_20250116091906_HH_EV
HE,MEF,HH,60.2172,24.3958,,4010,manual,0.5,,4432,manual,0.5,20250116T113041Z_20250116T113141Z,,,,,,,,,,,explosion,,,,,,[9.4830 1.3451 0.1844],5023,2025-01-16 11:30:41.480000,earthquake_local,MEF.HE_20250116113041_HH_EV
HE,MEF,HH,60.2172,24.3958,,960,manual,0.5,,1380,manual,0.5,20250116T113713Z_20250116T113813Z,,,,,,,,,,,explosion,,,,,,[1.7202 -0.5337 0.1288],1968,2025-01-16 11:37:13.840000,earthquake_local,MEF.HE_20250116113713_HH_EV
HE,MEF,HH,60.2172,24.3958,,3918,manual,0.5,,4762,manual,0.5,20250117T130306Z_20250117T130406Z,,,,,,,,,,,explosion,,,,,,[-1.4395 2.8449 0.1446],5944,2025-01-17 13:03:06.500000,earthquake_local,MEF.HE_20250117130306_HH_EV
HE,MEF,HH,60.2172,24.3958,,4250,manual,0.5,,4339,manual,0.5,20250120T113714Z_20250120T113814Z,,,,,,,,,,,explosion,,,,,,[8.8404 10.1816 4.7589],4464,2025-01-20 11:37:14.820000,earthquake_local,MEF.HE_20250120113714_HH_EV
HE,MEF,HH,60.2172,24.3958,,2168,manual,0.5,,3260,manual,0.5,20250120T135145Z_20250120T135245Z,,,,,,,,,,,explosion,,,,,,[0.4092 -6.7933 -2.2449],4789,2025-01-20 13:51:45.890000,earthquake_local,MEF.HE_20250120135145_HH_EV
HE,MEF,HH,60.2172,24.3958,,1157,manual,0.5,,2506,manual,0.5,20250121T121410Z_20250121T121510Z,,,,,,,,,,,explosion,,,,,,[-2.1576 0.4149 0.1428],4395,2025-01-21 12:14:10.760000,earthquake_local,MEF.HE_20250121121410_HH_EV
HE,MEF,HH,60.2172,24.3958,,3721,manual,0.5,,3867,manual,0.5,20250121T124805Z_20250121T124905Z,,,,,,,,,,,explosion,,,,,,[10.4986 1.8685 0.0861],4071,2025-01-21 12:48:05.130000,earthquake_local,MEF.HE_20250121124805_HH_EV
HE,MEF,HH,60.2172,24.3958,,2412,manual,0.5,,4644,manual,0.5,20250122T111140Z_20250122T111240Z,,,,,,,,,,,explosion,,,,,,[1.1091 -1.0870 -0.1014],5999,2025-01-22 11:11:40.960000,earthquake_local,MEF.HE_20250122111140_HH_EV
HE,MEF,HH,60.2172,24.3958,,4271,manual,0.5,,4391,manual,0.5,20250122T122705Z_20250122T122805Z,,,,,,,,,,,explosion,,,,,,[6.9625 16.3498 1.0241],4559,2025-01-22 12:27:05.080000,earthquake_local,MEF.HE_20250122122705_HH_EV
HE,MEF,HH,60.2172,24.3958,,1472,manual,0.5,,2126,manual,0.5,20250122T131034Z_20250122T131134Z,,,,,,,,,,,explosion,,,,,,[1.9234 -0.4720 0.1910],3042,2025-01-22 13:10:34.860000,earthquake_local,MEF.HE_20250122131034_HH_EV
HE,MEF,HH,60.2172,24.3958,,2938,manual,0.5,,4701,manual,0.5,20250122T142810Z_20250122T142910Z,,,,,,,,,,,explosion,,,,,,[0.6151 4.9306 -0.0623],5999,2025-01-22 14:28:10.560000,earthquake_local,MEF.HE_20250122142810_HH_EV
HE,MEF,HH,60.2172,24.3958,,2612,manual,0.5,,3000,manual,0.5,20250124T114053Z_20250124T114153Z,,,,,,,,,,,explosion,,,,,,[1.9305 4.9595 0.4089],3543,2025-01-24 11:40:53.960000,earthquake_local,MEF.HE_20250124114053_HH_EV
HE,MEF,HH,60.2172,24.3958,,4843,manual,0.5,,5048,manual,0.5,20250127T090021Z_20250127T090121Z,,,,,,,,,,,explosion,,,,,,[1.7006 -4.0732 -0.8417],5335,2025-01-27 09:00:21.800000,earthquake_local,MEF.HE_20250127090021_HH_EV
HE,MEF,HH,60.2172,24.3958,,996,manual,0.5,,2249,manual,0.5,20250127T105952Z_20250127T110052Z,,,,,,,,,,,explosion,,,,,,[1.9571 -0.2779 0.4749],4003,2025-01-27 10:59:52.460000,earthquake_local,MEF.HE_20250127105952_HH_EV
HE,MEF,HH,60.2172,24.3958,,3087,manual,0.5,,4808,manual,0.5,20250127T120740Z_20250127T120840Z,,,,,,,,,,,explosion,,,,,,[-1.6086 -0.6937 1.0005],5999,2025-01-27 12:07:40.800000,earthquake_local,MEF.HE_20250127120740_HH_EV
HE,MEF,HH,60.2172,24.3958,,2275,manual,0.5,,2428,manual,0.5,20250127T124328Z_20250127T124428Z,,,,,,,,,,,explosion,,,,,,[2.2821 4.5737 -0.5125],2642,2025-01-27 12:43:28.390000,earthquake_local,MEF.HE_20250127124328_HH_EV
HE,MEF,HH,60.2172,24.3958,,2429,manual,0.5,,3998,manual,0.5,20250127T132226Z_20250127T132326Z,,,,,,,,,,,explosion,,,,,,[-1.6855 5.8848 0.8594],5999,2025-01-27 13:22:26.660000,earthquake_local,MEF.HE_20250127132226_HH_EV
HE,MEF,HH,60.2172,24.3958,,619,manual,0.5,,741,manual,0.5,20250127T142605Z_20250127T142705Z,,,,,,,,,,,explosion,,,,,,[4.8779 8.5983 3.3877],912,2025-01-27 14:26:05.230000,earthquake_local,MEF.HE_20250127142605_HH_EV
HE,MEF,HH,60.2172,24.3958,,2627,manual,0.5,,2830,manual,0.5,20250127T150038Z_20250127T150138Z,,,,,,,,,,,explosion,,,,,,[0.2180 -0.8234 1.6921],3114,2025-01-27 15:00:38.950000,earthquake_local,MEF.HE_20250127150038_HH_EV
HE,MEF,HH,60.2172,24.3958,,2613,manual,0.5,,4686,manual,0.5,20250128T094846Z_20250128T094946Z,,,,,,,,,,,explosion,,,,,,[3.1856 0.8271 2.0964],5999,2025-01-28 09:48:46.390000,earthquake_local,MEF.HE_20250128094846_HH_EV
HE,MEF,HH,60.2172,24.3958,,2794,manual,0.5,,3841,manual,0.5,20250128T123328Z_20250128T123428Z,,,,,,,,,,,explosion,,,,,,[-3.9185 -3.8637 -0.6913],5307,2025-01-28 12:33:28.720000,earthquake_local,MEF.HE_20250128123328_HH_EV
HE,MEF,HH,60.2172,24.3958,,4970,manual,0.5,,5181,manual,0.5,20250128T152959Z_20250128T153059Z,,,,,,,,,,,explosion,,,,,,[4.9141 3.9106 -0.7169],5476,2025-01-28 15:29:59.790000,earthquake_local,MEF.HE_20250128152959_HH_EV
HE,MEF,HH,60.2172,24.3958,,1924,manual,0.5,,4978,manual,0.5,20250129T082449Z_20250129T082549Z,,,,,,,,,,,explosion,,,,,,[1.7798 -0.8451 0.7512],5999,2025-01-29 08:24:49.950000,earthquake_local,MEF.HE_20250129082449_HH_EV
HE,MEF,HH,60.2172,24.3958,,2763,manual,0.5,,5297,manual,0.5,20250129T113202Z_20250129T113302Z,,,,,,,,,,,explosion,,,,,,[0.1187 0.7499 0.0542],5999,2025-01-29 11:32:02.140000,earthquake_local,MEF.HE_20250129113202_HH_EV
HE,MEF,HH,60.2172,24.3958,,3185,manual,0.5,,4685,manual,0.5,20250129T125500Z_20250129T125600Z,,,,,,,,,,,explosion,,,,,,[-0.8209 0.1247 0.2737],5999,2025-01-29 12:55:00.310000,earthquake_local,MEF.HE_20250129125500_HH_EV
HE,MEF,HH,60.2172,24.3958,,3419,manual,0.5,,4182,manual,0.5,20250129T150015Z_20250129T150115Z,,,,,,,,,,,explosion,,,,,,[4.9571 0.7444 0.1697],5250,2025-01-29 15:00:15.500000,earthquake_local,MEF.HE_20250129150015_HH_EV
HE,MEF,HH,60.2172,24.3958,,1482,manual,0.5,,1627,manual,0.5,20250130T090443Z_20250130T090543Z,,,,,,,,,,,explosion,,,,,,[5.5043 7.0139 0.6418],1830,2025-01-30 09:04:43.080000,earthquake_local,MEF.HE_20250130090443_HH_EV
HE,MEF,HH,60.2172,24.3958,,2476,manual,0.5,,3874,manual,0.5,20250130T113146Z_20250130T113246Z,,,,,,,,,,,explosion,,,,,,[0.1281 -0.7359 0.3017],5831,2025-01-30 11:31:46.500000,earthquake_local,MEF.HE_20250130113146_HH_EV
HE,MEF,HH,60.2172,24.3958,,3389,manual,0.5,,5349,manual,0.5,20250130T131423Z_20250130T131523Z,,,,,,,,,,,explosion,,,,,,[-0.3091 -1.0205 -1.4298],5999,2025-01-30 13:14:23.790000,earthquake_local,MEF.HE_20250130131423_HH_EV
HE,MEF,HH,60.2172,24.3958,,984,manual,0.5,,2125,manual,0.5,20250130T143037Z_20250130T143137Z,,,,,,,,,,,explosion,,,,,,[-0.8160 2.1320 0.4046],3722,2025-01-30 14:30:37.640000,earthquake_local,MEF.HE_20250130143037_HH_EV
HE,MEF,HH,60.2172,24.3958,,3491,manual,0.5,,3629,manual,0.5,20250130T143726Z_20250130T143826Z,,,,,,,,,,,explosion,,,,,,[8.3679 20.8902 13.1308],3822,2025-01-30 14:37:26.690000,earthquake_local,MEF.HE_20250130143726_HH_EV
HE,MEF,HH,60.2172,24.3958,,945,manual,0.5,,3194,manual,0.5,20250131T090219Z_20250131T090319Z,,,,,,,,,,,explosion,,,,,,[1.4261 -5.1312 1.3005],5999,2025-01-31 09:02:19.980000,earthquake_local,MEF.HE_20250131090219_HH_EV
HE,MEF,HH,60.2172,24.3958,,904,manual,0.5,,1066,manual,0.5,20250131T113006Z_20250131T113106Z,,,,,,,,,,,explosion,,,,,,[10.5565 11.3824 10.8937],1293,2025-01-31 11:30:06.920000,earthquake_local,MEF.HE_20250131113006_HH_EV
HE,MEF,HH,60.2172,24.3958,,4540,manual,0.5,,4655,manual,0.5,20250131T125608Z_20250131T125708Z,,,,,,,,,,,explosion,,,,,,[20.3201 22.3723 24.0767],4816,2025-01-31 12:56:08.530000,earthquake_local,MEF.HE_20250131125608_HH_EV
HE,MEF,HH,60.2172,24.3958,,1307,manual,0.5,,1430,manual,0.5,20250203T142855Z_20250203T142955Z,,,,,,,,,,,explosion,,,,,,[12.7208 5.6604 0.5471],1602,2025-02-03 14:28:55.090000,earthquake_local,MEF.HE_20250203142855_HH_EV
HE,MEF,HH,60.2172,24.3958,,3435,manual,0.5,,3629,manual,0.5,20250203T145931Z_20250203T150031Z,,,,,,,,,,,explosion,,,,,,[-3.7260 -0.9547 -0.1579],3901,2025-02-03 14:59:31.210000,earthquake_local,MEF.HE_20250203145931_HH_EV
HE,MEF,HH,60.2172,24.3958,,1798,manual,0.5,,2025,manual,0.5,20250204T085933Z_20250204T090033Z,,,,,,,,,,,explosion,,,,,,[-2.8645 -0.4473 -0.4212],2343,2025-02-04 08:59:33.560000,earthquake_local,MEF.HE_20250204085933_HH_EV
HE,MEF,HH,60.2172,24.3958,,3258,manual,0.5,,3411,manual,0.5,20250204T092507Z_20250204T092607Z,,,,,,,,,,,explosion,,,,,,[12.0002 0.1177 0.9820],3625,2025-02-04 09:25:07.960000,earthquake_local,MEF.HE_20250204092507_HH_EV
HE,MEF,HH,60.2172,24.3958,,640,manual,0.5,,2288,manual,0.5,20250204T113445Z_20250204T113545Z,,,,,,,,,,,explosion,,,,,,[0.4060 0.5385 -0.3609],4595,2025-02-04 11:34:45.180000,earthquake_local,MEF.HE_20250204113445_HH_EV
HE,MEF,HH,60.2172,24.3958,,2038,manual,0.5,,2194,manual,0.5,20250204T123913Z_20250204T124013Z,,,,,,,,,,,explosion,,,,,,[16.6070 4.5480 2.4022],2412,2025-02-04 12:39:13.790000,earthquake_local,MEF.HE_20250204123913_HH_EV
HE,MEF,HH,60.2172,24.3958,,5036,manual,0.5,,5187,manual,0.5,20250204T142643Z_20250204T142743Z,,,,,,,,,,,explosion,,,,,,[5.1829 3.4040 0.7905],5398,2025-02-04 14:26:43.770000,earthquake_local,MEF.HE_20250204142643_HH_EV
HE,MEF,HH,60.2172,24.3958,,3315,manual,0.5,,3801,manual,0.5,20250205T105257Z_20250205T105357Z,,,,,,,,,,,explosion,,,,,,[2.7702 3.0769 0.0456],4481,2025-02-05 10:52:57.880000,earthquake_local,MEF.HE_20250205105257_HH_EV
HE,MEF,HH,60.2172,24.3958,,1408,manual,0.5,,1540,manual,0.5,20250205T130031Z_20250205T130131Z,,,,,,,,,,,explosion,,,,,,[2.1197 0.3200 -0.2766],1725,2025-02-05 13:00:31.150000,earthquake_local,MEF.HE_20250205130031_HH_EV
HE,MEF,HH,60.2172,24.3958,,818,manual,0.5,,2510,manual,0.5,20250206T105909Z_20250206T110009Z,,,,,,,,,,,explosion,,,,,,[6.4906 -0.0639 -0.0835],4879,2025-02-06 10:59:09.380000,earthquake_local,MEF.HE_20250206105909_HH_EV
HE,MEF,HH,60.2172,24.3958,,2143,manual,0.5,,3427,manual,0.5,20250206T135036Z_20250206T135136Z,,,,,,,,,,,explosion,,,,,,[3.0784 -0.0800 1.0153],5225,2025-02-06 13:50:36.460000,earthquake_local,MEF.HE_20250206135036_HH_EV
HE,MEF,HH,60.2172,24.3958,,3428,manual,0.5,,3574,manual,0.5,20250206T140126Z_20250206T140226Z,,,,,,,,,,,explosion,,,,,,[10.9708 2.0379 0.7076],3778,2025-02-06 14:01:26.720000,earthquake_local,MEF.HE_20250206140126_HH_EV
HE,MEF,HH,60.2172,24.3958,,3093,manual,0.5,,4900,manual,0.5,20250207T091544Z_20250207T091644Z,,,,,,,,,,,explosion,,,,,,[0.8077 1.2561 -0.8230],5999,2025-02-07 09:15:44.400000,earthquake_local,MEF.HE_20250207091544_HH_EV
HE,MEF,HH,60.2172,24.3958,,2298,manual,0.5,,2718,manual,0.5,20250207T114100Z_20250207T114200Z,,,,,,,,,,,explosion,,,,,,[11.5974 2.0097 0.8296],3306,2025-02-07 11:41:00.260000,earthquake_local,MEF.HE_20250207114100_HH_EV
HE,MEF,HH,60.2172,24.3958,,1404,manual,0.5,,4144,manual,0.5,20250207T121756Z_20250207T121856Z,,,,,,,,,,,explosion,,,,,,[1.8383 1.9832 3.7470],5999,2025-02-07 12:17:56.240000,earthquake_local,MEF.HE_20250207121756_HH_EV
HE,MEF,HH,60.2172,24.3958,,1567,manual,0.5,,4337,manual,0.5,20250208T230657Z_20250208T230757Z,,,,,,,,,,,explosion,,,,,,[0.9221 2.6143 1.6969],5999,2025-02-08 23:06:57.380000,earthquake_local,MEF.HE_20250208230657_HH_EV
HE,MEF,HH,60.2172,24.3958,,1624,manual,0.5,,4311,manual,0.5,20250208T232054Z_20250208T232154Z,,,,,,,,,,,explosion,,,,,,[0.6267 -0.3186 -0.5958],5999,2025-02-08 23:20:54.760000,earthquake_local,MEF.HE_20250208232054_HH_EV
HE,MEF,HH,60.2172,24.3958,,3629,manual,0.5,,3780,manual,0.5,20250210T142831Z_20250210T142931Z,,,,,,,,,,,explosion,,,,,,[18.9622 11.7724 1.1427],3991,2025-02-10 14:28:31.140000,earthquake_local,MEF.HE_20250210142831_HH_EV
HE,MEF,HH,60.2172,24.3958,,3378,manual,0.5,,3518,manual,0.5,20250211T091436Z_20250211T091536Z,,,,,,,,,,,explosion,,,,,,[1.0451 -3.5877 -1.2224],3714,2025-02-11 09:14:36.900000,earthquake_local,MEF.HE_20250211091436_HH_EV
HE,MEF,HH,60.2172,24.3958,,3058,manual,0.5,,3247,manual,0.5,20250211T093058Z_20250211T093158Z,,,,,,,,,,,explosion,,,,,,[6.5333 11.3831 2.3596],3512,2025-02-11 09:30:58.060000,earthquake_local,MEF.HE_20250211093058_HH_EV
HE,MEF,HH,60.2172,24.3958,,1330,manual,0.5,,3507,manual,0.5,20250211T115639Z_20250211T115739Z,,,,,,,,,,,explosion,,,,,,[-0.0864 6.0330 -1.3763],5999,2025-02-11 11:56:39.130000,earthquake_local,MEF.HE_20250211115639_HH_EV
HE,MEF,HH,60.2172,24.3958,,1381,manual,0.5,,2849,manual,0.5,20250211T141103Z_20250211T141203Z,,,,,,,,,,,explosion,,,,,,[0.7811 1.1155 1.1108],4904,2025-02-11 14:11:03.120000,earthquake_local,MEF.HE_20250211141103_HH_EV
HE,MEF,HH,60.2172,24.3958,,4521,manual,0.5,,4658,manual,0.5,20250212T102456Z_20250212T102556Z,,,,,,,,,,,explosion,,,,,,[-4.4170 0.9687 0.0129],4850,2025-02-12 10:24:56.800000,earthquake_local,MEF.HE_20250212102456_HH_EV
HE,MEF,HH,60.2172,24.3958,,3200,manual,0.5,,5013,manual,0.5,20250212T112834Z_20250212T112934Z,,,,,,,,,,,explosion,,,,,,[1.9742 0.6079 0.4510],5999,2025-02-12 11:28:34.510000,earthquake_local,MEF.HE_20250212112834_HH_EV
HE,MEF,HH,60.2172,24.3958,,2489,manual,0.5,,2653,manual,0.5,20250212T142700Z_20250212T142800Z,,,,,,,,,,,explosion,,,,,,[12.0147 5.5852 1.1314],2883,2025-02-12 14:27:00.080000,earthquake_local,MEF.HE_20250212142700_HH_EV
HE,MEF,HH,60.2172,24.3958,,2156,manual,0.5,,2273,manual,0.5,20250212T151353Z_20250212T151453Z,,,,,,,,,,,explosion,,,,,,[18.6563 8.8216 1.6928],2437,2025-02-12 15:13:53.930000,earthquake_local,MEF.HE_20250212151353_HH_EV
HE,MEF,HH,60.2172,24.3958,,1076,manual,0.5,,1773,manual,0.5,20250213T105516Z_20250213T105616Z,,,,,,,,,,,explosion,,,,,,[2.0618 -0.4162 0.3677],2749,2025-02-13 10:55:16.820000,earthquake_local,MEF.HE_20250213105516_HH_EV
HE,MEF,HH,60.2172,24.3958,,2184,manual,0.5,,2317,manual,0.5,20250213T112945Z_20250213T113045Z,,,,,,,,,,,explosion,,,,,,[15.8847 6.7317 5.3844],2503,2025-02-13 11:29:45.470000,earthquake_local,MEF.HE_20250213112945_HH_EV
HE,MEF,HH,60.2172,24.3958,,1070,manual,0.5,,2128,manual,0.5,20250213T123523Z_20250213T123623Z,,,,,,,,,,,explosion,,,,,,[2.8890 0.8204 0.1985],3609,2025-02-13 12:35:23.710000,earthquake_local,MEF.HE_20250213123523_HH_EV
HE,MEF,HH,60.2172,24.3958,,2192,manual,0.5,,2339,manual,0.5,20250213T150755Z_20250213T150855Z,,,,,,,,,,,explosion,,,,,,[11.8769 22.8823 11.5479],2545,2025-02-13 15:07:55.020000,earthquake_local,MEF.HE_20250213150755_HH_EV
HE,MEF,HH,60.2172,24.3958,,2723,manual,0.5,,5304,manual,0.5,20250214T115556Z_20250214T115656Z,,,,,,,,,,,explosion,,,,,,[1.4822 -0.7470 -0.1215],5999,2025-02-14 11:55:56.280000,earthquake_local,MEF.HE_20250214115556_HH_EV
HE,MEF,HH,60.2172,24.3958,,2594,manual,0.5,,2761,manual,0.5,20250214T122553Z_20250214T122653Z,,,,,,,,,,,explosion,,,,,,[0.2642 0.3077 0.1039],2995,2025-02-14 12:25:53.240000,earthquake_local,MEF.HE_20250214122553_HH_EV
HE,MEF,HH,60.2172,24.3958,,1145,manual,0.5,,1291,manual,0.5,20250214T123031Z_20250214T123131Z,,,,,,,,,,,explosion,,,,,,[3.9644 -0.2984 0.2076],1495,2025-02-14 12:30:31.520000,earthquake_local,MEF.HE_20250214123031_HH_EV
HE,MEF,HH,60.2172,24.3958,,2800,manual,0.5,,2912,manual,0.5,20250217T152754Z_20250217T152854Z,,,,,,,,,,,explosion,,,,,,[24.1252 7.1407 0.9845],3069,2025-02-17 15:27:54.710000,earthquake_local,MEF.HE_20250217152754_HH_EV
HE,MEF,HH,60.2172,24.3958,,3430,manual,0.5,,3580,manual,0.5,20250218T093005Z_20250218T093105Z,,,,,,,,,,,explosion,,,,,,[4.9828 16.8948 4.9977],3790,2025-02-18 09:30:05.240000,earthquake_local,MEF.HE_20250218093005_HH_EV
HE,MEF,HH,60.2172,24.3958,,1519,manual,0.5,,1947,manual,0.5,20250218T114100Z_20250218T114200Z,,,,,,,,,,,explosion,,,,,,[0.7811 3.2022 0.2603],2546,2025-02-18 11:41:00.410000,earthquake_local,MEF.HE_20250218114100_HH_EV
HE,MEF,HH,60.2172,24.3958,,1647,manual,0.5,,2307,manual,0.5,20250218T133644Z_20250218T133744Z,,,,,,,,,,,explosion,,,,,,[0.5866 -0.1385 -0.0270],3231,2025-02-18 13:36:44.530000,earthquake_local,MEF.HE_20250218133644_HH_EV
HE,MEF,HH,60.2172,24.3958,,1239,manual,0.5,,1381,manual,0.5,20250218T142937Z_20250218T143037Z,,,,,,,,,,,explosion,,,,,,[4.4514 3.4393 0.0747],1580,2025-02-18 14:29:37.730000,earthquake_local,MEF.HE_20250218142937_HH_EV
HE,MEF,HH,60.2172,24.3958,,5343,manual,0.5,,5455,manual,0.5,20250218T155543Z_20250218T155643Z,,,,,,,,,,,explosion,,,,,,[16.7691 3.1933 0.6370],5612,2025-02-18 15:55:43.040000,earthquake_local,MEF.HE_20250218155543_HH_EV
HE,MEF,HH,60.2172,24.3958,,2121,manual,0.5,,2246,manual,0.5,20250219T112942Z_20250219T113042Z,,,,,,,,,,,explosion,,,,,,[1.4090 0.4572 0.3545],2421,2025-02-19 11:29:42.290000,earthquake_local,MEF.HE_20250219112942_HH_EV
HE,MEF,HH,60.2172,24.3958,,2186,manual,0.5,,2878,manual,0.5,20250219T114024Z_20250219T114124Z,,,,,,,,,,,explosion,,,,,,[0.0820 -0.5043 -0.1186],3847,2025-02-19 11:40:24.350000,earthquake_local,MEF.HE_20250219114024_HH_EV
HE,MEF,HH,60.2172,24.3958,,3050,manual,0.5,,3172,manual,0.5,20250219T135506Z_20250219T135606Z,,,,,,,,,,,explosion,,,,,,[2.2279 1.3279 -0.1993],3343,2025-02-19 13:55:06.030000,earthquake_local,MEF.HE_20250219135506_HH_EV
HE,MEF,HH,60.2172,24.3958,,815,manual,0.5,,1020,manual,0.5,20250219T140002Z_20250219T140102Z,,,,,,,,,,,explosion,,,,,,[-0.3688 0.1807 0.0722],1307,2025-02-19 14:00:02.880000,earthquake_local,MEF.HE_20250219140002_HH_EV
HE,MEF,HH,60.2172,24.3958,,2504,manual,0.5,,2651,manual,0.5,20250219T142703Z_20250219T142803Z,,,,,,,,,,,explosion,,,,,,[10.7213 7.0819 0.6688],2857,2025-02-19 14:27:03.120000,earthquake_local,MEF.HE_20250219142703_HH_EV
HE,MEF,HH,60.2172,24.3958,,4429,manual,0.5,,4557,manual,0.5,20250219T152735Z_20250219T152835Z,,,,,,,,,,,explosion,,,,,,[2.7302 0.2854 -0.1063],4736,2025-02-19 15:27:35.590000,earthquake_local,MEF.HE_20250219152735_HH_EV
HE,MEF,HH,60.2172,24.3958,,1227,manual,0.5,,2682,manual,0.5,20250220T072950Z_20250220T073050Z,,,,,,,,,,,explosion,,,,,,[-1.2716 0.1637 0.1831],4719,2025-02-20 07:29:50.780000,earthquake_local,MEF.HE_20250220072950_HH_EV
HE,MEF,HH,60.2172,24.3958,,1309,manual,0.5,,2907,manual,0.5,20250220T092104Z_20250220T092204Z,,,,,,,,,,,explosion,,,,,,[1.6205 0.4391 0.0796],5144,2025-02-20 09:21:04.840000,earthquake_local,MEF.HE_20250220092104_HH_EV
HE,MEF,HH,60.2172,24.3958,,2437,manual,0.5,,4276,manual,0.5,20250220T093300Z_20250220T093400Z,,,,,,,,,,,explosion,,,,,,[0.1007 0.1287 -0.0962],5999,2025-02-20 09:33:00.000000,earthquake_local,MEF.HE_20250220093300_HH_EV
HE,MEF,HH,60.2172,24.3958,,2279,manual,0.5,,2403,manual,0.5,20250220T112712Z_20250220T112812Z,,,,,,,,,,,explosion,,,,,,[1.5101 7.9608 9.3154],2577,2025-02-20 11:27:12.690000,earthquake_local,MEF.HE_20250220112712_HH_EV
HE,MEF,HH,60.2172,24.3958,,3664,manual,0.5,,3841,manual,0.5,20250220T113615Z_20250220T113715Z,,,,,,,,,,,explosion,,,,,,[0.2360 3.3254 3.4605],4089,2025-02-20 11:36:15.330000,earthquake_local,MEF.HE_20250220113615_HH_EV
HE,MEF,HH,60.2172,24.3958,,1653,manual,0.5,,2916,manual,0.5,20250220T121358Z_20250220T121458Z,,,,,,,,,,,explosion,,,,,,[-0.3032 -0.2843 -1.0641],4684,2025-02-20 12:13:58.260000,earthquake_local,MEF.HE_20250220121358_HH_EV
HE,MEF,HH,60.2172,24.3958,,1662,manual,0.5,,1833,manual,0.5,20250220T124130Z_20250220T124230Z,,,,,,,,,,,explosion,,,,,,[0.9815 3.9376 0.7499],2072,2025-02-20 12:41:30.310000,earthquake_local,MEF.HE_20250220124130_HH_EV
HE,MEF,HH,60.2172,24.3958,,4413,manual,0.5,,4517,manual,0.5,20250220T140214Z_20250220T140314Z,,,,,,,,,,,explosion,,,,,,[2.6120 8.8016 -0.3530],4663,2025-02-20 14:02:14.300000,earthquake_local,MEF.HE_20250220140214_HH_EV
HE,MEF,HH,60.2172,24.3958,,1662,manual,0.5,,1825,manual,0.5,20250220T152940Z_20250220T153040Z,,,,,,,,,,,explosion,,,,,,[2.0287 0.6141 -0.1238],2053,2025-02-20 15:29:40.080000,earthquake_local,MEF.HE_20250220152940_HH_EV
HE,MEF,HH,60.2172,24.3958,,733,manual,0.5,,835,manual,0.5,20250220T155551Z_20250220T155651Z,,,,,,,,,,,explosion,,,,,,[11.8350 5.6759 0.7428],978,2025-02-20 15:55:51.370000,earthquake_local,MEF.HE_20250220155551_HH_EV
HE,MEF,HH,60.2172,24.3958,,4325,manual,0.5,,4541,manual,0.5,20250221T085926Z_20250221T090026Z,,,,,,,,,,,explosion,,,,,,[0.4217 0.1742 -0.0899],4843,2025-02-21 08:59:26.610000,earthquake_local,MEF.HE_20250221085926_HH_EV
HE,MEF,HH,60.2172,24.3958,,3167,manual,0.5,,3373,manual,0.5,20250221T100013Z_20250221T100113Z,,,,,,,,,,,explosion,,,,,,[15.0791 2.9769 0.1594],3661,2025-02-21 10:00:13.650000,earthquake_local,MEF.HE_20250221100013_HH_EV
HE,MEF,HH,60.2172,24.3958,,1393,manual,0.5,,1517,manual,0.5,20250224T120047Z_20250224T120147Z,,,,,,,,,,,explosion,,,,,,[17.3396 6.5234 1.0624],1691,2025-02-24 12:00:47.350000,earthquake_local,MEF.HE_20250224120047_HH_EV
HE,MEF,HH,60.2172,24.3958,,3384,manual,0.5,,4049,manual,0.5,20250224T141315Z_20250224T141415Z,,,,,,,,,,,explosion,,,,,,[1.2178 0.1976 0.1883],4980,2025-02-24 14:13:15.490000,earthquake_local,MEF.HE_20250224141315_HH_EV
HE,MEF,HH,60.2172,24.3958,,2860,manual,0.5,,3006,manual,0.5,20250224T154155Z_20250224T154255Z,,,,,,,,,,,explosion,,,,,,[5.4450 4.8908 0.6392],3210,2025-02-24 15:41:55.350000,earthquake_local,MEF.HE_20250224154155_HH_EV
HE,MEF,HH,60.2172,24.3958,,2244,manual,0.5,,3260,manual,0.5,20250225T101734Z_20250225T101834Z,,,,,,,,,,,explosion,,,,,,[-0.9369 0.3205 -0.4766],4682,2025-02-25 10:17:34.410000,earthquake_local,MEF.HE_20250225101734_HH_EV
HE,MEF,HH,60.2172,24.3958,,2905,manual,0.5,,4427,manual,0.5,20250225T120108Z_20250225T120208Z,,,,,,,,,,,explosion,,,,,,[2.4455 -0.3209 0.0651],5999,2025-02-25 12:01:08.930000,earthquake_local,MEF.HE_20250225120108_HH_EV
HE,MEF,HH,60.2172,24.3958,,3973,manual,0.5,,5456,manual,0.5,20250225T134816Z_20250225T134916Z,,,,,,,,,,,explosion,,,,,,[0.6112 -0.2994 0.1119],5999,2025-02-25 13:48:16.590000,earthquake_local,MEF.HE_20250225134816_HH_EV
HE,MEF,HH,60.2172,24.3958,,2475,manual,0.5,,2654,manual,0.5,20250225T155310Z_20250225T155410Z,,,,,,,,,,,explosion,,,,,,[17.3053 5.6607 -0.0931],2905,2025-02-25 15:53:10.830000,earthquake_local,MEF.HE_20250225155310_HH_EV
HE,MEF,HH,60.2172,24.3958,,2854,manual,0.5,,3046,manual,0.5,20250226T094220Z_20250226T094320Z,,,,,,,,,,,explosion,,,,,,[15.5831 10.4920 4.7803],3315,2025-02-26 09:42:20.420000,earthquake_local,MEF.HE_20250226094220_HH_EV
HE,MEF,HH,60.2172,24.3958,,3084,manual,0.5,,3926,manual,0.5,20250226T121409Z_20250226T121509Z,,,,,,,,,,,explosion,,,,,,[0.9417 1.2595 -0.5649],5105,2025-02-26 12:14:09.540000,earthquake_local,MEF.HE_20250226121409_HH_EV
HE,MEF,HH,60.2172,24.3958,,2224,manual,0.5,,4789,manual,0.5,20250226T124008Z_20250226T124108Z,,,,,,,,,,,explosion,,,,,,[0.3997 3.7641 0.1993],5999,2025-02-26 12:40:08.290000,earthquake_local,MEF.HE_20250226124008_HH_EV
HE,MEF,HH,60.2172,24.3958,,1524,manual,0.5,,3334,manual,0.5,20250226T124354Z_20250226T124454Z,,,,,,,,,,,explosion,,,,,,[4.7571 4.6269 0.6585],5868,2025-02-26 12:43:54.590000,earthquake_local,MEF.HE_20250226124354_HH_EV
HE,MEF,HH,60.2172,24.3958,,619,manual,0.5,,804,manual,0.5,20250226T153002Z_20250226T153102Z,,,,,,,,,,,explosion,,,,,,[4.3382 4.4411 0.3268],1063,2025-02-26 15:30:02.560000,earthquake_local,MEF.HE_20250226153002_HH_EV
HE,MEF,HH,60.2172,24.3958,,2464,manual,0.5,,2507,manual,0.5,20250226T155409Z_20250226T155509Z,,,,,,,,,,,explosion,,,,,,[16.0464 13.2005 1.8890],2607,2025-02-26 15:54:09.560000,earthquake_local,MEF.HE_20250226155409_HH_EV
HE,MEF,HH,60.2172,24.3958,,3000,manual,0.5,,3162,manual,0.5,20250227T085938Z_20250227T090038Z,,,,,,,,,,,explosion,,,,,,[11.9659 9.1939 7.1433],3389,2025-02-27 08:59:38.160000,earthquake_local,MEF.HE_20250227085938_HH_EV
HE,MEF,HH,60.2172,24.3958,,4823,manual,0.5,,5477,manual,0.5,20250227T105629Z_20250227T105729Z,,,,,,,,,,,explosion,,,,,,[5.7703 5.0397 0.7493],5999,2025-02-27 10:56:29.350000,earthquake_local,MEF.HE_20250227105629_HH_EV
HE,MEF,HH,60.2172,24.3958,,2057,manual,0.5,,2217,manual,0.5,20250227T154158Z_20250227T154258Z,,,,,,,,,,,explosion,,,,,,[6.2150 2.1824 0.9582],2441,2025-02-27 15:41:58.390000,earthquake_local,MEF.HE_20250227154158_HH_EV
HE,MEF,HH,60.2172,24.3958,,788,manual,0.5,,4243,manual,0.5,20250228T075822Z_20250228T075922Z,,,,,,,,,,,explosion,,,,,,[7.2044 -0.5502 -0.8148],5999,2025-02-28 07:58:22.450000,earthquake_local,MEF.HE_20250228075822_HH_EV
HE,MEF,HH,60.2172,24.3958,,3768,manual,0.5,,4186,manual,0.5,20250228T085522Z_20250228T085622Z,,,,,,,,,,,explosion,,,,,,[-0.2674 -0.3114 -0.5378],4771,2025-02-28 08:55:22.870000,earthquake_local,MEF.HE_20250228085522_HH_EV
HE,MEF,HH,60.2172,24.3958,,3125,manual,0.5,,3521,manual,0.5,20250228T104251Z_20250228T104351Z,,,,,,,,,,,explosion,,,,,,[-0.4327 2.2798 0.6255],4075,2025-02-28 10:42:51.540000,earthquake_local,MEF.HE_20250228104251_HH_EV
HE,MEF,HH,60.2172,24.3958,,1853,manual,0.5,,2461,manual,0.5,20250228T105156Z_20250228T105256Z,,,,,,,,,,,explosion,,,,,,[1.3691 -2.6872 -0.5484],3312,2025-02-28 10:51:56.950000,earthquake_local,MEF.HE_20250228105156_HH_EV
FN,MSF,HH,65.91131,29.04019,,1115,manual,0.5,,3929,manual,0.5,20250102T115159Z_20250102T115259Z,,,,,,,,,,,explosion,,,,,,[-0.0013 -0.1786 0.0601],5999,2025-01-02 11:51:59.630000,earthquake_local,MSF.FN_20250102115159_HH_EV
FN,MSF,HH,65.91131,29.04019,,1591,manual,0.5,,3943,manual,0.5,20250102T123955Z_20250102T124055Z,,,,,,,,,,,explosion,,,,,,[-0.0030 0.2708 -0.0002],5999,2025-01-02 12:39:55.530000,earthquake_local,MSF.FN_20250102123955_HH_EV
FN,MSF,HH,65.91131,29.04019,,1075,manual,0.5,,4855,manual,0.5,20250103T114205Z_20250103T114305Z,,,,,,,,,,,explosion,,,,,,[0.0038 -0.2379 -0.0101],5999,2025-01-03 11:42:05.090000,earthquake_local,MSF.FN_20250103114205_HH_EV
FN,MSF,HH,65.91131,29.04019,,2840,manual,0.5,,5444,manual,0.5,20250103T123010Z_20250103T123110Z,,,,,,,,,,,explosion,,,,,,[0.0002 0.3351 0.0107],5999,2025-01-03 12:30:10.890000,earthquake_local,MSF.FN_20250103123010_HH_EV
FN,MSF,HH,65.91131,29.04019,,1705,manual,0.5,,4981,manual,0.5,20250103T202942Z_20250103T203042Z,,,,,,,,,,,explosion,,,,,,[0.0004 -0.0129 0.0107],5999,2025-01-03 20:29:42.430000,earthquake_local,MSF.FN_20250103202942_HH_EV
FN,MSF,HH,65.91131,29.04019,,526,manual,0.5,,2998,manual,0.5,20250104T110702Z_20250104T110802Z,,,,,,,,,,,explosion,,,,,,[0.0006 -0.0770 -0.0019],5999,2025-01-04 11:07:02.980000,earthquake_local,MSF.FN_20250104110702_HH_EV
FN,MSF,HH,65.91131,29.04019,,707,manual,0.5,,4459,manual,0.5,20250104T131549Z_20250104T131649Z,,,,,,,,,,,explosion,,,,,,[-0.0005 0.0642 0.0163],5999,2025-01-04 13:15:49.450000,earthquake_local,MSF.FN_20250104131549_HH_EV
FN,MSF,HH,65.91131,29.04019,,1724,manual,0.5,,5214,manual,0.5,20250104T201819Z_20250104T201919Z,,,,,,,,,,,explosion,,,,,,[-0.0003 0.0946 -0.0043],5999,2025-01-04 20:18:19.200000,earthquake_local,MSF.FN_20250104201819_HH_EV
FN,MSF,HH,65.91131,29.04019,,1726,manual,0.5,,5142,manual,0.5,20250105T003206Z_20250105T003306Z,,,,,,,,,,,explosion,,,,,,[0.0069 -0.2594 -0.0035],5999,2025-01-05 00:32:06.860000,earthquake_local,MSF.FN_20250105003206_HH_EV
FN,MSF,HH,65.91131,29.04019,,2073,manual,0.5,,5461,manual,0.5,20250105T003312Z_20250105T003412Z,,,,,,,,,,,explosion,,,,,,[0.0017 -0.0201 -0.0054],5999,2025-01-05 00:33:12.270000,earthquake_local,MSF.FN_20250105003312_HH_EV
FN,MSF,HH,65.91131,29.04019,,1032,manual,0.5,,4426,manual,0.5,20250105T200542Z_20250105T200642Z,,,,,,,,,,,explosion,,,,,,[0.0002 -0.0268 0.0001],5999,2025-01-05 20:05:42.420000,earthquake_local,MSF.FN_20250105200542_HH_EV
FN,MSF,HH,65.91131,29.04019,,1507,manual,0.5,,4955,manual,0.5,20250105T201444Z_20250105T201544Z,,,,,,,,,,,explosion,,,,,,[-0.0006 -0.0147 -0.0007],5999,2025-01-05 20:14:44.530000,earthquake_local,MSF.FN_20250105201444_HH_EV
FN,MSF,HH,65.91131,29.04019,,2302,manual,0.5,,4654,manual,0.5,20250108T120153Z_20250108T120253Z,,,,,,,,,,,explosion,,,,,,[0.0017 0.0130 -0.0031],5999,2025-01-08 12:01:53.140000,earthquake_local,MSF.FN_20250108120153_HH_EV
FN,MSF,HH,65.91131,29.04019,,887,manual,0.5,,3407,manual,0.5,20250108T120946Z_20250108T121046Z,,,,,,,,,,,explosion,,,,,,[-0.0030 -0.0848 0.0083],5999,2025-01-08 12:09:46.730000,earthquake_local,MSF.FN_20250108120946_HH_EV
FN,MSF,HH,65.91131,29.04019,,1264,manual,0.5,,1853,manual,0.5,20250109T100332Z_20250109T100432Z,,,,,,,,,,,explosion,,,,,,[-0.0003 0.0078 -0.0189],2678,2025-01-09 10:03:32.290000,earthquake_local,MSF.FN_20250109100332_HH_EV
FN,MSF,HH,65.91131,29.04019,,1335,manual,0.5,,4615,manual,0.5,20250112T200512Z_20250112T200612Z,,,,,,,,,,,explosion,,,,,,[-0.0015 -0.1345 0.0451],5999,2025-01-12 20:05:12.370000,earthquake_local,MSF.FN_20250112200512_HH_EV
FN,MSF,HH,65.91131,29.04019,,524,manual,0.5,,2842,manual,0.5,20250113T123037Z_20250113T123137Z,,,,,,,,,,,explosion,,,,,,[0.0066 -0.4555 0.4064],5999,2025-01-13 12:30:37.040000,earthquake_local,MSF.FN_20250113123037_HH_EV
FN,MSF,HH,65.91131,29.04019,,1609,manual,0.5,,5367,manual,0.5,20250116T114216Z_20250116T114316Z,,,,,,,,,,,explosion,,,,,,[0.0029 -0.2311 -0.0119],5999,2025-01-16 11:42:16.650000,earthquake_local,MSF.FN_20250116114216_HH_EV
FN,MSF,HH,65.91131,29.04019,,2679,manual,0.5,,4841,manual,0.5,20250117T081640Z_20250117T081740Z,,,,,,,,,,,explosion,,,,,,[-0.0020 0.0503 0.0266],5999,2025-01-17 08:16:40.190000,earthquake_local,MSF.FN_20250117081640_HH_EV
FN,MSF,HH,65.91131,29.04019,,1861,manual,0.5,,4213,manual,0.5,20250117T123938Z_20250117T124038Z,,,,,,,,,,,explosion,,,,,,[0.0005 -0.0583 -0.0043],5999,2025-01-17 12:39:38.990000,earthquake_local,MSF.FN_20250117123938_HH_EV
FN,MSF,HH,65.91131,29.04019,,967,manual,0.5,,4747,manual,0.5,20250119T101921Z_20250119T102021Z,,,,,,,,,,,explosion,,,,,,[0.0010 0.1534 -0.0739],5999,2025-01-19 10:19:21.410000,earthquake_local,MSF.FN_20250119101921_HH_EV
FN,MSF,HH,65.91131,29.04019,,652,manual,0.5,,4124,manual,0.5,20250121T102045Z_20250121T102145Z,,,,,,,,,,,explosion,,,,,,[0.0014 -0.1308 0.0486],5999,2025-01-21 10:20:45.680000,earthquake_local,MSF.FN_20250121102045_HH_EV
FN,MSF,HH,65.91131,29.04019,,2936,manual,0.5,,4858,manual,0.5,20250121T121837Z_20250121T121937Z,,,,,,,,,,,explosion,,,,,,[0.0001 -0.1719 -0.0196],5999,2025-01-21 12:18:37.420000,earthquake_local,MSF.FN_20250121121837_HH_EV
FN,MSF,HH,65.91131,29.04019,,858,manual,0.5,,2922,manual,0.5,20250123T111127Z_20250123T111227Z,,,,,,,,,,,explosion,,,,,,[-0.0009 -0.0851 0.0084],5812,2025-01-23 11:11:27.260000,earthquake_local,MSF.FN_20250123111127_HH_EV
FN,MSF,HH,65.91131,29.04019,,1235,manual,0.5,,4954,manual,0.5,20250123T120809Z_20250123T120909Z,,,,,,,,,,,explosion,,,,,,[-0.0002 -0.0794 0.0083],5999,2025-01-23 12:08:09.780000,earthquake_local,MSF.FN_20250123120809_HH_EV
FN,MSF,HH,65.91131,29.04019,,1562,manual,0.5,,3556,manual,0.5,20250124T104804Z_20250124T104904Z,,,,,,,,,,,explosion,,,,,,[0.0006 -0.0252 0.0096],5999,2025-01-24 10:48:04.520000,earthquake_local,MSF.FN_20250124104804_HH_EV
FN,MSF,HH,65.91131,29.04019,,1325,manual,0.5,,4823,manual,0.5,20250125T005400Z_20250125T005500Z,,,,,,,,,,,explosion,,,,,,[0.0021 0.0166 -0.0103],5999,2025-01-25 00:54:00.950000,earthquake_local,MSF.FN_20250125005400_HH_EV
FN,MSF,HH,65.91131,29.04019,,710,manual,0.5,,4336,manual,0.5,20250125T102602Z_20250125T102702Z,,,,,,,,,,,explosion,,,,,,[0.0002 0.2199 -0.0352],5999,2025-01-25 10:26:02.680000,earthquake_local,MSF.FN_20250125102602_HH_EV
FN,MSF,HH,65.91131,29.04019,,867,manual,0.5,,4579,manual,0.5,20250127T120523Z_20250127T120623Z,,,,,,,,,,,explosion,,,,,,[-0.0036 0.3602 0.0527],5999,2025-01-27 12:05:23.930000,earthquake_local,MSF.FN_20250127120523_HH_EV
FN,MSF,HH,65.91131,29.04019,,1083,manual,0.5,,4527,manual,0.5,20250127T201006Z_20250127T201106Z,,,,,,,,,,,explosion,,,,,,[0.0028 -0.2679 0.0036],5999,2025-01-27 20:10:06.290000,earthquake_local,MSF.FN_20250127201006_HH_EV
FN,MSF,HH,65.91131,29.04019,,2027,manual,0.5,,5275,manual,0.5,20250127T201726Z_20250127T201826Z,,,,,,,,,,,explosion,,,,,,[-0.0053 0.1153 0.0487],5999,2025-01-27 20:17:26.410000,earthquake_local,MSF.FN_20250127201726_HH_EV
FN,MSF,HH,65.91131,29.04019,,703,manual,0.5,,4123,manual,0.5,20250128T002823Z_20250128T002923Z,,,,,,,,,,,explosion,,,,,,[0.0015 0.0083 0.0177],5999,2025-01-28 00:28:23.170000,earthquake_local,MSF.FN_20250128002823_HH_EV
FN,MSF,HH,65.91131,29.04019,,2068,manual,0.5,,5428,manual,0.5,20250128T040529Z_20250128T040629Z,,,,,,,,,,,explosion,,,,,,[0.0031 0.1174 -0.0283],5999,2025-01-28 04:05:29.640000,earthquake_local,MSF.FN_20250128040529_HH_EV
FN,MSF,HH,65.91131,29.04019,,1623,manual,0.5,,3019,manual,0.5,20250128T114952Z_20250128T115052Z,,,,,,,,,,,explosion,,,,,,[-0.0004 0.2355 -0.0410],4973,2025-01-28 11:49:52.610000,earthquake_local,MSF.FN_20250128114952_HH_EV
FN,MSF,HH,65.91131,29.04019,,581,manual,0.5,,4241,manual,0.5,20250128T133632Z_20250128T133732Z,,,,,,,,,,,explosion,,,,,,[-0.0042 0.0129 0.0206],5999,2025-01-28 13:36:32.310000,earthquake_local,MSF.FN_20250128133632_HH_EV
FN,MSF,HH,65.91131,29.04019,,838,manual,0.5,,3226,manual,0.5,20250129T120408Z_20250129T120508Z,,,,,,,,,,,explosion,,,,,,[0.0003 -0.1652 0.0086],5999,2025-01-29 12:04:08.140000,earthquake_local,MSF.FN_20250129120408_HH_EV
FN,MSF,HH,65.91131,29.04019,,1187,manual,0.5,,3931,manual,0.5,20250131T081746Z_20250131T081846Z,,,,,,,,,,,explosion,,,,,,[0.0007 -0.0144 0.0107],5999,2025-01-31 08:17:46.570000,earthquake_local,MSF.FN_20250131081746_HH_EV
FN,MSF,HH,65.91131,29.04019,,4402,manual,0.5,,5405,manual,0.5,20250131T091828Z_20250131T091928Z,,,,,,,,,,,explosion,,,,,,[0.0000 0.0378 0.0142],5999,2025-01-31 09:18:28.130000,earthquake_local,MSF.FN_20250131091828_HH_EV
FN,MSF,HH,65.91131,29.04019,,934,manual,0.5,,2980,manual,0.5,20250131T111702Z_20250131T111802Z,,,,,,,,,,,explosion,,,,,,[-0.0005 -0.0707 -0.0002],5844,2025-01-31 11:17:02.040000,earthquake_local,MSF.FN_20250131111702_HH_EV
FN,MSF,HH,65.91131,29.04019,,1953,manual,0.5,,5361,manual,0.5,20250131T190421Z_20250131T190521Z,,,,,,,,,,,explosion,,,,,,[-0.0008 0.0790 0.0020],5999,2025-01-31 19:04:21.350000,earthquake_local,MSF.FN_20250131190421_HH_EV
FN,MSF,HH,65.91131,29.04019,,1501,manual,0.5,,4821,manual,0.5,20250201T201404Z_20250201T201504Z,,,,,,,,,,,explosion,,,,,,[0.0009 0.0705 0.0020],5999,2025-02-01 20:14:04.070000,earthquake_local,MSF.FN_20250201201404_HH_EV
FN,MSF,HH,65.91131,29.04019,,740,manual,0.5,,3342,manual,0.5,20250202T103830Z_20250202T103930Z,,,,,,,,,,,explosion,,,,,,[-0.0013 0.1262 -0.0038],5999,2025-02-02 10:38:30.780000,earthquake_local,MSF.FN_20250202103830_HH_EV
FN,MSF,HH,65.91131,29.04019,,562,manual,0.5,,2914,manual,0.5,20250203T130742Z_20250203T130842Z,,,,,,,,,,,explosion,,,,,,[-0.0011 -0.1875 -0.0241],5999,2025-02-03 13:07:42.700000,earthquake_local,MSF.FN_20250203130742_HH_EV
FN,MSF,HH,65.91131,29.04019,,1821,manual,0.5,,4845,manual,0.5,20250204T040534Z_20250204T040634Z,,,,,,,,,,,explosion,,,,,,[0.0027 0.0207 -0.0247],5999,2025-02-04 04:05:34.150000,earthquake_local,MSF.FN_20250204040534_HH_EV
FN,MSF,HH,65.91131,29.04019,,1179,manual,0.5,,2887,manual,0.5,20250204T135543Z_20250204T135643Z,,,,,,,,,,,explosion,,,,,,[0.0006 0.2288 -0.0538],5278,2025-02-04 13:55:43.390000,earthquake_local,MSF.FN_20250204135543_HH_EV
FN,MSF,HH,65.91131,29.04019,,2616,manual,0.5,,4912,manual,0.5,20250205T115950Z_20250205T120050Z,,,,,,,,,,,explosion,,,,,,[-0.0002 0.2541 0.0230],5999,2025-02-05 11:59:50.360000,earthquake_local,MSF.FN_20250205115950_HH_EV
FN,MSF,HH,65.91131,29.04019,,1050,manual,0.5,,3710,manual,0.5,20250205T121538Z_20250205T121638Z,,,,,,,,,,,explosion,,,,,,[0.0002 0.4297 -0.0352],5999,2025-02-05 12:15:38.940000,earthquake_local,MSF.FN_20250205121538_HH_EV
FN,MSF,HH,65.91131,29.04019,,1743,manual,0.5,,5351,manual,0.5,20250206T090253Z_20250206T090353Z,,,,,,,,,,,explosion,,,,,,[0.0024 -0.0386 0.0015],5999,2025-02-06 09:02:53.050000,earthquake_local,MSF.FN_20250206090253_HH_EV
FN,MSF,HH,65.91131,29.04019,,2959,manual,0.5,,4667,manual,0.5,20250206T105050Z_20250206T105150Z,,,,,,,,,,,explosion,,,,,,[-0.0008 -0.1761 0.0049],5999,2025-02-06 10:50:50.370000,earthquake_local,MSF.FN_20250206105050_HH_EV
FN,MSF,HH,65.91131,29.04019,,1294,manual,0.5,,5072,manual,0.5,20250206T114149Z_20250206T114249Z,,,,,,,,,,,explosion,,,,,,[-0.0020 -0.0908 -0.0104],5999,2025-02-06 11:41:49.440000,earthquake_local,MSF.FN_20250206114149_HH_EV
FN,MSF,HH,65.91131,29.04019,,2438,manual,0.5,,4681,manual,0.5,20250207T094440Z_20250207T094540Z,,,,,,,,,,,explosion,,,,,,[-0.0025 -0.1054 0.2003],5999,2025-02-07 09:44:40.350000,earthquake_local,MSF.FN_20250207094440_HH_EV
FN,MSF,HH,65.91131,29.04019,,524,manual,0.5,,4218,manual,0.5,20250207T114049Z_20250207T114149Z,,,,,,,,,,,explosion,,,,,,[0.0047 0.4202 0.1716],5999,2025-02-07 11:40:49.740000,earthquake_local,MSF.FN_20250207114049_HH_EV
FN,MSF,HH,65.91131,29.04019,,1779,manual,0.5,,5347,manual,0.5,20250207T130646Z_20250207T130746Z,,,,,,,,,,,explosion,,,,,,[0.0021 0.3969 -0.0186],5999,2025-02-07 13:06:46.290000,earthquake_local,MSF.FN_20250207130646_HH_EV
FN,MSF,HH,65.91131,29.04019,,915,manual,0.5,,3183,manual,0.5,20250207T131158Z_20250207T131258Z,,,,,,,,,,,explosion,,,,,,[-0.0008 -0.9686 -0.2013],5999,2025-02-07 13:11:58.170000,earthquake_local,MSF.FN_20250207131158_HH_EV
FN,MSF,HH,65.91131,29.04019,,1280,manual,0.5,,3006,manual,0.5,20250209T015145Z_20250209T015245Z,,,,,,,,,,,explosion,,,,,,[-0.0226 -1.3717 0.0491],5422,2025-02-09 01:51:45.080000,earthquake_local,MSF.FN_20250209015145_HH_EV
FN,MSF,HH,65.91131,29.04019,,1298,manual,0.5,,5074,manual,0.5,20250210T133143Z_20250210T133243Z,,,,,,,,,,,explosion,,,,,,[-0.0000 -0.1361 -0.0263],5999,2025-02-10 13:31:43.500000,earthquake_local,MSF.FN_20250210133143_HH_EV
FN,MSF,HH,65.91131,29.04019,,1060,manual,0.5,,4736,manual,0.5,20250212T132718Z_20250212T132818Z,,,,,,,,,,,explosion,,,,,,[-0.0018 -0.0344 0.0183],5999,2025-02-12 13:27:18.480000,earthquake_local,MSF.FN_20250212132718_HH_EV
FN,MSF,HH,65.91131,29.04019,,586,manual,0.5,,4478,manual,0.5,20250213T114305Z_20250213T114405Z,,,,,,,,,,,explosion,,,,,,[-0.0001 -0.0692 0.0101],5999,2025-02-13 11:43:05.260000,earthquake_local,MSF.FN_20250213114305_HH_EV
FN,MSF,HH,65.91131,29.04019,,1432,manual,0.5,,4812,manual,0.5,20250213T225125Z_20250213T225225Z,,,,,,,,,,,explosion,,,,,,[0.0003 0.1265 -0.0095],5999,2025-02-13 22:51:25.640000,earthquake_local,MSF.FN_20250213225125_HH_EV
FN,MSF,HH,65.91131,29.04019,,1625,manual,0.5,,3977,manual,0.5,20250214T131806Z_20250214T131906Z,,,,,,,,,,,explosion,,,,,,[0.0008 0.1248 -0.0031],5999,2025-02-14 13:18:06.750000,earthquake_local,MSF.FN_20250214131806_HH_EV
FN,MSF,HH,65.91131,29.04019,,1300,manual,0.5,,4596,manual,0.5,20250214T200700Z_20250214T200800Z,,,,,,,,,,,explosion,,,,,,[-0.0012 -0.1557 0.0013],5999,2025-02-14 20:07:00.880000,earthquake_local,MSF.FN_20250214200700_HH_EV
FN,MSF,HH,65.91131,29.04019,,1692,manual,0.5,,5092,manual,0.5,20250216T004318Z_20250216T004418Z,,,,,,,,,,,explosion,,,,,,[-0.0011 0.1063 0.0096],5999,2025-02-16 00:43:18.720000,earthquake_local,MSF.FN_20250216004318_HH_EV
FN,MSF,HH,65.91131,29.04019,,678,manual,0.5,,2400,manual,0.5,20250216T194913Z_20250216T195013Z,,,,,,,,,,,explosion,,,,,,[-0.0001 -0.0279 -0.0095],4811,2025-02-16 19:49:13.380000,earthquake_local,MSF.FN_20250216194913_HH_EV
FN,MSF,HH,65.91131,29.04019,,524,manual,0.5,,3996,manual,0.5,20250217T121439Z_20250217T121539Z,,,,,,,,,,,explosion,,,,,,[-0.0009 -0.0032 -0.0036],5999,2025-02-17 12:14:39.120000,earthquake_local,MSF.FN_20250217121439_HH_EV
FN,MSF,HH,65.91131,29.04019,,1780,manual,0.5,,5314,manual,0.5,20250217T200532Z_20250217T200632Z,,,,,,,,,,,explosion,,,,,,[0.0031 0.0247 -0.0269],5999,2025-02-17 20:05:32.780000,earthquake_local,MSF.FN_20250217200532_HH_EV
FN,MSF,HH,65.91131,29.04019,,970,manual,0.5,,4406,manual,0.5,20250218T200814Z_20250218T200914Z,,,,,,,,,,,explosion,,,,,,[0.0021 -0.0631 0.0036],5999,2025-02-18 20:08:14.220000,earthquake_local,MSF.FN_20250218200814_HH_EV
FN,MSF,HH,65.91131,29.04019,,912,manual,0.5,,4356,manual,0.5,20250219T000539Z_20250219T000639Z,,,,,,,,,,,explosion,,,,,,[-0.0025 0.1289 0.0306],5999,2025-02-19 00:05:39.000000,earthquake_local,MSF.FN_20250219000539_HH_EV
FN,MSF,HH,65.91131,29.04019,,1591,manual,0.5,,4540,manual,0.5,20250219T004033Z_20250219T004133Z,,,,,,,,,,,explosion,,,,,,[-0.0017 0.1699 0.0196],5999,2025-02-19 00:40:33.530000,earthquake_local,MSF.FN_20250219004033_HH_EV
FN,MSF,HH,65.91131,29.04019,,1895,manual,0.5,,5311,manual,0.5,20250219T040954Z_20250219T041054Z,,,,,,,,,,,explosion,,,,,,[0.0000 0.0930 -0.0216],5999,2025-02-19 04:09:54.690000,earthquake_local,MSF.FN_20250219040954_HH_EV
FN,MSF,HH,65.91131,29.04019,,2222,manual,0.5,,3260,manual,0.5,20250219T110235Z_20250219T110335Z,,,,,,,,,,,explosion,,,,,,[0.0014 -0.0729 -0.0249],4713,2025-02-19 11:02:35.310000,earthquake_local,MSF.FN_20250219110235_HH_EV
FN,MSF,HH,65.91131,29.04019,,1289,manual,0.5,,3245,manual,0.5,20250219T124529Z_20250219T124629Z,,,,,,,,,,,explosion,,,,,,[-0.0003 0.0675 0.0054],5983,2025-02-19 12:45:29.310000,earthquake_local,MSF.FN_20250219124529_HH_EV
FN,MSF,HH,65.91131,29.04019,,1127,manual,0.5,,4611,manual,0.5,20250220T200557Z_20250220T200657Z,,,,,,,,,,,explosion,,,,,,[-0.0010 0.0018 -0.0026],5999,2025-02-20 20:05:57.650000,earthquake_local,MSF.FN_20250220200557_HH_EV
FN,MSF,HH,65.91131,29.04019,,1010,manual,0.5,,4362,manual,0.5,20250220T201433Z_20250220T201533Z,,,,,,,,,,,explosion,,,,,,[-0.0004 -0.0969 0.0074],5999,2025-02-20 20:14:33.940000,earthquake_local,MSF.FN_20250220201433_HH_EV
FN,MSF,HH,65.91131,29.04019,,1856,manual,0.5,,5188,manual,0.5,20250220T235643Z_20250220T235743Z,,,,,,,,,,,explosion,,,,,,[0.0003 -0.0708 0.0120],5999,2025-02-20 23:56:43.400000,earthquake_local,MSF.FN_20250220235643_HH_EV
FN,MSF,HH,65.91131,29.04019,,670,manual,0.5,,2942,manual,0.5,20250221T131237Z_20250221T131337Z,,,,,,,,,,,explosion,,,,,,[0.0023 0.0983 0.0075],5999,2025-02-21 13:12:37.480000,earthquake_local,MSF.FN_20250221131237_HH_EV
FN,MSF,HH,65.91131,29.04019,,3049,manual,0.5,,5373,manual,0.5,20250221T131909Z_20250221T132009Z,,,,,,,,,,,explosion,,,,,,[-0.0021 0.2195 -0.0147],5999,2025-02-21 13:19:09.950000,earthquake_local,MSF.FN_20250221131909_HH_EV
FN,MSF,HH,65.91131,29.04019,,670,manual,0.5,,4164,manual,0.5,20250221T200535Z_20250221T200635Z,,,,,,,,,,,explosion,,,,,,[-0.0014 -0.1207 0.0180],5999,2025-02-21 20:05:35.180000,earthquake_local,MSF.FN_20250221200535_HH_EV
FN,MSF,HH,65.91131,29.04019,,827,manual,0.5,,4515,manual,0.5,20250222T103502Z_20250222T103602Z,,,,,,,,,,,explosion,,,,,,[-0.0007 0.0192 0.0080],5999,2025-02-22 10:35:02.010000,earthquake_local,MSF.FN_20250222103502_HH_EV
FN,MSF,HH,65.91131,29.04019,,793,manual,0.5,,4153,manual,0.5,20250222T200926Z_20250222T201026Z,,,,,,,,,,,explosion,,,,,,[0.0011 0.0665 0.0090],5999,2025-02-22 20:09:26.590000,earthquake_local,MSF.FN_20250222200926_HH_EV
FN,MSF,HH,65.91131,29.04019,,1558,manual,0.5,,4946,manual,0.5,20250222T210200Z_20250222T210300Z,,,,,,,,,,,explosion,,,,,,[0.0017 -0.0623 -0.0001],5999,2025-02-22 21:02:00.020000,earthquake_local,MSF.FN_20250222210200_HH_EV
FN,MSF,HH,65.91131,29.04019,,641,manual,0.5,,4085,manual,0.5,20250223T200552Z_20250223T200652Z,,,,,,,,,,,explosion,,,,,,[0.0002 -0.1650 0.0088],5999,2025-02-23 20:05:52.670000,earthquake_local,MSF.FN_20250223200552_HH_EV
FN,MSF,HH,65.91131,29.04019,,906,manual,0.5,,4980,manual,0.5,20250224T114626Z_20250224T114726Z,,,,,,,,,,,explosion,,,,,,[0.0002 -0.2316 0.0222],5999,2025-02-24 11:46:26.960000,earthquake_local,MSF.FN_20250224114626_HH_EV
FN,MSF,HH,65.91131,29.04019,,2943,manual,0.5,,5373,manual,0.5,20250225T123217Z_20250225T123317Z,,,,,,,,,,,explosion,,,,,,[0.0006 0.1121 0.0090],5999,2025-02-25 12:32:17.150000,earthquake_local,MSF.FN_20250225123217_HH_EV
FN,MSF,HH,65.91131,29.04019,,821,manual,0.5,,3013,manual,0.5,20250225T132053Z_20250225T132153Z,,,,,,,,,,,explosion,,,,,,[0.0007 0.0790 -0.0047],5999,2025-02-25 13:20:53.920000,earthquake_local,MSF.FN_20250225132053_HH_EV
FN,MSF,HH,65.91131,29.04019,,1277,manual,0.5,,4869,manual,0.5,20250226T122036Z_20250226T122136Z,,,,,,,,,,,explosion,,,,,,[-0.0001 0.0185 0.0049],5999,2025-02-26 12:20:36.310000,earthquake_local,MSF.FN_20250226122036_HH_EV
FN,MSF,HH,65.91131,29.04019,,2482,manual,0.5,,4902,manual,0.5,20250226T124820Z_20250226T124920Z,,,,,,,,,,,explosion,,,,,,[0.0003 -0.0082 -0.0182],5999,2025-02-26 12:48:20.060000,earthquake_local,MSF.FN_20250226124820_HH_EV
FN,MSF,HH,65.91131,29.04019,,604,manual,0.5,,4272,manual,0.5,20250226T131908Z_20250226T132008Z,,,,,,,,,,,explosion,,,,,,[0.0005 0.0697 -0.0217],5999,2025-02-26 13:19:08.160000,earthquake_local,MSF.FN_20250226131908_HH_EV
FN,MSF,HH,65.91131,29.04019,,1995,manual,0.5,,4173,manual,0.5,20250227T114853Z_20250227T114953Z,,,,,,,,,,,explosion,,,,,,[0.0001 -0.0594 -0.0259],5999,2025-02-27 11:48:53.430000,earthquake_local,MSF.FN_20250227114853_HH_EV
FN,MSF,HH,65.91131,29.04019,,1172,manual,0.5,,4775,manual,0.5,20250227T120445Z_20250227T120545Z,,,,,,,,,,,explosion,,,,,,[0.0001 -0.0232 0.0098],5999,2025-02-27 12:04:45.410000,earthquake_local,MSF.FN_20250227120445_HH_EV
FN,MSF,HH,65.91131,29.04019,,742,manual,0.5,,3318,manual,0.5,20250228T095943Z_20250228T100043Z,,,,,,,,,,,explosion,,,,,,[-0.0005 0.0284 -0.0059],5999,2025-02-28 09:59:43.430000,earthquake_local,MSF.FN_20250228095943_HH_EV
FN,MSF,HH,65.91131,29.04019,,1322,manual,0.5,,3338,manual,0.5,20250228T124256Z_20250228T124356Z,,,,,,,,,,,explosion,,,,,,[0.0003 0.0042 0.0100],5999,2025-02-28 12:42:56.140000,earthquake_local,MSF.FN_20250228124256_HH_EV
FN,MSF,HH,65.91131,29.04019,,1431,manual,0.5,,5185,manual,0.5,20250228T131540Z_20250228T131640Z,,,,,,,,,,,explosion,,,,,,[-0.0013 -0.0108 0.0048],5999,2025-02-28 13:15:40.070000,earthquake_local,MSF.FN_20250228131540_HH_EV
FN,MSF,HH,65.91131,29.04019,,2271,manual,0.5,,4647,manual,0.5,20250228T134747Z_20250228T134847Z,,,,,,,,,,,explosion,,,,,,[0.0009 0.0148 -0.0218],5999,2025-02-28 13:47:47.890000,earthquake_local,MSF.FN_20250228134747_HH_EV
HE,NIF,HH,63.390016,27.810279,,1517,manual,0.5,,4049,manual,0.5,20250102T115151Z_20250102T115251Z,,,,,,,,,,,explosion,,,,,,[2.5117 0.0347 -1.1575],5999,2025-01-02 11:51:51.212000,earthquake_local,NIF.HE_20250102115151_HH_EV
HE,NIF,HH,63.390016,27.810279,,4376,manual,0.5,,4660,manual,0.5,20250103T114048Z_20250103T114148Z,,,,,,,,,,,explosion,,,,,,[11.7416 11.8504 4.3795],5058,2025-01-03 11:40:48.516000,earthquake_local,NIF.HE_20250103114048_HH_EV
HE,NIF,HH,63.390016,27.810279,,2174,manual,0.5,,2961,manual,0.5,20250103T122953Z_20250103T123053Z,,,,,,,,,,,explosion,,,,,,[3.3581 3.1091 0.6290],4063,2025-01-03 12:29:53.168000,earthquake_local,NIF.HE_20250103122953_HH_EV
HE,NIF,HH,63.390016,27.810279,,932,manual,0.5,,2532,manual,0.5,20250107T113230Z_20250107T113330Z,,,,,,,,,,,explosion,,,,,,[0.5067 -0.1468 -0.4005],4772,2025-01-07 11:32:30.980000,earthquake_local,NIF.HE_20250107113230_HH_EV
HE,NIF,HH,63.390016,27.810279,,2892,manual,0.5,,3810,manual,0.5,20250108T120127Z_20250108T120227Z,,,,,,,,,,,explosion,,,,,,[0.2566 -0.1986 0.3242],5095,2025-01-08 12:01:27.260000,earthquake_local,NIF.HE_20250108120127_HH_EV
HE,NIF,HH,63.390016,27.810279,,4016,manual,0.5,,4913,manual,0.5,20250109T103347Z_20250109T103447Z,,,,,,,,,,,explosion,,,,,,[-0.0147 0.1380 -0.8248],5999,2025-01-09 10:33:47.668000,earthquake_local,NIF.HE_20250109103347_HH_EV
HE,NIF,HH,63.390016,27.810279,,4602,manual,0.5,,5325,manual,0.5,20250110T095501Z_20250110T095601Z,,,,,,,,,,,explosion,,,,,,[-0.3226 0.0980 -0.6361],5999,2025-01-10 09:55:01.112000,earthquake_local,NIF.HE_20250110095501_HH_EV
HE,NIF,HH,63.390016,27.810279,,1797,manual,0.5,,2031,manual,0.5,20250110T115124Z_20250110T115224Z,,,,,,,,,,,explosion,,,,,,[9.9723 11.1207 4.9626],2359,2025-01-10 11:51:24.296000,earthquake_local,NIF.HE_20250110115124_HH_EV
HE,NIF,HH,63.390016,27.810279,,2189,manual,0.5,,5433,manual,0.5,20250110T132941Z_20250110T133041Z,,,,,,,,,,,explosion,,,,,,[-0.1122 0.1081 0.0982],5999,2025-01-10 13:29:41.592000,earthquake_local,NIF.HE_20250110132941_HH_EV
HE,NIF,HH,63.390016,27.810279,,572,manual,0.5,,3112,manual,0.5,20250113T080238Z_20250113T080338Z,,,,,,,,,,,explosion,,,,,,[-1.9537 -1.2104 -3.2368],5999,2025-01-13 08:02:38.816000,earthquake_local,NIF.HE_20250113080238_HH_EV
HE,NIF,HH,63.390016,27.810279,,2067,manual,0.5,,3211,manual,0.5,20250113T110048Z_20250113T110148Z,,,,,,,,,,,explosion,,,,,,[-0.0694 -0.1920 0.2085],4813,2025-01-13 11:00:48.208000,earthquake_local,NIF.HE_20250113110048_HH_EV
HE,NIF,HH,63.390016,27.810279,,1238,manual,0.5,,3686,manual,0.5,20250113T121159Z_20250113T121259Z,,,,,,,,,,,explosion,,,,,,[0.1963 0.1964 2.3005],5999,2025-01-13 12:11:59.104000,earthquake_local,NIF.HE_20250113121159_HH_EV
HE,NIF,HH,63.390016,27.810279,,2091,manual,0.5,,4209,manual,0.5,20250113T142406Z_20250113T142506Z,,,,,,,,,,,explosion,,,,,,[-1.4599 -0.7819 2.2403],5999,2025-01-13 14:24:06.772000,earthquake_local,NIF.HE_20250113142406_HH_EV
HE,NIF,HH,63.390016,27.810279,,2415,manual,0.5,,2708,manual,0.5,20250114T112530Z_20250114T112630Z,,,,,,,,,,,explosion,,,,,,[9.1208 11.0969 1.7712],3118,2025-01-14 11:25:30.228000,earthquake_local,NIF.HE_20250114112530_HH_EV
HE,NIF,HH,63.390016,27.810279,,2089,manual,0.5,,2833,manual,0.5,20250114T113706Z_20250114T113806Z,,,,,,,,,,,explosion,,,,,,[1.2137 0.0936 0.3331],3875,2025-01-14 11:37:06.908000,earthquake_local,NIF.HE_20250114113706_HH_EV
HE,NIF,HH,63.390016,27.810279,,2251,manual,0.5,,2808,manual,0.5,20250115T125950Z_20250115T130050Z,,,,,,,,,,,explosion,,,,,,[1.2841 -0.0785 -1.1841],3588,2025-01-15 12:59:50.992000,earthquake_local,NIF.HE_20250115125950_HH_EV
HE,NIF,HH,63.390016,27.810279,,1989,manual,0.5,,4529,manual,0.5,20250116T110720Z_20250116T110820Z,,,,,,,,,,,explosion,,,,,,[1.8010 0.2546 2.1208],5999,2025-01-16 11:07:20.592000,earthquake_local,NIF.HE_20250116110720_HH_EV
HE,NIF,HH,63.390016,27.810279,,1484,manual,0.5,,1853,manual,0.5,20250116T114133Z_20250116T114233Z,,,,,,,,,,,explosion,,,,,,[15.3063 16.5707 4.4469],2370,2025-01-16 11:41:33.240000,earthquake_local,NIF.HE_20250116114133_HH_EV
HE,NIF,HH,63.390016,27.810279,,1752,manual,0.5,,4852,manual,0.5,20250116T163506Z_20250116T163606Z,,,,,,,,,,,explosion,,,,,,[-0.7250 -0.4398 -0.1889],5999,2025-01-16 16:35:06.156000,earthquake_local,NIF.HE_20250116163506_HH_EV
HE,NIF,HH,63.390016,27.810279,,1136,manual,0.5,,1554,manual,0.5,20250120T113648Z_20250120T113748Z,,,,,,,,,,,explosion,,,,,,[19.8868 17.6519 10.9872],2139,2025-01-20 11:36:48.816000,earthquake_local,NIF.HE_20250120113648_HH_EV
HE,NIF,HH,63.390016,27.810279,,1718,manual,0.5,,4085,manual,0.5,20250121T112059Z_20250121T112159Z,,,,,,,,,,,explosion,,,,,,[-0.0144 0.0564 0.2529],5999,2025-01-21 11:20:59.232000,earthquake_local,NIF.HE_20250121112059_HH_EV
HE,NIF,HH,63.390016,27.810279,,2486,manual,0.5,,4976,manual,0.5,20250121T121851Z_20250121T121951Z,,,,,,,,,,,explosion,,,,,,[-0.7344 -0.3085 3.1753],5999,2025-01-21 12:18:51.320000,earthquake_local,NIF.HE_20250121121851_HH_EV
HE,NIF,HH,63.390016,27.810279,,3881,manual,0.5,,4901,manual,0.5,20250122T142359Z_20250122T142459Z,,,,,,,,,,,explosion,,,,,,[-0.2664 0.2429 0.0484],5999,2025-01-22 14:23:59.468000,earthquake_local,NIF.HE_20250122142359_HH_EV
HE,NIF,HH,63.390016,27.810279,,2345,manual,0.5,,4779,manual,0.5,20250123T074916Z_20250123T075016Z,,,,,,,,,,,explosion,,,,,,[0.0202 -0.0138 -0.3789],5999,2025-01-23 07:49:16.548000,earthquake_local,NIF.HE_20250123074916_HH_EV
HE,NIF,HH,63.390016,27.810279,,2565,manual,0.5,,5347,manual,0.5,20250123T110242Z_20250123T110342Z,,,,,,,,,,,explosion,,,,,,[-0.1564 -0.1348 -0.0250],5999,2025-01-23 11:02:42.220000,earthquake_local,NIF.HE_20250123110242_HH_EV
HE,NIF,HH,63.390016,27.810279,,1903,manual,0.5,,4427,manual,0.5,20250123T111122Z_20250123T111222Z,,,,,,,,,,,explosion,,,,,,[-0.0239 0.1370 0.0799],5999,2025-01-23 11:11:22.300000,earthquake_local,NIF.HE_20250123111122_HH_EV
HE,NIF,HH,63.390016,27.810279,,3031,manual,0.5,,3421,manual,0.5,20250123T113248Z_20250123T113348Z,,,,,,,,,,,explosion,,,,,,[13.1466 15.6088 9.2491],3967,2025-01-23 11:32:48.872000,earthquake_local,NIF.HE_20250123113248_HH_EV
HE,NIF,HH,63.390016,27.810279,,4486,manual,0.5,,5418,manual,0.5,20250124T094733Z_20250124T094833Z,,,,,,,,,,,explosion,,,,,,[0.0680 -0.2876 -0.2771],5999,2025-01-24 09:47:33.420000,earthquake_local,NIF.HE_20250124094733_HH_EV
HE,NIF,HH,63.390016,27.810279,,4935,manual,0.5,,5305,manual,0.5,20250124T113732Z_20250124T113832Z,,,,,,,,,,,explosion,,,,,,[12.8304 13.8897 3.8811],5823,2025-01-24 11:37:32.632000,earthquake_local,NIF.HE_20250124113732_HH_EV
HE,NIF,HH,63.390016,27.810279,,828,manual,0.5,,2938,manual,0.5,20250124T125922Z_20250124T130022Z,,,,,,,,,,,explosion,,,,,,[-0.3652 0.1869 0.1004],5892,2025-01-24 12:59:22.700000,earthquake_local,NIF.HE_20250124125922_HH_EV
HE,NIF,HH,63.390016,27.810279,,1624,manual,0.5,,4482,manual,0.5,20250124T140908Z_20250124T141008Z,,,,,,,,,,,explosion,,,,,,[0.3433 0.5102 0.0643],5999,2025-01-24 14:09:08.136000,earthquake_local,NIF.HE_20250124140908_HH_EV
HE,NIF,HH,63.390016,27.810279,,1121,manual,0.5,,3997,manual,0.5,20250126T084951Z_20250126T085051Z,,,,,,,,,,,explosion,,,,,,[1.8469 2.0745 1.7945],5999,2025-01-26 08:49:51.172000,earthquake_local,NIF.HE_20250126084951_HH_EV
HE,NIF,HH,63.390016,27.810279,,2221,manual,0.5,,4552,manual,0.5,20250128T102509Z_20250128T102609Z,,,,,,,,,,,explosion,,,,,,[0.6806 0.2902 -1.8274],5999,2025-01-28 10:25:09.436000,earthquake_local,NIF.HE_20250128102509_HH_EV
HE,NIF,HH,63.390016,27.810279,,1618,manual,0.5,,2024,manual,0.5,20250129T101620Z_20250129T101720Z,,,,,,,,,,,explosion,,,,,,[0.1073 0.6722 0.0507],2592,2025-01-29 10:16:20.280000,earthquake_local,NIF.HE_20250129101620_HH_EV
HE,NIF,HH,63.390016,27.810279,,2471,manual,0.5,,5256,manual,0.5,20250129T102648Z_20250129T102748Z,,,,,,,,,,,explosion,,,,,,[-0.3319 -0.7317 -0.4776],5999,2025-01-29 10:26:48.128000,earthquake_local,NIF.HE_20250129102648_HH_EV
HE,NIF,HH,63.390016,27.810279,,895,manual,0.5,,4188,manual,0.5,20250129T125545Z_20250129T125645Z,,,,,,,,,,,explosion,,,,,,[-0.3729 -0.7286 0.1837],5999,2025-01-29 12:55:45.936000,earthquake_local,NIF.HE_20250129125545_HH_EV
HE,NIF,HH,63.390016,27.810279,,1862,manual,0.5,,3854,manual,0.5,20250130T093833Z_20250130T093933Z,,,,,,,,,,,explosion,,,,,,[0.1742 0.0150 -0.0399],5999,2025-01-30 09:38:33.160000,earthquake_local,NIF.HE_20250130093833_HH_EV
HE,NIF,HH,63.390016,27.810279,,1104,manual,0.5,,4166,manual,0.5,20250130T095644Z_20250130T095744Z,,,,,,,,,,,explosion,,,,,,[0.1972 -0.0555 0.2431],5999,2025-01-30 09:56:44.496000,earthquake_local,NIF.HE_20250130095644_HH_EV
HE,NIF,HH,63.390016,27.810279,,2832,manual,0.5,,5366,manual,0.5,20250131T081724Z_20250131T081824Z,,,,,,,,,,,explosion,,,,,,[-0.0100 0.1016 -2.8832],5999,2025-01-31 08:17:24.684000,earthquake_local,NIF.HE_20250131081724_HH_EV
HE,NIF,HH,63.390016,27.810279,,1152,manual,0.5,,3655,manual,0.5,20250131T091919Z_20250131T092019Z,,,,,,,,,,,explosion,,,,,,[0.3937 0.3542 0.7348],5999,2025-01-31 09:19:19.600000,earthquake_local,NIF.HE_20250131091919_HH_EV
HE,NIF,HH,63.390016,27.810279,,3587,manual,0.5,,4131,manual,0.5,20250204T125903Z_20250204T130003Z,,,,,,,,,,,explosion,,,,,,[3.0714 -0.9553 -0.2314],4893,2025-02-04 12:59:03.672000,earthquake_local,NIF.HE_20250204125903_HH_EV
HE,NIF,HH,63.390016,27.810279,,4913,manual,0.5,,5437,manual,0.5,20250205T131249Z_20250205T131349Z,,,,,,,,,,,explosion,,,,,,[0.2259 -0.2715 -1.3068],5999,2025-02-05 13:12:49.148000,earthquake_local,NIF.HE_20250205131249_HH_EV
HE,NIF,HH,63.390016,27.810279,,1918,manual,0.5,,2704,manual,0.5,20250206T084819Z_20250206T084919Z,,,,,,,,,,,explosion,,,,,,[-0.6026 0.3204 -1.5503],3804,2025-02-06 08:48:19.924000,earthquake_local,NIF.HE_20250206084819_HH_EV
HE,NIF,HH,63.390016,27.810279,,1389,manual,0.5,,3765,manual,0.5,20250206T105116Z_20250206T105216Z,,,,,,,,,,,explosion,,,,,,[1.1316 -0.3666 1.2142],5999,2025-02-06 10:51:16.088000,earthquake_local,NIF.HE_20250206105116_HH_EV
HE,NIF,HH,63.390016,27.810279,,554,manual,0.5,,2656,manual,0.5,20250206T123739Z_20250206T123839Z,,,,,,,,,,,explosion,,,,,,[0.2805 -0.3171 1.9107],5599,2025-02-06 12:37:39.576000,earthquake_local,NIF.HE_20250206123739_HH_EV
HE,NIF,HH,63.390016,27.810279,,2138,manual,0.5,,3976,manual,0.5,20250207T082008Z_20250207T082108Z,,,,,,,,,,,explosion,,,,,,[-0.3222 2.5656 0.1581],5999,2025-02-07 08:20:08.796000,earthquake_local,NIF.HE_20250207082008_HH_EV
HE,NIF,HH,63.390016,27.810279,,975,manual,0.5,,3345,manual,0.5,20250207T121755Z_20250207T121855Z,,,,,,,,,,,explosion,,,,,,[0.1627 2.0749 -4.6075],5999,2025-02-07 12:17:55.928000,earthquake_local,NIF.HE_20250207121755_HH_EV
HE,NIF,HH,63.390016,27.810279,,1285,manual,0.5,,3879,manual,0.5,20250208T091853Z_20250208T091953Z,,,,,,,,,,,explosion,,,,,,[-0.4772 -0.2495 -1.6646],5999,2025-02-08 09:18:53.532000,earthquake_local,NIF.HE_20250208091853_HH_EV
HE,NIF,HH,63.390016,27.810279,,1981,manual,0.5,,4062,manual,0.5,20250208T095852Z_20250208T095952Z,,,,,,,,,,,explosion,,,,,,[-1.1858 0.2809 2.1305],5999,2025-02-08 09:58:52.704000,earthquake_local,NIF.HE_20250208095852_HH_EV
HE,NIF,HH,63.390016,27.810279,,2744,manual,0.5,,3793,manual,0.5,20250209T024039Z_20250209T024139Z,,,,,,,,,,,explosion,,,,,,[6.9958 -0.5409 3.8079],5262,2025-02-09 02:40:39.532000,earthquake_local,NIF.HE_20250209024039_HH_EV
HE,NIF,HH,63.390016,27.810279,,2588,manual,0.5,,3048,manual,0.5,20250211T121442Z_20250211T121542Z,,,,,,,,,,,explosion,,,,,,[1.6691 0.5600 -1.4726],3692,2025-02-11 12:14:42.596000,earthquake_local,NIF.HE_20250211121442_HH_EV
HE,NIF,HH,63.390016,27.810279,,3528,manual,0.5,,3960,manual,0.5,20250212T103841Z_20250212T103941Z,,,,,,,,,,,explosion,,,,,,[1.7548 2.4593 0.1645],4565,2025-02-12 10:38:41.068000,earthquake_local,NIF.HE_20250212103841_HH_EV
HE,NIF,HH,63.390016,27.810279,,1588,manual,0.5,,3916,manual,0.5,20250212T113030Z_20250212T113130Z,,,,,,,,,,,explosion,,,,,,[-0.2386 -0.0927 0.4960],5999,2025-02-12 11:30:30.884000,earthquake_local,NIF.HE_20250212113030_HH_EV
HE,NIF,HH,63.390016,27.810279,,2178,manual,0.5,,3893,manual,0.5,20250212T113640Z_20250212T113740Z,,,,,,,,,,,explosion,,,,,,[0.0997 0.8304 0.1649],5999,2025-02-12 11:36:40.612000,earthquake_local,NIF.HE_20250212113640_HH_EV
HE,NIF,HH,63.390016,27.810279,,1244,manual,0.5,,3015,manual,0.5,20250213T091621Z_20250213T091721Z,,,,,,,,,,,explosion,,,,,,[0.4082 -0.1650 -0.0013],5494,2025-02-13 09:16:21.748000,earthquake_local,NIF.HE_20250213091621_HH_EV
HE,NIF,HH,63.390016,27.810279,,1591,manual,0.5,,1850,manual,0.5,20250213T114211Z_20250213T114311Z,,,,,,,,,,,explosion,,,,,,[10.8494 9.2639 5.1380],2213,2025-02-13 11:42:11.872000,earthquake_local,NIF.HE_20250213114211_HH_EV
HE,NIF,HH,63.390016,27.810279,,2529,manual,0.5,,3247,manual,0.5,20250213T120343Z_20250213T120443Z,,,,,,,,,,,explosion,,,,,,[-0.1120 0.4237 0.2293],4252,2025-02-13 12:03:43.984000,earthquake_local,NIF.HE_20250213120343_HH_EV
HE,NIF,HH,63.390016,27.810279,,4005,manual,0.5,,4797,manual,0.5,20250214T094629Z_20250214T094729Z,,,,,,,,,,,explosion,,,,,,[0.1424 -0.1695 0.7305],5906,2025-02-14 09:46:29.432000,earthquake_local,NIF.HE_20250214094629_HH_EV
HE,NIF,HH,63.390016,27.810279,,2333,manual,0.5,,4717,manual,0.5,20250216T194906Z_20250216T195006Z,,,,,,,,,,,explosion,,,,,,[-0.0524 -0.1497 -0.2897],5999,2025-02-16 19:49:06.748000,earthquake_local,NIF.HE_20250216194906_HH_EV
HE,NIF,HH,63.390016,27.810279,,4449,manual,0.5,,5341,manual,0.5,20250217T114147Z_20250217T114247Z,,,,,,,,,,,explosion,,,,,,[0.2047 -0.4232 0.3790],5999,2025-02-17 11:41:47.816000,earthquake_local,NIF.HE_20250217114147_HH_EV
HE,NIF,HH,63.390016,27.810279,,1982,manual,0.5,,2862,manual,0.5,20250218T080407Z_20250218T080507Z,,,,,,,,,,,explosion,,,,,,[-0.1950 -0.4666 0.3570],4094,2025-02-18 08:04:07.980000,earthquake_local,NIF.HE_20250218080407_HH_EV
HE,NIF,HH,63.390016,27.810279,,825,manual,0.5,,4229,manual,0.5,20250219T110258Z_20250219T110358Z,,,,,,,,,,,explosion,,,,,,[0.4932 0.1545 -0.1465],5999,2025-02-19 11:02:58.732000,earthquake_local,NIF.HE_20250219110258_HH_EV
HE,NIF,HH,63.390016,27.810279,,1040,manual,0.5,,3352,manual,0.5,20250219T134132Z_20250219T134232Z,,,,,,,,,,,explosion,,,,,,[-0.1394 0.2085 0.4381],5999,2025-02-19 13:41:32.660000,earthquake_local,NIF.HE_20250219134132_HH_EV
HE,NIF,HH,63.390016,27.810279,,1368,manual,0.5,,1978,manual,0.5,20250221T113600Z_20250221T113700Z,,,,,,,,,,,explosion,,,,,,[11.7363 13.9686 3.2641],2832,2025-02-21 11:36:00.296000,earthquake_local,NIF.HE_20250221113600_HH_EV
HE,NIF,HH,63.390016,27.810279,,2488,manual,0.5,,4417,manual,0.5,20250221T130258Z_20250221T130358Z,,,,,,,,,,,explosion,,,,,,[0.5469 0.6675 0.5453],5999,2025-02-21 13:02:58.860000,earthquake_local,NIF.HE_20250221130258_HH_EV
HE,NIF,HH,63.390016,27.810279,,903,manual,0.5,,3240,manual,0.5,20250221T141541Z_20250221T141641Z,,,,,,,,,,,explosion,,,,,,[-0.1918 0.0094 -0.9119],5999,2025-02-21 14:15:41.288000,earthquake_local,NIF.HE_20250221141541_HH_EV
HE,NIF,HH,63.390016,27.810279,,1495,manual,0.5,,4158,manual,0.5,20250221T150504Z_20250221T150604Z,,,,,,,,,,,explosion,,,,,,[0.1059 0.4971 -0.7157],5999,2025-02-21 15:05:04.536000,earthquake_local,NIF.HE_20250221150504_HH_EV
HE,NIF,HH,63.390016,27.810279,,2082,manual,0.5,,5352,manual,0.5,20250221T162644Z_20250221T162744Z,,,,,,,,,,,explosion,,,,,,[0.0524 -0.7466 0.3351],5999,2025-02-21 16:26:44.160000,earthquake_local,NIF.HE_20250221162644_HH_EV
HE,NIF,HH,63.390016,27.810279,,2292,manual,0.5,,4876,manual,0.5,20250223T072024Z_20250223T072124Z,,,,,,,,,,,explosion,,,,,,[0.8767 0.0317 -0.3093],5999,2025-02-23 07:20:24.964000,earthquake_local,NIF.HE_20250223072024_HH_EV
HE,NIF,HH,63.390016,27.810279,,2079,manual,0.5,,3182,manual,0.5,20250224T102746Z_20250224T102846Z,,,,,,,,,,,explosion,,,,,,[0.2448 -0.6244 -0.8539],4726,2025-02-24 10:27:46.868000,earthquake_local,NIF.HE_20250224102746_HH_EV
HE,NIF,HH,63.390016,27.810279,,1582,manual,0.5,,1992,manual,0.5,20250224T114537Z_20250224T114637Z,,,,,,,,,,,explosion,,,,,,[8.8138 9.5503 5.7606],2566,2025-02-24 11:45:37.156000,earthquake_local,NIF.HE_20250224114537_HH_EV
HE,NIF,HH,63.390016,27.810279,,2638,manual,0.5,,4239,manual,0.5,20250224T133649Z_20250224T133749Z,,,,,,,,,,,explosion,,,,,,[-0.1479 0.2785 0.4273],5999,2025-02-24 13:36:49.680000,earthquake_local,NIF.HE_20250224133649_HH_EV
HE,NIF,HH,63.390016,27.810279,,2270,manual,0.5,,4425,manual,0.5,20250225T103323Z_20250225T103423Z,,,,,,,,,,,explosion,,,,,,[1.4021 -0.0124 0.9681],5999,2025-02-25 10:33:23.036000,earthquake_local,NIF.HE_20250225103323_HH_EV
HE,NIF,HH,63.390016,27.810279,,1272,manual,0.5,,2435,manual,0.5,20250225T120157Z_20250225T120257Z,,,,,,,,,,,explosion,,,,,,[-1.0018 -0.1593 2.4041],4063,2025-02-25 12:01:57.548000,earthquake_local,NIF.HE_20250225120157_HH_EV
HE,NIF,HH,63.390016,27.810279,,1793,manual,0.5,,3815,manual,0.5,20250225T132042Z_20250225T132142Z,,,,,,,,,,,explosion,,,,,,[1.2398 0.0873 -1.2834],5999,2025-02-25 13:20:42.712000,earthquake_local,NIF.HE_20250225132042_HH_EV
HE,NIF,HH,63.390016,27.810279,,4486,manual,0.5,,4980,manual,0.5,20250226T105538Z_20250226T105638Z,,,,,,,,,,,explosion,,,,,,[0.9719 1.2656 0.9203],5672,2025-02-26 10:55:38.216000,earthquake_local,NIF.HE_20250226105538_HH_EV
HE,NIF,HH,63.390016,27.810279,,3135,manual,0.5,,3515,manual,0.5,20250226T113737Z_20250226T113837Z,,,,,,,,,,,explosion,,,,,,[-0.5397 0.4106 0.8014],4047,2025-02-26 11:37:37.228000,earthquake_local,NIF.HE_20250226113737_HH_EV
HE,NIF,HH,63.390016,27.810279,,1499,manual,0.5,,4771,manual,0.5,20250226T124414Z_20250226T124514Z,,,,,,,,,,,explosion,,,,,,[0.2452 -0.1817 1.9501],5999,2025-02-26 12:44:14.800000,earthquake_local,NIF.HE_20250226124414_HH_EV
HE,NIF,HH,63.390016,27.810279,,2147,manual,0.5,,3993,manual,0.5,20250227T091357Z_20250227T091457Z,,,,,,,,,,,explosion,,,,,,[-0.5622 -0.0827 0.3746],5999,2025-02-27 09:13:57.312000,earthquake_local,NIF.HE_20250227091357_HH_EV
HE,NIF,HH,63.390016,27.810279,,1890,manual,0.5,,3328,manual,0.5,20250227T100523Z_20250227T100623Z,,,,,,,,,,,explosion,,,,,,[-0.0467 -0.0283 0.3351],5341,2025-02-27 10:05:23.408000,earthquake_local,NIF.HE_20250227100523_HH_EV
HE,NIF,HH,63.390016,27.810279,,1907,manual,0.5,,4876,manual,0.5,20250227T101946Z_20250227T102046Z,,,,,,,,,,,explosion,,,,,,[-0.3529 0.0524 0.1086],5999,2025-02-27 10:19:46.740000,earthquake_local,NIF.HE_20250227101946_HH_EV
HE,NIF,HH,63.390016,27.810279,,1389,manual,0.5,,4423,manual,0.5,20250227T114912Z_20250227T115012Z,,,,,,,,,,,explosion,,,,,,[0.0581 0.2850 -0.2147],5999,2025-02-27 11:49:12.888000,earthquake_local,NIF.HE_20250227114912_HH_EV
HE,NIF,HH,63.390016,27.810279,,2157,manual,0.5,,2897,manual,0.5,20250227T121050Z_20250227T121150Z,,,,,,,,,,,explosion,,,,,,[0.6933 0.7984 0.1774],3933,2025-02-27 12:10:50.212000,earthquake_local,NIF.HE_20250227121050_HH_EV
HE,NIF,HH,63.390016,27.810279,,1388,manual,0.5,,4748,manual,0.5,20250228T075820Z_20250228T075920Z,,,,,,,,,,,explosion,,,,,,[0.9366 0.3794 0.7495],5999,2025-02-28 07:58:20.804000,earthquake_local,NIF.HE_20250228075820_HH_EV
HE,NIF,HH,63.390016,27.810279,,2907,manual,0.5,,5225,manual,0.5,20250228T085716Z_20250228T085816Z,,,,,,,,,,,explosion,,,,,,[-0.0423 -0.2120 -1.7340],5999,2025-02-28 08:57:16.912000,earthquake_local,NIF.HE_20250228085716_HH_EV
HE,NIF,HH,63.390016,27.810279,,2757,manual,0.5,,3770,manual,0.5,20250228T095901Z_20250228T100001Z,,,,,,,,,,,explosion,,,,,,[-1.0495 0.1058 0.3506],5188,2025-02-28 09:59:01.916000,earthquake_local,NIF.HE_20250228095901_HH_EV
HE,NIF,HH,63.390016,27.810279,,3199,manual,0.5,,5355,manual,0.5,20250228T103837Z_20250228T103937Z,,,,,,,,,,,explosion,,,,,,[1.2532 -0.4602 -0.1295],5999,2025-02-28 10:38:37.052000,earthquake_local,NIF.HE_20250228103837_HH_EV
HE,NIF,HH,63.390016,27.810279,,977,manual,0.5,,1417,manual,0.5,20250228T113623Z_20250228T113723Z,,,,,,,,,,,explosion,,,,,,[17.6225 16.7079 6.5484],2033,2025-02-28 11:36:23.212000,earthquake_local,NIF.HE_20250228113623_HH_EV
HE,NIF,HH,63.390016,27.810279,,4976,manual,0.5,,5096,manual,0.5,20250228T113701Z_20250228T113801Z,,,,,,,,,,,explosion,,,,,,[14.3245 14.7197 6.4836],5264,2025-02-28 11:37:01.724000,earthquake_local,NIF.HE_20250228113701_HH_EV
HE,NUR,HH,,,,830,manual,0.5,,2130,manual,0.5,20250102T091721Z_20250102T091821Z,,,,,,,,,,,explosion,,,,,,[1.5088 1.3703 -0.0678],3950,2025-01-02 09:17:21.576000,earthquake_local,NUR.HE_20250102091721_HH_EV
HE,NUR,HH,,,,2893,manual,0.5,,5357,manual,0.5,20250103T115406Z_20250103T115506Z,,,,,,,,,,,explosion,,,,,,[0.2599 0.7274 -0.9538],5999,2025-01-03 11:54:06.428000,earthquake_local,NUR.HE_20250103115406_HH_EV
HE,NUR,HH,,,,2237,manual,0.5,,3553,manual,0.5,20250108T104227Z_20250108T104327Z,,,,,,,,,,,explosion,,,,,,[1.8756 1.7153 2.6943],5395,2025-01-08 10:42:27.956000,earthquake_local,NUR.HE_20250108104227_HH_EV
HE,NUR,HH,,,,4582,manual,0.5,,4935,manual,0.5,20250108T125922Z_20250108T130022Z,,,,,,,,,,,explosion,,,,,,[26.6438 23.3716 12.5653],5429,2025-01-08 12:59:22.732000,earthquake_local,NUR.HE_20250108125922_HH_EV
HE,NUR,HH,,,,2372,manual,0.5,,2880,manual,0.5,20250109T124747Z_20250109T124847Z,,,,,,,,,,,explosion,,,,,,[16.9399 14.5561 15.2324],3591,2025-01-09 12:47:47.036000,earthquake_local,NUR.HE_20250109124747_HH_EV
HE,NUR,HH,,,,2302,manual,0.5,,2802,manual,0.5,20250110T100056Z_20250110T100156Z,,,,,,,,,,,explosion,,,,,,[12.1285 12.7050 9.8566],3502,2025-01-10 10:00:56.296000,earthquake_local,NUR.HE_20250110100056_HH_EV
HE,NUR,HH,,,,1103,manual,0.5,,1805,manual,0.5,20250110T102747Z_20250110T102847Z,,,,,,,,,,,explosion,,,,,,[1.1971 4.5423 4.3276],2788,2025-01-10 10:27:47.392000,earthquake_local,NUR.HE_20250110102747_HH_EV
HE,NUR,HH,,,,4389,manual,0.5,,5073,manual,0.5,20250110T110037Z_20250110T110137Z,,,,,,,,,,,explosion,,,,,,[15.7930 15.9604 12.8844],5999,2025-01-10 11:00:37.192000,earthquake_local,NUR.HE_20250110110037_HH_EV
HE,NUR,HH,,,,1906,manual,0.5,,2407,manual,0.5,20250110T112951Z_20250110T113051Z,,,,,,,,,,,explosion,,,,,,[7.6397 7.8548 3.0049],3108,2025-01-10 11:29:51.720000,earthquake_local,NUR.HE_20250110112951_HH_EV
HE,NUR,HH,,,,2679,manual,0.5,,5035,manual,0.5,20250113T121139Z_20250113T121239Z,,,,,,,,,,,explosion,,,,,,[3.7885 1.2535 1.9211],5999,2025-01-13 12:11:39.708000,earthquake_local,NUR.HE_20250113121139_HH_EV
HE,NUR,HH,,,,3738,manual,0.5,,4233,manual,0.5,20250113T135530Z_20250113T135630Z,,,,,,,,,,,explosion,,,,,,[6.1316 5.3066 5.1866],4926,2025-01-13 13:55:30.092000,earthquake_local,NUR.HE_20250113135530_HH_EV
HE,NUR,HH,,,,1224,manual,0.5,,1790,manual,0.5,20250113T140125Z_20250113T140225Z,,,,,,,,,,,explosion,,,,,,[16.7414 14.1212 13.1069],2582,2025-01-13 14:01:25.420000,earthquake_local,NUR.HE_20250113140125_HH_EV
HE,NUR,HH,,,,3930,manual,0.5,,4338,manual,0.5,20250114T103132Z_20250114T103232Z,,,,,,,,,,,explosion,,,,,,[0.6383 1.1862 2.5110],4909,2025-01-14 10:31:32.552000,earthquake_local,NUR.HE_20250114103132_HH_EV
HE,NUR,HH,,,,1005,manual,0.5,,1480,manual,0.5,20250114T135733Z_20250114T135833Z,,,,,,,,,,,explosion,,,,,,[-1.4474 3.2665 -2.5160],2145,2025-01-14 13:57:33.680000,earthquake_local,NUR.HE_20250114135733_HH_EV
HE,NUR,HH,,,,1904,manual,0.5,,3137,manual,0.5,20250115T121526Z_20250115T121626Z,,,,,,,,,,,explosion,,,,,,[7.5818 6.4244 7.0519],4863,2025-01-15 12:15:26.840000,earthquake_local,NUR.HE_20250115121526_HH_EV
HE,NUR,HH,,,,3298,manual,0.5,,3684,manual,0.5,20250115T122955Z_20250115T123055Z,,,,,,,,,,,explosion,,,,,,[15.2958 13.8791 4.9460],4224,2025-01-15 12:29:55.084000,earthquake_local,NUR.HE_20250115122955_HH_EV
HE,NUR,HH,,,,1303,manual,0.5,,1924,manual,0.5,20250115T134611Z_20250115T134711Z,,,,,,,,,,,explosion,,,,,,[13.2698 14.6103 12.6912],2793,2025-01-15 13:46:11.376000,earthquake_local,NUR.HE_20250115134611_HH_EV
HE,NUR,HH,,,,2130,manual,0.5,,2710,manual,0.5,20250115T152102Z_20250115T152202Z,,,,,,,,,,,explosion,,,,,,[14.2971 13.6628 13.6343],3522,2025-01-15 15:21:02.780000,earthquake_local,NUR.HE_20250115152102_HH_EV
HE,NUR,HH,,,,4189,manual,0.5,,4449,manual,0.5,20250116T113639Z_20250116T113739Z,,,,,,,,,,,explosion,,,,,,[33.8874 33.1195 28.8877],4813,2025-01-16 11:36:39.588000,earthquake_local,NUR.HE_20250116113639_HH_EV
HE,NUR,HH,,,,1624,manual,0.5,,1988,manual,0.5,20250117T113643Z_20250117T113743Z,,,,,,,,,,,explosion,,,,,,[10.9225 12.3655 11.8421],2498,2025-01-17 11:36:43.020000,earthquake_local,NUR.HE_20250117113643_HH_EV
HE,NUR,HH,,,,532,manual,0.5,,1007,manual,0.5,20250120T113756Z_20250120T113856Z,,,,,,,,,,,explosion,,,,,,[16.4934 21.1518 15.0005],1672,2025-01-20 11:37:56.544000,earthquake_local,NUR.HE_20250120113756_HH_EV
HE,NUR,HH,,,,2215,manual,0.5,,2668,manual,0.5,20250121T124825Z_20250121T124925Z,,,,,,,,,,,explosion,,,,,,[7.0737 8.5798 5.3876],3302,2025-01-21 12:48:25.060000,earthquake_local,NUR.HE_20250121124825_HH_EV
HE,NUR,HH,,,,4133,manual,0.5,,4503,manual,0.5,20250122T122709Z_20250122T122809Z,,,,,,,,,,,explosion,,,,,,[18.3092 20.2594 10.0087],5021,2025-01-22 12:27:09.944000,earthquake_local,NUR.HE_20250122122709_HH_EV
HE,NUR,HH,,,,904,manual,0.5,,1424,manual,0.5,20250122T131038Z_20250122T131138Z,,,,,,,,,,,explosion,,,,,,[17.2325 14.6278 17.3763],2152,2025-01-22 13:10:38.120000,earthquake_local,NUR.HE_20250122131038_HH_EV
HE,NUR,HH,,,,710,manual,0.5,,2240,manual,0.5,20250122T142829Z_20250122T142929Z,,,,,,,,,,,explosion,,,,,,[1.9402 1.6559 3.2771],4382,2025-01-22 14:28:29.368000,earthquake_local,NUR.HE_20250122142829_HH_EV
HE,NUR,HH,,,,1510,manual,0.5,,1720,manual,0.5,20250123T111508Z_20250123T111608Z,,,,,,,,,,,explosion,,,,,,[42.0003 39.9094 31.0739],2014,2025-01-23 11:15:08.380000,earthquake_local,NUR.HE_20250123111508_HH_EV
HE,NUR,HH,,,,3404,manual,0.5,,3644,manual,0.5,20250124T114043Z_20250124T114143Z,,,,,,,,,,,explosion,,,,,,[30.0368 33.5712 24.7176],3980,2025-01-24 11:40:43.840000,earthquake_local,NUR.HE_20250124114043_HH_EV
HE,NUR,HH,,,,5003,manual,0.5,,5342,manual,0.5,20250127T090022Z_20250127T090122Z,,,,,,,,,,,explosion,,,,,,[8.9856 7.6139 0.7030],5817,2025-01-27 09:00:22.584000,earthquake_local,NUR.HE_20250127090022_HH_EV
HE,NUR,HH,,,,1376,manual,0.5,,2806,manual,0.5,20250127T120753Z_20250127T120853Z,,,,,,,,,,,explosion,,,,,,[3.5052 2.0234 4.4061],4808,2025-01-27 12:07:53.844000,earthquake_local,NUR.HE_20250127120753_HH_EV
HE,NUR,HH,,,,4052,manual,0.5,,4512,manual,0.5,20250127T124315Z_20250127T124415Z,,,,,,,,,,,explosion,,,,,,[5.8697 7.2962 6.1453],5156,2025-01-27 12:43:15.308000,earthquake_local,NUR.HE_20250127124315_HH_EV
HE,NUR,HH,,,,1508,manual,0.5,,3161,manual,0.5,20250127T132237Z_20250127T132337Z,,,,,,,,,,,explosion,,,,,,[0.4627 1.9308 8.3456],5475,2025-01-27 13:22:37.604000,earthquake_local,NUR.HE_20250127132237_HH_EV
HE,NUR,HH,,,,3555,manual,0.5,,4558,manual,0.5,20250127T135213Z_20250127T135313Z,,,,,,,,,,,explosion,,,,,,[5.6151 3.3461 2.9672],5962,2025-01-27 13:52:13.496000,earthquake_local,NUR.HE_20250127135213_HH_EV
HE,NUR,HH,,,,1148,manual,0.5,,1529,manual,0.5,20250127T150056Z_20250127T150156Z,,,,,,,,,,,explosion,,,,,,[6.8803 6.3152 1.4696],2062,2025-01-27 15:00:56.188000,earthquake_local,NUR.HE_20250127150056_HH_EV
HE,NUR,HH,,,,2589,manual,0.5,,3425,manual,0.5,20250128T123327Z_20250128T123427Z,,,,,,,,,,,explosion,,,,,,[5.3606 7.3600 8.2964],4595,2025-01-28 12:33:27.456000,earthquake_local,NUR.HE_20250128123327_HH_EV
HE,NUR,HH,,,,3295,manual,0.5,,3674,manual,0.5,20250128T153019Z_20250128T153119Z,,,,,,,,,,,explosion,,,,,,[13.7276 13.6537 12.1351],4205,2025-01-28 15:30:19.012000,earthquake_local,NUR.HE_20250128153019_HH_EV
HE,NUR,HH,,,,1716,manual,0.5,,4225,manual,0.5,20250129T113214Z_20250129T113314Z,,,,,,,,,,,explosion,,,,,,[2.7586 1.5379 1.5419],5999,2025-01-29 11:32:14.064000,earthquake_local,NUR.HE_20250129113214_HH_EV
HE,NUR,HH,,,,2194,manual,0.5,,3214,manual,0.5,20250129T150031Z_20250129T150131Z,,,,,,,,,,,explosion,,,,,,[3.4883 4.4411 6.7759],4642,2025-01-29 15:00:31.668000,earthquake_local,NUR.HE_20250129150031_HH_EV
HE,NUR,HH,,,,2926,manual,0.5,,3407,manual,0.5,20250130T090433Z_20250130T090533Z,,,,,,,,,,,explosion,,,,,,[13.9435 10.5448 10.6118],4080,2025-01-30 09:04:33.348000,earthquake_local,NUR.HE_20250130090433_HH_EV
HE,NUR,HH,,,,2762,manual,0.5,,3994,manual,0.5,20250130T143021Z_20250130T143121Z,,,,,,,,,,,explosion,,,,,,[0.9712 -0.1051 0.1292],5719,2025-01-30 14:30:21.960000,earthquake_local,NUR.HE_20250130143021_HH_EV
HE,NUR,HH,,,,4812,manual,0.5,,5298,manual,0.5,20250130T143718Z_20250130T143818Z,,,,,,,,,,,explosion,,,,,,[12.1413 11.9403 14.8430],5978,2025-01-30 14:37:18.240000,earthquake_local,NUR.HE_20250130143718_HH_EV
HE,NUR,HH,,,,2565,manual,0.5,,2929,manual,0.5,20250131T112953Z_20250131T113053Z,,,,,,,,,,,explosion,,,,,,[20.0077 17.9717 17.1697],3439,2025-01-31 11:29:53.672000,earthquake_local,NUR.HE_20250131112953_HH_EV
HE,NUR,HH,,,,4119,manual,0.5,,4612,manual,0.5,20250203T142831Z_20250203T142931Z,,,,,,,,,,,explosion,,,,,,[13.7375 17.0028 17.8800],5302,2025-02-03 14:28:31.772000,earthquake_local,NUR.HE_20250203142831_HH_EV
HE,NUR,HH,,,,3148,manual,0.5,,3526,manual,0.5,20250203T145936Z_20250203T150036Z,,,,,,,,,,,explosion,,,,,,[13.0572 17.4140 9.2523],4055,2025-02-03 14:59:36.460000,earthquake_local,NUR.HE_20250203145936_HH_EV
HE,NUR,HH,,,,3051,manual,0.5,,3397,manual,0.5,20250204T085923Z_20250204T090023Z,,,,,,,,,,,explosion,,,,,,[10.2289 10.7671 3.6156],3881,2025-02-04 08:59:23.356000,earthquake_local,NUR.HE_20250204085923_HH_EV
HE,NUR,HH,,,,602,manual,0.5,,1068,manual,0.5,20250204T092539Z_20250204T092639Z,,,,,,,,,,,explosion,,,,,,[10.7404 11.0579 7.4372],1720,2025-02-04 09:25:39.336000,earthquake_local,NUR.HE_20250204092539_HH_EV
HE,NUR,HH,,,,2542,manual,0.5,,3855,manual,0.5,20250204T113421Z_20250204T113521Z,,,,,,,,,,,explosion,,,,,,[4.5104 3.6041 3.1702],5693,2025-02-04 11:34:21.616000,earthquake_local,NUR.HE_20250204113421_HH_EV
HE,NUR,HH,,,,4814,manual,0.5,,4996,manual,0.5,20250204T115944Z_20250204T120044Z,,,,,,,,,,,explosion,,,,,,[30.8721 32.8382 19.8072],5251,2025-02-04 11:59:44.084000,earthquake_local,NUR.HE_20250204115944_HH_EV
HE,NUR,HH,,,,753,manual,0.5,,1286,manual,0.5,20250204T123932Z_20250204T124032Z,,,,,,,,,,,explosion,,,,,,[14.5014 15.6821 17.1040],2032,2025-02-04 12:39:32.504000,earthquake_local,NUR.HE_20250204123932_HH_EV
HE,NUR,HH,,,,1171,manual,0.5,,1677,manual,0.5,20250204T142727Z_20250204T142827Z,,,,,,,,,,,explosion,,,,,,[5.3364 7.3500 6.5635],2385,2025-02-04 14:27:27.244000,earthquake_local,NUR.HE_20250204142727_HH_EV
HE,NUR,HH,,,,1992,manual,0.5,,2055,manual,0.5,20250205T105305Z_20250205T105405Z,,,,,,,,,,,explosion,,,,,,[35.9466 39.7156 31.5292],2155,2025-02-05 10:53:05.172000,earthquake_local,NUR.HE_20250205105305_HH_EV
HE,NUR,HH,,,,667,manual,0.5,,1062,manual,0.5,20250205T130041Z_20250205T130141Z,,,,,,,,,,,explosion,,,,,,[10.2401 11.0308 6.4865],1615,2025-02-05 13:00:41.524000,earthquake_local,NUR.HE_20250205130041_HH_EV
HE,NUR,HH,,,,3074,manual,0.5,,3892,manual,0.5,20250205T140444Z_20250205T140544Z,,,,,,,,,,,explosion,,,,,,[2.3950 5.2308 2.5441],5037,2025-02-05 14:04:44.044000,earthquake_local,NUR.HE_20250205140444_HH_EV
HE,NUR,HH,,,,709,manual,0.5,,2139,manual,0.5,20250206T105907Z_20250206T110007Z,,,,,,,,,,,explosion,,,,,,[3.9119 6.3210 4.4930],4141,2025-02-06 10:59:07.644000,earthquake_local,NUR.HE_20250206105907_HH_EV
HE,NUR,HH,,,,599,manual,0.5,,4639,manual,0.5,20250206T114200Z_20250206T114300Z,,,,,,,,,,,explosion,,,,,,[2.2882 2.7947 5.9124],5999,2025-02-06 11:42:00.948000,earthquake_local,NUR.HE_20250206114200_HH_EV
HE,NUR,HH,,,,2373,manual,0.5,,2735,manual,0.5,20250206T130034Z_20250206T130134Z,,,,,,,,,,,explosion,,,,,,[17.2279 12.8397 7.6665],3242,2025-02-06 13:00:34.348000,earthquake_local,NUR.HE_20250206130034_HH_EV
HE,NUR,HH,,,,4407,manual,0.5,,4770,manual,0.5,20250206T140120Z_20250206T140220Z,,,,,,,,,,,explosion,,,,,,[21.7736 22.0575 12.0687],5278,2025-02-06 14:01:20.004000,earthquake_local,NUR.HE_20250206140120_HH_EV
HE,NUR,HH,,,,5121,manual,0.5,,5369,manual,0.5,20250207T114030Z_20250207T114130Z,,,,,,,,,,,explosion,,,,,,[33.2721 30.8389 30.9590],5716,2025-02-07 11:40:30.072000,earthquake_local,NUR.HE_20250207114030_HH_EV
HE,NUR,HH,,,,630,manual,0.5,,3274,manual,0.5,20250208T232104Z_20250208T232204Z,,,,,,,,,,,explosion,,,,,,[1.7989 2.2544 2.3985],5999,2025-02-08 23:21:04.444000,earthquake_local,NUR.HE_20250208232104_HH_EV
HE,NUR,HH,,,,877,manual,0.5,,1375,manual,0.5,20250210T142903Z_20250210T143003Z,,,,,,,,,,,explosion,,,,,,[15.7912 15.0250 15.0052],2072,2025-02-10 14:29:03.480000,earthquake_local,NUR.HE_20250210142903_HH_EV
HE,NUR,HH,,,,3051,manual,0.5,,3501,manual,0.5,20250211T091442Z_20250211T091542Z,,,,,,,,,,,explosion,,,,,,[5.2817 10.0796 7.4198],4131,2025-02-11 09:14:42.548000,earthquake_local,NUR.HE_20250211091442_HH_EV
HE,NUR,HH,,,,2798,manual,0.5,,3092,manual,0.5,20250211T132824Z_20250211T132924Z,,,,,,,,,,,explosion,,,,,,[17.9324 16.1072 8.7612],3504,2025-02-11 13:28:24.504000,earthquake_local,NUR.HE_20250211132824_HH_EV
HE,NUR,HH,,,,4528,manual,0.5,,4692,manual,0.5,20250212T112524Z_20250212T112624Z,,,,,,,,,,,explosion,,,,,,[36.3763 40.9036 31.4714],4922,2025-02-12 11:25:24.788000,earthquake_local,NUR.HE_20250212112524_HH_EV
HE,NUR,HH,,,,1541,manual,0.5,,2033,manual,0.5,20250212T142714Z_20250212T142814Z,,,,,,,,,,,explosion,,,,,,[13.2360 8.1014 7.2311],2722,2025-02-12 14:27:14.592000,earthquake_local,NUR.HE_20250212142714_HH_EV
HE,NUR,HH,,,,2177,manual,0.5,,2544,manual,0.5,20250212T151356Z_20250212T151456Z,,,,,,,,,,,explosion,,,,,,[18.4787 22.7569 17.1029],3058,2025-02-12 15:13:56.876000,earthquake_local,NUR.HE_20250212151356_HH_EV
HE,NUR,HH,,,,2435,manual,0.5,,2689,manual,0.5,20250213T105457Z_20250213T105557Z,,,,,,,,,,,explosion,,,,,,[28.6249 26.8670 24.9444],3045,2025-02-13 10:54:57.724000,earthquake_local,NUR.HE_20250213105457_HH_EV
HE,NUR,HH,,,,2449,manual,0.5,,2845,manual,0.5,20250213T112945Z_20250213T113045Z,,,,,,,,,,,explosion,,,,,,[24.3683 22.1114 14.1770],3399,2025-02-13 11:29:45.880000,earthquake_local,NUR.HE_20250213112945_HH_EV
HE,NUR,HH,,,,1761,manual,0.5,,2271,manual,0.5,20250213T150804Z_20250213T150904Z,,,,,,,,,,,explosion,,,,,,[12.6812 11.4165 11.9590],2985,2025-02-13 15:08:04.076000,earthquake_local,NUR.HE_20250213150804_HH_EV
HE,NUR,HH,,,,1587,manual,0.5,,2180,manual,0.5,20250214T110626Z_20250214T110726Z,,,,,,,,,,,explosion,,,,,,[18.9928 17.2255 17.0877],3010,2025-02-14 11:06:26.100000,earthquake_local,NUR.HE_20250214110626_HH_EV
HE,NUR,HH,,,,3336,manual,0.5,,3745,manual,0.5,20250214T122549Z_20250214T122649Z,,,,,,,,,,,explosion,,,,,,[1.8558 5.1440 3.7465],4318,2025-02-14 12:25:49.204000,earthquake_local,NUR.HE_20250214122549_HH_EV
HE,NUR,HH,,,,584,manual,0.5,,920,manual,0.5,20250217T152820Z_20250217T152920Z,,,,,,,,,,,explosion,,,,,,[20.7338 23.3246 16.9052],1390,2025-02-17 15:28:20.208000,earthquake_local,NUR.HE_20250217152820_HH_EV
HE,NUR,HH,,,,3116,manual,0.5,,3605,manual,0.5,20250218T093013Z_20250218T093113Z,,,,,,,,,,,explosion,,,,,,[9.5591 8.2110 13.0756],4290,2025-02-18 09:30:13.208000,earthquake_local,NUR.HE_20250218093013_HH_EV
HE,NUR,HH,,,,3137,manual,0.5,,3400,manual,0.5,20250218T114042Z_20250218T114142Z,,,,,,,,,,,explosion,,,,,,[31.6773 35.3657 24.2390],3768,2025-02-18 11:40:42.080000,earthquake_local,NUR.HE_20250218114042_HH_EV
HE,NUR,HH,,,,1577,manual,0.5,,3004,manual,0.5,20250218T115912Z_20250218T120012Z,,,,,,,,,,,explosion,,,,,,[2.2629 0.3583 2.5122],5002,2025-02-18 11:59:12.936000,earthquake_local,NUR.HE_20250218115912_HH_EV
HE,NUR,HH,,,,3052,manual,0.5,,3497,manual,0.5,20250218T133626Z_20250218T133726Z,,,,,,,,,,,explosion,,,,,,[15.2045 16.0753 16.6708],4120,2025-02-18 13:36:26.812000,earthquake_local,NUR.HE_20250218133626_HH_EV
HE,NUR,HH,,,,1217,manual,0.5,,1723,manual,0.5,20250218T142942Z_20250218T143042Z,,,,,,,,,,,explosion,,,,,,[11.0331 10.7615 13.5053],2431,2025-02-18 14:29:42.680000,earthquake_local,NUR.HE_20250218142942_HH_EV
HE,NUR,HH,,,,1207,manual,0.5,,1573,manual,0.5,20250218T155627Z_20250218T155727Z,,,,,,,,,,,explosion,,,,,,[17.8103 18.8366 17.2215],2085,2025-02-18 15:56:27.420000,earthquake_local,NUR.HE_20250218155627_HH_EV
HE,NUR,HH,,,,3905,manual,0.5,,4241,manual,0.5,20250219T113013Z_20250219T113113Z,,,,,,,,,,,explosion,,,,,,[10.5608 9.3538 7.7381],4711,2025-02-19 11:30:13.756000,earthquake_local,NUR.HE_20250219113013_HH_EV
HE,NUR,HH,,,,2771,manual,0.5,,3881,manual,0.5,20250219T114023Z_20250219T114123Z,,,,,,,,,,,explosion,,,,,,[3.5909 2.7531 6.7468],5435,2025-02-19 11:40:23.200000,earthquake_local,NUR.HE_20250219114023_HH_EV
HE,NUR,HH,,,,1032,manual,0.5,,1385,manual,0.5,20250219T135529Z_20250219T135629Z,,,,,,,,,,,explosion,,,,,,[9.7774 9.6248 12.7574],1879,2025-02-19 13:55:29.608000,earthquake_local,NUR.HE_20250219135529_HH_EV
HE,NUR,HH,,,,1463,manual,0.5,,1852,manual,0.5,20250219T135958Z_20250219T140058Z,,,,,,,,,,,explosion,,,,,,[10.1882 11.5135 12.1843],2397,2025-02-19 13:59:58.840000,earthquake_local,NUR.HE_20250219135958_HH_EV
HE,NUR,HH,,,,747,manual,0.5,,1227,manual,0.5,20250219T142725Z_20250219T142825Z,,,,,,,,,,,explosion,,,,,,[16.8361 15.8018 21.9584],1899,2025-02-19 14:27:25.540000,earthquake_local,NUR.HE_20250219142725_HH_EV
HE,NUR,HH,,,,1781,manual,0.5,,2121,manual,0.5,20250219T152805Z_20250219T152905Z,,,,,,,,,,,explosion,,,,,,[10.8560 5.3318 2.8656],2597,2025-02-19 15:28:05.164000,earthquake_local,NUR.HE_20250219152805_HH_EV
HE,NUR,HH,,,,858,manual,0.5,,2598,manual,0.5,20250220T092110Z_20250220T092210Z,,,,,,,,,,,explosion,,,,,,[3.5794 3.3104 1.3498],5034,2025-02-20 09:21:10.256000,earthquake_local,NUR.HE_20250220092110_HH_EV
HE,NUR,HH,,,,3973,manual,0.5,,5469,manual,0.5,20250220T093239Z_20250220T093339Z,,,,,,,,,,,explosion,,,,,,[-1.5048 -0.3825 3.8983],5999,2025-02-20 09:32:39.960000,earthquake_local,NUR.HE_20250220093239_HH_EV
HE,NUR,HH,,,,1433,manual,0.5,,1797,manual,0.5,20250220T112724Z_20250220T112824Z,,,,,,,,,,,explosion,,,,,,[22.8306 23.0628 15.0936],2307,2025-02-20 11:27:24.520000,earthquake_local,NUR.HE_20250220112724_HH_EV
HE,NUR,HH,,,,2873,manual,0.5,,3430,manual,0.5,20250220T113628Z_20250220T113728Z,,,,,,,,,,,explosion,,,,,,[7.5586 8.3140 12.0980],4210,2025-02-20 11:36:28.944000,earthquake_local,NUR.HE_20250220113628_HH_EV
HE,NUR,HH,,,,3063,manual,0.5,,3863,manual,0.5,20250220T121338Z_20250220T121438Z,,,,,,,,,,,explosion,,,,,,[14.9811 6.3287 6.6337],4983,2025-02-20 12:13:38.520000,earthquake_local,NUR.HE_20250220121338_HH_EV
HE,NUR,HH,,,,3162,manual,0.5,,3515,manual,0.5,20250220T140229Z_20250220T140329Z,,,,,,,,,,,explosion,,,,,,[23.1970 21.1872 18.2728],4009,2025-02-20 14:02:29.952000,earthquake_local,NUR.HE_20250220140229_HH_EV
HE,NUR,HH,,,,1042,manual,0.5,,1538,manual,0.5,20250220T152951Z_20250220T153051Z,,,,,,,,,,,explosion,,,,,,[10.8954 11.3284 10.2933],2232,2025-02-20 15:29:51.252000,earthquake_local,NUR.HE_20250220152951_HH_EV
HE,NUR,HH,,,,2342,manual,0.5,,2753,manual,0.5,20250220T155538Z_20250220T155638Z,,,,,,,,,,,explosion,,,,,,[16.6177 17.3029 19.1030],3328,2025-02-20 15:55:38.400000,earthquake_local,NUR.HE_20250220155538_HH_EV
HE,NUR,HH,,,,4033,manual,0.5,,4411,manual,0.5,20250221T085931Z_20250221T090031Z,,,,,,,,,,,explosion,,,,,,[11.4934 11.8337 6.5316],4940,2025-02-21 08:59:31.892000,earthquake_local,NUR.HE_20250221085931_HH_EV
HE,NUR,HH,,,,4095,manual,0.5,,4693,manual,0.5,20250221T100009Z_20250221T100109Z,,,,,,,,,,,explosion,,,,,,[10.9999 11.7837 14.6106],5530,2025-02-21 10:00:09.648000,earthquake_local,NUR.HE_20250221100009_HH_EV
HE,NUR,HH,,,,1845,manual,0.5,,4349,manual,0.5,20250221T115415Z_20250221T115515Z,,,,,,,,,,,explosion,,,,,,[1.5775 2.8364 0.4352],5999,2025-02-21 11:54:15.132000,earthquake_local,NUR.HE_20250221115415_HH_EV
HE,NUR,HH,,,,2489,manual,0.5,,4599,manual,0.5,20250224T110858Z_20250224T110958Z,,,,,,,,,,,explosion,,,,,,[0.7168 1.7287 3.7946],5999,2025-02-24 11:08:58.000000,earthquake_local,NUR.HE_20250224110858_HH_EV
HE,NUR,HH,,,,696,manual,0.5,,1041,manual,0.5,20250224T120057Z_20250224T120157Z,,,,,,,,,,,explosion,,,,,,[13.3288 11.0242 11.3340],1524,2025-02-24 12:00:57.724000,earthquake_local,NUR.HE_20250224120057_HH_EV
HE,NUR,HH,,,,1298,manual,0.5,,1467,manual,0.5,20250224T121002Z_20250224T121102Z,,,,,,,,,,,explosion,,,,,,[37.9159 40.3460 28.8877],1704,2025-02-24 12:10:02.920000,earthquake_local,NUR.HE_20250224121002_HH_EV
HE,NUR,HH,,,,3413,manual,0.5,,3916,manual,0.5,20250224T141312Z_20250224T141412Z,,,,,,,,,,,explosion,,,,,,[15.4078 14.6308 12.3034],4620,2025-02-24 14:13:12.744000,earthquake_local,NUR.HE_20250224141312_HH_EV
HE,NUR,HH,,,,2092,manual,0.5,,2572,manual,0.5,20250224T154207Z_20250224T154307Z,,,,,,,,,,,explosion,,,,,,[14.8572 15.6418 11.6445],3244,2025-02-24 15:42:07.744000,earthquake_local,NUR.HE_20250224154207_HH_EV
HE,NUR,HH,,,,1888,manual,0.5,,4338,manual,0.5,20250224T202225Z_20250224T202325Z,,,,,,,,,,,explosion,,,,,,[2.7653 -0.8927 0.0700],5999,2025-02-24 20:22:25.972000,earthquake_local,NUR.HE_20250224202225_HH_EV
HE,NUR,HH,,,,4799,manual,0.5,,5423,manual,0.5,20250225T101703Z_20250225T101803Z,,,,,,,,,,,explosion,,,,,,[11.4493 8.7042 6.8128],5999,2025-02-25 10:17:03.644000,earthquake_local,NUR.HE_20250225101703_HH_EV
HE,NUR,HH,,,,2929,manual,0.5,,5282,manual,0.5,20250225T121859Z_20250225T121959Z,,,,,,,,,,,explosion,,,,,,[3.0923 5.8709 -0.2684],5999,2025-02-25 12:18:59.684000,earthquake_local,NUR.HE_20250225121859_HH_EV
HE,NUR,HH,,,,940,manual,0.5,,3585,manual,0.5,20250226T124021Z_20250226T124121Z,,,,,,,,,,,explosion,,,,,,[4.8290 2.7994 1.7066],5999,2025-02-26 12:40:21.840000,earthquake_local,NUR.HE_20250226124021_HH_EV
HE,NUR,HH,,,,1610,manual,0.5,,1972,manual,0.5,20250226T130021Z_20250226T130121Z,,,,,,,,,,,explosion,,,,,,[14.8515 14.2427 15.8065],2479,2025-02-26 13:00:21.956000,earthquake_local,NUR.HE_20250226130021_HH_EV
HE,NUR,HH,,,,2606,manual,0.5,,2983,manual,0.5,20250226T152944Z_20250226T153044Z,,,,,,,,,,,explosion,,,,,,[10.5908 11.3974 7.5647],3511,2025-02-26 15:29:44.800000,earthquake_local,NUR.HE_20250226152944_HH_EV
HE,NUR,HH,,,,2121,manual,0.5,,2511,manual,0.5,20250227T085950Z_20250227T090050Z,,,,,,,,,,,explosion,,,,,,[25.0641 18.0756 12.3493],3057,2025-02-27 08:59:50.172000,earthquake_local,NUR.HE_20250227085950_HH_EV
HE,NUR,HH,,,,2944,manual,0.5,,3173,manual,0.5,20250227T105642Z_20250227T105742Z,,,,,,,,,,,explosion,,,,,,[26.4241 28.2486 23.4996],3494,2025-02-27 10:56:42.276000,earthquake_local,NUR.HE_20250227105642_HH_EV
HE,NUR,HH,,,,1276,manual,0.5,,1750,manual,0.5,20250227T154211Z_20250227T154311Z,,,,,,,,,,,explosion,,,,,,[10.9607 6.7599 2.2547],2414,2025-02-27 15:42:11.184000,earthquake_local,NUR.HE_20250227154211_HH_EV
HE,NUR,HH,,,,594,manual,0.5,,3534,manual,0.5,20250228T075821Z_20250228T075921Z,,,,,,,,,,,explosion,,,,,,[3.3896 5.1341 2.9678],5999,2025-02-28 07:58:21.456000,earthquake_local,NUR.HE_20250228075821_HH_EV
HE,NUR,HH,,,,3384,manual,0.5,,3735,manual,0.5,20250228T085525Z_20250228T085625Z,,,,,,,,,,,explosion,,,,,,[7.0555 9.1714 2.9277],4226,2025-02-28 08:55:25.836000,earthquake_local,NUR.HE_20250228085525_HH_EV
HE,NUR,HH,,,,1541,manual,0.5,,1977,manual,0.5,20250228T104308Z_20250228T104408Z,,,,,,,,,,,explosion,,,,,,[0.8277 3.4688 1.6126],2587,2025-02-28 10:43:08.348000,earthquake_local,NUR.HE_20250228104308_HH_EV
HE,NUR,HH,,,,2677,manual,0.5,,2887,manual,0.5,20250228T105142Z_20250228T105242Z,,,,,,,,,,,explosion,,,,,,[26.7748 28.6442 21.0421],3181,2025-02-28 10:51:42.928000,earthquake_local,NUR.HE_20250228105142_HH_EV
HE,OBF0,HH,,,,4042,manual,0.5,,4472,manual,0.5,20250102T115057Z_20250102T115157Z,,,,,,,,,,,explosion,,,,,,[2.0935 -0.1758 1.6908],5074,2025-01-02 11:50:57.664000,earthquake_local,OBF0.HE_20250102115057_HH_EV
HE,OBF0,HH,,,,1364,manual,0.5,,4240,manual,0.5,20250103T114151Z_20250103T114251Z,,,,,,,,,,,explosion,,,,,,[0.1990 -0.5418 0.0488],5999,2025-01-03 11:41:51.440000,earthquake_local,OBF0.HE_20250103114151_HH_EV
HE,OBF0,HH,,,,690,manual,0.5,,3020,manual,0.5,20250103T123028Z_20250103T123128Z,,,,,,,,,,,explosion,,,,,,[2.0788 0.7584 -0.2319],5999,2025-01-03 12:30:28.816000,earthquake_local,OBF0.HE_20250103123028_HH_EV
HE,OBF0,HH,,,,2483,manual,0.5,,4137,manual,0.5,20250107T113216Z_20250107T113316Z,,,,,,,,,,,explosion,,,,,,[-1.0904 -0.3284 -0.1601],5999,2025-01-07 11:32:16.676000,earthquake_local,OBF0.HE_20250107113216_HH_EV
HE,OBF0,HH,,,,1339,manual,0.5,,3615,manual,0.5,20250108T120200Z_20250108T120300Z,,,,,,,,,,,explosion,,,,,,[1.7842 -0.4599 0.3563],5999,2025-01-08 12:02:00.688000,earthquake_local,OBF0.HE_20250108120200_HH_EV
HE,OBF0,HH,,,,2438,manual,0.5,,4659,manual,0.5,20250110T090242Z_20250110T090342Z,,,,,,,,,,,explosion,,,,,,[0.6493 -0.2540 0.0398],5999,2025-01-10 09:02:42.172000,earthquake_local,OBF0.HE_20250110090242_HH_EV
HE,OBF0,HH,,,,594,manual,0.5,,2553,manual,0.5,20250110T100541Z_20250110T100641Z,,,,,,,,,,,explosion,,,,,,[1.7331 -0.7336 0.0057],5296,2025-01-10 10:05:41.904000,earthquake_local,OBF0.HE_20250110100541_HH_EV
HE,OBF0,HH,,,,1033,manual,0.5,,3282,manual,0.5,20250110T124812Z_20250110T124912Z,,,,,,,,,,,explosion,,,,,,[-0.8696 -0.0979 0.0075],5999,2025-01-10 12:48:12.208000,earthquake_local,OBF0.HE_20250110124812_HH_EV
HE,OBF0,HH,,,,806,manual,0.5,,3010,manual,0.5,20250112T005016Z_20250112T005116Z,,,,,,,,,,,explosion,,,,,,[-0.5645 0.7367 -0.0381],5999,2025-01-12 00:50:16.272000,earthquake_local,OBF0.HE_20250112005016_HH_EV
HE,OBF0,HH,,,,1053,manual,0.5,,3191,manual,0.5,20250113T110112Z_20250113T110212Z,,,,,,,,,,,explosion,,,,,,[-1.0583 0.4515 -0.0195],5999,2025-01-13 11:01:12.908000,earthquake_local,OBF0.HE_20250113110112_HH_EV
HE,OBF0,HH,,,,2500,manual,0.5,,4279,manual,0.5,20250113T123011Z_20250113T123111Z,,,,,,,,,,,explosion,,,,,,[9.0687 3.5967 -0.7752],5999,2025-01-13 12:30:11.968000,earthquake_local,OBF0.HE_20250113123011_HH_EV
HE,OBF0,HH,,,,586,manual,0.5,,3394,manual,0.5,20250114T112621Z_20250114T112721Z,,,,,,,,,,,explosion,,,,,,[1.5759 -0.8094 0.1862],5999,2025-01-14 11:26:21.716000,earthquake_local,OBF0.HE_20250114112621_HH_EV
HE,OBF0,HH,,,,3000,manual,0.5,,4855,manual,0.5,20250114T113712Z_20250114T113812Z,,,,,,,,,,,explosion,,,,,,[1.6918 0.2808 -0.0203],5999,2025-01-14 11:37:12.904000,earthquake_local,OBF0.HE_20250114113712_HH_EV
HE,OBF0,HH,,,,1925,manual,0.5,,3000,manual,0.5,20250116T112447Z_20250116T112547Z,,,,,,,,,,,explosion,,,,,,[-0.9840 0.2038 -1.6825],4505,2025-01-16 11:24:47.224000,earthquake_local,OBF0.HE_20250116112447_HH_EV
HE,OBF0,HH,,,,3134,manual,0.5,,5436,manual,0.5,20250116T120556Z_20250116T120656Z,,,,,,,,,,,explosion,,,,,,[1.8716 0.6275 -5.1142],5999,2025-01-16 12:05:56.524000,earthquake_local,OBF0.HE_20250116120556_HH_EV
HE,OBF0,HH,,,,3889,manual,0.5,,4370,manual,0.5,20250120T100929Z_20250120T101029Z,,,,,,,,,,,explosion,,,,,,[-2.0851 0.0356 0.2808],5043,2025-01-20 10:09:29.596000,earthquake_local,OBF0.HE_20250120100929_HH_EV
HE,OBF0,HH,,,,524,manual,0.5,,2641,manual,0.5,20250120T103234Z_20250120T103334Z,,,,,,,,,,,explosion,,,,,,[-1.1977 0.5385 0.0960],5605,2025-01-20 10:32:34.400000,earthquake_local,OBF0.HE_20250120103234_HH_EV
HE,OBF0,HH,,,,2054,manual,0.5,,4880,manual,0.5,20250120T113712Z_20250120T113812Z,,,,,,,,,,,explosion,,,,,,[8.6399 0.4022 -0.0780],5999,2025-01-20 11:37:12.840000,earthquake_local,OBF0.HE_20250120113712_HH_EV
HE,OBF0,HH,,,,928,manual,0.5,,4588,manual,0.5,20250121T121921Z_20250121T122021Z,,,,,,,,,,,explosion,,,,,,[2.8721 0.4840 0.1476],5999,2025-01-21 12:19:21.396000,earthquake_local,OBF0.HE_20250121121921_HH_EV
HE,OBF0,HH,,,,2933,manual,0.5,,5283,manual,0.5,20250122T120320Z_20250122T120420Z,,,,,,,,,,,explosion,,,,,,[0.1610 -0.4129 -0.5505],5999,2025-01-22 12:03:20.692000,earthquake_local,OBF0.HE_20250122120320_HH_EV
HE,OBF0,HH,,,,2680,manual,0.5,,4689,manual,0.5,20250122T142426Z_20250122T142526Z,,,,,,,,,,,explosion,,,,,,[0.4211 0.1287 0.3067],5999,2025-01-22 14:24:26.408000,earthquake_local,OBF0.HE_20250122142426_HH_EV
HE,OBF0,HH,,,,931,manual,0.5,,2263,manual,0.5,20250123T074913Z_20250123T075013Z,,,,,,,,,,,explosion,,,,,,[2.3507 0.0320 -0.0066],4128,2025-01-23 07:49:13.868000,earthquake_local,OBF0.HE_20250123074913_HH_EV
HE,OBF0,HH,,,,825,manual,0.5,,1944,manual,0.5,20250123T111114Z_20250123T111214Z,,,,,,,,,,,explosion,,,,,,[-0.1490 0.3955 0.0081],3511,2025-01-23 11:11:14.136000,earthquake_local,OBF0.HE_20250123111114_HH_EV
HE,OBF0,HH,,,,1020,manual,0.5,,3317,manual,0.5,20250123T120753Z_20250123T120853Z,,,,,,,,,,,explosion,,,,,,[-0.4085 0.0115 0.0748],5999,2025-01-23 12:07:53.352000,earthquake_local,OBF0.HE_20250123120753_HH_EV
HE,OBF0,HH,,,,2913,manual,0.5,,5242,manual,0.5,20250123T123152Z_20250123T123252Z,,,,,,,,,,,explosion,,,,,,[-0.5279 0.8463 -0.0131],5999,2025-01-23 12:31:52.184000,earthquake_local,OBF0.HE_20250123123152_HH_EV
HE,OBF0,HH,,,,1407,manual,0.5,,4191,manual,0.5,20250124T113840Z_20250124T113940Z,,,,,,,,,,,explosion,,,,,,[-0.0027 0.7000 -0.0340],5999,2025-01-24 11:38:40.812000,earthquake_local,OBF0.HE_20250124113840_HH_EV
HE,OBF0,HH,,,,570,manual,0.5,,3010,manual,0.5,20250128T133614Z_20250128T133714Z,,,,,,,,,,,explosion,,,,,,[0.0493 0.4400 -0.4211],5999,2025-01-28 13:36:14.876000,earthquake_local,OBF0.HE_20250128133614_HH_EV
HE,OBF0,HH,,,,3226,manual,0.5,,4184,manual,0.5,20250130T093805Z_20250130T093905Z,,,,,,,,,,,explosion,,,,,,[0.2796 -0.0773 -0.0175],5525,2025-01-30 09:38:05.300000,earthquake_local,OBF0.HE_20250130093805_HH_EV
HE,OBF0,HH,,,,2971,manual,0.5,,5285,manual,0.5,20250130T120522Z_20250130T120622Z,,,,,,,,,,,explosion,,,,,,[0.1468 -0.0768 0.0504],5999,2025-01-30 12:05:22.452000,earthquake_local,OBF0.HE_20250130120522_HH_EV
HE,OBF0,HH,,,,3156,manual,0.5,,3572,manual,0.5,20250131T081653Z_20250131T081753Z,,,,,,,,,,,explosion,,,,,,[1.0010 0.3239 0.0497],4154,2025-01-31 08:16:53.160000,earthquake_local,OBF0.HE_20250131081653_HH_EV
HE,OBF0,HH,,,,1773,manual,0.5,,3301,manual,0.5,20250131T111645Z_20250131T111745Z,,,,,,,,,,,explosion,,,,,,[-0.7800 0.2905 -0.3871],5440,2025-01-31 11:16:45.032000,earthquake_local,OBF0.HE_20250131111645_HH_EV
HE,OBF0,HH,,,,2860,manual,0.5,,5033,manual,0.5,20250205T005214Z_20250205T005314Z,,,,,,,,,,,explosion,,,,,,[-0.9818 -3.3428 0.5419],5999,2025-02-05 00:52:14.824000,earthquake_local,OBF0.HE_20250205005214_HH_EV
HE,OBF0,HH,,,,3232,manual,0.5,,3990,manual,0.5,20250205T121450Z_20250205T121550Z,,,,,,,,,,,explosion,,,,,,[-1.3989 -0.4639 -0.0887],5051,2025-02-05 12:14:50.460000,earthquake_local,OBF0.HE_20250205121450_HH_EV
HE,OBF0,HH,,,,2342,manual,0.5,,4049,manual,0.5,20250206T084828Z_20250206T084928Z,,,,,,,,,,,explosion,,,,,,[-1.0358 -0.4173 0.1767],5999,2025-02-06 08:48:28.748000,earthquake_local,OBF0.HE_20250206084828_HH_EV
HE,OBF0,HH,,,,2902,manual,0.5,,5192,manual,0.5,20250206T090222Z_20250206T090322Z,,,,,,,,,,,explosion,,,,,,[-0.9262 0.8585 -0.1153],5999,2025-02-06 09:02:22.564000,earthquake_local,OBF0.HE_20250206090222_HH_EV
HE,OBF0,HH,,,,1513,manual,0.5,,3833,manual,0.5,20250206T115543Z_20250206T115643Z,,,,,,,,,,,explosion,,,,,,[-0.7353 0.1847 0.0444],5999,2025-02-06 11:55:43.352000,earthquake_local,OBF0.HE_20250206115543_HH_EV
HE,OBF0,HH,,,,796,manual,0.5,,3360,manual,0.5,20250206T123743Z_20250206T123843Z,,,,,,,,,,,explosion,,,,,,[-1.8166 -0.3985 0.0382],5999,2025-02-06 12:37:43.616000,earthquake_local,OBF0.HE_20250206123743_HH_EV
HE,OBF0,HH,,,,1341,manual,0.5,,2963,manual,0.5,20250206T170147Z_20250206T170247Z,,,,,,,,,,,explosion,,,,,,[-2.5643 1.4338 -1.5600],5234,2025-02-06 17:01:47.992000,earthquake_local,OBF0.HE_20250206170147_HH_EV
HE,OBF0,HH,,,,2509,manual,0.5,,4343,manual,0.5,20250207T094431Z_20250207T094531Z,,,,,,,,,,,explosion,,,,,,[2.7701 -0.1158 -2.7218],5999,2025-02-07 09:44:31.992000,earthquake_local,OBF0.HE_20250207094431_HH_EV
HE,OBF0,HH,,,,2820,manual,0.5,,5073,manual,0.5,20250207T130616Z_20250207T130716Z,,,,,,,,,,,explosion,,,,,,[-1.5794 -0.4582 0.8873],5999,2025-02-07 13:06:16.132000,earthquake_local,OBF0.HE_20250207130616_HH_EV
HE,OBF0,HH,,,,1847,manual,0.5,,3899,manual,0.5,20250212T103921Z_20250212T104021Z,,,,,,,,,,,explosion,,,,,,[-0.2840 -0.3545 0.1150],5999,2025-02-12 10:39:21.472000,earthquake_local,OBF0.HE_20250212103921_HH_EV
HE,OBF0,HH,,,,1469,manual,0.5,,2336,manual,0.5,20250213T091608Z_20250213T091708Z,,,,,,,,,,,explosion,,,,,,[1.1359 0.4314 0.2097],3550,2025-02-13 09:16:08.140000,earthquake_local,OBF0.HE_20250213091608_HH_EV
HE,OBF0,HH,,,,723,manual,0.5,,3693,manual,0.5,20250214T094732Z_20250214T094832Z,,,,,,,,,,,explosion,,,,,,[0.4083 -0.2034 0.1637],5999,2025-02-14 09:47:32.048000,earthquake_local,OBF0.HE_20250214094732_HH_EV
HE,OBF0,HH,,,,2020,manual,0.5,,3838,manual,0.5,20250214T103058Z_20250214T103158Z,,,,,,,,,,,explosion,,,,,,[0.4595 0.2911 -0.0564],5999,2025-02-14 10:30:58.880000,earthquake_local,OBF0.HE_20250214103058_HH_EV
HE,OBF0,HH,,,,811,manual,0.5,,3155,manual,0.5,20250216T235009Z_20250216T235109Z,,,,,,,,,,,explosion,,,,,,[-0.0905 0.1541 -0.0600],5999,2025-02-16 23:50:09.672000,earthquake_local,OBF0.HE_20250216235009_HH_EV
HE,OBF0,HH,,,,1461,manual,0.5,,3133,manual,0.5,20250218T080424Z_20250218T080524Z,,,,,,,,,,,explosion,,,,,,[0.7267 1.1830 -0.0750],5474,2025-02-18 08:04:24.728000,earthquake_local,OBF0.HE_20250218080424_HH_EV
HE,OBF0,HH,,,,2625,manual,0.5,,4072,manual,0.5,20250219T124508Z_20250219T124608Z,,,,,,,,,,,explosion,,,,,,[0.8289 0.1316 -0.0174],5999,2025-02-19 12:45:08.472000,earthquake_local,OBF0.HE_20250219124508_HH_EV
HE,OBF0,HH,,,,2831,manual,0.5,,3940,manual,0.5,20250219T134058Z_20250219T134158Z,,,,,,,,,,,explosion,,,,,,[1.4914 0.7356 0.0221],5493,2025-02-19 13:40:58.368000,earthquake_local,OBF0.HE_20250219134058_HH_EV
HE,OBF0,HH,,,,923,manual,0.5,,3543,manual,0.5,20250220T111250Z_20250220T111350Z,,,,,,,,,,,explosion,,,,,,[-0.1850 0.5113 0.2347],5999,2025-02-20 11:12:50.088000,earthquake_local,OBF0.HE_20250220111250_HH_EV
HE,OBF0,HH,,,,3578,manual,0.5,,5314,manual,0.5,20250220T131701Z_20250220T131801Z,,,,,,,,,,,explosion,,,,,,[0.6075 -0.1685 -0.0283],5999,2025-02-20 13:17:01.436000,earthquake_local,OBF0.HE_20250220131701_HH_EV
HE,OBF0,HH,,,,2986,manual,0.5,,4359,manual,0.5,20250221T130246Z_20250221T130346Z,,,,,,,,,,,explosion,,,,,,[1.2495 0.4779 0.2475],5999,2025-02-21 13:02:46.728000,earthquake_local,OBF0.HE_20250221130246_HH_EV
HE,OBF0,HH,,,,1707,manual,0.5,,2762,manual,0.5,20250224T075828Z_20250224T075928Z,,,,,,,,,,,explosion,,,,,,[0.6209 -0.0289 0.2052],4239,2025-02-24 07:58:28.004000,earthquake_local,OBF0.HE_20250224075828_HH_EV
HE,OBF0,HH,,,,2890,manual,0.5,,5048,manual,0.5,20250224T102752Z_20250224T102852Z,,,,,,,,,,,explosion,,,,,,[-0.3347 -0.4310 0.4172],5999,2025-02-24 10:27:52.268000,earthquake_local,OBF0.HE_20250224102752_HH_EV
HE,OBF0,HH,,,,4163,manual,0.5,,5380,manual,0.5,20250224T133629Z_20250224T133729Z,,,,,,,,,,,explosion,,,,,,[1.1487 0.9752 -0.6288],5999,2025-02-24 13:36:29.576000,earthquake_local,OBF0.HE_20250224133629_HH_EV
HE,OBF0,HH,,,,1505,manual,0.5,,2573,manual,0.5,20250225T132033Z_20250225T132133Z,,,,,,,,,,,explosion,,,,,,[-1.2916 -0.2682 -0.9289],4068,2025-02-25 13:20:33.952000,earthquake_local,OBF0.HE_20250225132033_HH_EV
HE,OBF0,HH,,,,1646,manual,0.5,,4468,manual,0.5,20250226T105638Z_20250226T105738Z,,,,,,,,,,,explosion,,,,,,[-1.3327 0.5417 0.1895],5999,2025-02-26 10:56:38.804000,earthquake_local,OBF0.HE_20250226105638_HH_EV
HE,OBF0,HH,,,,706,manual,0.5,,1940,manual,0.5,20250226T124824Z_20250226T124924Z,,,,,,,,,,,explosion,,,,,,[0.4894 0.1526 -1.3136],3668,2025-02-26 12:48:24.840000,earthquake_local,OBF0.HE_20250226124824_HH_EV
HE,OBF0,HH,,,,2700,manual,0.5,,5068,manual,0.5,20250226T131829Z_20250226T131929Z,,,,,,,,,,,explosion,,,,,,[-0.0446 -0.6598 -0.2356],5999,2025-02-26 13:18:29.676000,earthquake_local,OBF0.HE_20250226131829_HH_EV
HE,OBF0,HH,,,,2005,manual,0.5,,4439,manual,0.5,20250226T140543Z_20250226T140643Z,,,,,,,,,,,explosion,,,,,,[0.5397 0.5166 -0.7993],5999,2025-02-26 14:05:43.788000,earthquake_local,OBF0.HE_20250226140543_HH_EV
HE,OBF0,HH,,,,891,manual,0.5,,3631,manual,0.5,20250227T091422Z_20250227T091522Z,,,,,,,,,,,explosion,,,,,,[0.2069 -0.1476 -0.0166],5999,2025-02-27 09:14:22.668000,earthquake_local,OBF0.HE_20250227091422_HH_EV
HE,OBF0,HH,,,,2129,manual,0.5,,3636,manual,0.5,20250227T114843Z_20250227T114943Z,,,,,,,,,,,explosion,,,,,,[0.1529 -0.1152 -0.2625],5746,2025-02-27 11:48:43.876000,earthquake_local,OBF0.HE_20250227114843_HH_EV
HE,OBF0,HH,,,,2651,manual,0.5,,4555,manual,0.5,20250227T121100Z_20250227T121200Z,,,,,,,,,,,explosion,,,,,,[1.0793 0.0510 0.0269],5999,2025-02-27 12:11:00.712000,earthquake_local,OBF0.HE_20250227121100_HH_EV
HE,OBF0,HH,,,,3208,manual,0.5,,4926,manual,0.5,20250228T095908Z_20250228T100008Z,,,,,,,,,,,explosion,,,,,,[0.5456 1.6658 -1.1744],5999,2025-02-28 09:59:08.048000,earthquake_local,OBF0.HE_20250228095908_HH_EV
HE,OBF3,HH,,,,1095,manual,0.5,,4085,manual,0.5,20250103T114155Z_20250103T114255Z,,,,,,,,,,,explosion,,,,,,[0.1707 -0.0464 -0.0575],5999,2025-01-03 11:41:55.428000,earthquake_local,OBF3.HE_20250103114155_HH_EV
HE,OBF3,HH,,,,666,manual,0.5,,2860,manual,0.5,20250103T123028Z_20250103T123128Z,,,,,,,,,,,explosion,,,,,,[-0.1641 -0.0952 -0.0652],5932,2025-01-03 12:30:28.112000,earthquake_local,OBF3.HE_20250103123028_HH_EV
HE,OBF3,HH,,,,1564,manual,0.5,,5338,manual,0.5,20250104T131540Z_20250104T131640Z,,,,,,,,,,,explosion,,,,,,[0.5111 0.0082 0.0598],5999,2025-01-04 13:15:40.540000,earthquake_local,OBF3.HE_20250104131540_HH_EV
HE,OBF3,HH,,,,2575,manual,0.5,,4515,manual,0.5,20250107T113220Z_20250107T113320Z,,,,,,,,,,,explosion,,,,,,[0.4130 -0.2471 -0.0909],5999,2025-01-07 11:32:20.124000,earthquake_local,OBF3.HE_20250107113220_HH_EV
HE,OBF3,HH,,,,1683,manual,0.5,,3907,manual,0.5,20250108T090551Z_20250108T090651Z,,,,,,,,,,,explosion,,,,,,[-0.3674 0.5892 -0.1588],5999,2025-01-08 09:05:51.988000,earthquake_local,OBF3.HE_20250108090551_HH_EV
HE,OBF3,HH,,,,1972,manual,0.5,,4435,manual,0.5,20250109T100352Z_20250109T100452Z,,,,,,,,,,,explosion,,,,,,[-0.0877 0.0224 -0.0139],5999,2025-01-09 10:03:52.232000,earthquake_local,OBF3.HE_20250109100352_HH_EV
HE,OBF3,HH,,,,872,manual,0.5,,3979,manual,0.5,20250109T103449Z_20250109T103549Z,,,,,,,,,,,explosion,,,,,,[0.1957 0.5006 -0.0987],5999,2025-01-09 10:34:49.168000,earthquake_local,OBF3.HE_20250109103449_HH_EV
HE,OBF3,HH,,,,1015,manual,0.5,,3210,manual,0.5,20250109T105259Z_20250109T105359Z,,,,,,,,,,,explosion,,,,,,[0.4320 0.2961 0.0033],5999,2025-01-09 10:52:59.044000,earthquake_local,OBF3.HE_20250109105259_HH_EV
HE,OBF3,HH,,,,2551,manual,0.5,,4712,manual,0.5,20250110T090239Z_20250110T090339Z,,,,,,,,,,,explosion,,,,,,[-0.1014 -0.0320 -0.0314],5999,2025-01-10 09:02:39.020000,earthquake_local,OBF3.HE_20250110090239_HH_EV
HE,OBF3,HH,,,,1529,manual,0.5,,4033,manual,0.5,20250110T100538Z_20250110T100638Z,,,,,,,,,,,explosion,,,,,,[-0.4226 0.0663 0.0002],5999,2025-01-10 10:05:38.600000,earthquake_local,OBF3.HE_20250110100538_HH_EV
HE,OBF3,HH,,,,1984,manual,0.5,,4910,manual,0.5,20250110T115156Z_20250110T115256Z,,,,,,,,,,,explosion,,,,,,[-0.0984 -0.1590 -0.0087],5999,2025-01-10 11:51:56.244000,earthquake_local,OBF3.HE_20250110115156_HH_EV
HE,OBF3,HH,,,,3247,manual,0.5,,5419,manual,0.5,20250110T124749Z_20250110T124849Z,,,,,,,,,,,explosion,,,,,,[0.1325 0.1569 0.0215],5999,2025-01-10 12:47:49.068000,earthquake_local,OBF3.HE_20250110124749_HH_EV
HE,OBF3,HH,,,,624,manual,0.5,,3012,manual,0.5,20250112T005020Z_20250112T005120Z,,,,,,,,,,,explosion,,,,,,[-0.1262 0.2434 -0.0328],5999,2025-01-12 00:50:20.560000,earthquake_local,OBF3.HE_20250112005020_HH_EV
HE,OBF3,HH,,,,3376,manual,0.5,,5397,manual,0.5,20250113T110046Z_20250113T110146Z,,,,,,,,,,,explosion,,,,,,[-1.1897 -0.6601 -0.3971],5999,2025-01-13 11:00:46.824000,earthquake_local,OBF3.HE_20250113110046_HH_EV
HE,OBF3,HH,,,,4217,manual,0.5,,5390,manual,0.5,20250113T122945Z_20250113T123045Z,,,,,,,,,,,explosion,,,,,,[0.3456 -0.9286 -0.1099],5999,2025-01-13 12:29:45.940000,earthquake_local,OBF3.HE_20250113122945_HH_EV
HE,OBF3,HH,,,,3451,manual,0.5,,5450,manual,0.5,20250114T113710Z_20250114T113810Z,,,,,,,,,,,explosion,,,,,,[1.8409 0.6338 0.0143],5999,2025-01-14 11:37:10.008000,earthquake_local,OBF3.HE_20250114113710_HH_EV
HE,OBF3,HH,,,,2702,manual,0.5,,3332,manual,0.5,20250116T112432Z_20250116T112532Z,,,,,,,,,,,explosion,,,,,,[2.8438 0.5232 2.0681],4214,2025-01-16 11:24:32.316000,earthquake_local,OBF3.HE_20250116112432_HH_EV
HE,OBF3,HH,,,,1409,manual,0.5,,3611,manual,0.5,20250116T120611Z_20250116T120711Z,,,,,,,,,,,explosion,,,,,,[-0.3573 -0.1955 0.5270],5999,2025-01-16 12:06:11.768000,earthquake_local,OBF3.HE_20250116120611_HH_EV
HE,OBF3,HH,,,,1004,manual,0.5,,3461,manual,0.5,20250117T081659Z_20250117T081759Z,,,,,,,,,,,explosion,,,,,,[0.5372 0.0240 0.3194],5999,2025-01-17 08:16:59.008000,earthquake_local,OBF3.HE_20250117081659_HH_EV
HE,OBF3,HH,,,,3781,manual,0.5,,4754,manual,0.5,20250120T100938Z_20250120T101038Z,,,,,,,,,,,explosion,,,,,,[-0.4629 0.3455 -0.0057],5999,2025-01-20 10:09:38.044000,earthquake_local,OBF3.HE_20250120100938_HH_EV
HE,OBF3,HH,,,,623,manual,0.5,,3583,manual,0.5,20250120T113728Z_20250120T113828Z,,,,,,,,,,,explosion,,,,,,[-0.5629 -0.4806 -0.0093],5999,2025-01-20 11:37:28.248000,earthquake_local,OBF3.HE_20250120113728_HH_EV
HE,OBF3,HH,,,,1796,manual,0.5,,5274,manual,0.5,20250121T121908Z_20250121T122008Z,,,,,,,,,,,explosion,,,,,,[0.4927 0.0330 0.1087],5999,2025-01-21 12:19:08.920000,earthquake_local,OBF3.HE_20250121121908_HH_EV
HE,OBF3,HH,,,,840,manual,0.5,,3024,manual,0.5,20250122T120339Z_20250122T120439Z,,,,,,,,,,,explosion,,,,,,[-0.0093 -0.0221 0.0566],5999,2025-01-22 12:03:39.824000,earthquake_local,OBF3.HE_20250122120339_HH_EV
HE,OBF3,HH,,,,1394,manual,0.5,,3434,manual,0.5,20250122T142437Z_20250122T142537Z,,,,,,,,,,,explosion,,,,,,[-0.2935 -0.2234 0.1615],5999,2025-01-22 14:24:37.140000,earthquake_local,OBF3.HE_20250122142437_HH_EV
HE,OBF3,HH,,,,2779,manual,0.5,,4915,manual,0.5,20250123T074902Z_20250123T075002Z,,,,,,,,,,,explosion,,,,,,[0.2316 0.1625 -0.0191],5999,2025-01-23 07:49:02.088000,earthquake_local,OBF3.HE_20250123074902_HH_EV
HE,OBF3,HH,,,,794,manual,0.5,,1438,manual,0.5,20250123T111107Z_20250123T111207Z,,,,,,,,,,,explosion,,,,,,[0.0616 -0.1383 -0.0537],2340,2025-01-23 11:11:07.588000,earthquake_local,OBF3.HE_20250123111107_HH_EV
HE,OBF3,HH,,,,713,manual,0.5,,2959,manual,0.5,20250123T120754Z_20250123T120854Z,,,,,,,,,,,explosion,,,,,,[0.5719 0.2636 -0.1563],5999,2025-01-23 12:07:54.332000,earthquake_local,OBF3.HE_20250123120754_HH_EV
HE,OBF3,HH,,,,2125,manual,0.5,,4695,manual,0.5,20250124T094818Z_20250124T094918Z,,,,,,,,,,,explosion,,,,,,[0.0635 0.3197 -0.0575],5999,2025-01-24 09:48:18.628000,earthquake_local,OBF3.HE_20250124094818_HH_EV
HE,OBF3,HH,,,,2983,manual,0.5,,5190,manual,0.5,20250124T104754Z_20250124T104854Z,,,,,,,,,,,explosion,,,,,,[0.0865 -0.1805 -0.0470],5999,2025-01-24 10:47:54.072000,earthquake_local,OBF3.HE_20250124104754_HH_EV
HE,OBF3,HH,,,,1527,manual,0.5,,4449,manual,0.5,20250124T113840Z_20250124T113940Z,,,,,,,,,,,explosion,,,,,,[0.0260 0.2998 0.1775],5999,2025-01-24 11:38:40.808000,earthquake_local,OBF3.HE_20250124113840_HH_EV
HE,OBF3,HH,,,,530,manual,0.5,,2998,manual,0.5,20250128T133613Z_20250128T133713Z,,,,,,,,,,,explosion,,,,,,[-0.7425 -0.2675 0.5620],5999,2025-01-28 13:36:13.056000,earthquake_local,OBF3.HE_20250128133613_HH_EV
HE,OBF3,HH,,,,3064,manual,0.5,,5298,manual,0.5,20250129T101630Z_20250129T101730Z,,,,,,,,,,,explosion,,,,,,[-0.7753 -0.0295 -0.0666],5999,2025-01-29 10:16:30.496000,earthquake_local,OBF3.HE_20250129101630_HH_EV
HE,OBF3,HH,,,,3144,manual,0.5,,5290,manual,0.5,20250129T121209Z_20250129T121309Z,,,,,,,,,,,explosion,,,,,,[0.8638 -0.1632 0.2440],5999,2025-01-29 12:12:09.680000,earthquake_local,OBF3.HE_20250129121209_HH_EV
HE,OBF3,HH,,,,3410,manual,0.5,,4866,manual,0.5,20250130T093808Z_20250130T093908Z,,,,,,,,,,,explosion,,,,,,[0.2923 -0.1431 0.6236],5999,2025-01-30 09:38:08.476000,earthquake_local,OBF3.HE_20250130093808_HH_EV
HE,OBF3,HH,,,,1788,manual,0.5,,4078,manual,0.5,20250130T120532Z_20250130T120632Z,,,,,,,,,,,explosion,,,,,,[-0.0010 0.0281 0.1350],5999,2025-01-30 12:05:32.200000,earthquake_local,OBF3.HE_20250130120532_HH_EV
HE,OBF3,HH,,,,2991,manual,0.5,,5246,manual,0.5,20250130T130257Z_20250130T130357Z,,,,,,,,,,,explosion,,,,,,[0.0660 0.0692 0.1000],5999,2025-01-30 13:02:57.956000,earthquake_local,OBF3.HE_20250130130257_HH_EV
HE,OBF3,HH,,,,983,manual,0.5,,3336,manual,0.5,20250131T111019Z_20250131T111119Z,,,,,,,,,,,explosion,,,,,,[-0.1958 -0.1351 0.0102],5999,2025-01-31 11:10:19.860000,earthquake_local,OBF3.HE_20250131111019_HH_EV
HE,OBF3,HH,,,,1501,manual,0.5,,2528,manual,0.5,20250131T111640Z_20250131T111740Z,,,,,,,,,,,explosion,,,,,,[-0.1186 -0.0479 0.0045],3966,2025-01-31 11:16:40.520000,earthquake_local,OBF3.HE_20250131111640_HH_EV
HE,OBF3,HH,,,,873,manual,0.5,,3159,manual,0.5,20250205T005236Z_20250205T005336Z,,,,,,,,,,,explosion,,,,,,[0.2075 -0.3383 1.4711],5999,2025-02-05 00:52:36.960000,earthquake_local,OBF3.HE_20250205005236_HH_EV
HE,OBF3,HH,,,,1652,manual,0.5,,3480,manual,0.5,20250206T084836Z_20250206T084936Z,,,,,,,,,,,explosion,,,,,,[-0.2106 0.0306 -0.2711],5999,2025-02-06 08:48:36.996000,earthquake_local,OBF3.HE_20250206084836_HH_EV
HE,OBF3,HH,,,,2633,manual,0.5,,4840,manual,0.5,20250206T090223Z_20250206T090323Z,,,,,,,,,,,explosion,,,,,,[-0.0560 0.5843 0.3039],5999,2025-02-06 09:02:23.284000,earthquake_local,OBF3.HE_20250206090223_HH_EV
HE,OBF3,HH,,,,1410,manual,0.5,,3600,manual,0.5,20250207T130628Z_20250207T130728Z,,,,,,,,,,,explosion,,,,,,[-2.0573 0.1422 1.6571],5999,2025-02-07 13:06:28.480000,earthquake_local,OBF3.HE_20250207130628_HH_EV
HE,OBF3,HH,,,,2059,manual,0.5,,4223,manual,0.5,20250212T103919Z_20250212T104019Z,,,,,,,,,,,explosion,,,,,,[0.5743 0.2245 -0.1002],5999,2025-02-12 10:39:19.840000,earthquake_local,OBF3.HE_20250212103919_HH_EV
HE,OBF3,HH,,,,1185,manual,0.5,,2375,manual,0.5,20250213T091614Z_20250213T091714Z,,,,,,,,,,,explosion,,,,,,[-0.1398 -0.1212 -0.0130],4041,2025-02-13 09:16:14.360000,earthquake_local,OBF3.HE_20250213091614_HH_EV
HE,OBF3,HH,,,,761,manual,0.5,,3871,manual,0.5,20250214T094733Z_20250214T094833Z,,,,,,,,,,,explosion,,,,,,[-1.1144 0.0350 -0.1295],5999,2025-02-14 09:47:33.752000,earthquake_local,OBF3.HE_20250214094733_HH_EV
HE,OBF3,HH,,,,655,manual,0.5,,2741,manual,0.5,20250214T103115Z_20250214T103215Z,,,,,,,,,,,explosion,,,,,,[0.0841 -0.0983 -0.0682],5661,2025-02-14 10:31:15.628000,earthquake_local,OBF3.HE_20250214103115_HH_EV
HE,OBF3,HH,,,,2717,manual,0.5,,4533,manual,0.5,20250218T080413Z_20250218T080513Z,,,,,,,,,,,explosion,,,,,,[0.5673 0.0901 0.0958],5999,2025-02-18 08:04:13.688000,earthquake_local,OBF3.HE_20250218080413_HH_EV
HE,OBF3,HH,,,,3664,manual,0.5,,5370,manual,0.5,20250219T110230Z_20250219T110330Z,,,,,,,,,,,explosion,,,,,,[-0.6835 -0.1194 0.0722],5999,2025-02-19 11:02:30.404000,earthquake_local,OBF3.HE_20250219110230_HH_EV
HE,OBF3,HH,,,,4327,manual,0.5,,5301,manual,0.5,20250219T124444Z_20250219T124544Z,,,,,,,,,,,explosion,,,,,,[0.8339 0.0139 0.0596],5999,2025-02-19 12:44:44.692000,earthquake_local,OBF3.HE_20250219124444_HH_EV
HE,OBF3,HH,,,,1103,manual,0.5,,2680,manual,0.5,20250219T134122Z_20250219T134222Z,,,,,,,,,,,explosion,,,,,,[-0.6619 0.0658 -0.0201],4888,2025-02-19 13:41:22.348000,earthquake_local,OBF3.HE_20250219134122_HH_EV
HE,OBF3,HH,,,,3194,manual,0.5,,5454,manual,0.5,20250220T150705Z_20250220T150805Z,,,,,,,,,,,explosion,,,,,,[-0.5758 0.7219 0.1580],5999,2025-02-20 15:07:05.484000,earthquake_local,OBF3.HE_20250220150705_HH_EV
HE,OBF3,HH,,,,2596,manual,0.5,,4388,manual,0.5,20250221T130256Z_20250221T130356Z,,,,,,,,,,,explosion,,,,,,[0.2879 0.4096 -0.3803],5999,2025-02-21 13:02:56.064000,earthquake_local,OBF3.HE_20250221130256_HH_EV
HE,OBF3,HH,,,,644,manual,0.5,,2363,manual,0.5,20250224T075844Z_20250224T075944Z,,,,,,,,,,,explosion,,,,,,[0.6355 -0.0480 0.1481],4770,2025-02-24 07:58:44.856000,earthquake_local,OBF3.HE_20250224075844_HH_EV
HE,OBF3,HH,,,,1414,manual,0.5,,3339,manual,0.5,20250224T102805Z_20250224T102905Z,,,,,,,,,,,explosion,,,,,,[-0.3960 0.0817 0.1964],5999,2025-02-24 10:28:05.392000,earthquake_local,OBF3.HE_20250224102805_HH_EV
HE,OBF3,HH,,,,2382,manual,0.5,,3869,manual,0.5,20250224T133651Z_20250224T133751Z,,,,,,,,,,,explosion,,,,,,[0.6865 0.6248 -0.1383],5951,2025-02-24 13:36:51.828000,earthquake_local,OBF3.HE_20250224133651_HH_EV
HE,OBF3,HH,,,,2459,manual,0.5,,3234,manual,0.5,20250225T132019Z_20250225T132119Z,,,,,,,,,,,explosion,,,,,,[1.4715 -0.1023 -0.1200],4319,2025-02-25 13:20:19.964000,earthquake_local,OBF3.HE_20250225132019_HH_EV
HE,OBF3,HH,,,,1834,manual,0.5,,4786,manual,0.5,20250226T105638Z_20250226T105738Z,,,,,,,,,,,explosion,,,,,,[-0.0622 0.4448 0.4051],5999,2025-02-26 10:56:38.596000,earthquake_local,OBF3.HE_20250226105638_HH_EV
HE,OBF3,HH,,,,1103,manual,0.5,,2017,manual,0.5,20250226T124816Z_20250226T124916Z,,,,,,,,,,,explosion,,,,,,[0.0316 0.0806 -0.0769],3297,2025-02-26 12:48:16.152000,earthquake_local,OBF3.HE_20250226124816_HH_EV
HE,OBF3,HH,,,,2184,manual,0.5,,4536,manual,0.5,20250226T131832Z_20250226T131932Z,,,,,,,,,,,explosion,,,,,,[-0.1780 0.2328 0.4752],5999,2025-02-26 13:18:32.540000,earthquake_local,OBF3.HE_20250226131832_HH_EV
HE,OBF3,HH,,,,1982,manual,0.5,,4792,manual,0.5,20250226T140548Z_20250226T140648Z,,,,,,,,,,,explosion,,,,,,[0.4511 0.2594 -0.0450],5999,2025-02-26 14:05:48.660000,earthquake_local,OBF3.HE_20250226140548_HH_EV
HE,OBF3,HH,,,,2182,manual,0.5,,3194,manual,0.5,20250227T114836Z_20250227T114936Z,,,,,,,,,,,explosion,,,,,,[-0.0755 0.2533 0.6879],4611,2025-02-27 11:48:36.620000,earthquake_local,OBF3.HE_20250227114836_HH_EV
HE,OBF3,HH,,,,1473,manual,0.5,,3722,manual,0.5,20250227T120421Z_20250227T120521Z,,,,,,,,,,,explosion,,,,,,[0.6041 0.2489 -0.3119],5999,2025-02-27 12:04:21.464000,earthquake_local,OBF3.HE_20250227120421_HH_EV
HE,OBF3,HH,,,,1270,manual,0.5,,2917,manual,0.5,20250228T095926Z_20250228T100026Z,,,,,,,,,,,explosion,,,,,,[-0.1681 -0.0111 -0.0175],5223,2025-02-28 09:59:26.544000,earthquake_local,OBF3.HE_20250228095926_HH_EV
HE,OBF8,HH,64.4402,24.5172,,2163,manual,0.5,,5227,manual,0.5,20250103T114146Z_20250103T114246Z,,,,,,,,,,,explosion,,,,,,[0.1381 -1.1776 0.6933],5999,2025-01-03 11:41:46.708000,earthquake_local,OBF8.HE_20250103114146_HH_EV
HE,OBF8,HH,64.4402,24.5172,,1074,manual,0.5,,3842,manual,0.5,20250103T123029Z_20250103T123129Z,,,,,,,,,,,explosion,,,,,,[0.7750 -0.6408 0.0552],5999,2025-01-03 12:30:29.728000,earthquake_local,OBF8.HE_20250103123029_HH_EV
HE,OBF8,HH,64.4402,24.5172,,848,manual,0.5,,2629,manual,0.5,20250108T090600Z_20250108T090700Z,,,,,,,,,,,explosion,,,,,,[0.4933 1.4641 -0.1080],5122,2025-01-08 09:06:00.264000,earthquake_local,OBF8.HE_20250108090600_HH_EV
HE,OBF8,HH,64.4402,24.5172,,2833,manual,0.5,,5021,manual,0.5,20250109T105241Z_20250109T105341Z,,,,,,,,,,,explosion,,,,,,[0.0027 -0.1373 -0.0363],5999,2025-01-09 10:52:41.448000,earthquake_local,OBF8.HE_20250109105241_HH_EV
HE,OBF8,HH,64.4402,24.5172,,1932,manual,0.5,,4004,manual,0.5,20250109T105618Z_20250109T105718Z,,,,,,,,,,,explosion,,,,,,[0.0262 0.4200 0.0375],5999,2025-01-09 10:56:18.756000,earthquake_local,OBF8.HE_20250109105618_HH_EV
HE,OBF8,HH,64.4402,24.5172,,1487,manual,0.5,,3651,manual,0.5,20250110T124806Z_20250110T124906Z,,,,,,,,,,,explosion,,,,,,[-0.1631 -1.8906 0.0170],5999,2025-01-10 12:48:06.396000,earthquake_local,OBF8.HE_20250110124806_HH_EV
HE,OBF8,HH,64.4402,24.5172,,1797,manual,0.5,,3692,manual,0.5,20250112T005001Z_20250112T005101Z,,,,,,,,,,,explosion,,,,,,[0.1444 4.1300 -0.1866],5999,2025-01-12 00:50:01.728000,earthquake_local,OBF8.HE_20250112005001_HH_EV
HE,OBF8,HH,64.4402,24.5172,,1985,manual,0.5,,2289,manual,0.5,20250120T100944Z_20250120T101044Z,,,,,,,,,,,explosion,,,,,,[0.3166 9.1832 0.0246],2715,2025-01-20 10:09:44.976000,earthquake_local,OBF8.HE_20250120100944_HH_EV
HE,OBF8,HH,64.4402,24.5172,,1585,manual,0.5,,3308,manual,0.5,20250120T103220Z_20250120T103320Z,,,,,,,,,,,explosion,,,,,,[-0.0492 3.0673 -0.0546],5720,2025-01-20 10:32:20.132000,earthquake_local,OBF8.HE_20250120103220_HH_EV
HE,OBF8,HH,64.4402,24.5172,,2218,manual,0.5,,4332,manual,0.5,20250122T120327Z_20250122T120427Z,,,,,,,,,,,explosion,,,,,,[0.1303 -0.1786 0.0514],5999,2025-01-22 12:03:27.500000,earthquake_local,OBF8.HE_20250122120327_HH_EV
HE,OBF8,HH,64.4402,24.5172,,653,manual,0.5,,3171,manual,0.5,20250122T142451Z_20250122T142551Z,,,,,,,,,,,explosion,,,,,,[-0.0958 -0.0567 -0.0036],5999,2025-01-22 14:24:51.908000,earthquake_local,OBF8.HE_20250122142451_HH_EV
HE,OBF8,HH,64.4402,24.5172,,3701,manual,0.5,,5314,manual,0.5,20250123T111051Z_20250123T111151Z,,,,,,,,,,,explosion,,,,,,[0.0133 0.8915 -0.0438],5999,2025-01-23 11:10:51.704000,earthquake_local,OBF8.HE_20250123111051_HH_EV
HE,OBF8,HH,64.4402,24.5172,,1356,manual,0.5,,3630,manual,0.5,20250123T120749Z_20250123T120849Z,,,,,,,,,,,explosion,,,,,,[-0.0929 3.7528 0.0132],5999,2025-01-23 12:07:49.620000,earthquake_local,OBF8.HE_20250123120749_HH_EV
HE,OBF8,HH,64.4402,24.5172,,2616,manual,0.5,,4910,manual,0.5,20250128T133553Z_20250128T133653Z,,,,,,,,,,,explosion,,,,,,[-0.2449 0.2213 0.2741],5999,2025-01-28 13:35:53.720000,earthquake_local,OBF8.HE_20250128133553_HH_EV
HE,OBF8,HH,64.4402,24.5172,,1908,manual,0.5,,4218,manual,0.5,20250130T120532Z_20250130T120632Z,,,,,,,,,,,explosion,,,,,,[0.0045 -0.2558 0.0114],5999,2025-01-30 12:05:32.796000,earthquake_local,OBF8.HE_20250130120532_HH_EV
HE,OBF8,HH,64.4402,24.5172,,1736,manual,0.5,,3769,manual,0.5,20250206T084838Z_20250206T084938Z,,,,,,,,,,,explosion,,,,,,[-0.3316 0.0470 -0.3643],5999,2025-02-06 08:48:38.352000,earthquake_local,OBF8.HE_20250206084838_HH_EV
HE,OBF8,HH,64.4402,24.5172,,2480,manual,0.5,,4748,manual,0.5,20250206T090225Z_20250206T090325Z,,,,,,,,,,,explosion,,,,,,[0.0308 -0.5366 0.3980],5999,2025-02-06 09:02:25.936000,earthquake_local,OBF8.HE_20250206090225_HH_EV
HE,OBF8,HH,64.4402,24.5172,,1001,manual,0.5,,2864,manual,0.5,20250206T115542Z_20250206T115642Z,,,,,,,,,,,explosion,,,,,,[0.1790 0.0661 0.3006],5472,2025-02-06 11:55:42.612000,earthquake_local,OBF8.HE_20250206115542_HH_EV
HE,OBF8,HH,64.4402,24.5172,,1583,manual,0.5,,4641,manual,0.5,20250206T133315Z_20250206T133415Z,,,,,,,,,,,explosion,,,,,,[0.5416 0.6935 0.0069],5999,2025-02-06 13:33:15.580000,earthquake_local,OBF8.HE_20250206133315_HH_EV
HE,OBF8,HH,64.4402,24.5172,,1093,manual,0.5,,4129,manual,0.5,20250211T121531Z_20250211T121631Z,,,,,,,,,,,explosion,,,,,,[-0.3126 0.2907 -0.1200],5999,2025-02-11 12:15:31.548000,earthquake_local,OBF8.HE_20250211121531_HH_EV
HE,OBF8,HH,64.4402,24.5172,,3319,manual,0.5,,4409,manual,0.5,20250213T091552Z_20250213T091652Z,,,,,,,,,,,explosion,,,,,,[-0.1928 -0.9784 0.0270],5935,2025-02-13 09:15:52.368000,earthquake_local,OBF8.HE_20250213091552_HH_EV
HE,OBF8,HH,64.4402,24.5172,,1773,manual,0.5,,4955,manual,0.5,20250214T094723Z_20250214T094823Z,,,,,,,,,,,explosion,,,,,,[-0.2223 -0.0801 0.0389],5999,2025-02-14 09:47:23.428000,earthquake_local,OBF8.HE_20250214094723_HH_EV
HE,OBF8,HH,64.4402,24.5172,,3319,manual,0.5,,4887,manual,0.5,20250214T103040Z_20250214T103140Z,,,,,,,,,,,explosion,,,,,,[0.0321 0.9635 -0.0681],5999,2025-02-14 10:30:40.812000,earthquake_local,OBF8.HE_20250214103040_HH_EV
HE,OBF8,HH,64.4402,24.5172,,904,manual,0.5,,1843,manual,0.5,20250219T134114Z_20250219T134214Z,,,,,,,,,,,explosion,,,,,,[0.3735 0.3725 0.4224],3158,2025-02-19 13:41:14.352000,earthquake_local,OBF8.HE_20250219134114_HH_EV
HE,OBF8,HH,64.4402,24.5172,,2505,manual,0.5,,3984,manual,0.5,20250220T131709Z_20250220T131809Z,,,,,,,,,,,explosion,,,,,,[0.0581 0.5313 0.4669],5999,2025-02-20 13:17:09.804000,earthquake_local,OBF8.HE_20250220131709_HH_EV
HE,OBF8,HH,64.4402,24.5172,,3783,manual,0.5,,5394,manual,0.5,20250225T132017Z_20250225T132117Z,,,,,,,,,,,explosion,,,,,,[-0.2670 2.1224 0.2434],5999,2025-02-25 13:20:17.720000,earthquake_local,OBF8.HE_20250225132017_HH_EV
HE,OBF8,HH,64.4402,24.5172,,937,manual,0.5,,5398,manual,0.5,20250226T105036Z_20250226T105136Z,,,,,,,,,,,explosion,,,,,,[0.3222 -0.3075 0.1509],5999,2025-02-26 10:50:36.060000,earthquake_local,OBF8.HE_20250226105036_HH_EV
HE,OBF8,HH,64.4402,24.5172,,1270,manual,0.5,,4316,manual,0.5,20250226T105644Z_20250226T105744Z,,,,,,,,,,,explosion,,,,,,[0.1900 -0.1992 -0.1416],5999,2025-02-26 10:56:44.480000,earthquake_local,OBF8.HE_20250226105644_HH_EV
HE,OBF8,HH,64.4402,24.5172,,2217,manual,0.5,,4889,manual,0.5,20250227T091409Z_20250227T091509Z,,,,,,,,,,,explosion,,,,,,[0.0812 0.9228 -0.0587],5999,2025-02-27 09:14:09.852000,earthquake_local,OBF8.HE_20250227091409_HH_EV
HE,OBF8,HH,64.4402,24.5172,,2334,manual,0.5,,4606,manual,0.5,20250227T120414Z_20250227T120514Z,,,,,,,,,,,explosion,,,,,,[-0.0470 0.4155 -0.0737],5999,2025-02-27 12:04:14.640000,earthquake_local,OBF8.HE_20250227120414_HH_EV
HE,OBF8,HH,64.4402,24.5172,,1726,manual,0.5,,4804,manual,0.5,20250228T113651Z_20250228T113751Z,,,,,,,,,,,explosion,,,,,,[0.0417 0.1277 0.2540],5999,2025-02-28 11:36:51.360000,earthquake_local,OBF8.HE_20250228113651_HH_EV
FN,OLKF,HH,66.3206,29.4003,,3633,manual,0.5,,5403,manual,0.5,20250102T123927Z_20250102T124027Z,,,,,,,,,,,explosion,,,,,,[-1.7883 -2.2961 -0.8685],5999,2025-01-02 12:39:27.450000,earthquake_local,OLKF.FN_20250102123927_HH_EV
FN,OLKF,HH,66.3206,29.4003,,2337,manual,0.5,,5173,manual,0.5,20250103T200913Z_20250103T201013Z,,,,,,,,,,,explosion,,,,,,[0.1904 1.7932 0.3975],5999,2025-01-03 20:09:13.950000,earthquake_local,OLKF.FN_20250103200913_HH_EV
FN,OLKF,HH,66.3206,29.4003,,1479,manual,0.5,,4323,manual,0.5,20250103T202938Z_20250103T203038Z,,,,,,,,,,,explosion,,,,,,[0.2407 0.2853 0.9533],5999,2025-01-03 20:29:38.250000,earthquake_local,OLKF.FN_20250103202938_HH_EV
FN,OLKF,HH,66.3206,29.4003,,2363,manual,0.5,,4207,manual,0.5,20250104T110637Z_20250104T110737Z,,,,,,,,,,,explosion,,,,,,[-0.2277 1.0981 -0.5725],5999,2025-01-04 11:06:37.050000,earthquake_local,OLKF.FN_20250104110637_HH_EV
FN,OLKF,HH,66.3206,29.4003,,1063,manual,0.5,,4701,manual,0.5,20250104T131544Z_20250104T131644Z,,,,,,,,,,,explosion,,,,,,[1.6676 0.5398 -0.1723],5999,2025-01-04 13:15:44.750000,earthquake_local,OLKF.FN_20250104131544_HH_EV
FN,OLKF,HH,66.3206,29.4003,,1748,manual,0.5,,4720,manual,0.5,20250104T201812Z_20250104T201912Z,,,,,,,,,,,explosion,,,,,,[-0.0547 0.5434 -0.8059],5999,2025-01-04 20:18:12.600000,earthquake_local,OLKF.FN_20250104201812_HH_EV
FN,OLKF,HH,66.3206,29.4003,,1620,manual,0.5,,4518,manual,0.5,20250105T003201Z_20250105T003301Z,,,,,,,,,,,explosion,,,,,,[-0.6221 0.3103 0.7034],5999,2025-01-05 00:32:02.000000,earthquake_local,OLKF.FN_20250105003201_HH_EV
FN,OLKF,HH,66.3206,29.4003,,743,manual,0.5,,3571,manual,0.5,20250105T003319Z_20250105T003419Z,,,,,,,,,,,explosion,,,,,,[1.4733 -0.5533 1.0606],5999,2025-01-05 00:33:19.650000,earthquake_local,OLKF.FN_20250105003319_HH_EV
FN,OLKF,HH,66.3206,29.4003,,1567,manual,0.5,,4479,manual,0.5,20250105T200530Z_20250105T200630Z,,,,,,,,,,,explosion,,,,,,[0.7690 -0.2203 0.4515],5999,2025-01-05 20:05:30.450000,earthquake_local,OLKF.FN_20250105200530_HH_EV
FN,OLKF,HH,66.3206,29.4003,,1141,manual,0.5,,3969,manual,0.5,20250105T201441Z_20250105T201541Z,,,,,,,,,,,explosion,,,,,,[0.7300 0.6949 -0.0139],5999,2025-01-05 20:14:41.550000,earthquake_local,OLKF.FN_20250105201441_HH_EV
FN,OLKF,HH,66.3206,29.4003,,1983,manual,0.5,,3779,manual,0.5,20250108T120928Z_20250108T121028Z,,,,,,,,,,,explosion,,,,,,[1.3516 -0.3068 -0.0497],5999,2025-01-08 12:09:28.250000,earthquake_local,OLKF.FN_20250108120928_HH_EV
FN,OLKF,HH,66.3206,29.4003,,582,manual,0.5,,3584,manual,0.5,20250108T164432Z_20250108T164532Z,,,,,,,,,,,explosion,,,,,,[-1.1278 -0.1200 -0.1394],5999,2025-01-08 16:44:32.550000,earthquake_local,OLKF.FN_20250108164432_HH_EV
FN,OLKF,HH,66.3206,29.4003,,3823,manual,0.5,,5127,manual,0.5,20250109T100314Z_20250109T100414Z,,,,,,,,,,,explosion,,,,,,[-1.5595 0.2817 0.0356],5999,2025-01-09 10:03:14.850000,earthquake_local,OLKF.FN_20250109100314_HH_EV
FN,OLKF,HH,66.3206,29.4003,,1074,manual,0.5,,5430,manual,0.5,20250110T115221Z_20250110T115321Z,,,,,,,,,,,explosion,,,,,,[0.2517 0.4108 0.1659],5999,2025-01-10 11:52:21.100000,earthquake_local,OLKF.FN_20250110115221_HH_EV
FN,OLKF,HH,66.3206,29.4003,,1221,manual,0.5,,3965,manual,0.5,20250110T200545Z_20250110T200645Z,,,,,,,,,,,explosion,,,,,,[0.2030 1.2792 0.2450],5999,2025-01-10 20:05:45.550000,earthquake_local,OLKF.FN_20250110200545_HH_EV
FN,OLKF,HH,66.3206,29.4003,,2253,manual,0.5,,5029,manual,0.5,20250111T201422Z_20250111T201522Z,,,,,,,,,,,explosion,,,,,,[2.3679 -0.4893 2.5176],5999,2025-01-11 20:14:22.550000,earthquake_local,OLKF.FN_20250111201422_HH_EV
FN,OLKF,HH,66.3206,29.4003,,1683,manual,0.5,,4535,manual,0.5,20250111T213214Z_20250111T213314Z,,,,,,,,,,,explosion,,,,,,[5.0368 0.4618 1.8933],5999,2025-01-11 21:32:14.250000,earthquake_local,OLKF.FN_20250111213214_HH_EV
FN,OLKF,HH,66.3206,29.4003,,1953,manual,0.5,,4921,manual,0.5,20250112T164719Z_20250112T164819Z,,,,,,,,,,,explosion,,,,,,[2.3333 -0.0199 -0.5153],5999,2025-01-12 16:47:19.750000,earthquake_local,OLKF.FN_20250112164719_HH_EV
FN,OLKF,HH,66.3206,29.4003,,1264,manual,0.5,,4124,manual,0.5,20250112T200506Z_20250112T200606Z,,,,,,,,,,,explosion,,,,,,[-1.3626 -3.2147 -1.1944],5999,2025-01-12 20:05:06.600000,earthquake_local,OLKF.FN_20250112200506_HH_EV
FN,OLKF,HH,66.3206,29.4003,,1213,manual,0.5,,3899,manual,0.5,20250113T110119Z_20250113T110219Z,,,,,,,,,,,explosion,,,,,,[4.4472 -1.1663 -0.1037],5999,2025-01-13 11:01:19.050000,earthquake_local,OLKF.FN_20250113110119_HH_EV
FN,OLKF,HH,66.3206,29.4003,,1898,manual,0.5,,4428,manual,0.5,20250113T123027Z_20250113T123127Z,,,,,,,,,,,explosion,,,,,,[-4.1743 -2.0852 7.7443],5999,2025-01-13 12:30:27.400000,earthquake_local,OLKF.FN_20250113123027_HH_EV
FN,OLKF,HH,66.3206,29.4003,,955,manual,0.5,,3867,manual,0.5,20250113T200541Z_20250113T200641Z,,,,,,,,,,,explosion,,,,,,[-3.9732 -3.2476 -4.0653],5999,2025-01-13 20:05:41.250000,earthquake_local,OLKF.FN_20250113200541_HH_EV
FN,OLKF,HH,66.3206,29.4003,,1173,manual,0.5,,4285,manual,0.5,20250113T201258Z_20250113T201358Z,,,,,,,,,,,explosion,,,,,,[1.5625 -0.9050 0.3647],5999,2025-01-13 20:12:58.150000,earthquake_local,OLKF.FN_20250113201258_HH_EV
FN,OLKF,HH,66.3206,29.4003,,2806,manual,0.5,,5369,manual,0.5,20250116T112457Z_20250116T112557Z,,,,,,,,,,,explosion,,,,,,[0.6532 2.1875 -0.5773],5999,2025-01-16 11:24:57.050000,earthquake_local,OLKF.FN_20250116112457_HH_EV
FN,OLKF,HH,66.3206,29.4003,,1383,manual,0.5,,5357,manual,0.5,20250116T114227Z_20250116T114327Z,,,,,,,,,,,explosion,,,,,,[4.4372 0.5535 1.0330],5999,2025-01-16 11:42:27.350000,earthquake_local,OLKF.FN_20250116114227_HH_EV
FN,OLKF,HH,66.3206,29.4003,,2696,manual,0.5,,4866,manual,0.5,20250117T081639Z_20250117T081739Z,,,,,,,,,,,explosion,,,,,,[2.6742 -1.1298 -0.1586],5999,2025-01-17 08:16:39.300000,earthquake_local,OLKF.FN_20250117081639_HH_EV
FN,OLKF,HH,66.3206,29.4003,,2213,manual,0.5,,4045,manual,0.5,20250117T123927Z_20250117T124027Z,,,,,,,,,,,explosion,,,,,,[-1.4392 -2.6639 -2.1359],5999,2025-01-17 12:39:27.750000,earthquake_local,OLKF.FN_20250117123927_HH_EV
FN,OLKF,HH,66.3206,29.4003,,1733,manual,0.5,,5295,manual,0.5,20250119T101912Z_20250119T102012Z,,,,,,,,,,,explosion,,,,,,[7.0595 -3.3869 0.7139],5999,2025-01-19 10:19:12.650000,earthquake_local,OLKF.FN_20250119101912_HH_EV
FN,OLKF,HH,66.3206,29.4003,,1661,manual,0.5,,4495,manual,0.5,20250119T200946Z_20250119T201046Z,,,,,,,,,,,explosion,,,,,,[0.6689 0.6658 -2.9086],5999,2025-01-19 20:09:46.650000,earthquake_local,OLKF.FN_20250119200946_HH_EV
FN,OLKF,HH,66.3206,29.4003,,2409,manual,0.5,,5365,manual,0.5,20250120T004214Z_20250120T004314Z,,,,,,,,,,,explosion,,,,,,[-3.2031 0.6688 0.8845],5999,2025-01-20 00:42:14.950000,earthquake_local,OLKF.FN_20250120004214_HH_EV
FN,OLKF,HH,66.3206,29.4003,,1956,manual,0.5,,4980,manual,0.5,20250120T065937Z_20250120T070037Z,,,,,,,,,,,explosion,,,,,,[-2.5284 2.3360 1.0935],5999,2025-01-20 06:59:37.400000,earthquake_local,OLKF.FN_20250120065937_HH_EV
FN,OLKF,HH,66.3206,29.4003,,1814,manual,0.5,,2872,manual,0.5,20250120T091406Z_20250120T091506Z,,,,,,,,,,,explosion,,,,,,[-0.5461 -0.3881 1.2372],4353,2025-01-20 09:14:06.950000,earthquake_local,OLKF.FN_20250120091406_HH_EV
FN,OLKF,HH,66.3206,29.4003,,920,manual,0.5,,3720,manual,0.5,20250120T120530Z_20250120T120630Z,,,,,,,,,,,explosion,,,,,,[3.3651 -0.8674 0.5802],5999,2025-01-20 12:05:30.400000,earthquake_local,OLKF.FN_20250120120530_HH_EV
FN,OLKF,HH,66.3206,29.4003,,578,manual,0.5,,3412,manual,0.5,20250120T201102Z_20250120T201202Z,,,,,,,,,,,explosion,,,,,,[-1.7428 -2.4873 -0.9537],5999,2025-01-20 20:11:02.600000,earthquake_local,OLKF.FN_20250120201102_HH_EV
FN,OLKF,HH,66.3206,29.4003,,1718,manual,0.5,,4868,manual,0.5,20250121T102028Z_20250121T102128Z,,,,,,,,,,,explosion,,,,,,[-1.7592 0.7724 1.4774],5999,2025-01-21 10:20:28.400000,earthquake_local,OLKF.FN_20250121102028_HH_EV
FN,OLKF,HH,66.3206,29.4003,,2015,manual,0.5,,4287,manual,0.5,20250121T121852Z_20250121T121952Z,,,,,,,,,,,explosion,,,,,,[3.2585 -0.6569 -0.7132],5999,2025-01-21 12:18:52.050000,earthquake_local,OLKF.FN_20250121121852_HH_EV
FN,OLKF,HH,66.3206,29.4003,,1218,manual,0.5,,3993,manual,0.5,20250121T201047Z_20250121T201147Z,,,,,,,,,,,explosion,,,,,,[0.0096 0.0484 -0.6633],5999,2025-01-21 20:10:47.150000,earthquake_local,OLKF.FN_20250121201047_HH_EV
FN,OLKF,HH,66.3206,29.4003,,2506,manual,0.5,,5013,manual,0.5,20250123T111117Z_20250123T111217Z,,,,,,,,,,,explosion,,,,,,[-0.2088 0.6270 -0.3360],5999,2025-01-23 11:11:17.200000,earthquake_local,OLKF.FN_20250123111117_HH_EV
FN,OLKF,HH,66.3206,29.4003,,923,manual,0.5,,5353,manual,0.5,20250123T113359Z_20250123T113459Z,,,,,,,,,,,explosion,,,,,,[0.5244 -0.6413 -1.0514],5999,2025-01-23 11:33:59.950000,earthquake_local,OLKF.FN_20250123113359_HH_EV
FN,OLKF,HH,66.3206,29.4003,,513,manual,0.5,,4799,manual,0.5,20250123T120819Z_20250123T120919Z,,,,,,,,,,,explosion,,,,,,[-1.0068 0.2631 -0.1801],5999,2025-01-23 12:08:19.650000,earthquake_local,OLKF.FN_20250123120819_HH_EV
FN,OLKF,HH,66.3206,29.4003,,2744,manual,0.5,,4728,manual,0.5,20250124T104753Z_20250124T104853Z,,,,,,,,,,,explosion,,,,,,[-1.4709 0.7808 -0.0346],5999,2025-01-24 10:47:53.700000,earthquake_local,OLKF.FN_20250124104753_HH_EV
FN,OLKF,HH,66.3206,29.4003,,2282,manual,0.5,,5110,manual,0.5,20250124T194136Z_20250124T194236Z,,,,,,,,,,,explosion,,,,,,[0.0164 -0.9260 -0.6125],5999,2025-01-24 19:41:36.100000,earthquake_local,OLKF.FN_20250124194136_HH_EV
FN,OLKF,HH,66.3206,29.4003,,2529,manual,0.5,,5465,manual,0.5,20250125T005343Z_20250125T005443Z,,,,,,,,,,,explosion,,,,,,[4.1085 0.2388 0.2196],5999,2025-01-25 00:53:43.150000,earthquake_local,OLKF.FN_20250125005343_HH_EV
FN,OLKF,HH,66.3206,29.4003,,1118,manual,0.5,,4718,manual,0.5,20250125T102556Z_20250125T102656Z,,,,,,,,,,,explosion,,,,,,[2.0358 -0.0971 1.8226],5999,2025-01-25 10:25:56.300000,earthquake_local,OLKF.FN_20250125102556_HH_EV
FN,OLKF,HH,66.3206,29.4003,,1627,manual,0.5,,4595,manual,0.5,20250125T201203Z_20250125T201303Z,,,,,,,,,,,explosion,,,,,,[1.0362 -0.0844 -0.1705],5999,2025-01-25 20:12:03.650000,earthquake_local,OLKF.FN_20250125201203_HH_EV
FN,OLKF,HH,66.3206,29.4003,,955,manual,0.5,,3699,manual,0.5,20250125T201633Z_20250125T201733Z,,,,,,,,,,,explosion,,,,,,[10.0686 -1.0709 1.2534],5999,2025-01-25 20:16:33.650000,earthquake_local,OLKF.FN_20250125201633_HH_EV
FN,OLKF,HH,66.3206,29.4003,,528,manual,0.5,,3300,manual,0.5,20250126T201949Z_20250126T202049Z,,,,,,,,,,,explosion,,,,,,[-3.1922 3.3315 0.2867],5999,2025-01-26 20:19:49.400000,earthquake_local,OLKF.FN_20250126201949_HH_EV
FN,OLKF,HH,66.3206,29.4003,,2289,manual,0.5,,5161,manual,0.5,20250127T120502Z_20250127T120602Z,,,,,,,,,,,explosion,,,,,,[-0.8940 1.5737 0.4015],5999,2025-01-27 12:05:02.950000,earthquake_local,OLKF.FN_20250127120502_HH_EV
FN,OLKF,HH,66.3206,29.4003,,1042,manual,0.5,,3982,manual,0.5,20250127T180901Z_20250127T181001Z,,,,,,,,,,,explosion,,,,,,[5.1871 -1.6342 0.5835],5999,2025-01-27 18:09:01.700000,earthquake_local,OLKF.FN_20250127180901_HH_EV
FN,OLKF,HH,66.3206,29.4003,,1946,manual,0.5,,4874,manual,0.5,20250127T181511Z_20250127T181611Z,,,,,,,,,,,explosion,,,,,,[2.0307 1.6401 3.7692],5999,2025-01-27 18:15:11.300000,earthquake_local,OLKF.FN_20250127181511_HH_EV
FN,OLKF,HH,66.3206,29.4003,,1828,manual,0.5,,4684,manual,0.5,20250127T200951Z_20250127T201051Z,,,,,,,,,,,explosion,,,,,,[-1.0432 -1.2985 -2.4286],5999,2025-01-27 20:09:51.800000,earthquake_local,OLKF.FN_20250127200951_HH_EV
FN,OLKF,HH,66.3206,29.4003,,1345,manual,0.5,,4261,manual,0.5,20250128T002810Z_20250128T002910Z,,,,,,,,,,,explosion,,,,,,[1.7797 3.7281 3.1810],5999,2025-01-28 00:28:10.550000,earthquake_local,OLKF.FN_20250128002810_HH_EV
FN,OLKF,HH,66.3206,29.4003,,1018,manual,0.5,,3893,manual,0.5,20250128T040533Z_20250128T040633Z,,,,,,,,,,,explosion,,,,,,[4.0451 -3.5727 -2.1742],5999,2025-01-28 04:05:33.750000,earthquake_local,OLKF.FN_20250128040533_HH_EV
FN,OLKF,HH,66.3206,29.4003,,3622,manual,0.5,,5093,manual,0.5,20250128T114935Z_20250128T115035Z,,,,,,,,,,,explosion,,,,,,[1.4029 -0.3247 -0.0154],5999,2025-01-28 11:49:35.300000,earthquake_local,OLKF.FN_20250128114935_HH_EV
FN,OLKF,HH,66.3206,29.4003,,2190,manual,0.5,,5022,manual,0.5,20250128T120931Z_20250128T121031Z,,,,,,,,,,,explosion,,,,,,[-0.4732 -0.6962 -0.7855],5999,2025-01-28 12:09:31.500000,earthquake_local,OLKF.FN_20250128120931_HH_EV
FN,OLKF,HH,66.3206,29.4003,,1269,manual,0.5,,5165,manual,0.5,20250128T133626Z_20250128T133726Z,,,,,,,,,,,explosion,,,,,,[1.1681 1.4406 -0.3308],5999,2025-01-28 13:36:26.950000,earthquake_local,OLKF.FN_20250128133626_HH_EV
FN,OLKF,HH,66.3206,29.4003,,706,manual,0.5,,3492,manual,0.5,20250128T200540Z_20250128T200640Z,,,,,,,,,,,explosion,,,,,,[-2.1783 -0.0639 -0.8126],5999,2025-01-28 20:05:40.400000,earthquake_local,OLKF.FN_20250128200540_HH_EV
FN,OLKF,HH,66.3206,29.4003,,1883,manual,0.5,,4701,manual,0.5,20250128T200702Z_20250128T200802Z,,,,,,,,,,,explosion,,,,,,[-1.4753 1.0962 0.1592],5999,2025-01-28 20:07:02.550000,earthquake_local,OLKF.FN_20250128200702_HH_EV
FN,OLKF,HH,66.3206,29.4003,,922,manual,0.5,,3834,manual,0.5,20250128T201337Z_20250128T201437Z,,,,,,,,,,,explosion,,,,,,[-1.1142 -0.9015 -0.1165],5999,2025-01-28 20:13:37.300000,earthquake_local,OLKF.FN_20250128201337_HH_EV
FN,OLKF,HH,66.3206,29.4003,,3462,manual,0.5,,5240,manual,0.5,20250129T120334Z_20250129T120434Z,,,,,,,,,,,explosion,,,,,,[3.5962 -1.1988 -0.8365],5999,2025-01-29 12:03:34.600000,earthquake_local,OLKF.FN_20250129120334_HH_EV
FN,OLKF,HH,66.3206,29.4003,,519,manual,0.5,,3697,manual,0.5,20250131T081758Z_20250131T081858Z,,,,,,,,,,,explosion,,,,,,[-0.7011 0.4750 0.5312],5999,2025-01-31 08:17:58.950000,earthquake_local,OLKF.FN_20250131081758_HH_EV
FN,OLKF,HH,66.3206,29.4003,,2920,manual,0.5,,4440,manual,0.5,20250131T091849Z_20250131T091949Z,,,,,,,,,,,explosion,,,,,,[2.9886 1.0441 0.0571],5999,2025-01-31 09:18:49.950000,earthquake_local,OLKF.FN_20250131091849_HH_EV
FN,OLKF,HH,66.3206,29.4003,,1218,manual,0.5,,3688,manual,0.5,20250131T111703Z_20250131T111803Z,,,,,,,,,,,explosion,,,,,,[2.2223 0.1369 0.3627],5999,2025-01-31 11:17:03.200000,earthquake_local,OLKF.FN_20250131111703_HH_EV
FN,OLKF,HH,66.3206,29.4003,,1159,manual,0.5,,3987,manual,0.5,20250131T190422Z_20250131T190522Z,,,,,,,,,,,explosion,,,,,,[-0.8134 -0.3287 0.4566],5999,2025-01-31 19:04:22.250000,earthquake_local,OLKF.FN_20250131190422_HH_EV
FN,OLKF,HH,66.3206,29.4003,,1713,manual,0.5,,4541,manual,0.5,20250131T202303Z_20250131T202403Z,,,,,,,,,,,explosion,,,,,,[0.2996 -0.2594 0.6747],5999,2025-01-31 20:23:03.350000,earthquake_local,OLKF.FN_20250131202303_HH_EV
FN,OLKF,HH,66.3206,29.4003,,2592,manual,0.5,,5420,manual,0.5,20250201T201346Z_20250201T201446Z,,,,,,,,,,,explosion,,,,,,[-1.8635 0.8265 -0.2350],5999,2025-02-01 20:13:46.400000,earthquake_local,OLKF.FN_20250201201346_HH_EV
FN,OLKF,HH,66.3206,29.4003,,993,manual,0.5,,3933,manual,0.5,20250201T221657Z_20250201T221757Z,,,,,,,,,,,explosion,,,,,,[1.6855 0.3197 0.5109],5999,2025-02-01 22:16:57.550000,earthquake_local,OLKF.FN_20250201221657_HH_EV
FN,OLKF,HH,66.3206,29.4003,,1403,manual,0.5,,3617,manual,0.5,20250202T103819Z_20250202T103919Z,,,,,,,,,,,explosion,,,,,,[-0.7333 0.5946 0.2215],5999,2025-02-02 10:38:19.450000,earthquake_local,OLKF.FN_20250202103819_HH_EV
FN,OLKF,HH,66.3206,29.4003,,2197,manual,0.5,,5057,manual,0.5,20250202T200521Z_20250202T200621Z,,,,,,,,,,,explosion,,,,,,[4.1473 0.3854 0.4160],5999,2025-02-02 20:05:21.350000,earthquake_local,OLKF.FN_20250202200521_HH_EV
FN,OLKF,HH,66.3206,29.4003,,624,manual,0.5,,3428,manual,0.5,20250203T040938Z_20250203T041038Z,,,,,,,,,,,explosion,,,,,,[2.8657 1.0441 0.1736],5999,2025-02-03 04:09:38.600000,earthquake_local,OLKF.FN_20250203040938_HH_EV
FN,OLKF,HH,66.3206,29.4003,,2033,manual,0.5,,4897,manual,0.5,20250203T103652Z_20250203T103752Z,,,,,,,,,,,explosion,,,,,,[-1.6654 0.3272 0.7699],5999,2025-02-03 10:36:52.950000,earthquake_local,OLKF.FN_20250203103652_HH_EV
FN,OLKF,HH,66.3206,29.4003,,554,manual,0.5,,3354,manual,0.5,20250203T120856Z_20250203T120956Z,,,,,,,,,,,explosion,,,,,,[0.5861 0.8081 -0.7049],5999,2025-02-03 12:08:56.500000,earthquake_local,OLKF.FN_20250203120856_HH_EV
FN,OLKF,HH,66.3206,29.4003,,3069,manual,0.5,,4721,manual,0.5,20250203T130710Z_20250203T130810Z,,,,,,,,,,,explosion,,,,,,[-2.5144 0.8766 0.9857],5999,2025-02-03 13:07:10.750000,earthquake_local,OLKF.FN_20250203130710_HH_EV
FN,OLKF,HH,66.3206,29.4003,,2163,manual,0.5,,5169,manual,0.5,20250203T181721Z_20250203T181821Z,,,,,,,,,,,explosion,,,,,,[1.6659 -0.4670 0.2998],5999,2025-02-03 18:17:21.750000,earthquake_local,OLKF.FN_20250203181721_HH_EV
FN,OLKF,HH,66.3206,29.4003,,762,manual,0.5,,3662,manual,0.5,20250203T193746Z_20250203T193846Z,,,,,,,,,,,explosion,,,,,,[-3.9762 0.2788 -0.8016],5999,2025-02-03 19:37:46.500000,earthquake_local,OLKF.FN_20250203193746_HH_EV
FN,OLKF,HH,66.3206,29.4003,,2163,manual,0.5,,5215,manual,0.5,20250203T195746Z_20250203T195846Z,,,,,,,,,,,explosion,,,,,,[-0.3821 2.0679 -0.4043],5999,2025-02-03 19:57:46.850000,earthquake_local,OLKF.FN_20250203195746_HH_EV
FN,OLKF,HH,66.3206,29.4003,,1503,manual,0.5,,4443,manual,0.5,20250204T040528Z_20250204T040628Z,,,,,,,,,,,explosion,,,,,,[5.6511 0.7963 0.4566],5999,2025-02-04 04:05:28.050000,earthquake_local,OLKF.FN_20250204040528_HH_EV
FN,OLKF,HH,66.3206,29.4003,,1703,manual,0.5,,4502,manual,0.5,20250204T120537Z_20250204T120637Z,,,,,,,,,,,explosion,,,,,,[-2.5853 -2.4382 -1.6819],5999,2025-02-04 12:05:37.900000,earthquake_local,OLKF.FN_20250204120537_HH_EV
FN,OLKF,HH,66.3206,29.4003,,3143,manual,0.5,,5263,manual,0.5,20250204T135529Z_20250204T135629Z,,,,,,,,,,,explosion,,,,,,[2.6690 0.2220 -0.8134],5999,2025-02-04 13:55:29.250000,earthquake_local,OLKF.FN_20250204135529_HH_EV
FN,OLKF,HH,66.3206,29.4003,,650,manual,0.5,,3576,manual,0.5,20250204T200537Z_20250204T200637Z,,,,,,,,,,,explosion,,,,,,[-1.1315 -2.1870 -1.3918],5999,2025-02-04 20:05:37.500000,earthquake_local,OLKF.FN_20250204200537_HH_EV
FN,OLKF,HH,66.3206,29.4003,,3425,manual,0.5,,5105,manual,0.5,20250205T115934Z_20250205T120034Z,,,,,,,,,,,explosion,,,,,,[-3.0561 2.4587 -0.0880],5999,2025-02-05 11:59:34.950000,earthquake_local,OLKF.FN_20250205115934_HH_EV
FN,OLKF,HH,66.3206,29.4003,,1098,manual,0.5,,4930,manual,0.5,20250206T090301Z_20250206T090401Z,,,,,,,,,,,explosion,,,,,,[-1.3841 -0.2859 0.9806],5999,2025-02-06 09:03:01.300000,earthquake_local,OLKF.FN_20250206090301_HH_EV
FN,OLKF,HH,66.3206,29.4003,,1484,manual,0.5,,3612,manual,0.5,20250206T105110Z_20250206T105210Z,,,,,,,,,,,explosion,,,,,,[1.1150 -1.5185 1.0675],5999,2025-02-06 10:51:10.600000,earthquake_local,OLKF.FN_20250206105110_HH_EV
FN,OLKF,HH,66.3206,29.4003,,968,manual,0.5,,5312,manual,0.5,20250206T114159Z_20250206T114259Z,,,,,,,,,,,explosion,,,,,,[2.1923 1.8152 -0.7333],5999,2025-02-06 11:41:59.600000,earthquake_local,OLKF.FN_20250206114159_HH_EV
FN,OLKF,HH,66.3206,29.4003,,678,manual,0.5,,4348,manual,0.5,20250207T065855Z_20250207T065955Z,,,,,,,,,,,explosion,,,,,,[3.5400 -0.3996 0.4830],5999,2025-02-07 06:58:55.800000,earthquake_local,OLKF.FN_20250207065855_HH_EV
FN,OLKF,HH,66.3206,29.4003,,1293,manual,0.5,,3657,manual,0.5,20250207T094457Z_20250207T094557Z,,,,,,,,,,,explosion,,,,,,[2.5910 -1.8661 0.5785],5999,2025-02-07 09:44:57.550000,earthquake_local,OLKF.FN_20250207094457_HH_EV
FN,OLKF,HH,66.3206,29.4003,,937,manual,0.5,,3779,manual,0.5,20250207T120900Z_20250207T121000Z,,,,,,,,,,,explosion,,,,,,[-1.0350 -2.5490 4.9502],5999,2025-02-07 12:09:00.450000,earthquake_local,OLKF.FN_20250207120900_HH_EV
FN,OLKF,HH,66.3206,29.4003,,528,manual,0.5,,4924,manual,0.5,20250207T130701Z_20250207T130801Z,,,,,,,,,,,explosion,,,,,,[-3.5481 6.0323 -2.3748],5999,2025-02-07 13:07:01.400000,earthquake_local,OLKF.FN_20250207130701_HH_EV
FN,OLKF,HH,66.3206,29.4003,,2642,manual,0.5,,4434,manual,0.5,20250207T131049Z_20250207T131149Z,,,,,,,,,,,explosion,,,,,,[5.3549 2.9599 0.5070],5999,2025-02-07 13:10:49.500000,earthquake_local,OLKF.FN_20250207131049_HH_EV
FN,OLKF,HH,66.3206,29.4003,,2718,manual,0.5,,4800,manual,0.5,20250208T130706Z_20250208T130806Z,,,,,,,,,,,explosion,,,,,,[0.6961 -0.6853 0.1445],5999,2025-02-08 13:07:06.400000,earthquake_local,OLKF.FN_20250208130706_HH_EV
FN,OLKF,HH,66.3206,29.4003,,2620,manual,0.5,,5408,manual,0.5,20250208T201521Z_20250208T201621Z,,,,,,,,,,,explosion,,,,,,[-0.0049 -0.8184 0.4848],5999,2025-02-08 20:15:22.000000,earthquake_local,OLKF.FN_20250208201521_HH_EV
FN,OLKF,HH,66.3206,29.4003,,576,manual,0.5,,2718,manual,0.5,20250209T015157Z_20250209T015257Z,,,,,,,,,,,explosion,,,,,,[-2.7941 -0.5717 -6.1152],5717,2025-02-09 01:51:57.600000,earthquake_local,OLKF.FN_20250209015157_HH_EV
FN,OLKF,HH,66.3206,29.4003,,1638,manual,0.5,,5304,manual,0.5,20250210T133138Z_20250210T133238Z,,,,,,,,,,,explosion,,,,,,[3.1019 -3.4952 -0.9872],5999,2025-02-10 13:31:38.800000,earthquake_local,OLKF.FN_20250210133138_HH_EV
FN,OLKF,HH,66.3206,29.4003,,731,manual,0.5,,3727,manual,0.5,20250212T061853Z_20250212T061953Z,,,,,,,,,,,explosion,,,,,,[0.8361 -0.3268 1.4596],5999,2025-02-12 06:18:53.850000,earthquake_local,OLKF.FN_20250212061853_HH_EV
FN,OLKF,HH,66.3206,29.4003,,1828,manual,0.5,,4948,manual,0.5,20250212T132704Z_20250212T132804Z,,,,,,,,,,,explosion,,,,,,[0.5370 1.0311 0.1822],5999,2025-02-12 13:27:04.200000,earthquake_local,OLKF.FN_20250212132704_HH_EV
FN,OLKF,HH,66.3206,29.4003,,2533,manual,0.5,,5353,manual,0.5,20250212T200642Z_20250212T200742Z,,,,,,,,,,,explosion,,,,,,[-0.8426 -0.1105 0.2289],5999,2025-02-12 20:06:42.150000,earthquake_local,OLKF.FN_20250212200642_HH_EV
FN,OLKF,HH,66.3206,29.4003,,2130,manual,0.5,,4986,manual,0.5,20250213T075018Z_20250213T075118Z,,,,,,,,,,,explosion,,,,,,[1.9536 0.1868 0.4976],5999,2025-02-13 07:50:18.900000,earthquake_local,OLKF.FN_20250213075018_HH_EV
FN,OLKF,HH,66.3206,29.4003,,653,manual,0.5,,5033,manual,0.5,20250213T114312Z_20250213T114412Z,,,,,,,,,,,explosion,,,,,,[1.2012 -0.6060 -0.1200],5999,2025-02-13 11:43:12.150000,earthquake_local,OLKF.FN_20250213114312_HH_EV
FN,OLKF,HH,66.3206,29.4003,,1932,manual,0.5,,4900,manual,0.5,20250213T225114Z_20250213T225214Z,,,,,,,,,,,explosion,,,,,,[1.4634 0.1767 0.3871],5999,2025-02-13 22:51:14.200000,earthquake_local,OLKF.FN_20250213225114_HH_EV
FN,OLKF,HH,66.3206,29.4003,,710,manual,0.5,,2446,manual,0.5,20250214T131808Z_20250214T131908Z,,,,,,,,,,,explosion,,,,,,[0.8201 0.3366 -0.4133],4876,2025-02-14 13:18:08.300000,earthquake_local,OLKF.FN_20250214131808_HH_EV
FN,OLKF,HH,66.3206,29.4003,,2474,manual,0.5,,5274,manual,0.5,20250214T200520Z_20250214T200620Z,,,,,,,,,,,explosion,,,,,,[1.0633 -0.1316 -0.2121],5999,2025-02-14 20:05:20.300000,earthquake_local,OLKF.FN_20250214200520_HH_EV
FN,OLKF,HH,66.3206,29.4003,,2448,manual,0.5,,5216,manual,0.5,20250214T200643Z_20250214T200743Z,,,,,,,,,,,explosion,,,,,,[-0.6333 0.1294 -0.4893],5999,2025-02-14 20:06:43.000000,earthquake_local,OLKF.FN_20250214200643_HH_EV
FN,OLKF,HH,66.3206,29.4003,,2342,manual,0.5,,5284,manual,0.5,20250215T201720Z_20250215T201820Z,,,,,,,,,,,explosion,,,,,,[0.4802 0.4480 -0.0781],5999,2025-02-15 20:17:20.800000,earthquake_local,OLKF.FN_20250215201720_HH_EV
FN,OLKF,HH,66.3206,29.4003,,2160,manual,0.5,,4972,manual,0.5,20250216T004308Z_20250216T004408Z,,,,,,,,,,,explosion,,,,,,[0.9401 -0.1123 -0.2333],5999,2025-02-16 00:43:08.400000,earthquake_local,OLKF.FN_20250216004308_HH_EV
FN,OLKF,HH,66.3206,29.4003,,2455,manual,0.5,,5435,manual,0.5,20250216T044058Z_20250216T044158Z,,,,,,,,,,,explosion,,,,,,[-0.1607 -0.1028 -0.2316],5999,2025-02-16 04:40:58.850000,earthquake_local,OLKF.FN_20250216044058_HH_EV
FN,OLKF,HH,66.3206,29.4003,,2077,manual,0.5,,4177,manual,0.5,20250216T194904Z_20250216T195004Z,,,,,,,,,,,explosion,,,,,,[-1.4909 0.2081 0.1496],5999,2025-02-16 19:49:04.950000,earthquake_local,OLKF.FN_20250216194904_HH_EV
FN,OLKF,HH,66.3206,29.4003,,1003,manual,0.5,,3899,manual,0.5,20250216T200535Z_20250216T200635Z,,,,,,,,,,,explosion,,,,,,[0.3978 0.6209 0.2257],5999,2025-02-16 20:05:35.250000,earthquake_local,OLKF.FN_20250216200535_HH_EV
FN,OLKF,HH,66.3206,29.4003,,2624,manual,0.5,,5448,manual,0.5,20250217T041904Z_20250217T042004Z,,,,,,,,,,,explosion,,,,,,[0.3344 -0.0581 -0.0277],5999,2025-02-17 04:19:04.200000,earthquake_local,OLKF.FN_20250217041904_HH_EV
FN,OLKF,HH,66.3206,29.4003,,1657,manual,0.5,,4433,manual,0.5,20250217T120530Z_20250217T120630Z,,,,,,,,,,,explosion,,,,,,[-2.4203 0.5103 0.1294],5999,2025-02-17 12:05:30.310000,earthquake_local,OLKF.FN_20250217120530_HH_EV
FN,OLKF,HH,66.3206,29.4003,,2252,manual,0.5,,5144,manual,0.5,20250217T121415Z_20250217T121515Z,,,,,,,,,,,explosion,,,,,,[-0.6860 0.5144 -0.1855],5999,2025-02-17 12:14:15.400000,earthquake_local,OLKF.FN_20250217121415_HH_EV
FN,OLKF,HH,66.3206,29.4003,,1502,manual,0.5,,4470,manual,0.5,20250217T181319Z_20250217T181419Z,,,,,,,,,,,explosion,,,,,,[0.1737 0.2451 -0.0922],5999,2025-02-17 18:13:19.700000,earthquake_local,OLKF.FN_20250217181319_HH_EV
FN,OLKF,HH,66.3206,29.4003,,2680,manual,0.5,,5456,manual,0.5,20250218T040403Z_20250218T040503Z,,,,,,,,,,,explosion,,,,,,[-1.0892 0.8475 -0.7204],5999,2025-02-18 04:04:03.000000,earthquake_local,OLKF.FN_20250218040403_HH_EV
FN,OLKF,HH,66.3206,29.4003,,1933,manual,0.5,,4729,manual,0.5,20250218T120600Z_20250218T120700Z,,,,,,,,,,,explosion,,,,,,[-1.0181 -0.3236 -0.1608],5999,2025-02-18 12:06:00.750000,earthquake_local,OLKF.FN_20250218120600_HH_EV
FN,OLKF,HH,66.3206,29.4003,,2438,manual,0.5,,5266,manual,0.5,20250218T200520Z_20250218T200620Z,,,,,,,,,,,explosion,,,,,,[0.8472 0.1929 0.2369],5999,2025-02-18 20:05:20.100000,earthquake_local,OLKF.FN_20250218200520_HH_EV
FN,OLKF,HH,66.3206,29.4003,,1736,manual,0.5,,4556,manual,0.5,20250218T200759Z_20250218T200859Z,,,,,,,,,,,explosion,,,,,,[-2.2901 0.1620 0.0652],5999,2025-02-18 20:07:59.800000,earthquake_local,OLKF.FN_20250218200759_HH_EV
FN,OLKF,HH,66.3206,29.4003,,1888,manual,0.5,,4671,manual,0.5,20250218T202509Z_20250218T202609Z,,,,,,,,,,,explosion,,,,,,[-0.9330 0.4490 -0.3278],5999,2025-02-18 20:25:09.650000,earthquake_local,OLKF.FN_20250218202509_HH_EV
FN,OLKF,HH,66.3206,29.4003,,1655,manual,0.5,,4567,manual,0.5,20250219T000525Z_20250219T000625Z,,,,,,,,,,,explosion,,,,,,[5.7236 -0.2546 -1.2081],5999,2025-02-19 00:05:25.650000,earthquake_local,OLKF.FN_20250219000525_HH_EV
FN,OLKF,HH,66.3206,29.4003,,970,manual,0.5,,3854,manual,0.5,20250219T004032Z_20250219T004132Z,,,,,,,,,,,explosion,,,,,,[-1.4095 -0.1290 1.2165],5999,2025-02-19 00:40:32.700000,earthquake_local,OLKF.FN_20250219004032_HH_EV
FN,OLKF,HH,66.3206,29.4003,,523,manual,0.5,,3337,manual,0.5,20250219T041001Z_20250219T041101Z,,,,,,,,,,,explosion,,,,,,[2.1874 -0.1398 0.9245],5999,2025-02-19 04:10:01.350000,earthquake_local,OLKF.FN_20250219041001_HH_EV
FN,OLKF,HH,66.3206,29.4003,,1606,manual,0.5,,3068,manual,0.5,20250219T110249Z_20250219T110349Z,,,,,,,,,,,explosion,,,,,,[2.0793 -0.2437 0.0736],5115,2025-02-19 11:02:49.000000,earthquake_local,OLKF.FN_20250219110249_HH_EV
FN,OLKF,HH,66.3206,29.4003,,1036,manual,0.5,,3369,manual,0.5,20250219T124536Z_20250219T124636Z,,,,,,,,,,,explosion,,,,,,[-1.3902 1.1053 -0.5164],5999,2025-02-19 12:45:36.450000,earthquake_local,OLKF.FN_20250219124536_HH_EV
FN,OLKF,HH,66.3206,29.4003,,1508,manual,0.5,,5384,manual,0.5,20250220T150745Z_20250220T150845Z,,,,,,,,,,,explosion,,,,,,[-1.2279 0.5372 0.5425],5999,2025-02-20 15:07:45.000000,earthquake_local,OLKF.FN_20250220150745_HH_EV
FN,OLKF,HH,66.3206,29.4003,,2101,manual,0.5,,5013,manual,0.5,20250220T190412Z_20250220T190512Z,,,,,,,,,,,explosion,,,,,,[-0.1907 -0.7391 0.0002],5999,2025-02-20 19:04:12.950000,earthquake_local,OLKF.FN_20250220190412_HH_EV
FN,OLKF,HH,66.3206,29.4003,,511,manual,0.5,,3393,manual,0.5,20250220T200557Z_20250220T200657Z,,,,,,,,,,,explosion,,,,,,[-2.3572 -1.4306 0.6182],5999,2025-02-20 20:05:57.050000,earthquake_local,OLKF.FN_20250220200557_HH_EV
FN,OLKF,HH,66.3206,29.4003,,2446,manual,0.5,,5406,manual,0.5,20250220T201412Z_20250220T201512Z,,,,,,,,,,,explosion,,,,,,[3.4448 0.4794 0.5283],5999,2025-02-20 20:14:12.100000,earthquake_local,OLKF.FN_20250220201412_HH_EV
FN,OLKF,HH,66.3206,29.4003,,927,manual,0.5,,3815,manual,0.5,20250220T235646Z_20250220T235746Z,,,,,,,,,,,explosion,,,,,,[2.5734 0.4449 0.3581],5999,2025-02-20 23:56:46.050000,earthquake_local,OLKF.FN_20250220235646_HH_EV
FN,OLKF,HH,66.3206,29.4003,,2888,manual,0.5,,4622,manual,0.5,20250221T131207Z_20250221T131307Z,,,,,,,,,,,explosion,,,,,,[0.4946 0.4110 0.3021],5999,2025-02-21 13:12:07.600000,earthquake_local,OLKF.FN_20250221131207_HH_EV
FN,OLKF,HH,66.3206,29.4003,,3272,manual,0.5,,4964,manual,0.5,20250221T131900Z_20250221T132000Z,,,,,,,,,,,explosion,,,,,,[-0.2831 0.7487 0.3151],5999,2025-02-21 13:19:00.000000,earthquake_local,OLKF.FN_20250221131900_HH_EV
FN,OLKF,HH,66.3206,29.4003,,824,manual,0.5,,3656,manual,0.5,20250221T200528Z_20250221T200628Z,,,,,,,,,,,explosion,,,,,,[0.9988 -0.3498 -0.1454],5999,2025-02-21 20:05:28.200000,earthquake_local,OLKF.FN_20250221200528_HH_EV
FN,OLKF,HH,66.3206,29.4003,,1916,manual,0.5,,4744,manual,0.5,20250221T201513Z_20250221T201613Z,,,,,,,,,,,explosion,,,,,,[0.2030 -0.2435 0.7170],5999,2025-02-21 20:15:13.200000,earthquake_local,OLKF.FN_20250221201513_HH_EV
FN,OLKF,HH,66.3206,29.4003,,1698,manual,0.5,,5098,manual,0.5,20250222T103453Z_20250222T103553Z,,,,,,,,,,,explosion,,,,,,[1.6028 -0.2094 0.0494],5999,2025-02-22 10:34:53.900000,earthquake_local,OLKF.FN_20250222103453_HH_EV
FN,OLKF,HH,66.3206,29.4003,,1369,manual,0.5,,4253,manual,0.5,20250222T200914Z_20250222T201014Z,,,,,,,,,,,explosion,,,,,,[0.0315 0.2982 -0.0196],5999,2025-02-22 20:09:14.350000,earthquake_local,OLKF.FN_20250222200914_HH_EV
FN,OLKF,HH,66.3206,29.4003,,1320,manual,0.5,,4172,manual,0.5,20250222T210155Z_20250222T210255Z,,,,,,,,,,,explosion,,,,,,[2.5208 -0.0799 -0.1914],5999,2025-02-22 21:01:55.400000,earthquake_local,OLKF.FN_20250222210155_HH_EV
FN,OLKF,HH,66.3206,29.4003,,586,manual,0.5,,3438,manual,0.5,20250223T200546Z_20250223T200646Z,,,,,,,,,,,explosion,,,,,,[2.2877 -0.6631 0.6185],5999,2025-02-23 20:05:46.700000,earthquake_local,OLKF.FN_20250223200546_HH_EV
FN,OLKF,HH,66.3206,29.4003,,2189,manual,0.5,,4989,manual,0.5,20250223T200911Z_20250223T201011Z,,,,,,,,,,,explosion,,,,,,[1.5417 0.4812 1.9771],5999,2025-02-23 20:09:11.950000,earthquake_local,OLKF.FN_20250223200911_HH_EV
FN,OLKF,HH,66.3206,29.4003,,1843,manual,0.5,,4801,manual,0.5,20250224T060555Z_20250224T060655Z,,,,,,,,,,,explosion,,,,,,[-1.2967 -0.2554 -0.7569],5999,2025-02-24 06:05:55.550000,earthquake_local,OLKF.FN_20250224060555_HH_EV
FN,OLKF,HH,66.3206,29.4003,,893,manual,0.5,,5121,manual,0.5,20250224T114635Z_20250224T114735Z,,,,,,,,,,,explosion,,,,,,[-0.1831 -0.7568 -0.6144],5999,2025-02-24 11:46:35.150000,earthquake_local,OLKF.FN_20250224114635_HH_EV
FN,OLKF,HH,66.3206,29.4003,,1937,manual,0.5,,4821,manual,0.5,20250224T201548Z_20250224T201648Z,,,,,,,,,,,explosion,,,,,,[-3.8209 1.8223 -0.9511],5999,2025-02-24 20:15:48.350000,earthquake_local,OLKF.FN_20250224201548_HH_EV
FN,OLKF,HH,66.3206,29.4003,,1998,manual,0.5,,5022,manual,0.5,20250225T043209Z_20250225T043309Z,,,,,,,,,,,explosion,,,,,,[1.6497 0.4041 -1.1964],5999,2025-02-25 04:32:09.100000,earthquake_local,OLKF.FN_20250225043209_HH_EV
FN,OLKF,HH,66.3206,29.4003,,1873,manual,0.5,,4655,manual,0.5,20250225T120509Z_20250225T120609Z,,,,,,,,,,,explosion,,,,,,[-0.2250 0.6120 -0.1407],5999,2025-02-25 12:05:09.850000,earthquake_local,OLKF.FN_20250225120509_HH_EV
FN,OLKF,HH,66.3206,29.4003,,1478,manual,0.5,,3298,manual,0.5,20250225T123224Z_20250225T123324Z,,,,,,,,,,,explosion,,,,,,[2.4958 -0.8938 -0.5336],5846,2025-02-25 12:32:24.700000,earthquake_local,OLKF.FN_20250225123224_HH_EV
FN,OLKF,HH,66.3206,29.4003,,1111,manual,0.5,,3817,manual,0.5,20250225T132057Z_20250225T132157Z,,,,,,,,,,,explosion,,,,,,[4.2550 -0.1629 0.7321],5999,2025-02-25 13:20:57.300000,earthquake_local,OLKF.FN_20250225132057_HH_EV
FN,OLKF,HH,66.3206,29.4003,,1177,manual,0.5,,4149,manual,0.5,20250225T235438Z_20250225T235538Z,,,,,,,,,,,explosion,,,,,,[0.5047 -2.2996 -2.9793],5999,2025-02-25 23:54:38.950000,earthquake_local,OLKF.FN_20250225235438_HH_EV
FN,OLKF,HH,66.3206,29.4003,,1088,manual,0.5,,4920,manual,0.5,20250226T122040Z_20250226T122140Z,,,,,,,,,,,explosion,,,,,,[3.4873 1.4129 -0.3092],5999,2025-02-26 12:20:40.800000,earthquake_local,OLKF.FN_20250226122040_HH_EV
FN,OLKF,HH,66.3206,29.4003,,1304,manual,0.5,,3852,manual,0.5,20250226T124839Z_20250226T124939Z,,,,,,,,,,,explosion,,,,,,[1.7887 -0.6164 -0.1580],5999,2025-02-26 12:48:39.200000,earthquake_local,OLKF.FN_20250226124839_HH_EV
FN,OLKF,HH,66.3206,29.4003,,1240,manual,0.5,,5148,manual,0.5,20250226T131904Z_20250226T132004Z,,,,,,,,,,,explosion,,,,,,[-0.3732 -0.8410 -1.0002],5999,2025-02-26 13:19:04.000000,earthquake_local,OLKF.FN_20250226131904_HH_EV
FN,OLKF,HH,66.3206,29.4003,,2494,manual,0.5,,4902,manual,0.5,20250227T114853Z_20250227T114953Z,,,,,,,,,,,explosion,,,,,,[0.3431 -0.2700 -0.9824],5999,2025-02-27 11:48:53.100000,earthquake_local,OLKF.FN_20250227114853_HH_EV
FN,OLKF,HH,66.3206,29.4003,,1503,manual,0.5,,5260,manual,0.5,20250227T120444Z_20250227T120544Z,,,,,,,,,,,explosion,,,,,,[0.4271 0.1399 0.4886],5999,2025-02-27 12:04:44.600000,earthquake_local,OLKF.FN_20250227120444_HH_EV
FN,OLKF,HH,66.3206,29.4003,,1095,manual,0.5,,5087,manual,0.5,20250228T113714Z_20250228T113814Z,,,,,,,,,,,explosion,,,,,,[0.0481 1.2758 -0.3320],5999,2025-02-28 11:37:14.650000,earthquake_local,OLKF.FN_20250228113714_HH_EV
FN,OLKF,HH,66.3206,29.4003,,2404,manual,0.5,,4826,manual,0.5,20250228T124251Z_20250228T124351Z,,,,,,,,,,,explosion,,,,,,[-0.6706 -0.3658 0.3026],5999,2025-02-28 12:42:51.000000,earthquake_local,OLKF.FN_20250228124251_HH_EV
FN,OLKF,HH,66.3206,29.4003,,1353,manual,0.5,,5007,manual,0.5,20250228T131539Z_20250228T131639Z,,,,,,,,,,,explosion,,,,,,[0.4830 0.9003 -0.1798],5999,2025-02-28 13:15:39.850000,earthquake_local,OLKF.FN_20250228131539_HH_EV
FN,OLKF,HH,66.3206,29.4003,,3014,manual,0.5,,4806,manual,0.5,20250228T134733Z_20250228T134833Z,,,,,,,,,,,explosion,,,,,,[0.4114 0.2990 -0.6075],5999,2025-02-28 13:47:33.300000,earthquake_local,OLKF.FN_20250228134733_HH_EV
FN,OLKF,HH,66.3206,29.4003,,1127,manual,0.5,,3969,manual,0.5,20250228T200909Z_20250228T201009Z,,,,,,,,,,,explosion,,,,,,[0.7338 -1.4938 -1.7539],5999,2025-02-28 20:09:09.550000,earthquake_local,OLKF.FN_20250228200909_HH_EV
HE,OUF,HH,64.3673,24.7314,,3383,manual,0.5,,3845,manual,0.5,20250102T115104Z_20250102T115204Z,,,,,,,,,,,explosion,,,,,,[10.6199 3.8328 -0.6934],4492,2025-01-02 11:51:04.890000,earthquake_local,OUF.HE_20250102115104_HH_EV
HE,OUF,HH,64.3673,24.7314,,2224,manual,0.5,,4748,manual,0.5,20250103T114138Z_20250103T114238Z,,,,,,,,,,,explosion,,,,,,[0.9878 -0.0527 4.7606],5999,2025-01-03 11:41:38.340000,earthquake_local,OUF.HE_20250103114138_HH_EV
HE,OUF,HH,64.3673,24.7314,,607,manual,0.5,,2601,manual,0.5,20250103T123025Z_20250103T123125Z,,,,,,,,,,,explosion,,,,,,[1.0604 -1.8447 5.8134],5393,2025-01-03 12:30:25.530000,earthquake_local,OUF.HE_20250103123025_HH_EV
HE,OUF,HH,64.3673,24.7314,,1486,manual,0.5,,5278,manual,0.5,20250104T131548Z_20250104T131648Z,,,,,,,,,,,explosion,,,,,,[-0.9331 -2.2589 -1.0513],5999,2025-01-04 13:15:48.220000,earthquake_local,OUF.HE_20250104131548_HH_EV
HE,OUF,HH,64.3673,24.7314,,858,manual,0.5,,2258,manual,0.5,20250107T113229Z_20250107T113329Z,,,,,,,,,,,explosion,,,,,,[4.8622 0.0617 0.6689],4218,2025-01-07 11:32:29.340000,earthquake_local,OUF.HE_20250107113229_HH_EV
HE,OUF,HH,64.3673,24.7314,,1394,manual,0.5,,3360,manual,0.5,20250108T120155Z_20250108T120255Z,,,,,,,,,,,explosion,,,,,,[2.8579 -2.2129 -0.9548],5999,2025-01-08 12:01:55.940000,earthquake_local,OUF.HE_20250108120155_HH_EV
HE,OUF,HH,64.3673,24.7314,,1003,manual,0.5,,3926,manual,0.5,20250109T103443Z_20250109T103543Z,,,,,,,,,,,explosion,,,,,,[-3.7071 -1.8801 0.7981],5999,2025-01-09 10:34:43.780000,earthquake_local,OUF.HE_20250109103443_HH_EV
HE,OUF,HH,64.3673,24.7314,,932,manual,0.5,,3468,manual,0.5,20250109T105305Z_20250109T105405Z,,,,,,,,,,,explosion,,,,,,[2.0561 -3.9114 -0.1478],5999,2025-01-09 10:53:05.120000,earthquake_local,OUF.HE_20250109105305_HH_EV
HE,OUF,HH,64.3673,24.7314,,2177,manual,0.5,,4657,manual,0.5,20250110T090248Z_20250110T090348Z,,,,,,,,,,,explosion,,,,,,[1.6421 -1.4747 0.2417],5999,2025-01-10 09:02:48.550000,earthquake_local,OUF.HE_20250110090248_HH_EV
HE,OUF,HH,64.3673,24.7314,,1380,manual,0.5,,3398,manual,0.5,20250110T100534Z_20250110T100634Z,,,,,,,,,,,explosion,,,,,,[0.7076 1.4656 0.0927],5999,2025-01-10 10:05:34.220000,earthquake_local,OUF.HE_20250110100534_HH_EV
HE,OUF,HH,64.3673,24.7314,,2270,manual,0.5,,4790,manual,0.5,20250110T115147Z_20250110T115247Z,,,,,,,,,,,explosion,,,,,,[-1.8099 0.4240 0.1584],5999,2025-01-10 11:51:47.460000,earthquake_local,OUF.HE_20250110115147_HH_EV
HE,OUF,HH,64.3673,24.7314,,907,manual,0.5,,3456,manual,0.5,20250110T124817Z_20250110T124917Z,,,,,,,,,,,explosion,,,,,,[-0.9868 -2.4260 0.0903],5999,2025-01-10 12:48:17.840000,earthquake_local,OUF.HE_20250110124817_HH_EV
HE,OUF,HH,64.3673,24.7314,,598,manual,0.5,,3153,manual,0.5,20250112T005021Z_20250112T005121Z,,,,,,,,,,,explosion,,,,,,[0.2962 0.0835 4.8999],5999,2025-01-12 00:50:21.800000,earthquake_local,OUF.HE_20250112005021_HH_EV
HE,OUF,HH,64.3673,24.7314,,2951,manual,0.5,,4638,manual,0.5,20250113T123007Z_20250113T123107Z,,,,,,,,,,,explosion,,,,,,[0.8907 3.8708 4.2121],5999,2025-01-13 12:30:07.120000,earthquake_local,OUF.HE_20250113123007_HH_EV
HE,OUF,HH,64.3673,24.7314,,738,manual,0.5,,3260,manual,0.5,20250114T112615Z_20250114T112715Z,,,,,,,,,,,explosion,,,,,,[5.3266 5.6586 2.2437],5999,2025-01-14 11:26:15.800000,earthquake_local,OUF.HE_20250114112615_HH_EV
HE,OUF,HH,64.3673,24.7314,,1283,manual,0.5,,2792,manual,0.5,20250114T113725Z_20250114T113825Z,,,,,,,,,,,explosion,,,,,,[1.2326 -0.0992 1.1798],4905,2025-01-14 11:37:25.730000,earthquake_local,OUF.HE_20250114113725_HH_EV
HE,OUF,HH,64.3673,24.7314,,1760,manual,0.5,,4242,manual,0.5,20250115T130022Z_20250115T130122Z,,,,,,,,,,,explosion,,,,,,[1.5700 1.8323 -0.4016],5999,2025-01-15 13:00:22.090000,earthquake_local,OUF.HE_20250115130022_HH_EV
HE,OUF,HH,64.3673,24.7314,,3217,manual,0.5,,4367,manual,0.5,20250116T112434Z_20250116T112534Z,,,,,,,,,,,explosion,,,,,,[-3.5010 2.2874 -0.6468],5977,2025-01-16 11:24:34.160000,earthquake_local,OUF.HE_20250116112434_HH_EV
HE,OUF,HH,64.3673,24.7314,,1473,manual,0.5,,2147,manual,0.5,20250120T100955Z_20250120T101055Z,,,,,,,,,,,explosion,,,,,,[0.3729 -0.1979 0.4391],3091,2025-01-20 10:09:55.250000,earthquake_local,OUF.HE_20250120100955_HH_EV
HE,OUF,HH,64.3673,24.7314,,3205,manual,0.5,,5273,manual,0.5,20250120T103206Z_20250120T103306Z,,,,,,,,,,,explosion,,,,,,[1.0707 7.0876 0.1247],5999,2025-01-20 10:32:06.960000,earthquake_local,OUF.HE_20250120103206_HH_EV
HE,OUF,HH,64.3673,24.7314,,1542,manual,0.5,,4076,manual,0.5,20250120T113713Z_20250120T113813Z,,,,,,,,,,,explosion,,,,,,[-2.6733 2.6428 -1.4527],5999,2025-01-20 11:37:13.160000,earthquake_local,OUF.HE_20250120113713_HH_EV
HE,OUF,HH,64.3673,24.7314,,1486,manual,0.5,,4943,manual,0.5,20250121T121912Z_20250121T122012Z,,,,,,,,,,,explosion,,,,,,[-4.8156 -0.3240 -0.3652],5999,2025-01-21 12:19:12.370000,earthquake_local,OUF.HE_20250121121912_HH_EV
HE,OUF,HH,64.3673,24.7314,,1466,manual,0.5,,3921,manual,0.5,20250122T120339Z_20250122T120439Z,,,,,,,,,,,explosion,,,,,,[-3.0528 1.0168 8.3335],5999,2025-01-22 12:03:39.470000,earthquake_local,OUF.HE_20250122120339_HH_EV
HE,OUF,HH,64.3673,24.7314,,1179,manual,0.5,,2971,manual,0.5,20250122T142436Z_20250122T142536Z,,,,,,,,,,,explosion,,,,,,[1.7800 -0.4783 -2.8072],5480,2025-01-22 14:24:36.930000,earthquake_local,OUF.HE_20250122142436_HH_EV
HE,OUF,HH,64.3673,24.7314,,914,manual,0.5,,2048,manual,0.5,20250123T074913Z_20250123T075013Z,,,,,,,,,,,explosion,,,,,,[4.8918 -0.2161 0.2785],3636,2025-01-23 07:49:13.040000,earthquake_local,OUF.HE_20250123074913_HH_EV
HE,OUF,HH,64.3673,24.7314,,3771,manual,0.5,,4913,manual,0.5,20250123T111043Z_20250123T111143Z,,,,,,,,,,,explosion,,,,,,[4.1760 -0.1123 0.4457],5999,2025-01-23 11:10:44.000000,earthquake_local,OUF.HE_20250123111043_HH_EV
HE,OUF,HH,64.3673,24.7314,,1874,manual,0.5,,4402,manual,0.5,20250123T113328Z_20250123T113428Z,,,,,,,,,,,explosion,,,,,,[3.1582 0.9236 0.1293],5999,2025-01-23 11:33:28.640000,earthquake_local,OUF.HE_20250123113328_HH_EV
HE,OUF,HH,64.3673,24.7314,,1800,manual,0.5,,4958,manual,0.5,20250123T115833Z_20250123T115933Z,,,,,,,,,,,explosion,,,,,,[4.3124 0.7998 -0.7159],5999,2025-01-23 11:58:33.980000,earthquake_local,OUF.HE_20250123115833_HH_EV
HE,OUF,HH,64.3673,24.7314,,2321,manual,0.5,,4821,manual,0.5,20250124T113827Z_20250124T113927Z,,,,,,,,,,,explosion,,,,,,[-0.4781 -1.4725 -0.4089],5999,2025-01-24 11:38:27.270000,earthquake_local,OUF.HE_20250124113827_HH_EV
HE,OUF,HH,64.3673,24.7314,,2598,manual,0.5,,5250,manual,0.5,20250128T133558Z_20250128T133658Z,,,,,,,,,,,explosion,,,,,,[0.7410 0.1813 0.5974],5999,2025-01-28 13:35:58.400000,earthquake_local,OUF.HE_20250128133558_HH_EV
HE,OUF,HH,64.3673,24.7314,,2218,manual,0.5,,3993,manual,0.5,20250129T101633Z_20250129T101733Z,,,,,,,,,,,explosion,,,,,,[0.1624 7.1124 3.8522],5999,2025-01-29 10:16:33.050000,earthquake_local,OUF.HE_20250129101633_HH_EV
HE,OUF,HH,64.3673,24.7314,,2107,manual,0.5,,4931,manual,0.5,20250129T115705Z_20250129T115805Z,,,,,,,,,,,explosion,,,,,,[2.1268 8.0471 3.5564],5999,2025-01-29 11:57:05.810000,earthquake_local,OUF.HE_20250129115705_HH_EV
HE,OUF,HH,64.3673,24.7314,,2921,manual,0.5,,5432,manual,0.5,20250129T121217Z_20250129T121317Z,,,,,,,,,,,explosion,,,,,,[2.4604 -1.7220 -2.4507],5999,2025-01-29 12:12:17.660000,earthquake_local,OUF.HE_20250129121217_HH_EV
HE,OUF,HH,64.3673,24.7314,,2867,manual,0.5,,3518,manual,0.5,20250130T093805Z_20250130T093905Z,,,,,,,,,,,explosion,,,,,,[2.8272 0.6424 0.4906],4429,2025-01-30 09:38:05.260000,earthquake_local,OUF.HE_20250130093805_HH_EV
HE,OUF,HH,64.3673,24.7314,,807,manual,0.5,,3439,manual,0.5,20250130T120547Z_20250130T120647Z,,,,,,,,,,,explosion,,,,,,[0.0043 -2.6184 2.3084],5999,2025-01-30 12:05:47.810000,earthquake_local,OUF.HE_20250130120547_HH_EV
HE,OUF,HH,64.3673,24.7314,,1069,manual,0.5,,3516,manual,0.5,20250130T130321Z_20250130T130421Z,,,,,,,,,,,explosion,,,,,,[-2.5774 0.5854 -0.4635],5999,2025-01-30 13:03:21.640000,earthquake_local,OUF.HE_20250130130321_HH_EV
HE,OUF,HH,64.3673,24.7314,,1005,manual,0.5,,1511,manual,0.5,20250131T081715Z_20250131T081815Z,,,,,,,,,,,explosion,,,,,,[2.5318 1.8813 0.2412],2219,2025-01-31 08:17:15.330000,earthquake_local,OUF.HE_20250131081715_HH_EV
HE,OUF,HH,64.3673,24.7314,,2201,manual,0.5,,4731,manual,0.5,20250131T111011Z_20250131T111111Z,,,,,,,,,,,explosion,,,,,,[-0.5079 2.1483 -0.1464],5999,2025-01-31 11:10:11.920000,earthquake_local,OUF.HE_20250131111011_HH_EV
HE,OUF,HH,64.3673,24.7314,,1348,manual,0.5,,2934,manual,0.5,20250131T111649Z_20250131T111749Z,,,,,,,,,,,explosion,,,,,,[1.0824 0.5145 0.7027],5154,2025-01-31 11:16:49.800000,earthquake_local,OUF.HE_20250131111649_HH_EV
HE,OUF,HH,64.3673,24.7314,,3026,manual,0.5,,5469,manual,0.5,20250205T005216Z_20250205T005316Z,,,,,,,,,,,explosion,,,,,,[2.5995 5.4170 5.1197],5999,2025-02-05 00:52:16.990000,earthquake_local,OUF.HE_20250205005216_HH_EV
HE,OUF,HH,64.3673,24.7314,,4640,manual,0.5,,5088,manual,0.5,20250205T121433Z_20250205T121533Z,,,,,,,,,,,explosion,,,,,,[-1.0209 -3.8148 -0.1706],5715,2025-02-05 12:14:33.280000,earthquake_local,OUF.HE_20250205121433_HH_EV
HE,OUF,HH,64.3673,24.7314,,1124,manual,0.5,,3714,manual,0.5,20250205T131355Z_20250205T131455Z,,,,,,,,,,,explosion,,,,,,[-2.8675 -5.5810 -0.7338],5999,2025-02-05 13:13:55.370000,earthquake_local,OUF.HE_20250205131355_HH_EV
HE,OUF,HH,64.3673,24.7314,,2962,manual,0.5,,4316,manual,0.5,20250206T084817Z_20250206T084917Z,,,,,,,,,,,explosion,,,,,,[0.5508 1.5382 3.7750],5999,2025-02-06 08:48:17.980000,earthquake_local,OUF.HE_20250206084817_HH_EV
HE,OUF,HH,64.3673,24.7314,,1205,manual,0.5,,3697,manual,0.5,20250206T114135Z_20250206T114235Z,,,,,,,,,,,explosion,,,,,,[1.2808 -0.2750 -3.4233],5999,2025-02-06 11:41:35.390000,earthquake_local,OUF.HE_20250206114135_HH_EV
HE,OUF,HH,64.3673,24.7314,,2193,manual,0.5,,4583,manual,0.5,20250206T115537Z_20250206T115637Z,,,,,,,,,,,explosion,,,,,,[7.4931 1.5860 2.2362],5999,2025-02-06 11:55:37.470000,earthquake_local,OUF.HE_20250206115537_HH_EV
HE,OUF,HH,64.3673,24.7314,,1039,manual,0.5,,3613,manual,0.5,20250207T114029Z_20250207T114129Z,,,,,,,,,,,explosion,,,,,,[4.2128 -1.2617 1.4205],5999,2025-02-07 11:40:29.290000,earthquake_local,OUF.HE_20250207114029_HH_EV
HE,OUF,HH,64.3673,24.7314,,954,manual,0.5,,3421,manual,0.5,20250207T130638Z_20250207T130738Z,,,,,,,,,,,explosion,,,,,,[-3.0614 -4.6425 -2.9966],5999,2025-02-07 13:06:38.790000,earthquake_local,OUF.HE_20250207130638_HH_EV
HE,OUF,HH,64.3673,24.7314,,807,manual,0.5,,4571,manual,0.5,20250210T133154Z_20250210T133254Z,,,,,,,,,,,explosion,,,,,,[4.1934 -1.5578 -0.7316],5999,2025-02-10 13:31:54.810000,earthquake_local,OUF.HE_20250210133154_HH_EV
HE,OUF,HH,64.3673,24.7314,,576,manual,0.5,,3027,manual,0.5,20250211T121530Z_20250211T121630Z,,,,,,,,,,,explosion,,,,,,[3.1580 -0.8193 2.1246],5999,2025-02-11 12:15:30.370000,earthquake_local,OUF.HE_20250211121530_HH_EV
HE,OUF,HH,64.3673,24.7314,,1864,manual,0.5,,3633,manual,0.5,20250212T103916Z_20250212T104016Z,,,,,,,,,,,explosion,,,,,,[5.7124 0.8697 2.2514],5999,2025-02-12 10:39:16.460000,earthquake_local,OUF.HE_20250212103916_HH_EV
HE,OUF,HH,64.3673,24.7314,,598,manual,0.5,,1138,manual,0.5,20250213T091612Z_20250213T091712Z,,,,,,,,,,,explosion,,,,,,[0.8022 0.6779 1.8009],1894,2025-02-13 09:16:12.770000,earthquake_local,OUF.HE_20250213091612_HH_EV
HE,OUF,HH,64.3673,24.7314,,827,manual,0.5,,3335,manual,0.5,20250213T120426Z_20250213T120526Z,,,,,,,,,,,explosion,,,,,,[-1.3232 0.1847 -0.6356],5999,2025-02-13 12:04:26.080000,earthquake_local,OUF.HE_20250213120426_HH_EV
HE,OUF,HH,64.3673,24.7314,,680,manual,0.5,,3314,manual,0.5,20250214T094728Z_20250214T094828Z,,,,,,,,,,,explosion,,,,,,[-2.5630 -0.6513 -0.8465],5999,2025-02-14 09:47:28.180000,earthquake_local,OUF.HE_20250214094728_HH_EV
HE,OUF,HH,64.3673,24.7314,,1643,manual,0.5,,2725,manual,0.5,20250214T095037Z_20250214T095137Z,,,,,,,,,,,explosion,,,,,,[5.5085 0.4930 0.7184],4240,2025-02-14 09:50:37.950000,earthquake_local,OUF.HE_20250214095037_HH_EV
HE,OUF,HH,64.3673,24.7314,,1438,manual,0.5,,3650,manual,0.5,20250214T103108Z_20250214T103208Z,,,,,,,,,,,explosion,,,,,,[-1.7868 -0.2134 0.4699],5999,2025-02-14 10:31:08.380000,earthquake_local,OUF.HE_20250214103108_HH_EV
HE,OUF,HH,64.3673,24.7314,,2499,manual,0.5,,4635,manual,0.5,20250217T114223Z_20250217T114323Z,,,,,,,,,,,explosion,,,,,,[1.2080 2.1747 0.4658],5999,2025-02-17 11:42:23.690000,earthquake_local,OUF.HE_20250217114223_HH_EV
HE,OUF,HH,64.3673,24.7314,,3859,manual,0.5,,5140,manual,0.5,20250218T080356Z_20250218T080456Z,,,,,,,,,,,explosion,,,,,,[1.6228 2.1824 -0.7959],5999,2025-02-18 08:03:56.700000,earthquake_local,OUF.HE_20250218080356_HH_EV
HE,OUF,HH,64.3673,24.7314,,1945,manual,0.5,,3482,manual,0.5,20250219T124515Z_20250219T124615Z,,,,,,,,,,,explosion,,,,,,[-3.4298 -0.3131 -1.2542],5634,2025-02-19 12:45:15.810000,earthquake_local,OUF.HE_20250219124515_HH_EV
HE,OUF,HH,64.3673,24.7314,,1837,manual,0.5,,2884,manual,0.5,20250219T134107Z_20250219T134207Z,,,,,,,,,,,explosion,,,,,,[-0.0918 -0.0084 -0.4773],4350,2025-02-19 13:41:07.400000,earthquake_local,OUF.HE_20250219134107_HH_EV
HE,OUF,HH,64.3673,24.7314,,3746,manual,0.5,,5422,manual,0.5,20250220T131657Z_20250220T131757Z,,,,,,,,,,,explosion,,,,,,[-5.3623 13.3692 -6.4625],5999,2025-02-20 13:16:57.520000,earthquake_local,OUF.HE_20250220131657_HH_EV
HE,OUF,HH,64.3673,24.7314,,3575,manual,0.5,,4766,manual,0.5,20250221T130238Z_20250221T130338Z,,,,,,,,,,,explosion,,,,,,[3.3544 1.4791 -1.0428],5999,2025-02-21 13:02:38.300000,earthquake_local,OUF.HE_20250221130238_HH_EV
HE,OUF,HH,64.3673,24.7314,,1551,manual,0.5,,2873,manual,0.5,20250224T075830Z_20250224T075930Z,,,,,,,,,,,explosion,,,,,,[0.2826 0.7791 1.9057],4724,2025-02-24 07:58:30.290000,earthquake_local,OUF.HE_20250224075830_HH_EV
HE,OUF,HH,64.3673,24.7314,,1090,manual,0.5,,2956,manual,0.5,20250224T102806Z_20250224T102906Z,,,,,,,,,,,explosion,,,,,,[-0.0570 -0.8780 1.9441],5568,2025-02-24 10:28:06.420000,earthquake_local,OUF.HE_20250224102806_HH_EV
HE,OUF,HH,64.3673,24.7314,,833,manual,0.5,,3387,manual,0.5,20250224T114612Z_20250224T114712Z,,,,,,,,,,,explosion,,,,,,[2.5041 1.9496 0.8818],5999,2025-02-24 11:46:12.850000,earthquake_local,OUF.HE_20250224114612_HH_EV
HE,OUF,HH,64.3673,24.7314,,1549,manual,0.5,,2503,manual,0.5,20250224T133652Z_20250224T133752Z,,,,,,,,,,,explosion,,,,,,[-0.5780 1.4082 -1.2917],3839,2025-02-24 13:36:52.060000,earthquake_local,OUF.HE_20250224133652_HH_EV
HE,OUF,HH,64.3673,24.7314,,3912,manual,0.5,,4854,manual,0.5,20250225T132007Z_20250225T132107Z,,,,,,,,,,,explosion,,,,,,[-0.8055 -3.2345 -3.8458],5999,2025-02-25 13:20:07.260000,earthquake_local,OUF.HE_20250225132007_HH_EV
HE,OUF,HH,64.3673,24.7314,,1917,manual,0.5,,4397,manual,0.5,20250226T105631Z_20250226T105731Z,,,,,,,,,,,explosion,,,,,,[3.0729 -1.6898 -2.8813],5999,2025-02-26 10:56:31.310000,earthquake_local,OUF.HE_20250226105631_HH_EV
HE,OUF,HH,64.3673,24.7314,,871,manual,0.5,,3155,manual,0.5,20250226T113828Z_20250226T113928Z,,,,,,,,,,,explosion,,,,,,[-5.8303 -1.3991 -2.9282],5999,2025-02-26 11:38:28.230000,earthquake_local,OUF.HE_20250226113828_HH_EV
HE,OUF,HH,64.3673,24.7314,,3775,manual,0.5,,4882,manual,0.5,20250226T124751Z_20250226T124851Z,,,,,,,,,,,explosion,,,,,,[3.7485 -0.8018 -0.1829],5999,2025-02-26 12:47:51.680000,earthquake_local,OUF.HE_20250226124751_HH_EV
HE,OUF,HH,64.3673,24.7314,,1717,manual,0.5,,4326,manual,0.5,20250226T140549Z_20250226T140649Z,,,,,,,,,,,explosion,,,,,,[0.2507 -3.2616 -2.9522],5999,2025-02-26 14:05:49.060000,earthquake_local,OUF.HE_20250226140549_HH_EV
HE,OUF,HH,64.3673,24.7314,,631,manual,0.5,,3151,manual,0.5,20250227T091422Z_20250227T091522Z,,,,,,,,,,,explosion,,,,,,[4.4996 -1.9037 -1.1769],5999,2025-02-27 09:14:22.370000,earthquake_local,OUF.HE_20250227091422_HH_EV
HE,OUF,HH,64.3673,24.7314,,529,manual,0.5,,3428,manual,0.5,20250227T100558Z_20250227T100658Z,,,,,,,,,,,explosion,,,,,,[-0.9938 2.8887 2.6706],5999,2025-02-27 10:05:58.810000,earthquake_local,OUF.HE_20250227100558_HH_EV
HE,OUF,HH,64.3673,24.7314,,1381,manual,0.5,,2993,manual,0.5,20250227T114852Z_20250227T114952Z,,,,,,,,,,,explosion,,,,,,[0.1280 -0.0366 1.1031],5250,2025-02-27 11:48:52.070000,earthquake_local,OUF.HE_20250227114852_HH_EV
HE,OUF,HH,64.3673,24.7314,,1915,manual,0.5,,3329,manual,0.5,20250228T095916Z_20250228T100016Z,,,,,,,,,,,explosion,,,,,,[-5.1066 0.3946 0.9533],5309,2025-02-28 09:59:16.630000,earthquake_local,OUF.HE_20250228095916_HH_EV
HE,OUF,HH,64.3673,24.7314,,1450,manual,0.5,,3972,manual,0.5,20250228T113646Z_20250228T113746Z,,,,,,,,,,,explosion,,,,,,[4.8129 2.9206 4.1825],5999,2025-02-28 11:36:46.880000,earthquake_local,OUF.HE_20250228113646_HH_EV
HE,OUF,HH,64.3673,24.7314,,1168,manual,0.5,,4691,manual,0.5,20250228T124316Z_20250228T124416Z,,,,,,,,,,,explosion,,,,,,[3.1102 -1.4335 -1.4163],5999,2025-02-28 12:43:16.450000,earthquake_local,OUF.HE_20250228124316_HH_EV
FN,OUL,HH,65.0859,25.8926,,1538,manual,0.5,,2377,manual,0.5,20250102T115128Z_20250102T115228Z,,,,,,,,,,,explosion,,,,,,[4.1193 2.2099 8.0772],3552,2025-01-02 11:51:28.750000,earthquake_local,OUL.FN_20250102115128_HH_EV
FN,OUL,HH,65.0859,25.8926,,1626,manual,0.5,,4463,manual,0.5,20250103T114149Z_20250103T114249Z,,,,,,,,,,,explosion,,,,,,[5.7479 -4.1631 1.2844],5999,2025-01-03 11:41:49.370000,earthquake_local,OUL.FN_20250103114149_HH_EV
FN,OUL,HH,65.0859,25.8926,,2126,manual,0.5,,3975,manual,0.5,20250103T123009Z_20250103T123109Z,,,,,,,,,,,explosion,,,,,,[1.0056 4.5815 0.2773],5999,2025-01-03 12:30:09.620000,earthquake_local,OUL.FN_20250103123009_HH_EV
FN,OUL,HH,65.0859,25.8926,,623,manual,0.5,,5025,manual,0.5,20250104T110721Z_20250104T110821Z,,,,,,,,,,,explosion,,,,,,[6.5476 2.3246 5.8465],5999,2025-01-04 11:07:21.350000,earthquake_local,OUL.FN_20250104110721_HH_EV
FN,OUL,HH,65.0859,25.8926,,1012,manual,0.5,,4458,manual,0.5,20250104T131544Z_20250104T131644Z,,,,,,,,,,,explosion,,,,,,[-0.0019 -9.9317 1.3982],5999,2025-01-04 13:15:44.260000,earthquake_local,OUL.FN_20250104131544_HH_EV
FN,OUL,HH,65.0859,25.8926,,731,manual,0.5,,3091,manual,0.5,20250107T113243Z_20250107T113343Z,,,,,,,,,,,explosion,,,,,,[-3.3677 -0.4363 -2.2987],5999,2025-01-07 11:32:43.570000,earthquake_local,OUL.FN_20250107113243_HH_EV
FN,OUL,HH,65.0859,25.8926,,1106,manual,0.5,,3627,manual,0.5,20250108T090602Z_20250108T090702Z,,,,,,,,,,,explosion,,,,,,[1.0570 0.7128 -2.2231],5999,2025-01-08 09:06:02.770000,earthquake_local,OUL.FN_20250108090602_HH_EV
FN,OUL,HH,65.0859,25.8926,,866,manual,0.5,,2724,manual,0.5,20250108T120159Z_20250108T120259Z,,,,,,,,,,,explosion,,,,,,[-0.9778 -1.0170 0.5612],5325,2025-01-08 12:01:59.520000,earthquake_local,OUL.FN_20250108120159_HH_EV
FN,OUL,HH,65.0859,25.8926,,2631,manual,0.5,,5384,manual,0.5,20250109T103427Z_20250109T103527Z,,,,,,,,,,,explosion,,,,,,[0.5622 0.3638 -0.4805],5999,2025-01-09 10:34:27.040000,earthquake_local,OUL.FN_20250109103427_HH_EV
FN,OUL,HH,65.0859,25.8926,,1640,manual,0.5,,4153,manual,0.5,20250109T105257Z_20250109T105357Z,,,,,,,,,,,explosion,,,,,,[0.2487 -0.3357 -1.1008],5999,2025-01-09 10:52:57.800000,earthquake_local,OUL.FN_20250109105257_HH_EV
FN,OUL,HH,65.0859,25.8926,,1841,manual,0.5,,4176,manual,0.5,20250110T090251Z_20250110T090351Z,,,,,,,,,,,explosion,,,,,,[-0.1017 3.0132 1.3127],5999,2025-01-10 09:02:51.420000,earthquake_local,OUL.FN_20250110090251_HH_EV
FN,OUL,HH,65.0859,25.8926,,1831,manual,0.5,,4743,manual,0.5,20250110T115156Z_20250110T115256Z,,,,,,,,,,,explosion,,,,,,[-1.0600 0.3552 2.7494],5999,2025-01-10 11:51:56.850000,earthquake_local,OUL.FN_20250110115156_HH_EV
FN,OUL,HH,65.0859,25.8926,,1302,manual,0.5,,3909,manual,0.5,20250110T124813Z_20250110T124913Z,,,,,,,,,,,explosion,,,,,,[-0.9385 -1.3156 1.5754],5999,2025-01-10 12:48:13.890000,earthquake_local,OUL.FN_20250110124813_HH_EV
FN,OUL,HH,65.0859,25.8926,,3434,manual,0.5,,5420,manual,0.5,20250113T110040Z_20250113T110140Z,,,,,,,,,,,explosion,,,,,,[-4.0110 -0.1168 0.2163],5999,2025-01-13 11:00:40.840000,earthquake_local,OUL.FN_20250113110040_HH_EV
FN,OUL,HH,65.0859,25.8926,,3061,manual,0.5,,4041,manual,0.5,20250113T122953Z_20250113T123053Z,,,,,,,,,,,explosion,,,,,,[4.6819 1.8601 7.4561],5413,2025-01-13 12:29:53.770000,earthquake_local,OUL.FN_20250113122953_HH_EV
FN,OUL,HH,65.0859,25.8926,,2388,manual,0.5,,5226,manual,0.5,20250114T112604Z_20250114T112704Z,,,,,,,,,,,explosion,,,,,,[2.6300 0.6323 1.9774],5999,2025-01-14 11:26:04.000000,earthquake_local,OUL.FN_20250114112604_HH_EV
FN,OUL,HH,65.0859,25.8926,,1675,manual,0.5,,3868,manual,0.5,20250114T113729Z_20250114T113829Z,,,,,,,,,,,explosion,,,,,,[1.1911 1.2204 6.1986],5999,2025-01-14 11:37:29.080000,earthquake_local,OUL.FN_20250114113729_HH_EV
FN,OUL,HH,65.0859,25.8926,,1022,manual,0.5,,1321,manual,0.5,20250116T112444Z_20250116T112544Z,,,,,,,,,,,explosion,,,,,,[0.1175 2.5663 -2.8391],1740,2025-01-16 11:24:44.500000,earthquake_local,OUL.FN_20250116112444_HH_EV
FN,OUL,HH,65.0859,25.8926,,1460,manual,0.5,,4222,manual,0.5,20250116T114206Z_20250116T114306Z,,,,,,,,,,,explosion,,,,,,[2.9736 7.4904 -0.8845],5999,2025-01-16 11:42:06.780000,earthquake_local,OUL.FN_20250116114206_HH_EV
FN,OUL,HH,65.0859,25.8926,,943,manual,0.5,,3435,manual,0.5,20250116T120621Z_20250116T120721Z,,,,,,,,,,,explosion,,,,,,[2.8330 2.0668 -0.8880],5999,2025-01-16 12:06:21.730000,earthquake_local,OUL.FN_20250116120621_HH_EV
FN,OUL,HH,65.0859,25.8926,,1923,manual,0.5,,3945,manual,0.5,20250117T081645Z_20250117T081745Z,,,,,,,,,,,explosion,,,,,,[-3.7596 -5.1562 -7.5489],5999,2025-01-17 08:16:45.050000,earthquake_local,OUL.FN_20250117081645_HH_EV
FN,OUL,HH,65.0859,25.8926,,555,manual,0.5,,5023,manual,0.5,20250117T124010Z_20250117T124110Z,,,,,,,,,,,explosion,,,,,,[3.5976 -1.6184 1.3105],5999,2025-01-17 12:40:10.930000,earthquake_local,OUL.FN_20250117124010_HH_EV
FN,OUL,HH,65.0859,25.8926,,1834,manual,0.5,,5432,manual,0.5,20250119T101910Z_20250119T102010Z,,,,,,,,,,,explosion,,,,,,[-3.7714 6.9498 6.9087],5999,2025-01-19 10:19:10.640000,earthquake_local,OUL.FN_20250119101910_HH_EV
FN,OUL,HH,65.0859,25.8926,,2784,manual,0.5,,4591,manual,0.5,20250120T091407Z_20250120T091507Z,,,,,,,,,,,explosion,,,,,,[1.9025 -1.4053 -1.3537],5999,2025-01-20 09:14:07.970000,earthquake_local,OUL.FN_20250120091407_HH_EV
FN,OUL,HH,65.0859,25.8926,,3083,manual,0.5,,4784,manual,0.5,20250120T100954Z_20250120T101054Z,,,,,,,,,,,explosion,,,,,,[8.4066 2.7902 3.7921],5999,2025-01-20 10:09:54.200000,earthquake_local,OUL.FN_20250120100954_HH_EV
FN,OUL,HH,65.0859,25.8926,,1919,manual,0.5,,4749,manual,0.5,20250120T113714Z_20250120T113814Z,,,,,,,,,,,explosion,,,,,,[0.6014 -1.0333 -4.3473],5999,2025-01-20 11:37:14.190000,earthquake_local,OUL.FN_20250120113714_HH_EV
FN,OUL,HH,65.0859,25.8926,,1076,manual,0.5,,3708,manual,0.5,20250121T121908Z_20250121T122008Z,,,,,,,,,,,explosion,,,,,,[5.7819 0.4487 5.6772],5999,2025-01-21 12:19:08.480000,earthquake_local,OUL.FN_20250121121908_HH_EV
FN,OUL,HH,65.0859,25.8926,,1832,manual,0.5,,4184,manual,0.5,20250122T120335Z_20250122T120435Z,,,,,,,,,,,explosion,,,,,,[0.4613 3.4924 1.2645],5999,2025-01-22 12:03:35.360000,earthquake_local,OUL.FN_20250122120335_HH_EV
FN,OUL,HH,65.0859,25.8926,,2370,manual,0.5,,4708,manual,0.5,20250123T074914Z_20250123T075014Z,,,,,,,,,,,explosion,,,,,,[0.0450 -1.3694 4.2280],5999,2025-01-23 07:49:14.480000,earthquake_local,OUL.FN_20250123074914_HH_EV
FN,OUL,HH,65.0859,25.8926,,5320,manual,0.5,,5489,manual,0.5,20250123T111015Z_20250123T111115Z,,,,,,,,,,,explosion,,,,,,[14.0091 20.9918 22.0515],5726,2025-01-23 11:10:15.130000,earthquake_local,OUL.FN_20250123111015_HH_EV
FN,OUL,HH,65.0859,25.8926,,816,manual,0.5,,3672,manual,0.5,20250123T113344Z_20250123T113444Z,,,,,,,,,,,explosion,,,,,,[-0.9348 -2.3124 -2.6100],5999,2025-01-23 11:33:44.200000,earthquake_local,OUL.FN_20250123113344_HH_EV
FN,OUL,HH,65.0859,25.8926,,2442,manual,0.5,,4211,manual,0.5,20250124T104754Z_20250124T104854Z,,,,,,,,,,,explosion,,,,,,[1.6216 2.4769 2.0501],5999,2025-01-24 10:47:54.900000,earthquake_local,OUL.FN_20250124104754_HH_EV
FN,OUL,HH,65.0859,25.8926,,735,manual,0.5,,3521,manual,0.5,20250124T113847Z_20250124T113947Z,,,,,,,,,,,explosion,,,,,,[-1.1646 -4.7809 1.0403],5999,2025-01-24 11:38:47.730000,earthquake_local,OUL.FN_20250124113847_HH_EV
FN,OUL,HH,65.0859,25.8926,,1781,manual,0.5,,5179,manual,0.5,20250125T102549Z_20250125T102649Z,,,,,,,,,,,explosion,,,,,,[1.4559 5.9097 0.1945],5999,2025-01-25 10:25:49.570000,earthquake_local,OUL.FN_20250125102549_HH_EV
FN,OUL,HH,65.0859,25.8926,,3327,manual,0.5,,4755,manual,0.5,20250128T114937Z_20250128T115037Z,,,,,,,,,,,explosion,,,,,,[-3.6365 -1.2238 0.6046],5999,2025-01-28 11:49:37.510000,earthquake_local,OUL.FN_20250128114937_HH_EV
FN,OUL,HH,65.0859,25.8926,,1629,manual,0.5,,4317,manual,0.5,20250128T133606Z_20250128T133706Z,,,,,,,,,,,explosion,,,,,,[-2.3768 0.0795 0.1056],5999,2025-01-28 13:36:06.510000,earthquake_local,OUL.FN_20250128133606_HH_EV
FN,OUL,HH,65.0859,25.8926,,975,manual,0.5,,5289,manual,0.5,20250129T120426Z_20250129T120526Z,,,,,,,,,,,explosion,,,,,,[-2.1691 -1.6896 0.6049],5999,2025-01-29 12:04:26.230000,earthquake_local,OUL.FN_20250129120426_HH_EV
FN,OUL,HH,65.0859,25.8926,,2459,manual,0.5,,4202,manual,0.5,20250130T093824Z_20250130T093924Z,,,,,,,,,,,explosion,,,,,,[0.2344 -3.4813 -1.3748],5999,2025-01-30 09:38:24.540000,earthquake_local,OUL.FN_20250130093824_HH_EV
FN,OUL,HH,65.0859,25.8926,,1214,manual,0.5,,3774,manual,0.5,20250130T120543Z_20250130T120643Z,,,,,,,,,,,explosion,,,,,,[1.1261 -0.4996 0.2522],5999,2025-01-30 12:05:43.100000,earthquake_local,OUL.FN_20250130120543_HH_EV
FN,OUL,HH,65.0859,25.8926,,1501,manual,0.5,,2313,manual,0.5,20250131T081715Z_20250131T081815Z,,,,,,,,,,,explosion,,,,,,[0.9078 1.7180 4.1080],3450,2025-01-31 08:17:15.670000,earthquake_local,OUL.FN_20250131081715_HH_EV
FN,OUL,HH,65.0859,25.8926,,1536,manual,0.5,,3458,manual,0.5,20250131T091909Z_20250131T092009Z,,,,,,,,,,,explosion,,,,,,[-3.1251 -1.5628 -0.8318],5999,2025-01-31 09:19:09.950000,earthquake_local,OUL.FN_20250131091909_HH_EV
FN,OUL,HH,65.0859,25.8926,,665,manual,0.5,,3373,manual,0.5,20250131T111028Z_20250131T111128Z,,,,,,,,,,,explosion,,,,,,[-0.1104 0.7711 -0.2268],5999,2025-01-31 11:10:28.490000,earthquake_local,OUL.FN_20250131111028_HH_EV
FN,OUL,HH,65.0859,25.8926,,2707,manual,0.5,,3572,manual,0.5,20250205T121456Z_20250205T121556Z,,,,,,,,,,,explosion,,,,,,[6.9802 -1.4198 0.9885],4783,2025-02-05 12:14:56.960000,earthquake_local,OUL.FN_20250205121456_HH_EV
FN,OUL,HH,65.0859,25.8926,,1504,manual,0.5,,4190,manual,0.5,20250205T131352Z_20250205T131452Z,,,,,,,,,,,explosion,,,,,,[0.8422 2.4689 1.3874],5999,2025-02-05 13:13:52.920000,earthquake_local,OUL.FN_20250205131352_HH_EV
FN,OUL,HH,65.0859,25.8926,,2308,manual,0.5,,4164,manual,0.5,20250206T084830Z_20250206T084930Z,,,,,,,,,,,explosion,,,,,,[-2.1370 1.8770 -1.0692],5999,2025-02-06 08:48:30.950000,earthquake_local,OUL.FN_20250206084830_HH_EV
FN,OUL,HH,65.0859,25.8926,,1609,manual,0.5,,4199,manual,0.5,20250206T090238Z_20250206T090338Z,,,,,,,,,,,explosion,,,,,,[3.2987 -1.8411 1.5022],5999,2025-02-06 09:02:38.310000,earthquake_local,OUL.FN_20250206090238_HH_EV
FN,OUL,HH,65.0859,25.8926,,1408,manual,0.5,,3984,manual,0.5,20250206T105118Z_20250206T105218Z,,,,,,,,,,,explosion,,,,,,[4.1806 -5.6729 5.0409],5999,2025-02-06 10:51:18.840000,earthquake_local,OUL.FN_20250206105118_HH_EV
FN,OUL,HH,65.0859,25.8926,,1674,manual,0.5,,4446,manual,0.5,20250206T114135Z_20250206T114235Z,,,,,,,,,,,explosion,,,,,,[1.3538 6.0337 3.3987],5999,2025-02-06 11:41:35.620000,earthquake_local,OUL.FN_20250206114135_HH_EV
FN,OUL,HH,65.0859,25.8926,,2464,manual,0.5,,3524,manual,0.5,20250206T170128Z_20250206T170228Z,,,,,,,,,,,explosion,,,,,,[-0.8301 -7.6676 -4.3465],5008,2025-02-06 17:01:28.990000,earthquake_local,OUL.FN_20250206170128_HH_EV
FN,OUL,HH,65.0859,25.8926,,981,manual,0.5,,4645,manual,0.5,20250207T065852Z_20250207T065952Z,,,,,,,,,,,explosion,,,,,,[1.3598 4.2389 0.9253],5999,2025-02-07 06:58:52.070000,earthquake_local,OUL.FN_20250207065852_HH_EV
FN,OUL,HH,65.0859,25.8926,,2143,manual,0.5,,2927,manual,0.5,20250207T094422Z_20250207T094522Z,,,,,,,,,,,explosion,,,,,,[-6.2879 -6.5082 -6.6763],4025,2025-02-07 09:44:22.750000,earthquake_local,OUL.FN_20250207094422_HH_EV
FN,OUL,HH,65.0859,25.8926,,2909,manual,0.5,,5205,manual,0.5,20250207T130618Z_20250207T130718Z,,,,,,,,,,,explosion,,,,,,[-4.6152 -6.6969 -6.4680],5999,2025-02-07 13:06:18.910000,earthquake_local,OUL.FN_20250207130618_HH_EV
FN,OUL,HH,65.0859,25.8926,,1292,manual,0.5,,5328,manual,0.5,20250207T131218Z_20250207T131318Z,,,,,,,,,,,explosion,,,,,,[10.4675 3.9702 5.0960],5999,2025-02-07 13:12:18.160000,earthquake_local,OUL.FN_20250207131218_HH_EV
FN,OUL,HH,65.0859,25.8926,,950,manual,0.5,,5067,manual,0.5,20250208T130753Z_20250208T130853Z,,,,,,,,,,,explosion,,,,,,[1.0997 1.5370 11.8700],5999,2025-02-08 13:07:53.930000,earthquake_local,OUL.FN_20250208130753_HH_EV
FN,OUL,HH,65.0859,25.8926,,1787,manual,0.5,,4319,manual,0.5,20250209T015153Z_20250209T015253Z,,,,,,,,,,,explosion,,,,,,[-4.8908 3.4709 -10.3554],5999,2025-02-09 01:51:53.290000,earthquake_local,OUL.FN_20250209015153_HH_EV
FN,OUL,HH,65.0859,25.8926,,1826,manual,0.5,,5018,manual,0.5,20250210T133136Z_20250210T133236Z,,,,,,,,,,,explosion,,,,,,[0.4270 5.8572 3.9977],5999,2025-02-10 13:31:36.020000,earthquake_local,OUL.FN_20250210133136_HH_EV
FN,OUL,HH,65.0859,25.8926,,2055,manual,0.5,,4090,manual,0.5,20250212T103918Z_20250212T104018Z,,,,,,,,,,,explosion,,,,,,[-5.3911 7.5990 8.0696],5999,2025-02-12 10:39:18.990000,earthquake_local,OUL.FN_20250212103918_HH_EV
FN,OUL,HH,65.0859,25.8926,,1448,manual,0.5,,2937,manual,0.5,20250212T113645Z_20250212T113745Z,,,,,,,,,,,explosion,,,,,,[-0.8823 -6.7394 -3.8780],5022,2025-02-12 11:36:45.000000,earthquake_local,OUL.FN_20250212113645_HH_EV
FN,OUL,HH,65.0859,25.8926,,2358,manual,0.5,,3903,manual,0.5,20250213T091608Z_20250213T091708Z,,,,,,,,,,,explosion,,,,,,[-1.5159 -3.6160 0.9974],5999,2025-02-13 09:16:08.060000,earthquake_local,OUL.FN_20250213091608_HH_EV
FN,OUL,HH,65.0859,25.8926,,2536,manual,0.5,,5392,manual,0.5,20250213T114235Z_20250213T114335Z,,,,,,,,,,,explosion,,,,,,[1.1148 1.0184 0.0630],5999,2025-02-13 11:42:35.480000,earthquake_local,OUL.FN_20250213114235_HH_EV
FN,OUL,HH,65.0859,25.8926,,2110,manual,0.5,,5202,manual,0.5,20250214T094720Z_20250214T094820Z,,,,,,,,,,,explosion,,,,,,[-1.5301 -1.2473 1.1807],5999,2025-02-14 09:47:20.480000,earthquake_local,OUL.FN_20250214094720_HH_EV
FN,OUL,HH,65.0859,25.8926,,1186,manual,0.5,,4026,manual,0.5,20250214T103118Z_20250214T103218Z,,,,,,,,,,,explosion,,,,,,[1.7719 1.4576 3.4613],5999,2025-02-14 10:31:18.020000,earthquake_local,OUL.FN_20250214103118_HH_EV
FN,OUL,HH,65.0859,25.8926,,915,manual,0.5,,5065,manual,0.5,20250214T131836Z_20250214T131936Z,,,,,,,,,,,explosion,,,,,,[2.7173 3.1084 -0.2241],5999,2025-02-14 13:18:36.750000,earthquake_local,OUL.FN_20250214131836_HH_EV
FN,OUL,HH,65.0859,25.8926,,2267,manual,0.5,,4843,manual,0.5,20250216T194910Z_20250216T195010Z,,,,,,,,,,,explosion,,,,,,[1.9187 1.3534 1.2285],5999,2025-02-16 19:49:10.450000,earthquake_local,OUL.FN_20250216194910_HH_EV
FN,OUL,HH,65.0859,25.8926,,2836,manual,0.5,,4717,manual,0.5,20250218T080413Z_20250218T080513Z,,,,,,,,,,,explosion,,,,,,[-1.3674 -1.5979 -0.0840],5999,2025-02-18 08:04:13.510000,earthquake_local,OUL.FN_20250218080413_HH_EV
FN,OUL,HH,65.0859,25.8926,,715,manual,0.5,,1668,manual,0.5,20250219T110249Z_20250219T110349Z,,,,,,,,,,,explosion,,,,,,[-0.2019 4.4208 -3.2388],3002,2025-02-19 11:02:49.610000,earthquake_local,OUL.FN_20250219110249_HH_EV
FN,OUL,HH,65.0859,25.8926,,1759,manual,0.5,,2409,manual,0.5,20250219T124505Z_20250219T124605Z,,,,,,,,,,,explosion,,,,,,[-0.5668 -4.3625 1.9851],3319,2025-02-19 12:45:05.220000,earthquake_local,OUL.FN_20250219124505_HH_EV
FN,OUL,HH,65.0859,25.8926,,1364,manual,0.5,,3502,manual,0.5,20250219T134127Z_20250219T134227Z,,,,,,,,,,,explosion,,,,,,[0.3076 1.8120 -3.6578],5999,2025-02-19 13:41:27.640000,earthquake_local,OUL.FN_20250219134127_HH_EV
FN,OUL,HH,65.0859,25.8926,,2750,manual,0.5,,5042,manual,0.5,20250221T130300Z_20250221T130400Z,,,,,,,,,,,explosion,,,,,,[-1.6848 -0.7254 -3.0297],5999,2025-02-21 13:03:00.830000,earthquake_local,OUL.FN_20250221130300_HH_EV
FN,OUL,HH,65.0859,25.8926,,4089,manual,0.5,,5214,manual,0.5,20250221T170053Z_20250221T170153Z,,,,,,,,,,,explosion,,,,,,[1.1901 1.1901 -0.4363],5999,2025-02-21 17:00:53.910000,earthquake_local,OUL.FN_20250221170053_HH_EV
FN,OUL,HH,65.0859,25.8926,,1515,manual,0.5,,4885,manual,0.5,20250222T103453Z_20250222T103553Z,,,,,,,,,,,explosion,,,,,,[0.5436 -0.9462 -0.1679],5999,2025-02-22 10:34:53.350000,earthquake_local,OUL.FN_20250222103453_HH_EV
FN,OUL,HH,65.0859,25.8926,,2092,manual,0.5,,4473,manual,0.5,20250224T075839Z_20250224T075939Z,,,,,,,,,,,explosion,,,,,,[-0.9423 1.7589 -1.6510],5999,2025-02-24 07:58:39.650000,earthquake_local,OUL.FN_20250224075839_HH_EV
FN,OUL,HH,65.0859,25.8926,,760,manual,0.5,,2382,manual,0.5,20250224T102806Z_20250224T102906Z,,,,,,,,,,,explosion,,,,,,[0.5651 1.0785 -0.1647],4653,2025-02-24 10:28:06.450000,earthquake_local,OUL.FN_20250224102806_HH_EV
FN,OUL,HH,65.0859,25.8926,,1861,manual,0.5,,4717,manual,0.5,20250224T114607Z_20250224T114707Z,,,,,,,,,,,explosion,,,,,,[3.5834 1.6574 0.9932],5999,2025-02-24 11:46:07.550000,earthquake_local,OUL.FN_20250224114607_HH_EV
FN,OUL,HH,65.0859,25.8926,,759,manual,0.5,,2592,manual,0.5,20250224T133713Z_20250224T133813Z,,,,,,,,,,,explosion,,,,,,[-2.1070 -0.5951 -3.3958],5158,2025-02-24 13:37:13.030000,earthquake_local,OUL.FN_20250224133713_HH_EV
FN,OUL,HH,65.0859,25.8926,,931,manual,0.5,,1410,manual,0.5,20250225T132029Z_20250225T132129Z,,,,,,,,,,,explosion,,,,,,[3.3657 1.2266 1.2892],2081,2025-02-25 13:20:29.240000,earthquake_local,OUL.FN_20250225132029_HH_EV
FN,OUL,HH,65.0859,25.8926,,1107,manual,0.5,,3375,manual,0.5,20250226T122021Z_20250226T122121Z,,,,,,,,,,,explosion,,,,,,[0.2606 -0.7477 2.5489],5999,2025-02-26 12:20:21.810000,earthquake_local,OUL.FN_20250226122021_HH_EV
FN,OUL,HH,65.0859,25.8926,,5304,manual,0.5,,5354,manual,0.5,20250226T124728Z_20250226T124828Z,,,,,,,,,,,explosion,,,,,,[-4.9431 -2.7652 4.2104],5454,2025-02-26 12:47:28.140000,earthquake_local,OUL.FN_20250226124728_HH_EV
FN,OUL,HH,65.0859,25.8926,,1579,manual,0.5,,4143,manual,0.5,20250226T131843Z_20250226T131943Z,,,,,,,,,,,explosion,,,,,,[-0.8442 0.1045 -2.5971],5999,2025-02-26 13:18:43.370000,earthquake_local,OUL.FN_20250226131843_HH_EV
FN,OUL,HH,65.0859,25.8926,,1090,manual,0.5,,4370,manual,0.5,20250227T091428Z_20250227T091528Z,,,,,,,,,,,explosion,,,,,,[4.1201 4.7249 3.3417],5999,2025-02-27 09:14:28.680000,earthquake_local,OUL.FN_20250227091428_HH_EV
FN,OUL,HH,65.0859,25.8926,,2089,manual,0.5,,4895,manual,0.5,20250227T100537Z_20250227T100637Z,,,,,,,,,,,explosion,,,,,,[-4.0196 10.1701 4.3522],5999,2025-02-27 10:05:37.420000,earthquake_local,OUL.FN_20250227100537_HH_EV
FN,OUL,HH,65.0859,25.8926,,4510,manual,0.5,,5291,manual,0.5,20250227T114808Z_20250227T114908Z,,,,,,,,,,,explosion,,,,,,[1.2661 -0.8002 2.2994],5999,2025-02-27 11:48:08.330000,earthquake_local,OUL.FN_20250227114808_HH_EV
FN,OUL,HH,65.0859,25.8926,,1844,manual,0.5,,4336,manual,0.5,20250227T120422Z_20250227T120522Z,,,,,,,,,,,explosion,,,,,,[-4.5404 1.8167 -0.6840],5999,2025-02-27 12:04:22.840000,earthquake_local,OUL.FN_20250227120422_HH_EV
FN,OUL,HH,65.0859,25.8926,,522,manual,0.5,,2509,manual,0.5,20250227T121120Z_20250227T121220Z,,,,,,,,,,,explosion,,,,,,[1.5402 -11.0455 -8.7048],5291,2025-02-27 12:11:20.910000,earthquake_local,OUL.FN_20250227121120_HH_EV
FN,OUL,HH,65.0859,25.8926,,3321,manual,0.5,,4767,manual,0.5,20250228T095903Z_20250228T100003Z,,,,,,,,,,,explosion,,,,,,[1.4618 -0.0934 0.3685],5999,2025-02-28 09:59:03.390000,earthquake_local,OUL.FN_20250228095903_HH_EV
FN,OUL,HH,65.0859,25.8926,,568,manual,0.5,,3396,manual,0.5,20250228T113700Z_20250228T113800Z,,,,,,,,,,,explosion,,,,,,[0.1560 6.8033 0.5867],5999,2025-02-28 11:37:00.320000,earthquake_local,OUL.FN_20250228113700_HH_EV
FN,OUL,HH,65.0859,25.8926,,1221,manual,0.5,,3895,manual,0.5,20250228T124308Z_20250228T124408Z,,,,,,,,,,,explosion,,,,,,[-1.4995 2.1590 -0.1632],5999,2025-02-28 12:43:08.850000,earthquake_local,OUL.FN_20250228124308_HH_EV
FN,OUL,HH,65.0859,25.8926,,879,manual,0.5,,4465,manual,0.5,20250228T131543Z_20250228T131643Z,,,,,,,,,,,explosion,,,,,,[1.7206 -2.3872 3.4102],5999,2025-02-28 13:15:43.990000,earthquake_local,OUL.FN_20250228131543_HH_EV
FN,OUL,HH,65.0859,25.8926,,1293,manual,0.5,,5297,manual,0.5,20250228T134820Z_20250228T134920Z,,,,,,,,,,,explosion,,,,,,[0.1983 2.4349 1.6880],5999,2025-02-28 13:48:20.830000,earthquake_local,OUL.FN_20250228134820_HH_EV
HE,RAF,HH,61.0224,21.7646,,1392,manual,0.5,,4711,manual,0.5,20250102T091739Z_20250102T091839Z,,,,,,,,,,,explosion,,,,,,[-3.5478 1.8653 -2.2716],5999,2025-01-02 09:17:39.160000,earthquake_local,RAF.HE_20250102091739_HH_EV
HE,RAF,HH,61.0224,21.7646,,1299,manual,0.5,,2316,manual,0.5,20250103T120405Z_20250103T120505Z,,,,,,,,,,,explosion,,,,,,[-4.1535 9.8132 6.8350],3740,2025-01-03 12:04:05.040000,earthquake_local,RAF.HE_20250103120405_HH_EV
HE,RAF,HH,61.0224,21.7646,,3058,manual,0.5,,3803,manual,0.5,20250107T124246Z_20250107T124346Z,,,,,,,,,,,explosion,,,,,,[-2.8553 3.1400 -1.7764],4846,2025-01-07 12:42:46.600000,earthquake_local,RAF.HE_20250107124246_HH_EV
HE,RAF,HH,61.0224,21.7646,,2723,manual,0.5,,3310,manual,0.5,20250107T142605Z_20250107T142705Z,,,,,,,,,,,explosion,,,,,,[2.2872 -0.6434 5.1181],4132,2025-01-07 14:26:05.690000,earthquake_local,RAF.HE_20250107142605_HH_EV
HE,RAF,HH,61.0224,21.7646,,3048,manual,0.5,,5113,manual,0.5,20250108T100219Z_20250108T100319Z,,,,,,,,,,,explosion,,,,,,[0.5831 0.5684 -8.8458],5999,2025-01-08 10:02:19.100000,earthquake_local,RAF.HE_20250108100219_HH_EV
HE,RAF,HH,61.0224,21.7646,,1457,manual,0.5,,3074,manual,0.5,20250108T124731Z_20250108T124831Z,,,,,,,,,,,explosion,,,,,,[1.0297 1.0597 -2.4100],5338,2025-01-08 12:47:31.020000,earthquake_local,RAF.HE_20250108124731_HH_EV
HE,RAF,HH,61.0224,21.7646,,3198,manual,0.5,,4100,manual,0.5,20250108T133352Z_20250108T133452Z,,,,,,,,,,,explosion,,,,,,[3.0463 -2.0276 2.2839],5363,2025-01-08 13:33:52.200000,earthquake_local,RAF.HE_20250108133352_HH_EV
HE,RAF,HH,61.0224,21.7646,,797,manual,0.5,,3359,manual,0.5,20250109T124829Z_20250109T124929Z,,,,,,,,,,,explosion,,,,,,[0.7556 4.1104 0.3458],5999,2025-01-09 12:48:29.910000,earthquake_local,RAF.HE_20250109124829_HH_EV
HE,RAF,HH,61.0224,21.7646,,1138,manual,0.5,,4621,manual,0.5,20250110T102520Z_20250110T102620Z,,,,,,,,,,,explosion,,,,,,[-0.6941 -0.3087 -0.1628],5999,2025-01-10 10:25:20.950000,earthquake_local,RAF.HE_20250110102520_HH_EV
HE,RAF,HH,61.0224,21.7646,,2588,manual,0.5,,4705,manual,0.5,20250110T102752Z_20250110T102852Z,,,,,,,,,,,explosion,,,,,,[-2.8567 -0.3086 0.6922],5999,2025-01-10 10:27:52.280000,earthquake_local,RAF.HE_20250110102752_HH_EV
HE,RAF,HH,61.0224,21.7646,,3643,manual,0.5,,5495,manual,0.5,20250110T110100Z_20250110T110200Z,,,,,,,,,,,explosion,,,,,,[-2.2972 2.1799 0.8270],5999,2025-01-10 11:01:00.250000,earthquake_local,RAF.HE_20250110110100_HH_EV
HE,RAF,HH,61.0224,21.7646,,1239,manual,0.5,,2225,manual,0.5,20250110T120340Z_20250110T120440Z,,,,,,,,,,,explosion,,,,,,[1.7278 1.7754 -0.5965],3605,2025-01-10 12:03:40.280000,earthquake_local,RAF.HE_20250110120340_HH_EV
HE,RAF,HH,61.0224,21.7646,,570,manual,0.5,,1576,manual,0.5,20250110T120858Z_20250110T120958Z,,,,,,,,,,,explosion,,,,,,[0.3699 -0.7601 0.2162],2984,2025-01-10 12:08:58.880000,earthquake_local,RAF.HE_20250110120858_HH_EV
HE,RAF,HH,61.0224,21.7646,,1271,manual,0.5,,4575,manual,0.5,20250113T121210Z_20250113T121310Z,,,,,,,,,,,explosion,,,,,,[0.5480 -3.2077 -5.2374],5999,2025-01-13 12:12:10.570000,earthquake_local,RAF.HE_20250113121210_HH_EV
HE,RAF,HH,61.0224,21.7646,,2834,manual,0.5,,4184,manual,0.5,20250113T125829Z_20250113T125929Z,,,,,,,,,,,explosion,,,,,,[-0.0843 6.2540 -0.4336],5999,2025-01-13 12:58:29.440000,earthquake_local,RAF.HE_20250113125829_HH_EV
HE,RAF,HH,61.0224,21.7646,,1087,manual,0.5,,3284,manual,0.5,20250113T135619Z_20250113T135719Z,,,,,,,,,,,explosion,,,,,,[3.6900 -0.7541 3.3169],5999,2025-01-13 13:56:19.390000,earthquake_local,RAF.HE_20250113135619_HH_EV
HE,RAF,HH,61.0224,21.7646,,1892,manual,0.5,,3996,manual,0.5,20250113T140139Z_20250113T140239Z,,,,,,,,,,,explosion,,,,,,[4.1794 5.9678 0.4726],5999,2025-01-13 14:01:39.560000,earthquake_local,RAF.HE_20250113140139_HH_EV
HE,RAF,HH,61.0224,21.7646,,1575,manual,0.5,,3709,manual,0.5,20250114T073121Z_20250114T073221Z,,,,,,,,,,,explosion,,,,,,[3.3962 -1.5787 0.7983],5999,2025-01-14 07:31:21.550000,earthquake_local,RAF.HE_20250114073121_HH_EV
HE,RAF,HH,61.0224,21.7646,,2737,manual,0.5,,3521,manual,0.5,20250114T105223Z_20250114T105323Z,,,,,,,,,,,explosion,,,,,,[-0.1299 -1.2523 1.3564],4619,2025-01-14 10:52:23.110000,earthquake_local,RAF.HE_20250114105223_HH_EV
HE,RAF,HH,61.0224,21.7646,,2951,manual,0.5,,5055,manual,0.5,20250114T135737Z_20250114T135837Z,,,,,,,,,,,explosion,,,,,,[-5.8290 -2.1510 12.3360],5999,2025-01-14 13:57:37.010000,earthquake_local,RAF.HE_20250114135737_HH_EV
HE,RAF,HH,61.0224,21.7646,,3282,manual,0.5,,5321,manual,0.5,20250114T140008Z_20250114T140108Z,,,,,,,,,,,explosion,,,,,,[-4.5814 -2.2416 1.6841],5999,2025-01-14 14:00:08.160000,earthquake_local,RAF.HE_20250114140008_HH_EV
HE,RAF,HH,61.0224,21.7646,,1956,manual,0.5,,2429,manual,0.5,20250115T110940Z_20250115T111040Z,,,,,,,,,,,explosion,,,,,,[2.1376 1.4456 -4.4433],3091,2025-01-15 11:09:40.430000,earthquake_local,RAF.HE_20250115110940_HH_EV
HE,RAF,HH,61.0224,21.7646,,2970,manual,0.5,,4549,manual,0.5,20250115T152108Z_20250115T152208Z,,,,,,,,,,,explosion,,,,,,[1.2340 0.1210 3.6002],5999,2025-01-15 15:21:08.230000,earthquake_local,RAF.HE_20250115152108_HH_EV
HE,RAF,HH,61.0224,21.7646,,1744,manual,0.5,,2629,manual,0.5,20250116T091858Z_20250116T091958Z,,,,,,,,,,,explosion,,,,,,[9.4855 3.2806 7.1421],3868,2025-01-16 09:18:58.170000,earthquake_local,RAF.HE_20250116091858_HH_EV
HE,RAF,HH,61.0224,21.7646,,2571,manual,0.5,,3103,manual,0.5,20250116T104429Z_20250116T104529Z,,,,,,,,,,,explosion,,,,,,[10.2533 2.9592 2.1469],3848,2025-01-16 10:44:29.250000,earthquake_local,RAF.HE_20250116104429_HH_EV
HE,RAF,HH,61.0224,21.7646,,1126,manual,0.5,,3515,manual,0.5,20250116T110700Z_20250116T110800Z,,,,,,,,,,,explosion,,,,,,[-2.3097 7.5060 -2.3210],5999,2025-01-16 11:07:00.110000,earthquake_local,RAF.HE_20250116110700_HH_EV
HE,RAF,HH,61.0224,21.7646,,2973,manual,0.5,,5168,manual,0.5,20250116T113116Z_20250116T113216Z,,,,,,,,,,,explosion,,,,,,[1.0116 -3.1004 4.2901],5999,2025-01-16 11:31:16.200000,earthquake_local,RAF.HE_20250116113116_HH_EV
HE,RAF,HH,61.0224,21.7646,,2808,manual,0.5,,5062,manual,0.5,20250116T113720Z_20250116T113820Z,,,,,,,,,,,explosion,,,,,,[1.3317 2.1214 -0.4107],5999,2025-01-16 11:37:20.480000,earthquake_local,RAF.HE_20250116113720_HH_EV
HE,RAF,HH,61.0224,21.7646,,1394,manual,0.5,,3079,manual,0.5,20250116T115019Z_20250116T115119Z,,,,,,,,,,,explosion,,,,,,[-4.2307 -5.4802 2.8622],5438,2025-01-16 11:50:19.090000,earthquake_local,RAF.HE_20250116115019_HH_EV
HE,RAF,HH,61.0224,21.7646,,1544,manual,0.5,,2562,manual,0.5,20250116T120404Z_20250116T120504Z,,,,,,,,,,,explosion,,,,,,[1.0495 1.9920 0.5252],3987,2025-01-16 12:04:04.540000,earthquake_local,RAF.HE_20250116120404_HH_EV
HE,RAF,HH,61.0224,21.7646,,2031,manual,0.5,,3785,manual,0.5,20250117T130337Z_20250117T130437Z,,,,,,,,,,,explosion,,,,,,[-2.3846 -1.9600 8.5073],5999,2025-01-17 13:03:37.470000,earthquake_local,RAF.HE_20250117130337_HH_EV
HE,RAF,HH,61.0224,21.7646,,985,manual,0.5,,1315,manual,0.5,20250120T123522Z_20250120T123622Z,,,,,,,,,,,explosion,,,,,,[1.8395 4.0113 1.3671],1777,2025-01-20 12:35:22.510000,earthquake_local,RAF.HE_20250120123522_HH_EV
HE,RAF,HH,61.0224,21.7646,,3100,manual,0.5,,3866,manual,0.5,20250120T135129Z_20250120T135229Z,,,,,,,,,,,explosion,,,,,,[-0.0671 -1.1091 4.8457],4938,2025-01-20 13:51:29.550000,earthquake_local,RAF.HE_20250120135129_HH_EV
HE,RAF,HH,61.0224,21.7646,,2801,manual,0.5,,3462,manual,0.5,20250121T121345Z_20250121T121445Z,,,,,,,,,,,explosion,,,,,,[-1.6135 1.3220 -1.6509],4387,2025-01-21 12:13:45.110000,earthquake_local,RAF.HE_20250121121345_HH_EV
HE,RAF,HH,61.0224,21.7646,,2869,manual,0.5,,4786,manual,0.5,20250122T083128Z_20250122T083228Z,,,,,,,,,,,explosion,,,,,,[5.1590 1.0802 2.5659],5999,2025-01-22 08:31:28.340000,earthquake_local,RAF.HE_20250122083128_HH_EV
HE,RAF,HH,61.0224,21.7646,,3926,manual,0.5,,4402,manual,0.5,20250122T111101Z_20250122T111201Z,,,,,,,,,,,explosion,,,,,,[7.3725 -0.9926 0.4964],5068,2025-01-22 11:11:01.700000,earthquake_local,RAF.HE_20250122111101_HH_EV
HE,RAF,HH,61.0224,21.7646,,3044,manual,0.5,,4069,manual,0.5,20250122T120349Z_20250122T120449Z,,,,,,,,,,,explosion,,,,,,[-1.6764 -1.0411 -0.2363],5504,2025-01-22 12:03:49.590000,earthquake_local,RAF.HE_20250122120349_HH_EV
HE,RAF,HH,61.0224,21.7646,,1364,manual,0.5,,4323,manual,0.5,20250122T120846Z_20250122T120946Z,,,,,,,,,,,explosion,,,,,,[-3.3560 -3.5596 1.8736],5999,2025-01-22 12:08:46.470000,earthquake_local,RAF.HE_20250122120846_HH_EV
HE,RAF,HH,61.0224,21.7646,,3005,manual,0.5,,5089,manual,0.5,20250122T122744Z_20250122T122844Z,,,,,,,,,,,explosion,,,,,,[-1.0725 -0.3853 0.2664],5999,2025-01-22 12:27:44.690000,earthquake_local,RAF.HE_20250122122744_HH_EV
HE,RAF,HH,61.0224,21.7646,,1516,manual,0.5,,4036,manual,0.5,20250122T131059Z_20250122T131159Z,,,,,,,,,,,explosion,,,,,,[1.9630 -1.4144 -4.5815],5999,2025-01-22 13:10:59.420000,earthquake_local,RAF.HE_20250122131059_HH_EV
HE,RAF,HH,61.0224,21.7646,,4152,manual,0.5,,4714,manual,0.5,20250123T023859Z_20250123T023959Z,,,,,,,,,,,explosion,,,,,,[-0.5913 -1.3213 1.0869],5501,2025-01-23 02:38:59.800000,earthquake_local,RAF.HE_20250123023859_HH_EV
HE,RAF,HH,61.0224,21.7646,,1962,manual,0.5,,4144,manual,0.5,20250123T111531Z_20250123T111631Z,,,,,,,,,,,explosion,,,,,,[-1.3656 -1.9526 -0.1607],5999,2025-01-23 11:15:31.460000,earthquake_local,RAF.HE_20250123111531_HH_EV
HE,RAF,HH,61.0224,21.7646,,3804,manual,0.5,,5106,manual,0.5,20250123T115136Z_20250123T115236Z,,,,,,,,,,,explosion,,,,,,[-1.4668 -0.5043 -0.9220],5999,2025-01-23 11:51:36.940000,earthquake_local,RAF.HE_20250123115136_HH_EV
HE,RAF,HH,61.0224,21.7646,,3426,manual,0.5,,5477,manual,0.5,20250123T115802Z_20250123T115902Z,,,,,,,,,,,explosion,,,,,,[4.8200 1.9054 1.8705],5999,2025-01-23 11:58:02.070000,earthquake_local,RAF.HE_20250123115802_HH_EV
HE,RAF,HH,61.0224,21.7646,,701,manual,0.5,,1728,manual,0.5,20250123T120411Z_20250123T120511Z,,,,,,,,,,,explosion,,,,,,[0.3967 -1.6964 -0.2134],3166,2025-01-23 12:04:11.020000,earthquake_local,RAF.HE_20250123120411_HH_EV
HE,RAF,HH,61.0224,21.7646,,1074,manual,0.5,,1690,manual,0.5,20250123T132022Z_20250123T132122Z,,,,,,,,,,,explosion,,,,,,[7.4316 2.2967 3.2566],2552,2025-01-23 13:20:22.980000,earthquake_local,RAF.HE_20250123132022_HH_EV
HE,RAF,HH,61.0224,21.7646,,1171,manual,0.5,,3266,manual,0.5,20250124T100312Z_20250124T100412Z,,,,,,,,,,,explosion,,,,,,[-2.2584 3.7420 2.6128],5999,2025-01-24 10:03:12.620000,earthquake_local,RAF.HE_20250124100312_HH_EV
HE,RAF,HH,61.0224,21.7646,,660,manual,0.5,,2928,manual,0.5,20250124T114138Z_20250124T114238Z,,,,,,,,,,,explosion,,,,,,[-0.2661 4.4572 -1.6019],5999,2025-01-24 11:41:38.280000,earthquake_local,RAF.HE_20250124114138_HH_EV
HE,RAF,HH,61.0224,21.7646,,1498,manual,0.5,,3077,manual,0.5,20250127T105818Z_20250127T105918Z,,,,,,,,,,,explosion,,,,,,[-3.5503 2.2450 3.9320],5288,2025-01-27 10:58:18.150000,earthquake_local,RAF.HE_20250127105818_HH_EV
HE,RAF,HH,61.0224,21.7646,,1528,manual,0.5,,2421,manual,0.5,20250127T105940Z_20250127T110040Z,,,,,,,,,,,explosion,,,,,,[4.1785 3.6188 -0.1720],3671,2025-01-27 10:59:40.670000,earthquake_local,RAF.HE_20250127105940_HH_EV
HE,RAF,HH,61.0224,21.7646,,4671,manual,0.5,,5369,manual,0.5,20250127T132153Z_20250127T132253Z,,,,,,,,,,,explosion,,,,,,[4.4631 3.0705 -0.5653],5999,2025-01-27 13:21:53.010000,earthquake_local,RAF.HE_20250127132153_HH_EV
HE,RAF,HH,61.0224,21.7646,,1898,manual,0.5,,2111,manual,0.5,20250128T094826Z_20250128T094926Z,,,,,,,,,,,explosion,,,,,,[11.5227 10.6180 13.1992],2409,2025-01-28 09:48:26.680000,earthquake_local,RAF.HE_20250128094826_HH_EV
HE,RAF,HH,61.0224,21.7646,,1147,manual,0.5,,3739,manual,0.5,20250128T105334Z_20250128T105434Z,,,,,,,,,,,explosion,,,,,,[-2.3964 -2.6508 -3.4618],5999,2025-01-28 10:53:34.950000,earthquake_local,RAF.HE_20250128105334_HH_EV
HE,RAF,HH,61.0224,21.7646,,3540,manual,0.5,,4548,manual,0.5,20250128T120343Z_20250128T120443Z,,,,,,,,,,,explosion,,,,,,[6.2187 2.4468 -0.1506],5959,2025-01-28 12:03:43.780000,earthquake_local,RAF.HE_20250128120343_HH_EV
HE,RAF,HH,61.0224,21.7646,,1537,manual,0.5,,4739,manual,0.5,20250129T102702Z_20250129T102802Z,,,,,,,,,,,explosion,,,,,,[-3.3834 7.4904 2.5872],5999,2025-01-29 10:27:02.190000,earthquake_local,RAF.HE_20250129102702_HH_EV
HE,RAF,HH,61.0224,21.7646,,1283,manual,0.5,,1907,manual,0.5,20250129T103013Z_20250129T103113Z,,,,,,,,,,,explosion,,,,,,[0.1732 0.3329 1.8481],2781,2025-01-29 10:30:13.650000,earthquake_local,RAF.HE_20250129103013_HH_EV
HE,RAF,HH,61.0224,21.7646,,3560,manual,0.5,,5488,manual,0.5,20250129T115639Z_20250129T115739Z,,,,,,,,,,,explosion,,,,,,[4.1292 0.9991 -0.1764],5999,2025-01-29 11:56:39.280000,earthquake_local,RAF.HE_20250129115639_HH_EV
HE,RAF,HH,61.0224,21.7646,,2219,manual,0.5,,3704,manual,0.5,20250129T150037Z_20250129T150137Z,,,,,,,,,,,explosion,,,,,,[0.5070 1.9894 2.2752],5783,2025-01-29 15:00:37.850000,earthquake_local,RAF.HE_20250129150037_HH_EV
HE,RAF,HH,61.0224,21.7646,,1199,manual,0.5,,1953,manual,0.5,20250130T113149Z_20250130T113249Z,,,,,,,,,,,explosion,,,,,,[-0.0679 4.8630 3.3727],3009,2025-01-30 11:31:49.820000,earthquake_local,RAF.HE_20250130113149_HH_EV
HE,RAF,HH,61.0224,21.7646,,2423,manual,0.5,,3428,manual,0.5,20250130T120352Z_20250130T120452Z,,,,,,,,,,,explosion,,,,,,[-0.4617 -0.8708 -0.3050],4835,2025-01-30 12:03:52.220000,earthquake_local,RAF.HE_20250130120352_HH_EV
HE,RAF,HH,61.0224,21.7646,,1495,manual,0.5,,4508,manual,0.5,20250130T120802Z_20250130T120902Z,,,,,,,,,,,explosion,,,,,,[-2.3781 6.4080 0.1872],5999,2025-01-30 12:08:02.080000,earthquake_local,RAF.HE_20250130120802_HH_EV
HE,RAF,HH,61.0224,21.7646,,1272,manual,0.5,,2688,manual,0.5,20250130T131436Z_20250130T131536Z,,,,,,,,,,,explosion,,,,,,[-0.0910 0.5257 -0.6995],4670,2025-01-30 13:14:36.960000,earthquake_local,RAF.HE_20250130131436_HH_EV
HE,RAF,HH,61.0224,21.7646,,2003,manual,0.5,,2983,manual,0.5,20250130T143025Z_20250130T143125Z,,,,,,,,,,,explosion,,,,,,[0.2056 1.9483 0.6649],4355,2025-01-30 14:30:25.530000,earthquake_local,RAF.HE_20250130143025_HH_EV
HE,RAF,HH,61.0224,21.7646,,2070,manual,0.5,,4182,manual,0.5,20250130T143808Z_20250130T143908Z,,,,,,,,,,,explosion,,,,,,[0.9993 -0.1629 -0.2578],5999,2025-01-30 14:38:08.160000,earthquake_local,RAF.HE_20250130143808_HH_EV
HE,RAF,HH,61.0224,21.7646,,2850,manual,0.5,,4911,manual,0.5,20250131T125652Z_20250131T125752Z,,,,,,,,,,,explosion,,,,,,[-1.2540 -2.9270 1.7957],5999,2025-01-31 12:56:52.930000,earthquake_local,RAF.HE_20250131125652_HH_EV
HE,RAF,HH,61.0224,21.7646,,2747,manual,0.5,,3294,manual,0.5,20250131T132420Z_20250131T132520Z,,,,,,,,,,,explosion,,,,,,[-0.2375 1.2203 2.0655],4060,2025-01-31 13:24:20.680000,earthquake_local,RAF.HE_20250131132420_HH_EV
HE,RAF,HH,61.0224,21.7646,,1110,manual,0.5,,1793,manual,0.5,20250204T114535Z_20250204T114635Z,,,,,,,,,,,explosion,,,,,,[2.1728 11.3846 0.8494],2749,2025-02-04 11:45:35.260000,earthquake_local,RAF.HE_20250204114535_HH_EV
HE,RAF,HH,61.0224,21.7646,,3052,manual,0.5,,4838,manual,0.5,20250204T124540Z_20250204T124640Z,,,,,,,,,,,explosion,,,,,,[3.3141 -2.1142 -1.5947],5999,2025-02-04 12:45:40.570000,earthquake_local,RAF.HE_20250204124540_HH_EV
HE,RAF,HH,61.0224,21.7646,,2755,manual,0.5,,5125,manual,0.5,20250205T123300Z_20250205T123400Z,,,,,,,,,,,explosion,,,,,,[2.1668 3.3862 -4.8846],5999,2025-02-05 12:33:00.120000,earthquake_local,RAF.HE_20250205123300_HH_EV
HE,RAF,HH,61.0224,21.7646,,2402,manual,0.5,,4873,manual,0.5,20250205T140513Z_20250205T140613Z,,,,,,,,,,,explosion,,,,,,[-0.8792 -0.3252 1.0969],5999,2025-02-05 14:05:13.530000,earthquake_local,RAF.HE_20250205140513_HH_EV
HE,RAF,HH,61.0224,21.7646,,644,manual,0.5,,2701,manual,0.5,20250205T143213Z_20250205T143313Z,,,,,,,,,,,explosion,,,,,,[9.5234 7.0008 0.4765],5581,2025-02-05 14:32:13.390000,earthquake_local,RAF.HE_20250205143213_HH_EV
HE,RAF,HH,61.0224,21.7646,,987,manual,0.5,,3823,manual,0.5,20250206T115554Z_20250206T115654Z,,,,,,,,,,,explosion,,,,,,[3.5296 -3.6447 -1.6183],5999,2025-02-06 11:55:54.690000,earthquake_local,RAF.HE_20250206115554_HH_EV
HE,RAF,HH,61.0224,21.7646,,2636,manual,0.5,,5484,manual,0.5,20250206T123728Z_20250206T123828Z,,,,,,,,,,,explosion,,,,,,[4.7521 -0.7802 -1.7193],5999,2025-02-06 12:37:28.320000,earthquake_local,RAF.HE_20250206123728_HH_EV
HE,RAF,HH,61.0224,21.7646,,1541,manual,0.5,,3901,manual,0.5,20250206T130107Z_20250206T130207Z,,,,,,,,,,,explosion,,,,,,[5.9465 1.7880 0.6561],5999,2025-02-06 13:01:07.370000,earthquake_local,RAF.HE_20250206130107_HH_EV
HE,RAF,HH,61.0224,21.7646,,2103,manual,0.5,,5409,manual,0.5,20250206T133316Z_20250206T133416Z,,,,,,,,,,,explosion,,,,,,[6.7441 0.2236 2.8210],5999,2025-02-06 13:33:16.320000,earthquake_local,RAF.HE_20250206133316_HH_EV
HE,RAF,HH,61.0224,21.7646,,2225,manual,0.5,,3079,manual,0.5,20250206T135029Z_20250206T135129Z,,,,,,,,,,,explosion,,,,,,[2.2394 -2.5933 0.9033],4275,2025-02-06 13:50:29.160000,earthquake_local,RAF.HE_20250206135029_HH_EV
HE,RAF,HH,61.0224,21.7646,,1202,manual,0.5,,4420,manual,0.5,20250207T091621Z_20250207T091721Z,,,,,,,,,,,explosion,,,,,,[0.5231 -4.6658 -3.1226],5999,2025-02-07 09:16:21.760000,earthquake_local,RAF.HE_20250207091621_HH_EV
HE,RAF,HH,61.0224,21.7646,,4153,manual,0.5,,5132,manual,0.5,20250207T120336Z_20250207T120436Z,,,,,,,,,,,explosion,,,,,,[-3.0460 -4.1315 -3.1970],5999,2025-02-07 12:03:36.720000,earthquake_local,RAF.HE_20250207120336_HH_EV
HE,RAF,HH,61.0224,21.7646,,2375,manual,0.5,,3085,manual,0.5,20250210T112801Z_20250210T112901Z,,,,,,,,,,,explosion,,,,,,[-0.9427 -1.9788 -0.5829],4079,2025-02-10 11:28:01.830000,earthquake_local,RAF.HE_20250210112801_HH_EV
HE,RAF,HH,61.0224,21.7646,,720,manual,0.5,,4073,manual,0.5,20250211T115704Z_20250211T115804Z,,,,,,,,,,,explosion,,,,,,[0.4378 3.2780 0.7922],5999,2025-02-11 11:57:04.630000,earthquake_local,RAF.HE_20250211115704_HH_EV
HE,RAF,HH,61.0224,21.7646,,3084,manual,0.5,,4101,manual,0.5,20250211T120349Z_20250211T120449Z,,,,,,,,,,,explosion,,,,,,[1.2998 3.5696 3.5370],5525,2025-02-11 12:03:49.190000,earthquake_local,RAF.HE_20250211120349_HH_EV
HE,RAF,HH,61.0224,21.7646,,2584,manual,0.5,,3678,manual,0.5,20250211T141045Z_20250211T141145Z,,,,,,,,,,,explosion,,,,,,[-2.3519 -0.1178 5.7723],5210,2025-02-11 14:10:45.690000,earthquake_local,RAF.HE_20250211141045_HH_EV
HE,RAF,HH,61.0224,21.7646,,2772,manual,0.5,,4380,manual,0.5,20250212T112835Z_20250212T112935Z,,,,,,,,,,,explosion,,,,,,[-1.4387 -1.3888 -2.6510],5999,2025-02-12 11:28:35.090000,earthquake_local,RAF.HE_20250212112835_HH_EV
HE,RAF,HH,61.0224,21.7646,,1163,manual,0.5,,3176,manual,0.5,20250213T105535Z_20250213T105635Z,,,,,,,,,,,explosion,,,,,,[1.2606 -2.7956 0.4141],5994,2025-02-13 10:55:35.290000,earthquake_local,RAF.HE_20250213105535_HH_EV
HE,RAF,HH,61.0224,21.7646,,2377,manual,0.5,,4441,manual,0.5,20250214T110641Z_20250214T110741Z,,,,,,,,,,,explosion,,,,,,[-1.8335 3.6069 0.4961],5999,2025-02-14 11:06:41.710000,earthquake_local,RAF.HE_20250214110641_HH_EV
HE,RAF,HH,61.0224,21.7646,,2682,manual,0.5,,3701,manual,0.5,20250217T120352Z_20250217T120452Z,,,,,,,,,,,explosion,,,,,,[-0.6015 3.6004 -2.9298],5128,2025-02-17 12:03:52.310000,earthquake_local,RAF.HE_20250217120352_HH_EV
HE,RAF,HH,61.0224,21.7646,,3977,manual,0.5,,5282,manual,0.5,20250218T115844Z_20250218T115944Z,,,,,,,,,,,explosion,,,,,,[1.8175 7.1782 7.3046],5999,2025-02-18 11:58:44.990000,earthquake_local,RAF.HE_20250218115844_HH_EV
HE,RAF,HH,61.0224,21.7646,,3059,manual,0.5,,4049,manual,0.5,20250218T120347Z_20250218T120447Z,,,,,,,,,,,explosion,,,,,,[-0.1934 2.4909 5.0147],5435,2025-02-18 12:03:47.790000,earthquake_local,RAF.HE_20250218120347_HH_EV
HE,RAF,HH,61.0224,21.7646,,1871,manual,0.5,,4206,manual,0.5,20250218T133705Z_20250218T133805Z,,,,,,,,,,,explosion,,,,,,[0.2656 1.8827 4.1927],5999,2025-02-18 13:37:05.450000,earthquake_local,RAF.HE_20250218133705_HH_EV
HE,RAF,HH,61.0224,21.7646,,2059,manual,0.5,,3766,manual,0.5,20250219T114039Z_20250219T114139Z,,,,,,,,,,,explosion,,,,,,[1.4531 -0.9301 0.7901],5999,2025-02-19 11:40:39.280000,earthquake_local,RAF.HE_20250219114039_HH_EV
HE,RAF,HH,61.0224,21.7646,,2693,manual,0.5,,3647,manual,0.5,20250219T122359Z_20250219T122459Z,,,,,,,,,,,explosion,,,,,,[1.8264 5.0524 -7.5561],4983,2025-02-19 12:23:59.150000,earthquake_local,RAF.HE_20250219122359_HH_EV
HE,RAF,HH,61.0224,21.7646,,3237,manual,0.5,,4471,manual,0.5,20250220T072927Z_20250220T073027Z,,,,,,,,,,,explosion,,,,,,[0.9818 0.0479 -0.9828],5999,2025-02-20 07:29:27.030000,earthquake_local,RAF.HE_20250220072927_HH_EV
HE,RAF,HH,61.0224,21.7646,,2924,manual,0.5,,3449,manual,0.5,20250220T092032Z_20250220T092132Z,,,,,,,,,,,explosion,,,,,,[0.8844 1.6416 3.8856],4184,2025-02-20 09:20:32.930000,earthquake_local,RAF.HE_20250220092032_HH_EV
HE,RAF,HH,61.0224,21.7646,,3320,manual,0.5,,4923,manual,0.5,20250220T093247Z_20250220T093347Z,,,,,,,,,,,explosion,,,,,,[-0.7603 4.5585 1.6231],5999,2025-02-20 09:32:47.830000,earthquake_local,RAF.HE_20250220093247_HH_EV
HE,RAF,HH,61.0224,21.7646,,549,manual,0.5,,2660,manual,0.5,20250220T111247Z_20250220T111347Z,,,,,,,,,,,explosion,,,,,,[-1.5432 2.1082 -2.5736],5615,2025-02-20 11:12:47.250000,earthquake_local,RAF.HE_20250220111247_HH_EV
HE,RAF,HH,61.0224,21.7646,,3020,manual,0.5,,5034,manual,0.5,20250220T113646Z_20250220T113746Z,,,,,,,,,,,explosion,,,,,,[0.5220 -0.2432 1.2186],5999,2025-02-20 11:36:47.000000,earthquake_local,RAF.HE_20250220113646_HH_EV
HE,RAF,HH,61.0224,21.7646,,1028,manual,0.5,,2993,manual,0.5,20250220T114716Z_20250220T114816Z,,,,,,,,,,,explosion,,,,,,[0.8408 5.9138 2.1510],5744,2025-02-20 11:47:16.720000,earthquake_local,RAF.HE_20250220114716_HH_EV
HE,RAF,HH,61.0224,21.7646,,1346,manual,0.5,,2347,manual,0.5,20250220T120404Z_20250220T120504Z,,,,,,,,,,,explosion,,,,,,[0.6000 -1.8101 -0.3681],3748,2025-02-20 12:04:04.770000,earthquake_local,RAF.HE_20250220120404_HH_EV
HE,RAF,HH,61.0224,21.7646,,2391,manual,0.5,,4384,manual,0.5,20250220T121401Z_20250220T121501Z,,,,,,,,,,,explosion,,,,,,[0.8641 -0.8845 -3.1718],5999,2025-02-20 12:14:01.960000,earthquake_local,RAF.HE_20250220121401_HH_EV
HE,RAF,HH,61.0224,21.7646,,2814,manual,0.5,,5000,manual,0.5,20250221T100045Z_20250221T100145Z,,,,,,,,,,,explosion,,,,,,[-0.0514 0.0050 0.9042],5999,2025-02-21 10:00:45.640000,earthquake_local,RAF.HE_20250221100045_HH_EV
HE,RAF,HH,61.0224,21.7646,,2272,manual,0.5,,3105,manual,0.5,20250221T124437Z_20250221T124537Z,,,,,,,,,,,explosion,,,,,,[0.5168 2.0557 1.9489],4271,2025-02-21 12:44:37.770000,earthquake_local,RAF.HE_20250221124437_HH_EV
HE,RAF,HH,61.0224,21.7646,,1140,manual,0.5,,2998,manual,0.5,20250221T162633Z_20250221T162733Z,,,,,,,,,,,explosion,,,,,,[-3.0745 -2.9422 -0.6605],5599,2025-02-21 16:26:33.680000,earthquake_local,RAF.HE_20250221162633_HH_EV
HE,RAF,HH,61.0224,21.7646,,1677,manual,0.5,,2756,manual,0.5,20250224T110850Z_20250224T110950Z,,,,,,,,,,,explosion,,,,,,[-2.8937 0.5889 -6.1289],4267,2025-02-24 11:08:50.910000,earthquake_local,RAF.HE_20250224110850_HH_EV
HE,RAF,HH,61.0224,21.7646,,1721,manual,0.5,,4243,manual,0.5,20250224T141357Z_20250224T141457Z,,,,,,,,,,,explosion,,,,,,[8.7936 4.1351 4.5343],5999,2025-02-24 14:13:57.070000,earthquake_local,RAF.HE_20250224141357_HH_EV
HE,RAF,HH,61.0224,21.7646,,2703,manual,0.5,,4505,manual,0.5,20250225T101740Z_20250225T101840Z,,,,,,,,,,,explosion,,,,,,[-1.1568 2.9767 0.8547],5999,2025-02-25 10:17:40.600000,earthquake_local,RAF.HE_20250225101740_HH_EV
HE,RAF,HH,61.0224,21.7646,,3155,manual,0.5,,5473,manual,0.5,20250225T120118Z_20250225T120218Z,,,,,,,,,,,explosion,,,,,,[0.1333 -0.9805 7.3509],5999,2025-02-25 12:01:18.500000,earthquake_local,RAF.HE_20250225120118_HH_EV
HE,RAF,HH,61.0224,21.7646,,1791,manual,0.5,,2662,manual,0.5,20250225T121849Z_20250225T121949Z,,,,,,,,,,,explosion,,,,,,[5.2979 -2.6352 -0.2224],3881,2025-02-25 12:18:49.450000,earthquake_local,RAF.HE_20250225121849_HH_EV
HE,RAF,HH,61.0224,21.7646,,3013,manual,0.5,,4303,manual,0.5,20250225T134822Z_20250225T134922Z,,,,,,,,,,,explosion,,,,,,[7.8955 6.9204 -1.8593],5999,2025-02-25 13:48:22.110000,earthquake_local,RAF.HE_20250225134822_HH_EV
HE,RAF,HH,61.0224,21.7646,,1774,manual,0.5,,2772,manual,0.5,20250226T104930Z_20250226T105030Z,,,,,,,,,,,explosion,,,,,,[-2.2811 0.3377 1.0515],4169,2025-02-26 10:49:30.640000,earthquake_local,RAF.HE_20250226104930_HH_EV
HE,RAF,HH,61.0224,21.7646,,2028,manual,0.5,,3512,manual,0.5,20250226T121426Z_20250226T121526Z,,,,,,,,,,,explosion,,,,,,[-0.3951 -1.1447 2.2516],5590,2025-02-26 12:14:26.600000,earthquake_local,RAF.HE_20250226121426_HH_EV
HE,RAF,HH,61.0224,21.7646,,2215,manual,0.5,,3745,manual,0.5,20250226T124343Z_20250226T124443Z,,,,,,,,,,,explosion,,,,,,[2.1061 2.3076 -4.2087],5887,2025-02-26 12:43:43.980000,earthquake_local,RAF.HE_20250226124343_HH_EV
HE,RAF,HH,61.0224,21.7646,,2245,manual,0.5,,4375,manual,0.5,20250226T130039Z_20250226T130139Z,,,,,,,,,,,explosion,,,,,,[-0.8852 -1.2015 5.0992],5999,2025-02-26 13:00:39.730000,earthquake_local,RAF.HE_20250226130039_HH_EV
HE,RAF,HH,61.0224,21.7646,,570,manual,0.5,,4280,manual,0.5,20250226T140616Z_20250226T140716Z,,,,,,,,,,,explosion,,,,,,[2.5213 2.2020 4.3796],5999,2025-02-26 14:06:16.480000,earthquake_local,RAF.HE_20250226140616_HH_EV
HE,RAF,HH,61.0224,21.7646,,1301,manual,0.5,,4423,manual,0.5,20250227T091423Z_20250227T091523Z,,,,,,,,,,,explosion,,,,,,[3.9254 -3.9027 -3.8223],5999,2025-02-27 09:14:23.170000,earthquake_local,RAF.HE_20250227091423_HH_EV
HE,RAF,HH,61.0224,21.7646,,1007,manual,0.5,,2961,manual,0.5,20250227T105726Z_20250227T105826Z,,,,,,,,,,,explosion,,,,,,[4.1544 4.7855 3.0608],5697,2025-02-27 10:57:26.910000,earthquake_local,RAF.HE_20250227105726_HH_EV
HE,RAF,HH,61.0224,21.7646,,621,manual,0.5,,1170,manual,0.5,20250227T111254Z_20250227T111354Z,,,,,,,,,,,explosion,,,,,,[2.2298 0.3643 -2.4905],1939,2025-02-27 11:12:54.200000,earthquake_local,RAF.HE_20250227111254_HH_EV
HE,RAF,HH,61.0224,21.7646,,816,manual,0.5,,5089,manual,0.5,20250228T075839Z_20250228T075939Z,,,,,,,,,,,explosion,,,,,,[0.0466 9.2733 2.1923],5999,2025-02-28 07:58:39.670000,earthquake_local,RAF.HE_20250228075839_HH_EV
HE,RAF,HH,61.0224,21.7646,,3227,manual,0.5,,4586,manual,0.5,20250228T085230Z_20250228T085330Z,,,,,,,,,,,explosion,,,,,,[-3.2824 0.4601 -1.4320],5999,2025-02-28 08:52:30.060000,earthquake_local,RAF.HE_20250228085230_HH_EV
HE,RAF,HH,61.0224,21.7646,,2770,manual,0.5,,5440,manual,0.5,20250228T085723Z_20250228T085823Z,,,,,,,,,,,explosion,,,,,,[-0.1552 -5.8281 -4.4195],5999,2025-02-28 08:57:23.880000,earthquake_local,RAF.HE_20250228085723_HH_EV
HE,RAF,HH,61.0224,21.7646,,1435,manual,0.5,,3481,manual,0.5,20250228T105220Z_20250228T105320Z,,,,,,,,,,,explosion,,,,,,[-0.3372 -3.0742 -0.5925],5999,2025-02-28 10:52:20.130000,earthquake_local,RAF.HE_20250228105220_HH_EV
HE,RAF,HH,61.0224,21.7646,,4227,manual,0.5,,5225,manual,0.5,20250228T120336Z_20250228T120436Z,,,,,,,,,,,explosion,,,,,,[0.8076 -3.6779 -2.7228],5999,2025-02-28 12:03:36.010000,earthquake_local,RAF.HE_20250228120336_HH_EV
FN,RAJF,HH,68.47512,28.31099,,1428,manual,0.5,,3040,manual,0.5,20250102T123947Z_20250102T124047Z,,,,,,,,,,,explosion,,,,,,[-2.1814 -4.1119 -1.8786],5297,2025-01-02 12:39:47.400000,earthquake_local,RAJF.FN_20250102123947_HH_EV
FN,RAJF,HH,68.47512,28.31099,,2395,manual,0.5,,5075,manual,0.5,20250103T200515Z_20250103T200615Z,,,,,,,,,,,explosion,,,,,,[-0.2498 -0.8745 0.3656],5999,2025-01-03 20:05:15.250000,earthquake_local,RAJF.FN_20250103200515_HH_EV
FN,RAJF,HH,68.47512,28.31099,,938,manual,0.5,,3788,manual,0.5,20250103T200927Z_20250103T201027Z,,,,,,,,,,,explosion,,,,,,[0.9770 -6.8256 1.0705],5999,2025-01-03 20:09:27.600000,earthquake_local,RAJF.FN_20250103200927_HH_EV
FN,RAJF,HH,68.47512,28.31099,,1721,manual,0.5,,4553,manual,0.5,20250103T202935Z_20250103T203035Z,,,,,,,,,,,explosion,,,,,,[0.9320 1.2468 2.2774],5999,2025-01-03 20:29:35.550000,earthquake_local,RAJF.FN_20250103202935_HH_EV
FN,RAJF,HH,68.47512,28.31099,,3077,manual,0.5,,4701,manual,0.5,20250104T110628Z_20250104T110728Z,,,,,,,,,,,explosion,,,,,,[-0.0121 3.0188 1.9115],5999,2025-01-04 11:06:28.150000,earthquake_local,RAJF.FN_20250104110628_HH_EV
FN,RAJF,HH,68.47512,28.31099,,1103,manual,0.5,,4030,manual,0.5,20250104T131536Z_20250104T131636Z,,,,,,,,,,,explosion,,,,,,[-0.8423 0.4248 0.2283],5999,2025-01-04 13:15:36.700000,earthquake_local,RAJF.FN_20250104131536_HH_EV
FN,RAJF,HH,68.47512,28.31099,,538,manual,0.5,,3404,manual,0.5,20250104T201823Z_20250104T201923Z,,,,,,,,,,,explosion,,,,,,[0.0483 -2.3631 0.4534],5999,2025-01-04 20:18:24.000000,earthquake_local,RAJF.FN_20250104201823_HH_EV
FN,RAJF,HH,68.47512,28.31099,,740,manual,0.5,,3540,manual,0.5,20250105T003209Z_20250105T003309Z,,,,,,,,,,,explosion,,,,,,[-0.1508 -0.8691 -1.0093],5999,2025-01-05 00:32:09.900000,earthquake_local,RAJF.FN_20250105003209_HH_EV
FN,RAJF,HH,68.47512,28.31099,,2731,manual,0.5,,5373,manual,0.5,20250105T003259Z_20250105T003359Z,,,,,,,,,,,explosion,,,,,,[0.1678 0.6761 0.4111],5999,2025-01-05 00:32:59.850000,earthquake_local,RAJF.FN_20250105003259_HH_EV
FN,RAJF,HH,68.47512,28.31099,,2243,manual,0.5,,3846,manual,0.5,20250105T160906Z_20250105T161006Z,,,,,,,,,,,explosion,,,,,,[0.8787 -2.7435 0.3308],5999,2025-01-05 16:09:06.500000,earthquake_local,RAJF.FN_20250105160906_HH_EV
FN,RAJF,HH,68.47512,28.31099,,1778,manual,0.5,,4680,manual,0.5,20250105T200527Z_20250105T200627Z,,,,,,,,,,,explosion,,,,,,[0.0175 -0.2038 -1.1946],5999,2025-01-05 20:05:27.400000,earthquake_local,RAJF.FN_20250105200527_HH_EV
FN,RAJF,HH,68.47512,28.31099,,2688,manual,0.5,,4246,manual,0.5,20250107T160553Z_20250107T160653Z,,,,,,,,,,,explosion,,,,,,[-0.1041 0.2934 0.5961],5999,2025-01-07 16:05:53.600000,earthquake_local,RAJF.FN_20250107160553_HH_EV
FN,RAJF,HH,68.47512,28.31099,,1198,manual,0.5,,2791,manual,0.5,20250108T120934Z_20250108T121034Z,,,,,,,,,,,explosion,,,,,,[0.0762 -1.0100 -0.7209],5021,2025-01-08 12:09:34.050000,earthquake_local,RAJF.FN_20250108120934_HH_EV
FN,RAJF,HH,68.47512,28.31099,,3723,manual,0.5,,5352,manual,0.5,20250108T164343Z_20250108T164443Z,,,,,,,,,,,explosion,,,,,,[-0.0566 -1.1015 0.2931],5999,2025-01-08 16:43:43.450000,earthquake_local,RAJF.FN_20250108164343_HH_EV
FN,RAJF,HH,68.47512,28.31099,,1643,manual,0.5,,4555,manual,0.5,20250110T062623Z_20250110T062723Z,,,,,,,,,,,explosion,,,,,,[-0.5430 -0.8367 0.5240],5999,2025-01-10 06:26:23.250000,earthquake_local,RAJF.FN_20250110062623_HH_EV
FN,RAJF,HH,68.47512,28.31099,,1003,manual,0.5,,3690,manual,0.5,20250110T200546Z_20250110T200646Z,,,,,,,,,,,explosion,,,,,,[-0.9340 0.6631 2.0809],5999,2025-01-10 20:05:46.300000,earthquake_local,RAJF.FN_20250110200546_HH_EV
FN,RAJF,HH,68.47512,28.31099,,1628,manual,0.5,,4348,manual,0.5,20250111T201427Z_20250111T201527Z,,,,,,,,,,,explosion,,,,,,[0.3160 4.3164 3.6306],5999,2025-01-11 20:14:28.000000,earthquake_local,RAJF.FN_20250111201427_HH_EV
FN,RAJF,HH,68.47512,28.31099,,1238,manual,0.5,,3962,manual,0.5,20250111T213218Z_20250111T213318Z,,,,,,,,,,,explosion,,,,,,[0.5482 2.3037 1.5801],5999,2025-01-11 21:32:18.100000,earthquake_local,RAJF.FN_20250111213218_HH_EV
FN,RAJF,HH,68.47512,28.31099,,1263,manual,0.5,,2919,manual,0.5,20250112T041924Z_20250112T042024Z,,,,,,,,,,,explosion,,,,,,[-0.1631 5.3751 0.0005],5237,2025-01-12 04:19:24.250000,earthquake_local,RAJF.FN_20250112041924_HH_EV
FN,RAJF,HH,68.47512,28.31099,,3328,manual,0.5,,5436,manual,0.5,20250112T161022Z_20250112T161122Z,,,,,,,,,,,explosion,,,,,,[1.5441 2.4648 0.5634],5999,2025-01-12 16:10:22.000000,earthquake_local,RAJF.FN_20250112161022_HH_EV
FN,RAJF,HH,68.47512,28.31099,,1523,manual,0.5,,3191,manual,0.5,20250112T164707Z_20250112T164807Z,,,,,,,,,,,explosion,,,,,,[0.3832 -1.7427 2.2689],5526,2025-01-12 16:47:07.050000,earthquake_local,RAJF.FN_20250112164707_HH_EV
FN,RAJF,HH,68.47512,28.31099,,1333,manual,0.5,,4305,manual,0.5,20250112T200504Z_20250112T200604Z,,,,,,,,,,,explosion,,,,,,[-0.0685 4.8811 1.6880],5999,2025-01-12 20:05:04.750000,earthquake_local,RAJF.FN_20250112200504_HH_EV
FN,RAJF,HH,68.47512,28.31099,,3473,manual,0.5,,5130,manual,0.5,20250113T160019Z_20250113T160119Z,,,,,,,,,,,explosion,,,,,,[0.4330 2.4957 -0.8321],5999,2025-01-13 16:00:19.800000,earthquake_local,RAJF.FN_20250113160019_HH_EV
FN,RAJF,HH,68.47512,28.31099,,2628,manual,0.5,,4724,manual,0.5,20250113T160149Z_20250113T160249Z,,,,,,,,,,,explosion,,,,,,[-3.1707 -4.3055 -0.7146],5999,2025-01-13 16:01:49.200000,earthquake_local,RAJF.FN_20250113160149_HH_EV
FN,RAJF,HH,68.47512,28.31099,,1761,manual,0.5,,4205,manual,0.5,20250114T124936Z_20250114T125036Z,,,,,,,,,,,explosion,,,,,,[-0.2142 1.8471 -1.8739],5999,2025-01-14 12:49:36.950000,earthquake_local,RAJF.FN_20250114124936_HH_EV
FN,RAJF,HH,68.47512,28.31099,,3428,manual,0.5,,5080,manual,0.5,20250117T123913Z_20250117T124013Z,,,,,,,,,,,explosion,,,,,,[-0.5969 2.5126 -2.9855],5999,2025-01-17 12:39:14.000000,earthquake_local,RAJF.FN_20250117123913_HH_EV
FN,RAJF,HH,68.47512,28.31099,,2123,manual,0.5,,5027,manual,0.5,20250119T101901Z_20250119T102001Z,,,,,,,,,,,explosion,,,,,,[0.1101 2.5433 -1.2707],5999,2025-01-19 10:19:01.050000,earthquake_local,RAJF.FN_20250119101901_HH_EV
FN,RAJF,HH,68.47512,28.31099,,1518,manual,0.5,,4203,manual,0.5,20250119T200947Z_20250119T201047Z,,,,,,,,,,,explosion,,,,,,[0.7541 -4.0348 0.2779],5999,2025-01-19 20:09:47.850000,earthquake_local,RAJF.FN_20250119200947_HH_EV
FN,RAJF,HH,68.47512,28.31099,,1533,manual,0.5,,4361,manual,0.5,20250120T004223Z_20250120T004323Z,,,,,,,,,,,explosion,,,,,,[1.7769 5.8751 -3.2663],5999,2025-01-20 00:42:23.950000,earthquake_local,RAJF.FN_20250120004223_HH_EV
FN,RAJF,HH,68.47512,28.31099,,1526,manual,0.5,,4438,manual,0.5,20250120T065941Z_20250120T070041Z,,,,,,,,,,,explosion,,,,,,[-0.0083 -1.6308 -1.7937],5999,2025-01-20 06:59:41.700000,earthquake_local,RAJF.FN_20250120065941_HH_EV
FN,RAJF,HH,68.47512,28.31099,,2508,manual,0.5,,5268,manual,0.5,20250120T120513Z_20250120T120613Z,,,,,,,,,,,explosion,,,,,,[-1.1512 2.1239 3.1321],5999,2025-01-20 12:05:13.900000,earthquake_local,RAJF.FN_20250120120513_HH_EV
FN,RAJF,HH,68.47512,28.31099,,1363,manual,0.5,,4087,manual,0.5,20250120T201055Z_20250120T201155Z,,,,,,,,,,,explosion,,,,,,[0.9824 -1.9532 -3.4481],5999,2025-01-20 20:10:55.250000,earthquake_local,RAJF.FN_20250120201055_HH_EV
FN,RAJF,HH,68.47512,28.31099,,1533,manual,0.5,,4341,manual,0.5,20250121T201042Z_20250121T201142Z,,,,,,,,,,,explosion,,,,,,[0.3253 -2.8397 -2.0207],5999,2025-01-21 20:10:42.350000,earthquake_local,RAJF.FN_20250121201042_HH_EV
FN,RAJF,HH,68.47512,28.31099,,2253,manual,0.5,,3827,manual,0.5,20250122T045302Z_20250122T045402Z,,,,,,,,,,,explosion,,,,,,[-0.1176 -0.5398 0.2184],5999,2025-01-22 04:53:02.800000,earthquake_local,RAJF.FN_20250122045302_HH_EV
FN,RAJF,HH,68.47512,28.31099,,1028,manual,0.5,,5409,manual,0.5,20250122T120410Z_20250122T120510Z,,,,,,,,,,,explosion,,,,,,[-0.2137 1.1333 0.2356],5999,2025-01-22 12:04:10.550000,earthquake_local,RAJF.FN_20250122120410_HH_EV
FN,RAJF,HH,68.47512,28.31099,,2039,manual,0.5,,4783,manual,0.5,20250124T194137Z_20250124T194237Z,,,,,,,,,,,explosion,,,,,,[-0.2493 -1.3792 1.2177],5999,2025-01-24 19:41:37.650000,earthquake_local,RAJF.FN_20250124194137_HH_EV
FN,RAJF,HH,68.47512,28.31099,,1206,manual,0.5,,4062,manual,0.5,20250125T005355Z_20250125T005455Z,,,,,,,,,,,explosion,,,,,,[-0.0356 2.7607 1.0578],5999,2025-01-25 00:53:55.500000,earthquake_local,RAJF.FN_20250125005355_HH_EV
FN,RAJF,HH,68.47512,28.31099,,1898,manual,0.5,,4885,manual,0.5,20250125T102541Z_20250125T102641Z,,,,,,,,,,,explosion,,,,,,[-0.6714 1.4371 -0.1015],5999,2025-01-25 10:25:41.150000,earthquake_local,RAJF.FN_20250125102541_HH_EV
FN,RAJF,HH,68.47512,28.31099,,1813,manual,0.5,,4557,manual,0.5,20250125T201200Z_20250125T201300Z,,,,,,,,,,,explosion,,,,,,[1.6358 -2.1332 -1.8960],5999,2025-01-25 20:12:00.750000,earthquake_local,RAJF.FN_20250125201200_HH_EV
FN,RAJF,HH,68.47512,28.31099,,2692,manual,0.5,,5420,manual,0.5,20250126T201925Z_20250126T202025Z,,,,,,,,,,,explosion,,,,,,[-0.3011 0.6893 4.1318],5999,2025-01-26 20:19:26.000000,earthquake_local,RAJF.FN_20250126201925_HH_EV
FN,RAJF,HH,68.47512,28.31099,,1328,manual,0.5,,4060,manual,0.5,20250127T120512Z_20250127T120612Z,,,,,,,,,,,explosion,,,,,,[0.7727 1.2967 6.2859],5999,2025-01-27 12:05:12.100000,earthquake_local,RAJF.FN_20250127120512_HH_EV
FN,RAJF,HH,68.47512,28.31099,,2174,manual,0.5,,4634,manual,0.5,20250127T124527Z_20250127T124627Z,,,,,,,,,,,explosion,,,,,,[1.7453 1.8911 -1.7211],5999,2025-01-27 12:45:27.100000,earthquake_local,RAJF.FN_20250127124527_HH_EV
FN,RAJF,HH,68.47512,28.31099,,1113,manual,0.5,,3997,manual,0.5,20250127T180900Z_20250127T181000Z,,,,,,,,,,,explosion,,,,,,[0.2551 -3.3196 -2.9173],5999,2025-01-27 18:09:00.550000,earthquake_local,RAJF.FN_20250127180900_HH_EV
FN,RAJF,HH,68.47512,28.31099,,1635,manual,0.5,,4535,manual,0.5,20250127T181514Z_20250127T181614Z,,,,,,,,,,,explosion,,,,,,[0.2431 3.5683 8.0714],5999,2025-01-27 18:15:14.650000,earthquake_local,RAJF.FN_20250127181514_HH_EV
FN,RAJF,HH,68.47512,28.31099,,2344,manual,0.5,,5102,manual,0.5,20250127T200945Z_20250127T201045Z,,,,,,,,,,,explosion,,,,,,[-1.0877 -1.1653 -1.6124],5999,2025-01-27 20:09:45.900000,earthquake_local,RAJF.FN_20250127200945_HH_EV
FN,RAJF,HH,68.47512,28.31099,,624,manual,0.5,,3358,manual,0.5,20250127T201732Z_20250127T201832Z,,,,,,,,,,,explosion,,,,,,[0.1262 3.9207 1.9794],5999,2025-01-27 20:17:32.900000,earthquake_local,RAJF.FN_20250127201732_HH_EV
FN,RAJF,HH,68.47512,28.31099,,2198,manual,0.5,,4970,manual,0.5,20250128T002801Z_20250128T002901Z,,,,,,,,,,,explosion,,,,,,[-1.3710 -0.1699 3.8957],5999,2025-01-28 00:28:01.700000,earthquake_local,RAJF.FN_20250128002801_HH_EV
FN,RAJF,HH,68.47512,28.31099,,958,manual,0.5,,3844,manual,0.5,20250128T040533Z_20250128T040633Z,,,,,,,,,,,explosion,,,,,,[-3.7087 -7.6012 -5.0223],5999,2025-01-28 04:05:33.400000,earthquake_local,RAJF.FN_20250128040533_HH_EV
FN,RAJF,HH,68.47512,28.31099,,2363,manual,0.5,,5242,manual,0.5,20250128T120928Z_20250128T121028Z,,,,,,,,,,,explosion,,,,,,[-0.2068 3.5366 -1.8623],5999,2025-01-28 12:09:28.700000,earthquake_local,RAJF.FN_20250128120928_HH_EV
FN,RAJF,HH,68.47512,28.31099,,2072,manual,0.5,,4886,manual,0.5,20250128T200526Z_20250128T200626Z,,,,,,,,,,,explosion,,,,,,[0.8880 0.7455 0.5815],5999,2025-01-28 20:05:26.300000,earthquake_local,RAJF.FN_20250128200526_HH_EV
FN,RAJF,HH,68.47512,28.31099,,1531,manual,0.5,,3099,manual,0.5,20250129T044509Z_20250129T044609Z,,,,,,,,,,,explosion,,,,,,[-0.7206 -3.7061 -0.1431],5294,2025-01-29 04:45:09.800000,earthquake_local,RAJF.FN_20250129044509_HH_EV
FN,RAJF,HH,68.47512,28.31099,,1298,manual,0.5,,2994,manual,0.5,20250129T120354Z_20250129T120454Z,,,,,,,,,,,explosion,,,,,,[0.2007 1.8481 1.6571],5368,2025-01-29 12:03:54.100000,earthquake_local,RAJF.FN_20250129120354_HH_EV
FN,RAJF,HH,68.47512,28.31099,,1447,manual,0.5,,3995,manual,0.5,20250131T114613Z_20250131T114713Z,,,,,,,,,,,explosion,,,,,,[-0.5837 2.7657 0.6467],5999,2025-01-31 11:46:13.500000,earthquake_local,RAJF.FN_20250131114613_HH_EV
FN,RAJF,HH,68.47512,28.31099,,2479,manual,0.5,,5237,manual,0.5,20250131T190408Z_20250131T190508Z,,,,,,,,,,,explosion,,,,,,[-0.2686 4.1185 0.4644],5999,2025-01-31 19:04:08.350000,earthquake_local,RAJF.FN_20250131190408_HH_EV
FN,RAJF,HH,68.47512,28.31099,,1443,manual,0.5,,4219,manual,0.5,20250131T201519Z_20250131T201619Z,,,,,,,,,,,explosion,,,,,,[0.3199 -1.4208 0.5058],5999,2025-01-31 20:15:19.250000,earthquake_local,RAJF.FN_20250131201519_HH_EV
FN,RAJF,HH,68.47512,28.31099,,1213,manual,0.5,,3923,manual,0.5,20250131T202307Z_20250131T202407Z,,,,,,,,,,,explosion,,,,,,[-1.6798 -2.1853 -0.7711],5999,2025-01-31 20:23:07.750000,earthquake_local,RAJF.FN_20250131202307_HH_EV
FN,RAJF,HH,68.47512,28.31099,,1838,manual,0.5,,3880,manual,0.5,20250201T160036Z_20250201T160136Z,,,,,,,,,,,explosion,,,,,,[-0.5737 0.0413 0.1877],5999,2025-02-01 16:00:36.400000,earthquake_local,RAJF.FN_20250201160036_HH_EV
FN,RAJF,HH,68.47512,28.31099,,3013,manual,0.5,,5076,manual,0.5,20250201T160143Z_20250201T160243Z,,,,,,,,,,,explosion,,,,,,[-0.2764 0.9510 -0.3718],5999,2025-02-01 16:01:43.800000,earthquake_local,RAJF.FN_20250201160143_HH_EV
FN,RAJF,HH,68.47512,28.31099,,1278,manual,0.5,,3882,manual,0.5,20250201T201359Z_20250201T201459Z,,,,,,,,,,,explosion,,,,,,[0.1597 0.0102 1.7962],5999,2025-02-01 20:13:59.200000,earthquake_local,RAJF.FN_20250201201359_HH_EV
FN,RAJF,HH,68.47512,28.31099,,848,manual,0.5,,3704,manual,0.5,20250201T221658Z_20250201T221758Z,,,,,,,,,,,explosion,,,,,,[0.3799 -1.8841 -2.2787],5999,2025-02-01 22:16:58.800000,earthquake_local,RAJF.FN_20250201221658_HH_EV
FN,RAJF,HH,68.47512,28.31099,,3313,manual,0.5,,4109,manual,0.5,20250202T103746Z_20250202T103846Z,,,,,,,,,,,explosion,,,,,,[0.6771 1.0604 0.8026],5223,2025-02-02 10:37:46.350000,earthquake_local,RAJF.FN_20250202103746_HH_EV
FN,RAJF,HH,68.47512,28.31099,,883,manual,0.5,,2852,manual,0.5,20250202T163908Z_20250202T164008Z,,,,,,,,,,,explosion,,,,,,[-0.0573 -1.7494 -2.1388],5609,2025-02-02 16:39:08.800000,earthquake_local,RAJF.FN_20250202163908_HH_EV
FN,RAJF,HH,68.47512,28.31099,,1723,manual,0.5,,4485,manual,0.5,20250202T200525Z_20250202T200625Z,,,,,,,,,,,explosion,,,,,,[0.5491 -3.5312 0.2307],5999,2025-02-02 20:05:25.350000,earthquake_local,RAJF.FN_20250202200525_HH_EV
FN,RAJF,HH,68.47512,28.31099,,508,manual,0.5,,3228,manual,0.5,20250203T040939Z_20250203T041039Z,,,,,,,,,,,explosion,,,,,,[-0.6249 4.0595 0.4571],5999,2025-02-03 04:09:39.000000,earthquake_local,RAJF.FN_20250203040939_HH_EV
FN,RAJF,HH,68.47512,28.31099,,2640,manual,0.5,,5362,manual,0.5,20250203T103646Z_20250203T103746Z,,,,,,,,,,,explosion,,,,,,[0.3849 -0.5168 2.7249],5999,2025-02-03 10:36:46.300000,earthquake_local,RAJF.FN_20250203103646_HH_EV
FN,RAJF,HH,68.47512,28.31099,,2236,manual,0.5,,4882,manual,0.5,20250203T120839Z_20250203T120939Z,,,,,,,,,,,explosion,,,,,,[0.1966 -1.2312 -0.5476],5999,2025-02-03 12:08:39.400000,earthquake_local,RAJF.FN_20250203120839_HH_EV
FN,RAJF,HH,68.47512,28.31099,,2105,manual,0.5,,3449,manual,0.5,20250203T130720Z_20250203T130820Z,,,,,,,,,,,explosion,,,,,,[-0.0154 3.3261 2.5241],5331,2025-02-03 13:07:20.350000,earthquake_local,RAJF.FN_20250203130720_HH_EV
FN,RAJF,HH,68.47512,28.31099,,1988,manual,0.5,,4958,manual,0.5,20250203T181723Z_20250203T181823Z,,,,,,,,,,,explosion,,,,,,[1.3845 -4.8121 -2.1325],5999,2025-02-03 18:17:23.100000,earthquake_local,RAJF.FN_20250203181723_HH_EV
FN,RAJF,HH,68.47512,28.31099,,1022,manual,0.5,,3878,manual,0.5,20250203T195758Z_20250203T195858Z,,,,,,,,,,,explosion,,,,,,[0.2378 2.6969 -3.3005],5999,2025-02-03 19:57:58.500000,earthquake_local,RAJF.FN_20250203195758_HH_EV
FN,RAJF,HH,68.47512,28.31099,,1328,manual,0.5,,4114,manual,0.5,20250204T040528Z_20250204T040628Z,,,,,,,,,,,explosion,,,,,,[0.4928 5.0877 0.2766],5999,2025-02-04 04:05:28.500000,earthquake_local,RAJF.FN_20250204040528_HH_EV
FN,RAJF,HH,68.47512,28.31099,,1643,manual,0.5,,4405,manual,0.5,20250204T120537Z_20250204T120637Z,,,,,,,,,,,explosion,,,,,,[-1.4024 3.4169 -0.2981],5999,2025-02-04 12:05:37.150000,earthquake_local,RAJF.FN_20250204120537_HH_EV
FN,RAJF,HH,68.47512,28.31099,,2323,manual,0.5,,3909,manual,0.5,20250204T160220Z_20250204T160320Z,,,,,,,,,,,explosion,,,,,,[3.7095 -4.0581 9.6545],5999,2025-02-04 16:02:20.750000,earthquake_local,RAJF.FN_20250204160220_HH_EV
FN,RAJF,HH,68.47512,28.31099,,2948,manual,0.5,,4590,manual,0.5,20250204T162123Z_20250204T162223Z,,,,,,,,,,,explosion,,,,,,[0.2948 -3.5351 1.3613],5999,2025-02-04 16:21:23.100000,earthquake_local,RAJF.FN_20250204162123_HH_EV
FN,RAJF,HH,68.47512,28.31099,,853,manual,0.5,,3670,manual,0.5,20250204T200534Z_20250204T200634Z,,,,,,,,,,,explosion,,,,,,[-0.1718 3.4235 -1.7391],5999,2025-02-04 20:05:34.300000,earthquake_local,RAJF.FN_20250204200534_HH_EV
FN,RAJF,HH,68.47512,28.31099,,2948,manual,0.5,,5436,manual,0.5,20250204T202337Z_20250204T202437Z,,,,,,,,,,,explosion,,,,,,[-2.7795 -4.0452 -0.4811],5999,2025-02-04 20:23:37.200000,earthquake_local,RAJF.FN_20250204202337_HH_EV
FN,RAJF,HH,68.47512,28.31099,,1377,manual,0.5,,3001,manual,0.5,20250205T115953Z_20250205T120053Z,,,,,,,,,,,explosion,,,,,,[-1.4159 0.2349 -0.5035],5275,2025-02-05 11:59:53.150000,earthquake_local,RAJF.FN_20250205115953_HH_EV
FN,RAJF,HH,68.47512,28.31099,,1788,manual,0.5,,4654,manual,0.5,20250207T065837Z_20250207T065937Z,,,,,,,,,,,explosion,,,,,,[2.9632 1.3555 -2.3430],5999,2025-02-07 06:58:37.300000,earthquake_local,RAJF.FN_20250207065837_HH_EV
FN,RAJF,HH,68.47512,28.31099,,993,manual,0.5,,3921,manual,0.5,20250207T120859Z_20250207T120959Z,,,,,,,,,,,explosion,,,,,,[-0.2984 7.3444 5.6348],5999,2025-02-07 12:08:59.550000,earthquake_local,RAJF.FN_20250207120859_HH_EV
FN,RAJF,HH,68.47512,28.31099,,763,manual,0.5,,5147,manual,0.5,20250207T130707Z_20250207T130807Z,,,,,,,,,,,explosion,,,,,,[-1.1678 3.2016 0.8360],5999,2025-02-07 13:07:07.550000,earthquake_local,RAJF.FN_20250207130707_HH_EV
FN,RAJF,HH,68.47512,28.31099,,3873,manual,0.5,,5439,manual,0.5,20250207T131034Z_20250207T131134Z,,,,,,,,,,,explosion,,,,,,[-0.7077 -3.9783 -2.6886],5999,2025-02-07 13:10:34.650000,earthquake_local,RAJF.FN_20250207131034_HH_EV
FN,RAJF,HH,68.47512,28.31099,,1833,manual,0.5,,3454,manual,0.5,20250207T160303Z_20250207T160403Z,,,,,,,,,,,explosion,,,,,,[2.6113 3.4986 -2.2786],5723,2025-02-07 16:03:03.100000,earthquake_local,RAJF.FN_20250207160303_HH_EV
FN,RAJF,HH,68.47512,28.31099,,748,manual,0.5,,2638,manual,0.5,20250208T130723Z_20250208T130823Z,,,,,,,,,,,explosion,,,,,,[1.8055 -0.6479 0.4485],5284,2025-02-08 13:07:23.500000,earthquake_local,RAJF.FN_20250208130723_HH_EV
FN,RAJF,HH,68.47512,28.31099,,2243,manual,0.5,,4979,manual,0.5,20250208T201524Z_20250208T201624Z,,,,,,,,,,,explosion,,,,,,[-1.2129 -1.3442 0.3378],5999,2025-02-08 20:15:24.850000,earthquake_local,RAJF.FN_20250208201524_HH_EV
FN,RAJF,HH,68.47512,28.31099,,2921,manual,0.5,,4643,manual,0.5,20250209T160605Z_20250209T160705Z,,,,,,,,,,,explosion,,,,,,[-0.0806 0.2262 -0.8172],5999,2025-02-09 16:06:05.250000,earthquake_local,RAJF.FN_20250209160605_HH_EV
FN,RAJF,HH,68.47512,28.31099,,873,manual,0.5,,2378,manual,0.5,20250210T160205Z_20250210T160305Z,,,,,,,,,,,explosion,,,,,,[-0.3504 -2.6631 -0.9590],4485,2025-02-10 16:02:05.700000,earthquake_local,RAJF.FN_20250210160205_HH_EV
FN,RAJF,HH,68.47512,28.31099,,531,manual,0.5,,3429,manual,0.5,20250212T061855Z_20250212T061955Z,,,,,,,,,,,explosion,,,,,,[-0.3638 -3.4920 -2.7953],5999,2025-02-12 06:18:55.950000,earthquake_local,RAJF.FN_20250212061855_HH_EV
FN,RAJF,HH,68.47512,28.31099,,592,manual,0.5,,3154,manual,0.5,20250212T132709Z_20250212T132809Z,,,,,,,,,,,explosion,,,,,,[-1.9129 1.4319 -0.7162],5999,2025-02-12 13:27:09.800000,earthquake_local,RAJF.FN_20250212132709_HH_EV
FN,RAJF,HH,68.47512,28.31099,,1278,manual,0.5,,4042,manual,0.5,20250213T075026Z_20250213T075126Z,,,,,,,,,,,explosion,,,,,,[0.6206 3.3053 1.6583],5999,2025-02-13 07:50:26.900000,earthquake_local,RAJF.FN_20250213075026_HH_EV
FN,RAJF,HH,68.47512,28.31099,,1165,manual,0.5,,5481,manual,0.5,20250213T122031Z_20250213T122131Z,,,,,,,,,,,explosion,,,,,,[0.6870 3.4951 0.7412],5999,2025-02-13 12:20:31.750000,earthquake_local,RAJF.FN_20250213122031_HH_EV
FN,RAJF,HH,68.47512,28.31099,,2178,manual,0.5,,3764,manual,0.5,20250213T160014Z_20250213T160114Z,,,,,,,,,,,explosion,,,,,,[0.2759 0.7283 1.9662],5984,2025-02-13 16:00:14.800000,earthquake_local,RAJF.FN_20250213160014_HH_EV
FN,RAJF,HH,68.47512,28.31099,,1483,manual,0.5,,3055,manual,0.5,20250213T160751Z_20250213T160851Z,,,,,,,,,,,explosion,,,,,,[0.2038 1.5248 -0.0471],5256,2025-02-13 16:07:51.450000,earthquake_local,RAJF.FN_20250213160751_HH_EV
FN,RAJF,HH,68.47512,28.31099,,1080,manual,0.5,,3852,manual,0.5,20250213T225123Z_20250213T225223Z,,,,,,,,,,,explosion,,,,,,[0.0567 2.1908 0.4700],5999,2025-02-13 22:51:23.400000,earthquake_local,RAJF.FN_20250213225123_HH_EV
FN,RAJF,HH,68.47512,28.31099,,2913,manual,0.5,,4445,manual,0.5,20250214T130743Z_20250214T130843Z,,,,,,,,,,,explosion,,,,,,[-0.2453 -2.8566 -2.5037],5999,2025-02-14 13:07:43.150000,earthquake_local,RAJF.FN_20250214130743_HH_EV
FN,RAJF,HH,68.47512,28.31099,,3198,manual,0.5,,4702,manual,0.5,20250214T131741Z_20250214T131841Z,,,,,,,,,,,explosion,,,,,,[0.3462 1.9403 -0.0376],5999,2025-02-14 13:17:41.500000,earthquake_local,RAJF.FN_20250214131741_HH_EV
FN,RAJF,HH,68.47512,28.31099,,1758,manual,0.5,,3404,manual,0.5,20250214T160024Z_20250214T160124Z,,,,,,,,,,,explosion,,,,,,[-0.6901 0.9401 -0.3254],5708,2025-02-14 16:00:24.000000,earthquake_local,RAJF.FN_20250214160024_HH_EV
FN,RAJF,HH,68.47512,28.31099,,1553,manual,0.5,,4307,manual,0.5,20250214T200528Z_20250214T200628Z,,,,,,,,,,,explosion,,,,,,[0.4474 -2.3014 -1.6263],5999,2025-02-14 20:05:28.950000,earthquake_local,RAJF.FN_20250214200528_HH_EV
FN,RAJF,HH,68.47512,28.31099,,1303,manual,0.5,,2959,manual,0.5,20250215T155959Z_20250215T160059Z,,,,,,,,,,,explosion,,,,,,[0.0112 0.0630 -0.3018],5277,2025-02-15 15:59:59.250000,earthquake_local,RAJF.FN_20250215155959_HH_EV
FN,RAJF,HH,68.47512,28.31099,,3758,manual,0.5,,5342,manual,0.5,20250215T162151Z_20250215T162251Z,,,,,,,,,,,explosion,,,,,,[-0.0951 1.2598 1.0389],5999,2025-02-15 16:21:51.800000,earthquake_local,RAJF.FN_20250215162151_HH_EV
FN,RAJF,HH,68.47512,28.31099,,1433,manual,0.5,,4395,manual,0.5,20250215T201728Z_20250215T201828Z,,,,,,,,,,,explosion,,,,,,[0.3239 3.2106 0.6554],5999,2025-02-15 20:17:28.250000,earthquake_local,RAJF.FN_20250215201728_HH_EV
FN,RAJF,HH,68.47512,28.31099,,838,manual,0.5,,2408,manual,0.5,20250216T160301Z_20250216T160401Z,,,,,,,,,,,explosion,,,,,,[-0.3192 -0.0649 0.4887],4606,2025-02-16 16:03:01.200000,earthquake_local,RAJF.FN_20250216160301_HH_EV
FN,RAJF,HH,68.47512,28.31099,,1368,manual,0.5,,4182,manual,0.5,20250217T041915Z_20250217T042015Z,,,,,,,,,,,explosion,,,,,,[0.1982 1.6407 -0.2025],5999,2025-02-17 04:19:15.700000,earthquake_local,RAJF.FN_20250217041915_HH_EV
FN,RAJF,HH,68.47512,28.31099,,2098,manual,0.5,,4866,manual,0.5,20250217T120525Z_20250217T120625Z,,,,,,,,,,,explosion,,,,,,[0.1917 0.9285 1.2451],5999,2025-02-17 12:05:25.700000,earthquake_local,RAJF.FN_20250217120525_HH_EV
FN,RAJF,HH,68.47512,28.31099,,759,manual,0.5,,3595,manual,0.5,20250217T121430Z_20250217T121530Z,,,,,,,,,,,explosion,,,,,,[-0.6172 -2.0864 -0.8169],5999,2025-02-17 12:14:30.150000,earthquake_local,RAJF.FN_20250217121430_HH_EV
FN,RAJF,HH,68.47512,28.31099,,2282,manual,0.5,,4802,manual,0.5,20250217T152553Z_20250217T152653Z,,,,,,,,,,,explosion,,,,,,[0.4087 0.1325 -1.3235],5999,2025-02-17 15:25:53.300000,earthquake_local,RAJF.FN_20250217152553_HH_EV
FN,RAJF,HH,68.47512,28.31099,,1183,manual,0.5,,4039,manual,0.5,20250217T181322Z_20250217T181422Z,,,,,,,,,,,explosion,,,,,,[0.1300 -2.2574 -0.4894],5999,2025-02-17 18:13:22.850000,earthquake_local,RAJF.FN_20250217181322_HH_EV
FN,RAJF,HH,68.47512,28.31099,,1748,manual,0.5,,4510,manual,0.5,20250217T200526Z_20250217T200626Z,,,,,,,,,,,explosion,,,,,,[-0.4118 2.0801 0.7923],5999,2025-02-17 20:05:26.900000,earthquake_local,RAJF.FN_20250217200526_HH_EV
FN,RAJF,HH,68.47512,28.31099,,968,manual,0.5,,5308,manual,0.5,20250218T002354Z_20250218T002454Z,,,,,,,,,,,explosion,,,,,,[-0.1006 -0.1543 -2.2682],5999,2025-02-18 00:23:54.400000,earthquake_local,RAJF.FN_20250218002354_HH_EV
FN,RAJF,HH,68.47512,28.31099,,2542,manual,0.5,,5230,manual,0.5,20250218T040403Z_20250218T040503Z,,,,,,,,,,,explosion,,,,,,[-1.0321 -2.9213 -2.9734],5999,2025-02-18 04:04:03.900000,earthquake_local,RAJF.FN_20250218040403_HH_EV
FN,RAJF,HH,68.47512,28.31099,,4391,manual,0.5,,4759,manual,0.5,20250218T090501Z_20250218T090601Z,,,,,,,,,,,explosion,,,,,,[0.5289 -4.8816 -1.2365],5274,2025-02-18 09:05:01.100000,earthquake_local,RAJF.FN_20250218090501_HH_EV
FN,RAJF,HH,68.47512,28.31099,,1338,manual,0.5,,4217,manual,0.5,20250218T120604Z_20250218T120704Z,,,,,,,,,,,explosion,,,,,,[0.5354 -1.2437 0.0308],5999,2025-02-18 12:06:04.750000,earthquake_local,RAJF.FN_20250218120604_HH_EV
FN,RAJF,HH,68.47512,28.31099,,513,manual,0.5,,3369,manual,0.5,20250218T200538Z_20250218T200638Z,,,,,,,,,,,explosion,,,,,,[0.7325 0.7947 1.5503],5999,2025-02-18 20:05:38.750000,earthquake_local,RAJF.FN_20250218200538_HH_EV
FN,RAJF,HH,68.47512,28.31099,,741,manual,0.5,,3503,manual,0.5,20250218T200809Z_20250218T200909Z,,,,,,,,,,,explosion,,,,,,[0.5904 -2.8421 0.3778],5999,2025-02-18 20:08:09.150000,earthquake_local,RAJF.FN_20250218200809_HH_EV
FN,RAJF,HH,68.47512,28.31099,,2505,manual,0.5,,5389,manual,0.5,20250219T000516Z_20250219T000616Z,,,,,,,,,,,explosion,,,,,,[0.8023 2.3873 1.6586],5999,2025-02-19 00:05:16.550000,earthquake_local,RAJF.FN_20250219000516_HH_EV
FN,RAJF,HH,68.47512,28.31099,,1982,manual,0.5,,4558,manual,0.5,20250219T004023Z_20250219T004123Z,,,,,,,,,,,explosion,,,,,,[0.6493 -0.3356 0.2075],5999,2025-02-19 00:40:23.100000,earthquake_local,RAJF.FN_20250219004023_HH_EV
FN,RAJF,HH,68.47512,28.31099,,2428,manual,0.5,,5183,manual,0.5,20250219T040941Z_20250219T041041Z,,,,,,,,,,,explosion,,,,,,[-0.2298 -2.4023 -0.7590],5999,2025-02-19 04:09:41.450000,earthquake_local,RAJF.FN_20250219040941_HH_EV
FN,RAJF,HH,68.47512,28.31099,,908,manual,0.5,,2944,manual,0.5,20250219T160433Z_20250219T160533Z,,,,,,,,,,,explosion,,,,,,[1.0755 -0.8820 -0.2575],5794,2025-02-19 16:04:33.800000,earthquake_local,RAJF.FN_20250219160433_HH_EV
FN,RAJF,HH,68.47512,28.31099,,1481,manual,0.5,,4029,manual,0.5,20250220T190421Z_20250220T190521Z,,,,,,,,,,,explosion,,,,,,[-0.1674 1.6702 -0.7249],5999,2025-02-20 19:04:21.350000,earthquake_local,RAJF.FN_20250220190421_HH_EV
FN,RAJF,HH,68.47512,28.31099,,1341,manual,0.5,,4238,manual,0.5,20250220T201423Z_20250220T201523Z,,,,,,,,,,,explosion,,,,,,[-0.1297 5.4320 0.5620],5999,2025-02-20 20:14:23.250000,earthquake_local,RAJF.FN_20250220201423_HH_EV
FN,RAJF,HH,68.47512,28.31099,,1956,manual,0.5,,4772,manual,0.5,20250220T235635Z_20250220T235735Z,,,,,,,,,,,explosion,,,,,,[-0.4837 1.4085 2.0838],5999,2025-02-20 23:56:35.600000,earthquake_local,RAJF.FN_20250220235635_HH_EV
FN,RAJF,HH,68.47512,28.31099,,2531,manual,0.5,,5023,manual,0.5,20250221T105920Z_20250221T110020Z,,,,,,,,,,,explosion,,,,,,[0.2826 0.8839 -0.2139],5999,2025-02-21 10:59:20.050000,earthquake_local,RAJF.FN_20250221105920_HH_EV
FN,RAJF,HH,68.47512,28.31099,,3018,manual,0.5,,4548,manual,0.5,20250221T131204Z_20250221T131304Z,,,,,,,,,,,explosion,,,,,,[-0.3518 -2.3730 -0.8547],5999,2025-02-21 13:12:04.400000,earthquake_local,RAJF.FN_20250221131204_HH_EV
FN,RAJF,HH,68.47512,28.31099,,2853,manual,0.5,,4526,manual,0.5,20250221T131902Z_20250221T132002Z,,,,,,,,,,,explosion,,,,,,[0.3437 -1.6749 1.9474],5999,2025-02-21 13:19:02.100000,earthquake_local,RAJF.FN_20250221131902_HH_EV
FN,RAJF,HH,68.47512,28.31099,,1313,manual,0.5,,4007,manual,0.5,20250221T200522Z_20250221T200622Z,,,,,,,,,,,explosion,,,,,,[0.1089 -0.8119 -0.4480],5999,2025-02-21 20:05:22.150000,earthquake_local,RAJF.FN_20250221200522_HH_EV
FN,RAJF,HH,68.47512,28.31099,,1873,manual,0.5,,4747,manual,0.5,20250221T201512Z_20250221T201612Z,,,,,,,,,,,explosion,,,,,,[-0.2321 2.9222 0.4469],5999,2025-02-21 20:15:12.450000,earthquake_local,RAJF.FN_20250221201512_HH_EV
FN,RAJF,HH,68.47512,28.31099,,2323,manual,0.5,,5268,manual,0.5,20250222T103438Z_20250222T103538Z,,,,,,,,,,,explosion,,,,,,[-0.5666 1.5535 0.7924],5999,2025-02-22 10:34:38.300000,earthquake_local,RAJF.FN_20250222103438_HH_EV
FN,RAJF,HH,68.47512,28.31099,,1638,manual,0.5,,3194,manual,0.5,20250222T161706Z_20250222T161806Z,,,,,,,,,,,explosion,,,,,,[-0.2258 0.7786 0.2014],5372,2025-02-22 16:17:06.300000,earthquake_local,RAJF.FN_20250222161706_HH_EV
FN,RAJF,HH,68.47512,28.31099,,1678,manual,0.5,,4544,manual,0.5,20250222T200910Z_20250222T201010Z,,,,,,,,,,,explosion,,,,,,[-0.0558 0.5952 0.5199],5999,2025-02-22 20:09:10.400000,earthquake_local,RAJF.FN_20250222200910_HH_EV
FN,RAJF,HH,68.47512,28.31099,,1353,manual,0.5,,4099,manual,0.5,20250222T210154Z_20250222T210254Z,,,,,,,,,,,explosion,,,,,,[-0.1147 2.2488 -2.1134],5999,2025-02-22 21:01:54.250000,earthquake_local,RAJF.FN_20250222210154_HH_EV
FN,RAJF,HH,68.47512,28.31099,,2514,manual,0.5,,4068,manual,0.5,20250223T160048Z_20250223T160148Z,,,,,,,,,,,explosion,,,,,,[-0.4416 -3.1658 0.2462],5999,2025-02-23 16:00:48.800000,earthquake_local,RAJF.FN_20250223160048_HH_EV
FN,RAJF,HH,68.47512,28.31099,,2842,manual,0.5,,5458,manual,0.5,20250223T200523Z_20250223T200623Z,,,,,,,,,,,explosion,,,,,,[-0.1206 6.5509 0.8307],5999,2025-02-23 20:05:23.400000,earthquake_local,RAJF.FN_20250223200523_HH_EV
FN,RAJF,HH,68.47512,28.31099,,2633,manual,0.5,,5487,manual,0.5,20250223T200906Z_20250223T201006Z,,,,,,,,,,,explosion,,,,,,[-0.5033 1.9026 0.3904],5999,2025-02-23 20:09:06.650000,earthquake_local,RAJF.FN_20250223200906_HH_EV
FN,RAJF,HH,68.47512,28.31099,,1848,manual,0.5,,4760,manual,0.5,20250224T060555Z_20250224T060655Z,,,,,,,,,,,explosion,,,,,,[0.2483 -0.3782 -1.3958],5999,2025-02-24 06:05:55.200000,earthquake_local,RAJF.FN_20250224060555_HH_EV
FN,RAJF,HH,68.47512,28.31099,,2498,manual,0.5,,5022,manual,0.5,20250224T162107Z_20250224T162207Z,,,,,,,,,,,explosion,,,,,,[-0.7407 -5.1571 0.8982],5999,2025-02-24 16:21:07.100000,earthquake_local,RAJF.FN_20250224162107_HH_EV
FN,RAJF,HH,68.47512,28.31099,,938,manual,0.5,,3820,manual,0.5,20250224T201557Z_20250224T201657Z,,,,,,,,,,,explosion,,,,,,[-1.0823 0.7420 1.6921],5999,2025-02-24 20:15:57.200000,earthquake_local,RAJF.FN_20250224201557_HH_EV
FN,RAJF,HH,68.47512,28.31099,,1071,manual,0.5,,3951,manual,0.5,20250225T043218Z_20250225T043318Z,,,,,,,,,,,explosion,,,,,,[-0.5160 0.4652 1.4893],5999,2025-02-25 04:32:18.650000,earthquake_local,RAJF.FN_20250225043218_HH_EV
FN,RAJF,HH,68.47512,28.31099,,893,manual,0.5,,3703,manual,0.5,20250225T120518Z_20250225T120618Z,,,,,,,,,,,explosion,,,,,,[-1.5168 3.5237 1.0590],5999,2025-02-25 12:05:18.650000,earthquake_local,RAJF.FN_20250225120518_HH_EV
FN,RAJF,HH,68.47512,28.31099,,2068,manual,0.5,,3646,manual,0.5,20250225T123216Z_20250225T123316Z,,,,,,,,,,,explosion,,,,,,[0.6460 0.2282 0.7778],5855,2025-02-25 12:32:16.700000,earthquake_local,RAJF.FN_20250225123216_HH_EV
FN,RAJF,HH,68.47512,28.31099,,1544,manual,0.5,,4476,manual,0.5,20250225T235434Z_20250225T235534Z,,,,,,,,,,,explosion,,,,,,[9.0159 -3.7205 -2.2478],5999,2025-02-25 23:54:34.800000,earthquake_local,RAJF.FN_20250225235434_HH_EV
FN,RAJF,HH,68.47512,28.31099,,1646,manual,0.5,,2038,manual,0.5,20250227T142059Z_20250227T142159Z,,,,,,,,,,,explosion,,,,,,[0.2580 1.8172 4.1916],2587,2025-02-27 14:20:59.900000,earthquake_local,RAJF.FN_20250227142059_HH_EV
FN,RAJF,HH,68.47512,28.31099,,1028,manual,0.5,,4039,manual,0.5,20250228T131535Z_20250228T131635Z,,,,,,,,,,,explosion,,,,,,[0.0095 2.2674 0.2466],5999,2025-02-28 13:15:35.250000,earthquake_local,RAJF.FN_20250228131535_HH_EV
FN,RAJF,HH,68.47512,28.31099,,2982,manual,0.5,,4830,manual,0.5,20250228T134731Z_20250228T134831Z,,,,,,,,,,,explosion,,,,,,[0.0098 3.9902 0.5674],5999,2025-02-28 13:47:31.500000,earthquake_local,RAJF.FN_20250228134731_HH_EV
FN,RAJF,HH,68.47512,28.31099,,1208,manual,0.5,,2882,manual,0.5,20250228T160918Z_20250228T161018Z,,,,,,,,,,,explosion,,,,,,[-0.3716 -1.3732 -0.1856],5226,2025-02-28 16:09:18.700000,earthquake_local,RAJF.FN_20250228160918_HH_EV
FN,RAJF,HH,68.47512,28.31099,,1783,manual,0.5,,4659,manual,0.5,20250228T200902Z_20250228T201002Z,,,,,,,,,,,explosion,,,,,,[1.1333 -0.3368 1.0809],5999,2025-02-28 20:09:02.050000,earthquake_local,RAJF.FN_20250228200902_HH_EV
FN,RANF,HH,66.0147,26.7886,,2143,manual,0.5,,4275,manual,0.5,20250102T115139Z_20250102T115239Z,,,,,,,,,,,explosion,,,,,,[1.2944 -0.5356 -0.4523],5999,2025-01-02 11:51:39.650000,earthquake_local,RANF.FN_20250102115139_HH_EV
FN,RANF,HH,66.0147,26.7886,,1541,manual,0.5,,4285,manual,0.5,20250102T124002Z_20250102T124102Z,,,,,,,,,,,explosion,,,,,,[9.8123 6.8038 5.9312],5999,2025-01-02 12:40:02.350000,earthquake_local,RANF.FN_20250102124002_HH_EV
FN,RANF,HH,66.0147,26.7886,,1348,manual,0.5,,5074,manual,0.5,20250103T114203Z_20250103T114303Z,,,,,,,,,,,explosion,,,,,,[-0.3735 -0.9464 -3.5953],5999,2025-01-03 11:42:03.600000,earthquake_local,RANF.FN_20250103114203_HH_EV
FN,RANF,HH,66.0147,26.7886,,842,manual,0.5,,3556,manual,0.5,20250103T123034Z_20250103T123134Z,,,,,,,,,,,explosion,,,,,,[0.8869 4.8756 9.1086],5999,2025-01-03 12:30:34.150000,earthquake_local,RANF.FN_20250103123034_HH_EV
FN,RANF,HH,66.0147,26.7886,,1106,manual,0.5,,5250,manual,0.5,20250103T202958Z_20250103T203058Z,,,,,,,,,,,explosion,,,,,,[2.0870 1.6497 8.9119],5999,2025-01-03 20:29:58.900000,earthquake_local,RANF.FN_20250103202958_HH_EV
FN,RANF,HH,66.0147,26.7886,,2495,manual,0.5,,5247,manual,0.5,20250104T110649Z_20250104T110749Z,,,,,,,,,,,explosion,,,,,,[1.2041 -0.4685 3.2174],5999,2025-01-04 11:06:49.450000,earthquake_local,RANF.FN_20250104110649_HH_EV
FN,RANF,HH,66.0147,26.7886,,742,manual,0.5,,3346,manual,0.5,20250104T131538Z_20250104T131638Z,,,,,,,,,,,explosion,,,,,,[-0.4271 -1.6492 -1.9277],5999,2025-01-04 13:15:38.300000,earthquake_local,RANF.FN_20250104131538_HH_EV
FN,RANF,HH,66.0147,26.7886,,1103,manual,0.5,,5475,manual,0.5,20250104T201836Z_20250104T201936Z,,,,,,,,,,,explosion,,,,,,[0.3195 -0.7533 0.7122],5999,2025-01-04 20:18:36.050000,earthquake_local,RANF.FN_20250104201836_HH_EV
FN,RANF,HH,66.0147,26.7886,,1233,manual,0.5,,5405,manual,0.5,20250105T003222Z_20250105T003322Z,,,,,,,,,,,explosion,,,,,,[0.0232 -3.5131 3.7882],5999,2025-01-05 00:32:22.150000,earthquake_local,RANF.FN_20250105003222_HH_EV
FN,RANF,HH,66.0147,26.7886,,611,manual,0.5,,4743,manual,0.5,20250105T003337Z_20250105T003437Z,,,,,,,,,,,explosion,,,,,,[1.0420 2.0222 0.8105],5999,2025-01-05 00:33:37.250000,earthquake_local,RANF.FN_20250105003337_HH_EV
FN,RANF,HH,66.0147,26.7886,,1031,manual,0.5,,3641,manual,0.5,20250105T164822Z_20250105T164922Z,,,,,,,,,,,explosion,,,,,,[-1.0642 -1.3285 -1.2091],5999,2025-01-05 16:48:22.850000,earthquake_local,RANF.FN_20250105164822_HH_EV
FN,RANF,HH,66.0147,26.7886,,2370,manual,0.5,,5002,manual,0.5,20250106T164451Z_20250106T164551Z,,,,,,,,,,,explosion,,,,,,[0.3600 0.1076 5.3908],5999,2025-01-06 16:44:51.700000,earthquake_local,RANF.FN_20250106164451_HH_EV
FN,RANF,HH,66.0147,26.7886,,2453,manual,0.5,,5137,manual,0.5,20250108T090551Z_20250108T090651Z,,,,,,,,,,,explosion,,,,,,[0.8954 3.9347 0.4434],5999,2025-01-08 09:05:51.950000,earthquake_local,RANF.FN_20250108090551_HH_EV
FN,RANF,HH,66.0147,26.7886,,1596,manual,0.5,,4424,manual,0.5,20250108T120945Z_20250108T121045Z,,,,,,,,,,,explosion,,,,,,[-0.5844 -0.2904 -4.0025],5999,2025-01-08 12:09:45.800000,earthquake_local,RANF.FN_20250108120945_HH_EV
FN,RANF,HH,66.0147,26.7886,,1246,manual,0.5,,3806,manual,0.5,20250108T164421Z_20250108T164521Z,,,,,,,,,,,explosion,,,,,,[0.9097 0.0908 1.5314],5999,2025-01-08 16:44:21.250000,earthquake_local,RANF.FN_20250108164421_HH_EV
FN,RANF,HH,66.0147,26.7886,,663,manual,0.5,,2045,manual,0.5,20250109T100349Z_20250109T100449Z,,,,,,,,,,,explosion,,,,,,[-0.3391 1.4176 3.0430],3980,2025-01-09 10:03:49.550000,earthquake_local,RANF.FN_20250109100349_HH_EV
FN,RANF,HH,66.0147,26.7886,,1508,manual,0.5,,4230,manual,0.5,20250109T105302Z_20250109T105402Z,,,,,,,,,,,explosion,,,,,,[0.2957 0.4257 0.5250],5999,2025-01-09 10:53:02.150000,earthquake_local,RANF.FN_20250109105302_HH_EV
FN,RANF,HH,66.0147,26.7886,,1546,manual,0.5,,4360,manual,0.5,20250109T105630Z_20250109T105730Z,,,,,,,,,,,explosion,,,,,,[-0.6303 0.3728 -0.8285],5999,2025-01-09 10:56:30.600000,earthquake_local,RANF.FN_20250109105630_HH_EV
FN,RANF,HH,66.0147,26.7886,,1852,manual,0.5,,4522,manual,0.5,20250110T090253Z_20250110T090353Z,,,,,,,,,,,explosion,,,,,,[-1.3638 -0.2985 2.6466],5999,2025-01-10 09:02:53.900000,earthquake_local,RANF.FN_20250110090253_HH_EV
FN,RANF,HH,66.0147,26.7886,,868,manual,0.5,,4722,manual,0.5,20250110T115218Z_20250110T115318Z,,,,,,,,,,,explosion,,,,,,[0.9953 -1.5084 -1.9953],5999,2025-01-10 11:52:18.100000,earthquake_local,RANF.FN_20250110115218_HH_EV
FN,RANF,HH,66.0147,26.7886,,2685,manual,0.5,,5289,manual,0.5,20250112T164708Z_20250112T164808Z,,,,,,,,,,,explosion,,,,,,[-0.9255 2.8105 6.1893],5999,2025-01-12 16:47:08.550000,earthquake_local,RANF.FN_20250112164708_HH_EV
FN,RANF,HH,66.0147,26.7886,,608,manual,0.5,,4828,manual,0.5,20250112T200529Z_20250112T200629Z,,,,,,,,,,,explosion,,,,,,[-6.9742 4.1682 -3.7092],5999,2025-01-12 20:05:30.000000,earthquake_local,RANF.FN_20250112200529_HH_EV
FN,RANF,HH,66.0147,26.7886,,2253,manual,0.5,,4617,manual,0.5,20250113T110103Z_20250113T110203Z,,,,,,,,,,,explosion,,,,,,[5.5733 -1.8197 5.0062],5999,2025-01-13 11:01:03.650000,earthquake_local,RANF.FN_20250113110103_HH_EV
FN,RANF,HH,66.0147,26.7886,,927,manual,0.5,,4253,manual,0.5,20250114T112634Z_20250114T112734Z,,,,,,,,,,,explosion,,,,,,[-0.6972 4.4083 2.4987],5999,2025-01-14 11:26:34.350000,earthquake_local,RANF.FN_20250114112634_HH_EV
FN,RANF,HH,66.0147,26.7886,,2819,manual,0.5,,4121,manual,0.5,20250116T110656Z_20250116T110756Z,,,,,,,,,,,explosion,,,,,,[0.0016 2.2545 4.2353],5944,2025-01-16 11:06:56.550000,earthquake_local,RANF.FN_20250116110656_HH_EV
FN,RANF,HH,66.0147,26.7886,,1679,manual,0.5,,2934,manual,0.5,20250116T112451Z_20250116T112551Z,,,,,,,,,,,explosion,,,,,,[5.2981 1.1660 6.0568],4691,2025-01-16 11:24:51.550000,earthquake_local,RANF.FN_20250116112451_HH_EV
FN,RANF,HH,66.0147,26.7886,,1648,manual,0.5,,5210,manual,0.5,20250116T114218Z_20250116T114318Z,,,,,,,,,,,explosion,,,,,,[0.8016 0.5917 -1.6524],5999,2025-01-16 11:42:18.500000,earthquake_local,RANF.FN_20250116114218_HH_EV
FN,RANF,HH,66.0147,26.7886,,1503,manual,0.5,,4251,manual,0.5,20250116T120618Z_20250116T120718Z,,,,,,,,,,,explosion,,,,,,[-2.2640 4.0734 -0.7581],5999,2025-01-16 12:06:18.950000,earthquake_local,RANF.FN_20250116120618_HH_EV
FN,RANF,HH,66.0147,26.7886,,1219,manual,0.5,,2065,manual,0.5,20250117T081639Z_20250117T081739Z,,,,,,,,,,,explosion,,,,,,[6.0393 -1.0073 -6.6641],3249,2025-01-17 08:16:39.550000,earthquake_local,RANF.FN_20250117081639_HH_EV
FN,RANF,HH,66.0147,26.7886,,712,manual,0.5,,3540,manual,0.5,20250117T123955Z_20250117T124055Z,,,,,,,,,,,explosion,,,,,,[-0.8454 5.6137 0.8752],5999,2025-01-17 12:39:55.800000,earthquake_local,RANF.FN_20250117123955_HH_EV
FN,RANF,HH,66.0147,26.7886,,799,manual,0.5,,3319,manual,0.5,20250119T101912Z_20250119T102012Z,,,,,,,,,,,explosion,,,,,,[0.8470 1.3468 -0.5160],5999,2025-01-19 10:19:12.450000,earthquake_local,RANF.FN_20250119101912_HH_EV
FN,RANF,HH,66.0147,26.7886,,2153,manual,0.5,,4659,manual,0.5,20250119T164558Z_20250119T164658Z,,,,,,,,,,,explosion,,,,,,[3.4059 -4.5530 0.2669],5999,2025-01-19 16:45:58.250000,earthquake_local,RANF.FN_20250119164558_HH_EV
FN,RANF,HH,66.0147,26.7886,,754,manual,0.5,,5010,manual,0.5,20250120T004249Z_20250120T004349Z,,,,,,,,,,,explosion,,,,,,[-0.2031 10.5295 1.0711],5999,2025-01-20 00:42:49.900000,earthquake_local,RANF.FN_20250120004249_HH_EV
FN,RANF,HH,66.0147,26.7886,,1191,manual,0.5,,2613,manual,0.5,20250120T091417Z_20250120T091517Z,,,,,,,,,,,explosion,,,,,,[2.9026 5.4285 5.6713],4604,2025-01-20 09:14:17.600000,earthquake_local,RANF.FN_20250120091417_HH_EV
FN,RANF,HH,66.0147,26.7886,,663,manual,0.5,,4283,manual,0.5,20250120T113740Z_20250120T113840Z,,,,,,,,,,,explosion,,,,,,[5.6920 -4.6642 6.5590],5999,2025-01-20 11:37:40.450000,earthquake_local,RANF.FN_20250120113740_HH_EV
FN,RANF,HH,66.0147,26.7886,,650,manual,0.5,,4958,manual,0.5,20250120T120550Z_20250120T120650Z,,,,,,,,,,,explosion,,,,,,[-0.4067 -6.6448 -8.6724],5999,2025-01-20 12:05:50.100000,earthquake_local,RANF.FN_20250120120550_HH_EV
FN,RANF,HH,66.0147,26.7886,,849,manual,0.5,,5237,manual,0.5,20250121T102055Z_20250121T102155Z,,,,,,,,,,,explosion,,,,,,[-0.3964 0.4305 0.2025],5999,2025-01-21 10:20:55.350000,earthquake_local,RANF.FN_20250121102055_HH_EV
FN,RANF,HH,66.0147,26.7886,,2228,manual,0.5,,4823,manual,0.5,20250121T121857Z_20250121T121957Z,,,,,,,,,,,explosion,,,,,,[2.1059 -0.3971 -0.4743],5999,2025-01-21 12:18:57.250000,earthquake_local,RANF.FN_20250121121857_HH_EV
FN,RANF,HH,66.0147,26.7886,,1786,manual,0.5,,4355,manual,0.5,20250122T045320Z_20250122T045420Z,,,,,,,,,,,explosion,,,,,,[0.9479 2.8928 3.6418],5999,2025-01-22 04:53:20.900000,earthquake_local,RANF.FN_20250122045320_HH_EV
FN,RANF,HH,66.0147,26.7886,,1992,manual,0.5,,4548,manual,0.5,20250122T120337Z_20250122T120437Z,,,,,,,,,,,explosion,,,,,,[-0.4809 -0.2773 -2.8947],5999,2025-01-22 12:03:37.400000,earthquake_local,RANF.FN_20250122120337_HH_EV
FN,RANF,HH,66.0147,26.7886,,3880,manual,0.5,,5196,manual,0.5,20250123T111046Z_20250123T111146Z,,,,,,,,,,,explosion,,,,,,[2.4795 4.7068 4.2153],5999,2025-01-23 11:10:46.750000,earthquake_local,RANF.FN_20250123111046_HH_EV
FN,RANF,HH,66.0147,26.7886,,638,manual,0.5,,4470,manual,0.5,20250123T113357Z_20250123T113457Z,,,,,,,,,,,explosion,,,,,,[0.3825 0.5706 2.0036],5999,2025-01-23 11:33:57.500000,earthquake_local,RANF.FN_20250123113357_HH_EV
FN,RANF,HH,66.0147,26.7886,,2468,manual,0.5,,5180,manual,0.5,20250123T120744Z_20250123T120844Z,,,,,,,,,,,explosion,,,,,,[-1.6783 -0.2494 -4.0083],5999,2025-01-23 12:07:45.000000,earthquake_local,RANF.FN_20250123120744_HH_EV
FN,RANF,HH,66.0147,26.7886,,3462,manual,0.5,,4366,manual,0.5,20250124T104730Z_20250124T104830Z,,,,,,,,,,,explosion,,,,,,[-2.6948 2.7347 -2.8443],5632,2025-01-24 10:47:30.850000,earthquake_local,RANF.FN_20250124104730_HH_EV
FN,RANF,HH,66.0147,26.7886,,1263,manual,0.5,,5031,manual,0.5,20250124T113854Z_20250124T113954Z,,,,,,,,,,,explosion,,,,,,[0.1263 0.0667 0.4746],5999,2025-01-24 11:38:54.250000,earthquake_local,RANF.FN_20250124113854_HH_EV
FN,RANF,HH,66.0147,26.7886,,842,manual,0.5,,5446,manual,0.5,20250125T005413Z_20250125T005513Z,,,,,,,,,,,explosion,,,,,,[-0.3405 -0.1018 1.2557],5999,2025-01-25 00:54:13.500000,earthquake_local,RANF.FN_20250125005413_HH_EV
FN,RANF,HH,66.0147,26.7886,,722,manual,0.5,,3214,manual,0.5,20250125T102551Z_20250125T102651Z,,,,,,,,,,,explosion,,,,,,[-1.6740 -1.2313 1.1653],5999,2025-01-25 10:25:51.500000,earthquake_local,RANF.FN_20250125102551_HH_EV
FN,RANF,HH,66.0147,26.7886,,1008,manual,0.5,,2186,manual,0.5,20250126T210118Z_20250126T210218Z,,,,,,,,,,,explosion,,,,,,[3.2836 -7.1434 -4.3894],3835,2025-01-26 21:01:18.700000,earthquake_local,RANF.FN_20250126210118_HH_EV
FN,RANF,HH,66.0147,26.7886,,1142,manual,0.5,,3854,manual,0.5,20250127T044255Z_20250127T044355Z,,,,,,,,,,,explosion,,,,,,[-3.9909 8.9811 4.0934],5999,2025-01-27 04:42:55.900000,earthquake_local,RANF.FN_20250127044255_HH_EV
FN,RANF,HH,66.0147,26.7886,,1041,manual,0.5,,5409,manual,0.5,20250127T120532Z_20250127T120632Z,,,,,,,,,,,explosion,,,,,,[0.4149 3.2294 3.5641],5999,2025-01-27 12:05:32.150000,earthquake_local,RANF.FN_20250127120532_HH_EV
FN,RANF,HH,66.0147,26.7886,,503,manual,0.5,,4619,manual,0.5,20250127T201022Z_20250127T201122Z,,,,,,,,,,,explosion,,,,,,[-0.3271 2.4980 1.6481],5999,2025-01-27 20:10:22.450000,earthquake_local,RANF.FN_20250127201022_HH_EV
FN,RANF,HH,66.0147,26.7886,,849,manual,0.5,,5079,manual,0.5,20250128T002831Z_20250128T002931Z,,,,,,,,,,,explosion,,,,,,[-4.7548 -3.8312 -3.4853],5999,2025-01-28 00:28:31.950000,earthquake_local,RANF.FN_20250128002831_HH_EV
FN,RANF,HH,66.0147,26.7886,,666,manual,0.5,,4874,manual,0.5,20250128T040553Z_20250128T040653Z,,,,,,,,,,,explosion,,,,,,[-2.8457 1.6470 5.6270],5999,2025-01-28 04:05:53.900000,earthquake_local,RANF.FN_20250128040553_HH_EV
FN,RANF,HH,66.0147,26.7886,,4978,manual,0.5,,5174,manual,0.5,20250128T114903Z_20250128T115003Z,,,,,,,,,,,explosion,,,,,,[6.1201 5.0396 5.9852],5448,2025-01-28 11:49:03.350000,earthquake_local,RANF.FN_20250128114903_HH_EV
FN,RANF,HH,66.0147,26.7886,,837,manual,0.5,,5041,manual,0.5,20250128T121001Z_20250128T121101Z,,,,,,,,,,,explosion,,,,,,[1.7521 -1.2281 0.4695],5999,2025-01-28 12:10:01.750000,earthquake_local,RANF.FN_20250128121001_HH_EV
FN,RANF,HH,66.0147,26.7886,,2522,manual,0.5,,5238,manual,0.5,20250128T133600Z_20250128T133700Z,,,,,,,,,,,explosion,,,,,,[-2.2617 -4.6837 -3.0263],5999,2025-01-28 13:36:00.100000,earthquake_local,RANF.FN_20250128133600_HH_EV
FN,RANF,HH,66.0147,26.7886,,912,manual,0.5,,5224,manual,0.5,20250128T201354Z_20250128T201454Z,,,,,,,,,,,explosion,,,,,,[0.0981 2.9138 5.6204],5999,2025-01-28 20:13:54.400000,earthquake_local,RANF.FN_20250128201354_HH_EV
FN,RANF,HH,66.0147,26.7886,,2652,manual,0.5,,5186,manual,0.5,20250129T044511Z_20250129T044611Z,,,,,,,,,,,explosion,,,,,,[-1.7917 -2.1793 1.6906],5999,2025-01-29 04:45:11.300000,earthquake_local,RANF.FN_20250129044511_HH_EV
FN,RANF,HH,66.0147,26.7886,,2349,manual,0.5,,4981,manual,0.5,20250129T090218Z_20250129T090318Z,,,,,,,,,,,explosion,,,,,,[0.6932 6.5135 8.0448],5999,2025-01-29 09:02:18.550000,earthquake_local,RANF.FN_20250129090218_HH_EV
FN,RANF,HH,66.0147,26.7886,,1212,manual,0.5,,4016,manual,0.5,20250129T120410Z_20250129T120510Z,,,,,,,,,,,explosion,,,,,,[-4.0844 6.0660 -0.2148],5999,2025-01-29 12:04:10.600000,earthquake_local,RANF.FN_20250129120410_HH_EV
FN,RANF,HH,66.0147,26.7886,,2619,manual,0.5,,5373,manual,0.5,20250129T121222Z_20250129T121322Z,,,,,,,,,,,explosion,,,,,,[-0.6282 -5.9341 -4.7751],5999,2025-01-29 12:12:22.450000,earthquake_local,RANF.FN_20250129121222_HH_EV
FN,RANF,HH,66.0147,26.7886,,1138,manual,0.5,,3886,manual,0.5,20250130T120546Z_20250130T120646Z,,,,,,,,,,,explosion,,,,,,[-1.4575 1.6304 4.4224],5999,2025-01-30 12:05:46.300000,earthquake_local,RANF.FN_20250130120546_HH_EV
FN,RANF,HH,66.0147,26.7886,,1539,manual,0.5,,4675,manual,0.5,20250130T130325Z_20250130T130425Z,,,,,,,,,,,explosion,,,,,,[0.3122 -2.3135 -0.8340],5999,2025-01-30 13:03:25.650000,earthquake_local,RANF.FN_20250130130325_HH_EV
FN,RANF,HH,66.0147,26.7886,,1063,manual,0.5,,3168,manual,0.5,20250131T081737Z_20250131T081837Z,,,,,,,,,,,explosion,,,,,,[-3.1423 3.5524 0.5607],5999,2025-01-31 08:17:37.000000,earthquake_local,RANF.FN_20250131081737_HH_EV
FN,RANF,HH,66.0147,26.7886,,2949,manual,0.5,,4865,manual,0.5,20250131T091853Z_20250131T091953Z,,,,,,,,,,,explosion,,,,,,[1.1958 -1.1992 1.6706],5999,2025-01-31 09:18:53.600000,earthquake_local,RANF.FN_20250131091853_HH_EV
FN,RANF,HH,66.0147,26.7886,,3663,manual,0.5,,4751,manual,0.5,20250131T111619Z_20250131T111719Z,,,,,,,,,,,explosion,,,,,,[1.8313 -1.3872 -4.6231],5999,2025-01-31 11:16:19.150000,earthquake_local,RANF.FN_20250131111619_HH_EV
FN,RANF,HH,66.0147,26.7886,,2978,manual,0.5,,5142,manual,0.5,20250202T103803Z_20250202T103903Z,,,,,,,,,,,explosion,,,,,,[-1.8424 2.4521 -2.4710],5999,2025-02-02 10:38:03.700000,earthquake_local,RANF.FN_20250202103803_HH_EV
FN,RANF,HH,66.0147,26.7886,,563,manual,0.5,,3293,manual,0.5,20250203T130748Z_20250203T130848Z,,,,,,,,,,,explosion,,,,,,[-0.3996 -0.5547 -0.9719],5999,2025-02-03 13:07:48.750000,earthquake_local,RANF.FN_20250203130748_HH_EV
FN,RANF,HH,66.0147,26.7886,,1723,manual,0.5,,4271,manual,0.5,20250204T135550Z_20250204T135650Z,,,,,,,,,,,explosion,,,,,,[4.7928 2.1684 -0.8165],5999,2025-02-04 13:55:50.450000,earthquake_local,RANF.FN_20250204135550_HH_EV
FN,RANF,HH,66.0147,26.7886,,2448,manual,0.5,,5192,manual,0.5,20250205T115958Z_20250205T120058Z,,,,,,,,,,,explosion,,,,,,[2.5778 1.0207 -1.3315],5999,2025-02-05 11:59:58.200000,earthquake_local,RANF.FN_20250205115958_HH_EV
FN,RANF,HH,66.0147,26.7886,,1602,manual,0.5,,3678,manual,0.5,20250205T121526Z_20250205T121626Z,,,,,,,,,,,explosion,,,,,,[-1.8600 4.9126 12.2564],5999,2025-02-05 12:15:26.100000,earthquake_local,RANF.FN_20250205121526_HH_EV
FN,RANF,HH,66.0147,26.7886,,2640,manual,0.5,,5421,manual,0.5,20250206T084842Z_20250206T084942Z,,,,,,,,,,,explosion,,,,,,[2.9405 1.4355 3.8828],5999,2025-02-06 08:48:42.450000,earthquake_local,RANF.FN_20250206084842_HH_EV
FN,RANF,HH,66.0147,26.7886,,533,manual,0.5,,3221,manual,0.5,20250206T090252Z_20250206T090352Z,,,,,,,,,,,explosion,,,,,,[-0.2356 6.1806 1.6003],5999,2025-02-06 09:02:52.350000,earthquake_local,RANF.FN_20250206090252_HH_EV
FN,RANF,HH,66.0147,26.7886,,1079,manual,0.5,,3627,manual,0.5,20250206T105121Z_20250206T105221Z,,,,,,,,,,,explosion,,,,,,[-1.7265 -1.9722 -0.7817],5999,2025-02-06 10:51:21.850000,earthquake_local,RANF.FN_20250206105121_HH_EV
FN,RANF,HH,66.0147,26.7886,,1863,manual,0.5,,5495,manual,0.5,20250206T114145Z_20250206T114245Z,,,,,,,,,,,explosion,,,,,,[0.7049 -0.4604 1.0051],5999,2025-02-06 11:41:45.650000,earthquake_local,RANF.FN_20250206114145_HH_EV
FN,RANF,HH,66.0147,26.7886,,1586,manual,0.5,,2767,manual,0.5,20250206T170138Z_20250206T170238Z,,,,,,,,,,,explosion,,,,,,[4.3526 4.1331 4.1808],4420,2025-02-06 17:01:38.250000,earthquake_local,RANF.FN_20250206170138_HH_EV
FN,RANF,HH,66.0147,26.7886,,2102,manual,0.5,,4758,manual,0.5,20250207T065832Z_20250207T065932Z,,,,,,,,,,,explosion,,,,,,[6.3780 1.8371 5.2020],5999,2025-02-07 06:58:32.300000,earthquake_local,RANF.FN_20250207065832_HH_EV
FN,RANF,HH,66.0147,26.7886,,2843,manual,0.5,,3881,manual,0.5,20250207T094420Z_20250207T094520Z,,,,,,,,,,,explosion,,,,,,[-1.2197 4.0874 3.7454],5334,2025-02-07 09:44:20.950000,earthquake_local,RANF.FN_20250207094420_HH_EV
FN,RANF,HH,66.0147,26.7886,,1488,manual,0.5,,5396,manual,0.5,20250207T114040Z_20250207T114140Z,,,,,,,,,,,explosion,,,,,,[-2.1050 -3.2087 -1.9070],5999,2025-02-07 11:40:40.800000,earthquake_local,RANF.FN_20250207114040_HH_EV
FN,RANF,HH,66.0147,26.7886,,2057,manual,0.5,,4605,manual,0.5,20250207T130631Z_20250207T130731Z,,,,,,,,,,,explosion,,,,,,[4.3205 6.5835 5.8900],5999,2025-02-07 13:06:31.150000,earthquake_local,RANF.FN_20250207130631_HH_EV
FN,RANF,HH,66.0147,26.7886,,1100,manual,0.5,,3928,manual,0.5,20250207T131201Z_20250207T131301Z,,,,,,,,,,,explosion,,,,,,[1.3629 2.4510 1.5370],5999,2025-02-07 13:12:01.800000,earthquake_local,RANF.FN_20250207131201_HH_EV
FN,RANF,HH,66.0147,26.7886,,1343,manual,0.5,,4321,manual,0.5,20250208T130733Z_20250208T130833Z,,,,,,,,,,,explosion,,,,,,[-3.8808 1.5655 -3.1448],5999,2025-02-08 13:07:33.750000,earthquake_local,RANF.FN_20250208130733_HH_EV
FN,RANF,HH,66.0147,26.7886,,1274,manual,0.5,,5418,manual,0.5,20250208T201551Z_20250208T201651Z,,,,,,,,,,,explosion,,,,,,[0.8457 2.6462 -2.7535],5999,2025-02-08 20:15:51.900000,earthquake_local,RANF.FN_20250208201551_HH_EV
FN,RANF,HH,66.0147,26.7886,,1094,manual,0.5,,3670,manual,0.5,20250210T133134Z_20250210T133234Z,,,,,,,,,,,explosion,,,,,,[0.6038 -3.1091 -5.5996],5999,2025-02-10 13:31:34.900000,earthquake_local,RANF.FN_20250210133134_HH_EV
FN,RANF,HH,66.0147,26.7886,,1441,manual,0.5,,4129,manual,0.5,20250211T044658Z_20250211T044758Z,,,,,,,,,,,explosion,,,,,,[4.7425 -0.3705 -1.8526],5999,2025-02-11 04:46:58.950000,earthquake_local,RANF.FN_20250211044658_HH_EV
FN,RANF,HH,66.0147,26.7886,,1099,manual,0.5,,5055,manual,0.5,20250212T132723Z_20250212T132823Z,,,,,,,,,,,explosion,,,,,,[0.7393 0.9815 -0.4022],5999,2025-02-12 13:27:23.850000,earthquake_local,RANF.FN_20250212132723_HH_EV
FN,RANF,HH,66.0147,26.7886,,1398,manual,0.5,,5228,manual,0.5,20250213T114258Z_20250213T114358Z,,,,,,,,,,,explosion,,,,,,[-1.8696 -4.4024 -5.1369],5999,2025-02-13 11:42:58.200000,earthquake_local,RANF.FN_20250213114258_HH_EV
FN,RANF,HH,66.0147,26.7886,,588,manual,0.5,,5016,manual,0.5,20250213T122040Z_20250213T122140Z,,,,,,,,,,,explosion,,,,,,[1.5861 2.4315 4.8178],5999,2025-02-13 12:20:40.400000,earthquake_local,RANF.FN_20250213122040_HH_EV
FN,RANF,HH,66.0147,26.7886,,1084,manual,0.5,,3660,manual,0.5,20250213T164115Z_20250213T164215Z,,,,,,,,,,,explosion,,,,,,[-0.3995 -0.2049 3.7532],5999,2025-02-13 16:41:15.800000,earthquake_local,RANF.FN_20250213164115_HH_EV
FN,RANF,HH,66.0147,26.7886,,696,manual,0.5,,5064,manual,0.5,20250213T225143Z_20250213T225243Z,,,,,,,,,,,explosion,,,,,,[2.5136 2.6709 5.5325],5999,2025-02-13 22:51:43.000000,earthquake_local,RANF.FN_20250213225143_HH_EV
FN,RANF,HH,66.0147,26.7886,,1253,manual,0.5,,4970,manual,0.5,20250214T103126Z_20250214T103226Z,,,,,,,,,,,explosion,,,,,,[0.8406 1.0114 -1.7183],5999,2025-02-14 10:31:26.700000,earthquake_local,RANF.FN_20250214103126_HH_EV
FN,RANF,HH,66.0147,26.7886,,1691,manual,0.5,,4463,manual,0.5,20250214T131812Z_20250214T131912Z,,,,,,,,,,,explosion,,,,,,[-1.5529 -2.4702 4.4341],5999,2025-02-14 13:18:12.250000,earthquake_local,RANF.FN_20250214131812_HH_EV
FN,RANF,HH,66.0147,26.7886,,780,manual,0.5,,5176,manual,0.5,20250215T201753Z_20250215T201853Z,,,,,,,,,,,explosion,,,,,,[0.4683 -0.3759 0.5621],5999,2025-02-15 20:17:53.000000,earthquake_local,RANF.FN_20250215201753_HH_EV
FN,RANF,HH,66.0147,26.7886,,563,manual,0.5,,4735,manual,0.5,20250216T004340Z_20250216T004440Z,,,,,,,,,,,explosion,,,,,,[0.6542 1.7257 -0.8441],5999,2025-02-16 00:43:40.650000,earthquake_local,RANF.FN_20250216004340_HH_EV
FN,RANF,HH,66.0147,26.7886,,1078,manual,0.5,,3722,manual,0.5,20250216T044107Z_20250216T044207Z,,,,,,,,,,,explosion,,,,,,[1.3921 -0.3632 0.2123],5999,2025-02-16 04:41:07.500000,earthquake_local,RANF.FN_20250216044107_HH_EV
FN,RANF,HH,66.0147,26.7886,,987,manual,0.5,,3507,manual,0.5,20250216T194923Z_20250216T195023Z,,,,,,,,,,,explosion,,,,,,[3.0938 -0.6354 3.2103],5999,2025-02-16 19:49:23.050000,earthquake_local,RANF.FN_20250216194923_HH_EV
FN,RANF,HH,66.0147,26.7886,,501,manual,0.5,,4701,manual,0.5,20250217T121449Z_20250217T121549Z,,,,,,,,,,,explosion,,,,,,[-0.9077 -1.5700 -2.2602],5999,2025-02-17 12:14:49.550000,earthquake_local,RANF.FN_20250217121449_HH_EV
FN,RANF,HH,66.0147,26.7886,,828,manual,0.5,,5312,manual,0.5,20250217T200550Z_20250217T200650Z,,,,,,,,,,,explosion,,,,,,[-0.3315 3.3052 2.5207],5999,2025-02-17 20:05:50.600000,earthquake_local,RANF.FN_20250217200550_HH_EV
FN,RANF,HH,66.0147,26.7886,,754,manual,0.5,,4988,manual,0.5,20250218T120628Z_20250218T120728Z,,,,,,,,,,,explosion,,,,,,[0.2801 1.9309 0.2690],5999,2025-02-18 12:06:28.800000,earthquake_local,RANF.FN_20250218120628_HH_EV
FN,RANF,HH,66.0147,26.7886,,500,manual,0.5,,4676,manual,0.5,20250218T200828Z_20250218T200928Z,,,,,,,,,,,explosion,,,,,,[-0.2834 0.0288 0.3899],5999,2025-02-18 20:08:28.600000,earthquake_local,RANF.FN_20250218200828_HH_EV
FN,RANF,HH,66.0147,26.7886,,728,manual,0.5,,5264,manual,0.5,20250219T000548Z_20250219T000648Z,,,,,,,,,,,explosion,,,,,,[-1.4254 4.1890 7.9245],5999,2025-02-19 00:05:48.400000,earthquake_local,RANF.FN_20250219000548_HH_EV
FN,RANF,HH,66.0147,26.7886,,2167,manual,0.5,,3017,manual,0.5,20250219T110233Z_20250219T110333Z,,,,,,,,,,,explosion,,,,,,[-0.5552 -1.7499 -0.6278],4207,2025-02-19 11:02:33.350000,earthquake_local,RANF.FN_20250219110233_HH_EV
FN,RANF,HH,66.0147,26.7886,,1518,manual,0.5,,2516,manual,0.5,20250219T124512Z_20250219T124612Z,,,,,,,,,,,explosion,,,,,,[1.6157 -1.6344 3.3361],3913,2025-02-19 12:45:12.700000,earthquake_local,RANF.FN_20250219124512_HH_EV
FN,RANF,HH,66.0147,26.7886,,1943,manual,0.5,,4641,manual,0.5,20250220T150726Z_20250220T150826Z,,,,,,,,,,,explosion,,,,,,[1.9270 1.3853 0.5264],5999,2025-02-20 15:07:26.150000,earthquake_local,RANF.FN_20250220150726_HH_EV
FN,RANF,HH,66.0147,26.7886,,880,manual,0.5,,5076,manual,0.5,20250220T200609Z_20250220T200709Z,,,,,,,,,,,explosion,,,,,,[1.9506 2.8176 4.0952],5999,2025-02-20 20:06:09.800000,earthquake_local,RANF.FN_20250220200609_HH_EV
FN,RANF,HH,66.0147,26.7886,,517,manual,0.5,,4705,manual,0.5,20250220T201449Z_20250220T201549Z,,,,,,,,,,,explosion,,,,,,[-5.9722 1.9625 1.7849],5999,2025-02-20 20:14:49.150000,earthquake_local,RANF.FN_20250220201449_HH_EV
FN,RANF,HH,66.0147,26.7886,,1117,manual,0.5,,5349,manual,0.5,20250220T235701Z_20250220T235801Z,,,,,,,,,,,explosion,,,,,,[3.0464 3.2571 4.3882],5999,2025-02-20 23:57:01.150000,earthquake_local,RANF.FN_20250220235701_HH_EV
FN,RANF,HH,66.0147,26.7886,,1467,manual,0.5,,5163,manual,0.5,20250221T113649Z_20250221T113749Z,,,,,,,,,,,explosion,,,,,,[-0.6933 2.9052 -0.8399],5999,2025-02-21 11:36:49.050000,earthquake_local,RANF.FN_20250221113649_HH_EV
FN,RANF,HH,66.0147,26.7886,,1592,manual,0.5,,4262,manual,0.5,20250221T131234Z_20250221T131334Z,,,,,,,,,,,explosion,,,,,,[-0.2237 0.5056 -1.4734],5999,2025-02-21 13:12:34.600000,earthquake_local,RANF.FN_20250221131234_HH_EV
FN,RANF,HH,66.0147,26.7886,,1928,manual,0.5,,4722,manual,0.5,20250221T131926Z_20250221T132026Z,,,,,,,,,,,explosion,,,,,,[0.5465 -3.1266 2.2356],5999,2025-02-21 13:19:26.700000,earthquake_local,RANF.FN_20250221131926_HH_EV
FN,RANF,HH,66.0147,26.7886,,582,manual,0.5,,1734,manual,0.5,20250221T170129Z_20250221T170229Z,,,,,,,,,,,explosion,,,,,,[0.3192 -1.9381 4.8899],3347,2025-02-21 17:01:29.750000,earthquake_local,RANF.FN_20250221170129_HH_EV
FN,RANF,HH,66.0147,26.7886,,2379,manual,0.5,,4927,manual,0.5,20250222T103435Z_20250222T103535Z,,,,,,,,,,,explosion,,,,,,[0.7724 0.4809 1.6914],5999,2025-02-22 10:34:35.650000,earthquake_local,RANF.FN_20250222103435_HH_EV
FN,RANF,HH,66.0147,26.7886,,1393,manual,0.5,,5365,manual,0.5,20250222T210213Z_20250222T210313Z,,,,,,,,,,,explosion,,,,,,[-2.2140 0.1352 -4.2457],5999,2025-02-22 21:02:13.550000,earthquake_local,RANF.FN_20250222210213_HH_EV
FN,RANF,HH,66.0147,26.7886,,529,manual,0.5,,4645,manual,0.5,20250223T200605Z_20250223T200705Z,,,,,,,,,,,explosion,,,,,,[-1.2069 0.6697 -2.5893],5999,2025-02-23 20:06:05.350000,earthquake_local,RANF.FN_20250223200605_HH_EV
FN,RANF,HH,66.0147,26.7886,,2340,manual,0.5,,4731,manual,0.5,20250224T102801Z_20250224T102901Z,,,,,,,,,,,explosion,,,,,,[3.7895 -5.1904 -3.6410],5999,2025-02-24 10:28:01.150000,earthquake_local,RANF.FN_20250224102801_HH_EV
FN,RANF,HH,66.0147,26.7886,,1153,manual,0.5,,4887,manual,0.5,20250224T114627Z_20250224T114727Z,,,,,,,,,,,explosion,,,,,,[1.0429 -0.1856 1.9963],5999,2025-02-24 11:46:27.050000,earthquake_local,RANF.FN_20250224114627_HH_EV
FN,RANF,HH,66.0147,26.7886,,597,manual,0.5,,4825,manual,0.5,20250225T043240Z_20250225T043340Z,,,,,,,,,,,explosion,,,,,,[0.1813 -2.7400 2.1913],5999,2025-02-25 04:32:40.950000,earthquake_local,RANF.FN_20250225043240_HH_EV
FN,RANF,HH,66.0147,26.7886,,2059,manual,0.5,,4831,manual,0.5,20250225T123232Z_20250225T123332Z,,,,,,,,,,,explosion,,,,,,[2.3140 -1.0976 1.4643],5999,2025-02-25 12:32:32.650000,earthquake_local,RANF.FN_20250225123232_HH_EV
FN,RANF,HH,66.0147,26.7886,,1569,manual,0.5,,3229,manual,0.5,20250225T132040Z_20250225T132140Z,,,,,,,,,,,explosion,,,,,,[-0.3833 7.3020 2.0142],5553,2025-02-25 13:20:40.200000,earthquake_local,RANF.FN_20250225132040_HH_EV
FN,RANF,HH,66.0147,26.7886,,2507,manual,0.5,,5195,manual,0.5,20250225T164436Z_20250225T164536Z,,,,,,,,,,,explosion,,,,,,[2.0695 0.4121 -3.0172],5999,2025-02-25 16:44:36.650000,earthquake_local,RANF.FN_20250225164436_HH_EV
FN,RANF,HH,66.0147,26.7886,,761,manual,0.5,,4989,manual,0.5,20250225T235500Z_20250225T235600Z,,,,,,,,,,,explosion,,,,,,[-1.3569 3.9643 1.6128],5999,2025-02-25 23:55:00.550000,earthquake_local,RANF.FN_20250225235500_HH_EV
FN,RANF,HH,66.0147,26.7886,,905,manual,0.5,,3533,manual,0.5,20250226T122027Z_20250226T122127Z,,,,,,,,,,,explosion,,,,,,[-0.8168 -0.8279 -3.7186],5999,2025-02-26 12:20:27.550000,earthquake_local,RANF.FN_20250226122027_HH_EV
FN,RANF,HH,66.0147,26.7886,,1589,manual,0.5,,3215,manual,0.5,20250226T124822Z_20250226T124922Z,,,,,,,,,,,explosion,,,,,,[0.7263 0.4016 0.5859],5491,2025-02-26 12:48:22.650000,earthquake_local,RANF.FN_20250226124822_HH_EV
FN,RANF,HH,66.0147,26.7886,,1180,manual,0.5,,3884,manual,0.5,20250226T131849Z_20250226T131949Z,,,,,,,,,,,explosion,,,,,,[0.5724 -3.4952 -6.9323],5999,2025-02-26 13:18:49.800000,earthquake_local,RANF.FN_20250226131849_HH_EV
FN,RANF,HH,66.0147,26.7886,,2308,manual,0.5,,3322,manual,0.5,20250227T114835Z_20250227T114935Z,,,,,,,,,,,explosion,,,,,,[1.3415 0.2483 -1.0553],4742,2025-02-27 11:48:35.500000,earthquake_local,RANF.FN_20250227114835_HH_EV
FN,RANF,HH,66.0147,26.7886,,2398,manual,0.5,,5114,manual,0.5,20250227T120420Z_20250227T120520Z,,,,,,,,,,,explosion,,,,,,[1.0975 1.8325 -0.0450],5999,2025-02-27 12:04:20.300000,earthquake_local,RANF.FN_20250227120420_HH_EV
FN,RANF,HH,66.0147,26.7886,,2091,manual,0.5,,4831,manual,0.5,20250227T121119Z_20250227T121219Z,,,,,,,,,,,explosion,,,,,,[1.0097 7.5776 2.0622],5999,2025-02-27 12:11:19.450000,earthquake_local,RANF.FN_20250227121119_HH_EV
FN,RANF,HH,66.0147,26.7886,,2180,manual,0.5,,4628,manual,0.5,20250228T095928Z_20250228T100028Z,,,,,,,,,,,explosion,,,,,,[3.2471 3.5221 4.8154],5999,2025-02-28 09:59:28.300000,earthquake_local,RANF.FN_20250228095928_HH_EV
FN,RANF,HH,66.0147,26.7886,,713,manual,0.5,,4458,manual,0.5,20250228T113710Z_20250228T113810Z,,,,,,,,,,,explosion,,,,,,[3.5770 -1.7390 -2.1115],5999,2025-02-28 11:37:10.900000,earthquake_local,RANF.FN_20250228113710_HH_EV
FN,RANF,HH,66.0147,26.7886,,967,manual,0.5,,3837,manual,0.5,20250228T124311Z_20250228T124411Z,,,,,,,,,,,explosion,,,,,,[-1.4305 -1.8884 -4.5795],5999,2025-02-28 12:43:11.450000,earthquake_local,RANF.FN_20250228124311_HH_EV
FN,RANF,HH,66.0147,26.7886,,2610,manual,0.5,,5186,manual,0.5,20250228T131517Z_20250228T131617Z,,,,,,,,,,,explosion,,,,,,[1.4914 0.0044 8.6941],5999,2025-02-28 13:15:17.700000,earthquake_local,RANF.FN_20250228131517_HH_EV
FN,RANF,HH,66.0147,26.7886,,2338,manual,0.5,,5118,manual,0.5,20250228T134753Z_20250228T134853Z,,,,,,,,,,,explosion,,,,,,[-3.5521 -1.2745 -2.3346],5999,2025-02-28 13:47:53.700000,earthquake_local,RANF.FN_20250228134753_HH_EV
HE,RMF,HH,64.2175,29.9318,,1806,manual,0.5,,4804,manual,0.5,20250102T115155Z_20250102T115255Z,,,,,,,,,,,explosion,,,,,,[-2.0511 7.0499 -4.8362],5999,2025-01-02 11:51:55.320000,earthquake_local,RMF.HE_20250102115155_HH_EV
HE,RMF,HH,64.2175,29.9318,,562,manual,0.5,,2504,manual,0.5,20250103T114148Z_20250103T114248Z,,,,,,,,,,,explosion,,,,,,[1.5526 1.6143 6.7083],5223,2025-01-03 11:41:48.864000,earthquake_local,RMF.HE_20250103114148_HH_EV
HE,RMF,HH,64.2175,29.9318,,1819,manual,0.5,,2848,manual,0.5,20250103T123001Z_20250103T123101Z,,,,,,,,,,,explosion,,,,,,[-1.2806 3.7955 -0.8489],4289,2025-01-03 12:30:01.516000,earthquake_local,RMF.HE_20250103123001_HH_EV
HE,RMF,HH,64.2175,29.9318,,3542,manual,0.5,,4487,manual,0.5,20250109T103353Z_20250109T103453Z,,,,,,,,,,,explosion,,,,,,[-0.5560 -3.1068 0.5680],5810,2025-01-09 10:33:53.516000,earthquake_local,RMF.HE_20250109103353_HH_EV
HE,RMF,HH,64.2175,29.9318,,1176,manual,0.5,,5164,manual,0.5,20250110T133001Z_20250110T133101Z,,,,,,,,,,,explosion,,,,,,[-0.5154 6.3686 2.4846],5999,2025-01-10 13:30:01.524000,earthquake_local,RMF.HE_20250110133001_HH_EV
HE,RMF,HH,64.2175,29.9318,,1031,manual,0.5,,2139,manual,0.5,20250113T110058Z_20250113T110158Z,,,,,,,,,,,explosion,,,,,,[3.7780 1.3766 3.9006],3690,2025-01-13 11:00:58.268000,earthquake_local,RMF.HE_20250113110058_HH_EV
HE,RMF,HH,64.2175,29.9318,,1402,manual,0.5,,3476,manual,0.5,20250114T113732Z_20250114T113832Z,,,,,,,,,,,explosion,,,,,,[7.0385 8.1063 3.7934],5999,2025-01-14 11:37:32.812000,earthquake_local,RMF.HE_20250114113732_HH_EV
HE,RMF,HH,64.2175,29.9318,,901,manual,0.5,,3012,manual,0.5,20250115T130025Z_20250115T130125Z,,,,,,,,,,,explosion,,,,,,[-4.1744 10.2507 -1.3989],5967,2025-01-15 13:00:25.112000,earthquake_local,RMF.HE_20250115130025_HH_EV
HE,RMF,HH,64.2175,29.9318,,3174,manual,0.5,,5274,manual,0.5,20250116T114138Z_20250116T114238Z,,,,,,,,,,,explosion,,,,,,[3.3538 -0.8375 -0.3173],5999,2025-01-16 11:41:38.436000,earthquake_local,RMF.HE_20250116114138_HH_EV
HE,RMF,HH,64.2175,29.9318,,950,manual,0.5,,2731,manual,0.5,20250120T091424Z_20250120T091524Z,,,,,,,,,,,explosion,,,,,,[5.4308 1.7319 3.6152],5224,2025-01-20 09:14:24.664000,earthquake_local,RMF.HE_20250120091424_HH_EV
HE,RMF,HH,64.2175,29.9318,,3308,manual,0.5,,5418,manual,0.5,20250120T113649Z_20250120T113749Z,,,,,,,,,,,explosion,,,,,,[1.4036 6.9559 6.8631],5999,2025-01-20 11:36:49.196000,earthquake_local,RMF.HE_20250120113649_HH_EV
HE,RMF,HH,64.2175,29.9318,,2867,manual,0.5,,4091,manual,0.5,20250122T142412Z_20250122T142512Z,,,,,,,,,,,explosion,,,,,,[-3.4823 4.4177 -0.0469],5805,2025-01-22 14:24:12.908000,earthquake_local,RMF.HE_20250122142412_HH_EV
HE,RMF,HH,64.2175,29.9318,,549,manual,0.5,,4136,manual,0.5,20250123T074949Z_20250123T075049Z,,,,,,,,,,,explosion,,,,,,[3.0390 1.5365 0.6553],5999,2025-01-23 07:49:49.900000,earthquake_local,RMF.HE_20250123074949_HH_EV
HE,RMF,HH,64.2175,29.9318,,2883,manual,0.5,,5476,manual,0.5,20250123T111113Z_20250123T111213Z,,,,,,,,,,,explosion,,,,,,[0.2264 3.3992 0.8656],5999,2025-01-23 11:11:13.760000,earthquake_local,RMF.HE_20250123111113_HH_EV
HE,RMF,HH,64.2175,29.9318,,641,manual,0.5,,2741,manual,0.5,20250123T113334Z_20250123T113434Z,,,,,,,,,,,explosion,,,,,,[0.9464 2.8094 0.9625],5681,2025-01-23 11:33:34.772000,earthquake_local,RMF.HE_20250123113334_HH_EV
HE,RMF,HH,64.2175,29.9318,,1817,manual,0.5,,4455,manual,0.5,20250124T094822Z_20250124T094922Z,,,,,,,,,,,explosion,,,,,,[0.5400 0.0815 0.0876],5999,2025-01-24 09:48:22.408000,earthquake_local,RMF.HE_20250124094822_HH_EV
HE,RMF,HH,64.2175,29.9318,,2197,manual,0.5,,4081,manual,0.5,20250124T113822Z_20250124T113922Z,,,,,,,,,,,explosion,,,,,,[-0.8283 8.6859 1.7566],5999,2025-01-24 11:38:22.012000,earthquake_local,RMF.HE_20250124113822_HH_EV
HE,RMF,HH,64.2175,29.9318,,3260,manual,0.5,,5086,manual,0.5,20250124T125853Z_20250124T125953Z,,,,,,,,,,,explosion,,,,,,[-0.4716 -4.5567 -1.2821],5999,2025-01-24 12:58:53.984000,earthquake_local,RMF.HE_20250124125853_HH_EV
HE,RMF,HH,64.2175,29.9318,,894,manual,0.5,,4098,manual,0.5,20250126T084955Z_20250126T085055Z,,,,,,,,,,,explosion,,,,,,[2.2125 5.2585 3.3732],5999,2025-01-26 08:49:55.584000,earthquake_local,RMF.HE_20250126084955_HH_EV
HE,RMF,HH,64.2175,29.9318,,2013,manual,0.5,,5056,manual,0.5,20250130T093846Z_20250130T093946Z,,,,,,,,,,,explosion,,,,,,[-0.4903 3.1163 0.2511],5999,2025-01-30 09:38:46.524000,earthquake_local,RMF.HE_20250130093846_HH_EV
HE,RMF,HH,64.2175,29.9318,,2090,manual,0.5,,4971,manual,0.5,20250130T095630Z_20250130T095730Z,,,,,,,,,,,explosion,,,,,,[2.4200 -2.7793 0.4835],5999,2025-01-30 09:56:30.048000,earthquake_local,RMF.HE_20250130095630_HH_EV
HE,RMF,HH,64.2175,29.9318,,2094,manual,0.5,,5118,manual,0.5,20250131T081739Z_20250131T081839Z,,,,,,,,,,,explosion,,,,,,[-0.0292 0.8767 1.6947],5999,2025-01-31 08:17:39.244000,earthquake_local,RMF.HE_20250131081739_HH_EV
HE,RMF,HH,64.2175,29.9318,,2228,manual,0.5,,3400,manual,0.5,20250131T091852Z_20250131T091952Z,,,,,,,,,,,explosion,,,,,,[2.5096 1.7652 -1.8027],5041,2025-01-31 09:18:52.432000,earthquake_local,RMF.HE_20250131091852_HH_EV
HE,RMF,HH,64.2175,29.9318,,1303,manual,0.5,,2022,manual,0.5,20250203T062556Z_20250203T062656Z,,,,,,,,,,,explosion,,,,,,[3.9015 0.5372 2.2874],3029,2025-02-03 06:25:56.860000,earthquake_local,RMF.HE_20250203062556_HH_EV
HE,RMF,HH,64.2175,29.9318,,2197,manual,0.5,,4277,manual,0.5,20250204T125938Z_20250204T130038Z,,,,,,,,,,,explosion,,,,,,[0.3710 -2.5801 -1.8074],5999,2025-02-04 12:59:38.076000,earthquake_local,RMF.HE_20250204125938_HH_EV
HE,RMF,HH,64.2175,29.9318,,732,manual,0.5,,1644,manual,0.5,20250204T135535Z_20250204T135635Z,,,,,,,,,,,explosion,,,,,,[-4.6447 3.2466 6.9813],2921,2025-02-04 13:55:35.040000,earthquake_local,RMF.HE_20250204135535_HH_EV
HE,RMF,HH,64.2175,29.9318,,1087,manual,0.5,,2408,manual,0.5,20250205T131338Z_20250205T131438Z,,,,,,,,,,,explosion,,,,,,[3.4957 0.0062 -4.3614],4257,2025-02-05 13:13:38.756000,earthquake_local,RMF.HE_20250205131338_HH_EV
HE,RMF,HH,64.2175,29.9318,,1179,manual,0.5,,3181,manual,0.5,20250206T084843Z_20250206T084943Z,,,,,,,,,,,explosion,,,,,,[9.1241 2.0819 -0.3059],5984,2025-02-06 08:48:43.996000,earthquake_local,RMF.HE_20250206084843_HH_EV
HE,RMF,HH,64.2175,29.9318,,3954,manual,0.5,,4782,manual,0.5,20250206T105028Z_20250206T105128Z,,,,,,,,,,,explosion,,,,,,[1.1604 -0.8528 0.9554],5941,2025-02-06 10:50:28.736000,earthquake_local,RMF.HE_20250206105028_HH_EV
HE,RMF,HH,64.2175,29.9318,,2561,manual,0.5,,4713,manual,0.5,20250206T114115Z_20250206T114215Z,,,,,,,,,,,explosion,,,,,,[-2.7281 5.6634 -0.5659],5999,2025-02-06 11:41:15.648000,earthquake_local,RMF.HE_20250206114115_HH_EV
HE,RMF,HH,64.2175,29.9318,,773,manual,0.5,,3785,manual,0.5,20250208T091904Z_20250208T092004Z,,,,,,,,,,,explosion,,,,,,[-4.0123 2.8281 -0.0180],5999,2025-02-08 09:19:04.848000,earthquake_local,RMF.HE_20250208091904_HH_EV
HE,RMF,HH,64.2175,29.9318,,2400,manual,0.5,,4162,manual,0.5,20250208T095843Z_20250208T095943Z,,,,,,,,,,,explosion,,,,,,[2.8540 1.6898 -1.3176],5999,2025-02-08 09:58:43.880000,earthquake_local,RMF.HE_20250208095843_HH_EV
HE,RMF,HH,64.2175,29.9318,,2133,manual,0.5,,2922,manual,0.5,20250209T015124Z_20250209T015224Z,,,,,,,,,,,explosion,,,,,,[-11.5803 4.3009 -1.7255],4027,2025-02-09 01:51:24.864000,earthquake_local,RMF.HE_20250209015124_HH_EV
HE,RMF,HH,64.2175,29.9318,,1115,manual,0.5,,3283,manual,0.5,20250211T121519Z_20250211T121619Z,,,,,,,,,,,explosion,,,,,,[-0.1194 -0.6980 0.3104],5999,2025-02-11 12:15:19.248000,earthquake_local,RMF.HE_20250211121519_HH_EV
HE,RMF,HH,64.2175,29.9318,,649,manual,0.5,,2272,manual,0.5,20250212T103928Z_20250212T104028Z,,,,,,,,,,,explosion,,,,,,[3.3993 -0.0717 -1.6065],4544,2025-02-12 10:39:28.044000,earthquake_local,RMF.HE_20250212103928_HH_EV
HE,RMF,HH,64.2175,29.9318,,3035,manual,0.5,,5145,manual,0.5,20250213T114219Z_20250213T114319Z,,,,,,,,,,,explosion,,,,,,[0.4705 5.6988 8.5977],5999,2025-02-13 11:42:19.432000,earthquake_local,RMF.HE_20250213114219_HH_EV
HE,RMF,HH,64.2175,29.9318,,1210,manual,0.5,,3490,manual,0.5,20250213T120418Z_20250213T120518Z,,,,,,,,,,,explosion,,,,,,[4.5835 2.2548 -0.3313],5999,2025-02-13 12:04:18.108000,earthquake_local,RMF.HE_20250213120418_HH_EV
HE,RMF,HH,64.2175,29.9318,,2150,manual,0.5,,2966,manual,0.5,20250216T194846Z_20250216T194946Z,,,,,,,,,,,explosion,,,,,,[2.8130 0.0134 -0.5939],4108,2025-02-16 19:48:46.920000,earthquake_local,RMF.HE_20250216194846_HH_EV
HE,RMF,HH,64.2175,29.9318,,2780,manual,0.5,,4890,manual,0.5,20250218T080417Z_20250218T080517Z,,,,,,,,,,,explosion,,,,,,[0.2243 -5.2196 -1.8694],5999,2025-02-18 08:04:17.148000,earthquake_local,RMF.HE_20250218080417_HH_EV
HE,RMF,HH,64.2175,29.9318,,1017,manual,0.5,,3090,manual,0.5,20250219T110301Z_20250219T110401Z,,,,,,,,,,,explosion,,,,,,[-0.8792 5.4410 0.2976],5992,2025-02-19 11:03:01.628000,earthquake_local,RMF.HE_20250219110301_HH_EV
HE,RMF,HH,64.2175,29.9318,,1271,manual,0.5,,5079,manual,0.5,20250221T131951Z_20250221T132051Z,,,,,,,,,,,explosion,,,,,,[-0.2123 0.6018 -0.6752],5999,2025-02-21 13:19:51.052000,earthquake_local,RMF.HE_20250221131951_HH_EV
HE,RMF,HH,64.2175,29.9318,,2622,manual,0.5,,3698,manual,0.5,20250224T102741Z_20250224T102841Z,,,,,,,,,,,explosion,,,,,,[-3.5880 -0.5291 -2.1955],5204,2025-02-24 10:27:41.296000,earthquake_local,RMF.HE_20250224102741_HH_EV
HE,RMF,HH,64.2175,29.9318,,2113,manual,0.5,,4922,manual,0.5,20250224T133710Z_20250224T133810Z,,,,,,,,,,,explosion,,,,,,[4.5640 -2.5429 -1.0335],5999,2025-02-24 13:37:10.824000,earthquake_local,RMF.HE_20250224133710_HH_EV
HE,RMF,HH,64.2175,29.9318,,1954,manual,0.5,,3779,manual,0.5,20250225T120201Z_20250225T120301Z,,,,,,,,,,,explosion,,,,,,[-4.9993 -0.3432 -0.4537],5999,2025-02-25 12:02:01.056000,earthquake_local,RMF.HE_20250225120201_HH_EV
HE,RMF,HH,64.2175,29.9318,,1166,manual,0.5,,3391,manual,0.5,20250225T132051Z_20250225T132151Z,,,,,,,,,,,explosion,,,,,,[1.5409 -5.1560 -1.1581],5999,2025-02-25 13:20:51.952000,earthquake_local,RMF.HE_20250225132051_HH_EV
HE,RMF,HH,64.2175,29.9318,,2761,manual,0.5,,4902,manual,0.5,20250226T105617Z_20250226T105717Z,,,,,,,,,,,explosion,,,,,,[0.6564 0.5423 1.6072],5999,2025-02-26 10:56:17.256000,earthquake_local,RMF.HE_20250226105617_HH_EV
HE,RMF,HH,64.2175,29.9318,,774,manual,0.5,,2944,manual,0.5,20250226T124838Z_20250226T124938Z,,,,,,,,,,,explosion,,,,,,[-3.9792 -1.7341 -0.4717],5982,2025-02-26 12:48:38.636000,earthquake_local,RMF.HE_20250226124838_HH_EV
HE,RMF,HH,64.2175,29.9318,,2124,manual,0.5,,5490,manual,0.5,20250227T091418Z_20250227T091518Z,,,,,,,,,,,explosion,,,,,,[2.8372 -0.0407 1.0160],5999,2025-02-27 09:14:18.236000,earthquake_local,RMF.HE_20250227091418_HH_EV
HE,RMF,HH,64.2175,29.9318,,4569,manual,0.5,,4948,manual,0.5,20250227T100441Z_20250227T100541Z,,,,,,,,,,,explosion,,,,,,[1.0907 2.3613 -1.1487],5479,2025-02-27 10:04:41.084000,earthquake_local,RMF.HE_20250227100441_HH_EV
HE,RMF,HH,64.2175,29.9318,,650,manual,0.5,,3716,manual,0.5,20250227T114919Z_20250227T115019Z,,,,,,,,,,,explosion,,,,,,[-0.3341 5.3301 -0.7092],5999,2025-02-27 11:49:19.676000,earthquake_local,RMF.HE_20250227114919_HH_EV
HE,RMF,HH,64.2175,29.9318,,2639,manual,0.5,,4427,manual,0.5,20250227T121059Z_20250227T121159Z,,,,,,,,,,,explosion,,,,,,[-2.7992 -3.1325 0.0097],5999,2025-02-27 12:10:59.692000,earthquake_local,RMF.HE_20250227121059_HH_EV
HE,RMF,HH,64.2175,29.9318,,1856,manual,0.5,,3412,manual,0.5,20250228T095919Z_20250228T100019Z,,,,,,,,,,,explosion,,,,,,[3.3228 1.3642 1.0127],5590,2025-02-28 09:59:19.096000,earthquake_local,RMF.HE_20250228095919_HH_EV
HE,RMF,HH,64.2175,29.9318,,1898,manual,0.5,,3743,manual,0.5,20250228T103845Z_20250228T103945Z,,,,,,,,,,,explosion,,,,,,[-0.9254 -3.5050 -0.5311],5999,2025-02-28 10:38:45.672000,earthquake_local,RMF.HE_20250228103845_HH_EV
HE,RMF,HH,64.2175,29.9318,,3428,manual,0.5,,5438,manual,0.5,20250228T113620Z_20250228T113720Z,,,,,,,,,,,explosion,,,,,,[3.5449 0.1523 -0.8750],5999,2025-02-28 11:36:20.804000,earthquake_local,RMF.HE_20250228113620_HH_EV
FN,RNF,HH,66.61216,26.01074,,1834,manual,0.5,,4434,manual,0.5,20250102T115150Z_20250102T115250Z,,,,,,,,,,,explosion,,,,,,[8.6933 -0.5013 -0.0651],5999,2025-01-02 11:51:50.140000,earthquake_local,RNF.FN_20250102115150_HH_EV
FN,RNF,HH,66.61216,26.01074,,925,manual,0.5,,3655,manual,0.5,20250102T124005Z_20250102T124105Z,,,,,,,,,,,explosion,,,,,,[4.7452 0.2760 -0.0735],5999,2025-01-02 12:40:05.890000,earthquake_local,RNF.FN_20250102124005_HH_EV
FN,RNF,HH,66.61216,26.01074,,2547,manual,0.5,,5361,manual,0.5,20250102T231243Z_20250102T231343Z,,,,,,,,,,,explosion,,,,,,[-5.8874 -0.0004 0.0517],5999,2025-01-02 23:12:43.510000,earthquake_local,RNF.FN_20250102231243_HH_EV
FN,RNF,HH,66.61216,26.01074,,1208,manual,0.5,,5184,manual,0.5,20250103T202953Z_20250103T203053Z,,,,,,,,,,,explosion,,,,,,[5.8151 -0.0001 -0.0771],5999,2025-01-03 20:29:53.600000,earthquake_local,RNF.FN_20250103202953_HH_EV
FN,RNF,HH,66.61216,26.01074,,1612,manual,0.5,,3432,manual,0.5,20250104T131518Z_20250104T131618Z,,,,,,,,,,,explosion,,,,,,[-1.3923 -0.1122 0.0200],5980,2025-01-04 13:15:18.320000,earthquake_local,RNF.FN_20250104131518_HH_EV
FN,RNF,HH,66.61216,26.01074,,550,manual,0.5,,4472,manual,0.5,20250105T003333Z_20250105T003433Z,,,,,,,,,,,explosion,,,,,,[4.3153 0.0320 -0.0227],5999,2025-01-05 00:33:33.980000,earthquake_local,RNF.FN_20250105003333_HH_EV
FN,RNF,HH,66.61216,26.01074,,1948,manual,0.5,,3894,manual,0.5,20250105T164803Z_20250105T164903Z,,,,,,,,,,,explosion,,,,,,[4.7780 0.0439 -0.0028],5999,2025-01-05 16:48:03.500000,earthquake_local,RNF.FN_20250105164803_HH_EV
FN,RNF,HH,66.61216,26.01074,,1477,manual,0.5,,3587,manual,0.5,20250106T164449Z_20250106T164549Z,,,,,,,,,,,explosion,,,,,,[-0.3684 -0.0725 -0.0039],5999,2025-01-06 16:44:49.810000,earthquake_local,RNF.FN_20250106164449_HH_EV
FN,RNF,HH,66.61216,26.01074,,1722,manual,0.5,,4251,manual,0.5,20250108T090557Z_20250108T090657Z,,,,,,,,,,,explosion,,,,,,[6.5392 0.1054 -0.0017],5999,2025-01-08 09:05:57.210000,earthquake_local,RNF.FN_20250108090557_HH_EV
FN,RNF,HH,66.61216,26.01074,,2375,manual,0.5,,5038,manual,0.5,20250108T120935Z_20250108T121035Z,,,,,,,,,,,explosion,,,,,,[6.7069 -0.1692 0.0303],5999,2025-01-08 12:09:35.780000,earthquake_local,RNF.FN_20250108120935_HH_EV
FN,RNF,HH,66.61216,26.01074,,1247,manual,0.5,,2992,manual,0.5,20250108T164410Z_20250108T164510Z,,,,,,,,,,,explosion,,,,,,[0.1049 -0.0528 0.0190],5435,2025-01-08 16:44:10.310000,earthquake_local,RNF.FN_20250108164410_HH_EV
FN,RNF,HH,66.61216,26.01074,,3235,manual,0.5,,5429,manual,0.5,20250109T100335Z_20250109T100435Z,,,,,,,,,,,explosion,,,,,,[2.8372 -0.0660 -0.0104],5999,2025-01-09 10:03:35.730000,earthquake_local,RNF.FN_20250109100335_HH_EV
FN,RNF,HH,66.61216,26.01074,,1218,manual,0.5,,3801,manual,0.5,20250109T105302Z_20250109T105402Z,,,,,,,,,,,explosion,,,,,,[1.2267 -0.0304 0.0267],5999,2025-01-09 10:53:02.490000,earthquake_local,RNF.FN_20250109105302_HH_EV
FN,RNF,HH,66.61216,26.01074,,2663,manual,0.5,,5385,manual,0.5,20250109T105616Z_20250109T105716Z,,,,,,,,,,,explosion,,,,,,[-1.2531 0.0588 -0.0395],5999,2025-01-09 10:56:16.750000,earthquake_local,RNF.FN_20250109105616_HH_EV
FN,RNF,HH,66.61216,26.01074,,1234,manual,0.5,,3661,manual,0.5,20250110T090257Z_20250110T090357Z,,,,,,,,,,,explosion,,,,,,[3.5675 -0.0898 -0.0282],5999,2025-01-10 09:02:57.840000,earthquake_local,RNF.FN_20250110090257_HH_EV
FN,RNF,HH,66.61216,26.01074,,1566,manual,0.5,,4272,manual,0.5,20250110T124812Z_20250110T124912Z,,,,,,,,,,,explosion,,,,,,[-0.7586 -0.0259 0.0228],5999,2025-01-10 12:48:12.720000,earthquake_local,RNF.FN_20250110124812_HH_EV
FN,RNF,HH,66.61216,26.01074,,1962,manual,0.5,,3892,manual,0.5,20250112T164704Z_20250112T164804Z,,,,,,,,,,,explosion,,,,,,[4.0321 0.0462 0.0057],5999,2025-01-12 16:47:04.360000,earthquake_local,RNF.FN_20250112164704_HH_EV
FN,RNF,HH,66.61216,26.01074,,3449,manual,0.5,,5255,manual,0.5,20250113T122956Z_20250113T123056Z,,,,,,,,,,,explosion,,,,,,[8.4341 0.1979 -0.5262],5999,2025-01-13 12:29:56.590000,earthquake_local,RNF.FN_20250113122956_HH_EV
FN,RNF,HH,66.61216,26.01074,,3479,manual,0.5,,5248,manual,0.5,20250113T163943Z_20250113T164043Z,,,,,,,,,,,explosion,,,,,,[4.0836 0.1787 0.0719],5999,2025-01-13 16:39:43.840000,earthquake_local,RNF.FN_20250113163943_HH_EV
FN,RNF,HH,66.61216,26.01074,,1232,manual,0.5,,3043,manual,0.5,20250116T112503Z_20250116T112603Z,,,,,,,,,,,explosion,,,,,,[2.3891 -0.0289 -0.0145],5578,2025-01-16 11:25:03.770000,earthquake_local,RNF.FN_20250116112503_HH_EV
FN,RNF,HH,66.61216,26.01074,,1082,manual,0.5,,1428,manual,0.5,20250117T081629Z_20250117T081729Z,,,,,,,,,,,explosion,,,,,,[8.4845 -0.5162 -0.0728],1912,2025-01-17 08:16:29.900000,earthquake_local,RNF.FN_20250117081629_HH_EV
FN,RNF,HH,66.61216,26.01074,,1901,manual,0.5,,4645,manual,0.5,20250117T123942Z_20250117T124042Z,,,,,,,,,,,explosion,,,,,,[4.0196 0.0616 0.0534],5999,2025-01-17 12:39:42.270000,earthquake_local,RNF.FN_20250117123942_HH_EV
FN,RNF,HH,66.61216,26.01074,,936,manual,0.5,,2728,manual,0.5,20250119T101859Z_20250119T101959Z,,,,,,,,,,,explosion,,,,,,[-3.2509 0.2841 0.0553],5237,2025-01-19 10:18:59.760000,earthquake_local,RNF.FN_20250119101859_HH_EV
FN,RNF,HH,66.61216,26.01074,,3284,manual,0.5,,5030,manual,0.5,20250119T164534Z_20250119T164634Z,,,,,,,,,,,explosion,,,,,,[1.0241 0.2995 0.0022],5999,2025-01-19 16:45:34.940000,earthquake_local,RNF.FN_20250119164534_HH_EV
FN,RNF,HH,66.61216,26.01074,,1310,manual,0.5,,4194,manual,0.5,20250120T045956Z_20250120T050056Z,,,,,,,,,,,explosion,,,,,,[-6.5065 0.0383 0.0738],5999,2025-01-20 04:59:56.720000,earthquake_local,RNF.FN_20250120045956_HH_EV
FN,RNF,HH,66.61216,26.01074,,1026,manual,0.5,,5158,manual,0.5,20250121T102048Z_20250121T102148Z,,,,,,,,,,,explosion,,,,,,[0.5580 -0.0640 -0.0048],5999,2025-01-21 10:20:48.720000,earthquake_local,RNF.FN_20250121102048_HH_EV
FN,RNF,HH,66.61216,26.01074,,1050,manual,0.5,,4531,manual,0.5,20250121T121918Z_20250121T122018Z,,,,,,,,,,,explosion,,,,,,[2.8166 0.1228 -0.0872],5999,2025-01-21 12:19:18.130000,earthquake_local,RNF.FN_20250121121918_HH_EV
FN,RNF,HH,66.61216,26.01074,,2379,manual,0.5,,4115,manual,0.5,20250122T045304Z_20250122T045404Z,,,,,,,,,,,explosion,,,,,,[0.6446 0.0489 -0.0115],5999,2025-01-22 04:53:04.320000,earthquake_local,RNF.FN_20250122045304_HH_EV
FN,RNF,HH,66.61216,26.01074,,1954,manual,0.5,,4390,manual,0.5,20250122T120336Z_20250122T120436Z,,,,,,,,,,,explosion,,,,,,[-0.4422 0.0206 0.0125],5999,2025-01-22 12:03:36.340000,earthquake_local,RNF.FN_20250122120336_HH_EV
FN,RNF,HH,66.61216,26.01074,,1019,manual,0.5,,2981,manual,0.5,20250123T111123Z_20250123T111223Z,,,,,,,,,,,explosion,,,,,,[0.5406 -0.0236 -0.0368],5728,2025-01-23 11:11:23.970000,earthquake_local,RNF.FN_20250123111123_HH_EV
FN,RNF,HH,66.61216,26.01074,,661,manual,0.5,,3128,manual,0.5,20250123T120800Z_20250123T120900Z,,,,,,,,,,,explosion,,,,,,[0.7909 -0.0023 -0.0209],5999,2025-01-23 12:08:00.520000,earthquake_local,RNF.FN_20250123120800_HH_EV
FN,RNF,HH,66.61216,26.01074,,2312,manual,0.5,,4958,manual,0.5,20250123T123201Z_20250123T123301Z,,,,,,,,,,,explosion,,,,,,[1.2703 0.0225 -0.0160],5999,2025-01-23 12:32:01.760000,earthquake_local,RNF.FN_20250123123201_HH_EV
FN,RNF,HH,66.61216,26.01074,,5059,manual,0.5,,5365,manual,0.5,20250124T104705Z_20250124T104805Z,,,,,,,,,,,explosion,,,,,,[-0.0771 0.0552 -1.1355],5793,2025-01-24 10:47:05.720000,earthquake_local,RNF.FN_20250124104705_HH_EV
FN,RNF,HH,66.61216,26.01074,,668,manual,0.5,,4572,manual,0.5,20250125T005414Z_20250125T005514Z,,,,,,,,,,,explosion,,,,,,[-0.1021 -0.1438 3.0605],5999,2025-01-25 00:54:14.440000,earthquake_local,RNF.FN_20250125005414_HH_EV
FN,RNF,HH,66.61216,26.01074,,2898,manual,0.5,,4690,manual,0.5,20250125T102518Z_20250125T102618Z,,,,,,,,,,,explosion,,,,,,[-0.1223 -0.1527 -1.6029],5999,2025-01-25 10:25:18.020000,earthquake_local,RNF.FN_20250125102518_HH_EV
FN,RNF,HH,66.61216,26.01074,,1403,manual,0.5,,4275,manual,0.5,20250125T230337Z_20250125T230437Z,,,,,,,,,,,explosion,,,,,,[0.2858 0.2133 5.2246],5999,2025-01-25 23:03:37.450000,earthquake_local,RNF.FN_20250125230337_HH_EV
FN,RNF,HH,66.61216,26.01074,,3286,manual,0.5,,4826,manual,0.5,20250126T210100Z_20250126T210200Z,,,,,,,,,,,explosion,,,,,,[-0.7902 0.2937 6.5133],5999,2025-01-26 21:01:00.020000,earthquake_local,RNF.FN_20250126210100_HH_EV
FN,RNF,HH,66.61216,26.01074,,962,manual,0.5,,2824,manual,0.5,20250127T044247Z_20250127T044347Z,,,,,,,,,,,explosion,,,,,,[0.8328 -0.1112 9.9334],5431,2025-01-27 04:42:47.360000,earthquake_local,RNF.FN_20250127044247_HH_EV
FN,RNF,HH,66.61216,26.01074,,676,manual,0.5,,4056,manual,0.5,20250127T050245Z_20250127T050345Z,,,,,,,,,,,explosion,,,,,,[-0.8204 -0.0254 1.6279],5999,2025-01-27 05:02:45.320000,earthquake_local,RNF.FN_20250127050245_HH_EV
FN,RNF,HH,66.61216,26.01074,,1229,manual,0.5,,5347,manual,0.5,20250127T120526Z_20250127T120626Z,,,,,,,,,,,explosion,,,,,,[-0.5477 0.4658 4.9724],5999,2025-01-27 12:05:26.250000,earthquake_local,RNF.FN_20250127120526_HH_EV
FN,RNF,HH,66.61216,26.01074,,1447,manual,0.5,,5451,manual,0.5,20250127T201008Z_20250127T201108Z,,,,,,,,,,,explosion,,,,,,[0.3552 0.0342 -1.6052],5999,2025-01-27 20:10:08.450000,earthquake_local,RNF.FN_20250127201008_HH_EV
FN,RNF,HH,66.61216,26.01074,,1120,manual,0.5,,5126,manual,0.5,20250128T002825Z_20250128T002925Z,,,,,,,,,,,explosion,,,,,,[0.0136 -0.1477 -1.8228],5999,2025-01-28 00:28:25.360000,earthquake_local,RNF.FN_20250128002825_HH_EV
FN,RNF,HH,66.61216,26.01074,,741,manual,0.5,,5305,manual,0.5,20250128T040548Z_20250128T040648Z,,,,,,,,,,,explosion,,,,,,[-0.2973 0.3027 7.9119],5999,2025-01-28 04:05:48.990000,earthquake_local,RNF.FN_20250128040548_HH_EV
FN,RNF,HH,66.61216,26.01074,,745,manual,0.5,,1467,manual,0.5,20250128T114952Z_20250128T115052Z,,,,,,,,,,,explosion,,,,,,[0.1283 -0.0979 -0.9424],2478,2025-01-28 11:49:52.250000,earthquake_local,RNF.FN_20250128114952_HH_EV
FN,RNF,HH,66.61216,26.01074,,779,manual,0.5,,3215,manual,0.5,20250128T133615Z_20250128T133715Z,,,,,,,,,,,explosion,,,,,,[-0.2314 -0.0052 3.6966],5999,2025-01-28 13:36:15.130000,earthquake_local,RNF.FN_20250128133615_HH_EV
FN,RNF,HH,66.61216,26.01074,,1646,manual,0.5,,4924,manual,0.5,20250128T202408Z_20250128T202508Z,,,,,,,,,,,explosion,,,,,,[0.0265 -0.1633 5.2314],5999,2025-01-28 20:24:08.780000,earthquake_local,RNF.FN_20250128202408_HH_EV
FN,RNF,HH,66.61216,26.01074,,2529,manual,0.5,,4231,manual,0.5,20250129T044501Z_20250129T044601Z,,,,,,,,,,,explosion,,,,,,[-0.0027 -0.2228 3.8823],5999,2025-01-29 04:45:01.480000,earthquake_local,RNF.FN_20250129044501_HH_EV
FN,RNF,HH,66.61216,26.01074,,1043,manual,0.5,,3591,manual,0.5,20250129T090229Z_20250129T090329Z,,,,,,,,,,,explosion,,,,,,[-0.0254 -0.0804 1.6157],5999,2025-01-29 09:02:29.130000,earthquake_local,RNF.FN_20250129090229_HH_EV
FN,RNF,HH,66.61216,26.01074,,2694,manual,0.5,,5262,manual,0.5,20250129T120353Z_20250129T120453Z,,,,,,,,,,,explosion,,,,,,[-0.4204 -0.1215 -2.8811],5999,2025-01-29 12:03:53.700000,earthquake_local,RNF.FN_20250129120353_HH_EV
FN,RNF,HH,66.61216,26.01074,,759,manual,0.5,,3225,manual,0.5,20250129T121238Z_20250129T121338Z,,,,,,,,,,,explosion,,,,,,[0.3266 0.0704 4.9928],5999,2025-01-29 12:12:38.510000,earthquake_local,RNF.FN_20250129121238_HH_EV
FN,RNF,HH,66.61216,26.01074,,2194,manual,0.5,,4786,manual,0.5,20250130T120532Z_20250130T120632Z,,,,,,,,,,,explosion,,,,,,[0.0440 0.0150 0.1535],5999,2025-01-30 12:05:32.140000,earthquake_local,RNF.FN_20250130120532_HH_EV
FN,RNF,HH,66.61216,26.01074,,527,manual,0.5,,3155,manual,0.5,20250131T081749Z_20250131T081849Z,,,,,,,,,,,explosion,,,,,,[0.2156 0.0964 -2.4363],5999,2025-01-31 08:17:49.210000,earthquake_local,RNF.FN_20250131081749_HH_EV
FN,RNF,HH,66.61216,26.01074,,1537,manual,0.5,,4097,manual,0.5,20250131T091918Z_20250131T092018Z,,,,,,,,,,,explosion,,,,,,[0.1422 -0.0284 0.8542],5999,2025-01-31 09:19:18.640000,earthquake_local,RNF.FN_20250131091918_HH_EV
FN,RNF,HH,66.61216,26.01074,,2514,manual,0.5,,4357,manual,0.5,20250131T111637Z_20250131T111737Z,,,,,,,,,,,explosion,,,,,,[0.1048 -0.0853 4.2799],5999,2025-01-31 11:16:37.690000,earthquake_local,RNF.FN_20250131111637_HH_EV
FN,RNF,HH,66.61216,26.01074,,1862,manual,0.5,,3430,manual,0.5,20250202T103805Z_20250202T103905Z,,,,,,,,,,,explosion,,,,,,[-0.0196 -0.1957 2.0629],5625,2025-02-02 10:38:05.460000,earthquake_local,RNF.FN_20250202103805_HH_EV
FN,RNF,HH,66.61216,26.01074,,1451,manual,0.5,,4097,manual,0.5,20250203T130737Z_20250203T130837Z,,,,,,,,,,,explosion,,,,,,[-0.2143 -0.2499 -3.9874],5999,2025-02-03 13:07:37.230000,earthquake_local,RNF.FN_20250203130737_HH_EV
FN,RNF,HH,66.61216,26.01074,,527,manual,0.5,,5295,manual,0.5,20250203T193801Z_20250203T193901Z,,,,,,,,,,,explosion,,,,,,[-0.1923 0.0354 -1.0220],5999,2025-02-03 19:38:01.730000,earthquake_local,RNF.FN_20250203193801_HH_EV
FN,RNF,HH,66.61216,26.01074,,638,manual,0.5,,3942,manual,0.5,20250204T024445Z_20250204T024545Z,,,,,,,,,,,explosion,,,,,,[-0.5150 -0.3284 -2.4289],5999,2025-02-04 02:44:45.660000,earthquake_local,RNF.FN_20250204024445_HH_EV
FN,RNF,HH,66.61216,26.01074,,539,manual,0.5,,3227,manual,0.5,20250205T120014Z_20250205T120114Z,,,,,,,,,,,explosion,,,,,,[0.2977 0.1958 2.3304],5999,2025-02-05 12:00:14.690000,earthquake_local,RNF.FN_20250205120014_HH_EV
FN,RNF,HH,66.61216,26.01074,,1622,manual,0.5,,4080,manual,0.5,20250206T090238Z_20250206T090338Z,,,,,,,,,,,explosion,,,,,,[0.1429 -0.1155 1.0865],5999,2025-02-06 09:02:38.760000,earthquake_local,RNF.FN_20250206090238_HH_EV
FN,RNF,HH,66.61216,26.01074,,1934,manual,0.5,,5240,manual,0.5,20250206T105123Z_20250206T105223Z,,,,,,,,,,,explosion,,,,,,[-0.2405 -0.1415 -3.3429],5999,2025-02-06 10:51:23.240000,earthquake_local,RNF.FN_20250206105123_HH_EV
FN,RNF,HH,66.61216,26.01074,,1109,manual,0.5,,5168,manual,0.5,20250206T114202Z_20250206T114302Z,,,,,,,,,,,explosion,,,,,,[0.2252 -0.0055 -1.4730],5999,2025-02-06 11:42:02.540000,earthquake_local,RNF.FN_20250206114202_HH_EV
FN,RNF,HH,66.61216,26.01074,,4036,manual,0.5,,5326,manual,0.5,20250206T170115Z_20250206T170215Z,,,,,,,,,,,explosion,,,,,,[-0.0538 0.0048 -1.5114],5999,2025-02-06 17:01:15.870000,earthquake_local,RNF.FN_20250206170115_HH_EV
FN,RNF,HH,66.61216,26.01074,,1762,manual,0.5,,3606,manual,0.5,20250207T065824Z_20250207T065924Z,,,,,,,,,,,explosion,,,,,,[-0.5991 0.5241 -1.6289],5999,2025-02-07 06:58:24.540000,earthquake_local,RNF.FN_20250207065824_HH_EV
FN,RNF,HH,66.61216,26.01074,,820,manual,0.5,,2696,manual,0.5,20250207T094449Z_20250207T094549Z,,,,,,,,,,,explosion,,,,,,[-1.8984 0.4277 2.6556],5322,2025-02-07 09:44:49.080000,earthquake_local,RNF.FN_20250207094449_HH_EV
FN,RNF,HH,66.61216,26.01074,,835,manual,0.5,,5276,manual,0.5,20250207T114055Z_20250207T114155Z,,,,,,,,,,,explosion,,,,,,[-2.0652 -0.1466 1.4439],5999,2025-02-07 11:40:55.880000,earthquake_local,RNF.FN_20250207114055_HH_EV
FN,RNF,HH,66.61216,26.01074,,2984,manual,0.5,,5336,manual,0.5,20250207T130620Z_20250207T130720Z,,,,,,,,,,,explosion,,,,,,[0.8420 0.6464 4.7593],5999,2025-02-07 13:06:20.520000,earthquake_local,RNF.FN_20250207130620_HH_EV
FN,RNF,HH,66.61216,26.01074,,1655,manual,0.5,,4315,manual,0.5,20250207T131110Z_20250207T131210Z,,,,,,,,,,,explosion,,,,,,[-0.2793 -0.6546 -0.6860],5999,2025-02-07 13:11:10.370000,earthquake_local,RNF.FN_20250207131110_HH_EV
FN,RNF,HH,66.61216,26.01074,,984,manual,0.5,,4932,manual,0.5,20250208T201551Z_20250208T201651Z,,,,,,,,,,,explosion,,,,,,[1.2587 -0.1627 -3.1744],5999,2025-02-08 20:15:51.080000,earthquake_local,RNF.FN_20250208201551_HH_EV
FN,RNF,HH,66.61216,26.01074,,2831,manual,0.5,,4647,manual,0.5,20250210T133106Z_20250210T133206Z,,,,,,,,,,,explosion,,,,,,[0.0358 0.1803 -0.2720],5999,2025-02-10 13:31:06.530000,earthquake_local,RNF.FN_20250210133106_HH_EV
FN,RNF,HH,66.61216,26.01074,,1217,manual,0.5,,2945,manual,0.5,20250211T044650Z_20250211T044750Z,,,,,,,,,,,explosion,,,,,,[-0.0005 -0.3487 -0.1353],5364,2025-02-11 04:46:50.110000,earthquake_local,RNF.FN_20250211044650_HH_EV
FN,RNF,HH,66.61216,26.01074,,2351,manual,0.5,,4105,manual,0.5,20250212T044055Z_20250212T044155Z,,,,,,,,,,,explosion,,,,,,[-0.0900 -0.0254 -4.0846],5999,2025-02-12 04:40:55.890000,earthquake_local,RNF.FN_20250212044055_HH_EV
FN,RNF,HH,66.61216,26.01074,,662,manual,0.5,,4050,manual,0.5,20250212T113542Z_20250212T113642Z,,,,,,,,,,,explosion,,,,,,[0.0315 -0.0417 4.0292],5999,2025-02-12 11:35:42.260000,earthquake_local,RNF.FN_20250212113542_HH_EV
FN,RNF,HH,66.61216,26.01074,,999,manual,0.5,,4951,manual,0.5,20250212T132723Z_20250212T132823Z,,,,,,,,,,,explosion,,,,,,[-0.0847 0.0646 4.3857],5999,2025-02-12 13:27:23.490000,earthquake_local,RNF.FN_20250212132723_HH_EV
FN,RNF,HH,66.61216,26.01074,,779,manual,0.5,,5259,manual,0.5,20250213T114313Z_20250213T114413Z,,,,,,,,,,,explosion,,,,,,[0.0319 0.1102 0.4698],5999,2025-02-13 11:43:13.490000,earthquake_local,RNF.FN_20250213114313_HH_EV
FN,RNF,HH,66.61216,26.01074,,873,manual,0.5,,4289,manual,0.5,20250213T122029Z_20250213T122129Z,,,,,,,,,,,explosion,,,,,,[-0.5087 -0.1209 2.0374],5999,2025-02-13 12:20:29.070000,earthquake_local,RNF.FN_20250213122029_HH_EV
FN,RNF,HH,66.61216,26.01074,,1815,manual,0.5,,3565,manual,0.5,20250213T164057Z_20250213T164157Z,,,,,,,,,,,explosion,,,,,,[0.0957 0.0444 0.6888],5999,2025-02-13 16:40:57.030000,earthquake_local,RNF.FN_20250213164057_HH_EV
FN,RNF,HH,66.61216,26.01074,,1019,manual,0.5,,4947,manual,0.5,20250213T225136Z_20250213T225236Z,,,,,,,,,,,explosion,,,,,,[0.0473 -0.0076 2.0152],5999,2025-02-13 22:51:36.130000,earthquake_local,RNF.FN_20250213225136_HH_EV
FN,RNF,HH,66.61216,26.01074,,783,manual,0.5,,4451,manual,0.5,20250214T103135Z_20250214T103235Z,,,,,,,,,,,explosion,,,,,,[0.1505 0.1076 -2.5904],5999,2025-02-14 10:31:35.010000,earthquake_local,RNF.FN_20250214103135_HH_EV
FN,RNF,HH,66.61216,26.01074,,1501,manual,0.5,,4045,manual,0.5,20250214T130811Z_20250214T130911Z,,,,,,,,,,,explosion,,,,,,[-0.3115 -0.0693 -1.2789],5999,2025-02-14 13:08:11.070000,earthquake_local,RNF.FN_20250214130811_HH_EV
FN,RNF,HH,66.61216,26.01074,,1911,manual,0.5,,4571,manual,0.5,20250214T131807Z_20250214T131907Z,,,,,,,,,,,explosion,,,,,,[0.0931 0.0132 -3.6871],5999,2025-02-14 13:18:07.570000,earthquake_local,RNF.FN_20250214131807_HH_EV
FN,RNF,HH,66.61216,26.01074,,755,manual,0.5,,4755,manual,0.5,20250216T004334Z_20250216T004434Z,,,,,,,,,,,explosion,,,,,,[0.0247 0.0268 1.4986],5999,2025-02-16 00:43:34.730000,earthquake_local,RNF.FN_20250216004334_HH_EV
FN,RNF,HH,66.61216,26.01074,,2349,manual,0.5,,4141,manual,0.5,20250216T044043Z_20250216T044143Z,,,,,,,,,,,explosion,,,,,,[-0.0328 -0.0993 0.6392],5999,2025-02-16 04:40:43.910000,earthquake_local,RNF.FN_20250216044043_HH_EV
FN,RNF,HH,66.61216,26.01074,,711,manual,0.5,,4113,manual,0.5,20250217T023352Z_20250217T023452Z,,,,,,,,,,,explosion,,,,,,[0.0643 0.1443 2.1687],5999,2025-02-17 02:33:52.190000,earthquake_local,RNF.FN_20250217023352_HH_EV
FN,RNF,HH,66.61216,26.01074,,620,manual,0.5,,5128,manual,0.5,20250217T121444Z_20250217T121544Z,,,,,,,,,,,explosion,,,,,,[-0.1178 0.0807 3.4250],5999,2025-02-17 12:14:44.360000,earthquake_local,RNF.FN_20250217121444_HH_EV
FN,RNF,HH,66.61216,26.01074,,574,manual,0.5,,4466,manual,0.5,20250217T200552Z_20250217T200652Z,,,,,,,,,,,explosion,,,,,,[0.0789 -0.0327 -1.2311],5999,2025-02-17 20:05:52.100000,earthquake_local,RNF.FN_20250217200552_HH_EV
FN,RNF,HH,66.61216,26.01074,,1904,manual,0.5,,4830,manual,0.5,20250217T231311Z_20250217T231411Z,,,,,,,,,,,explosion,,,,,,[0.2094 0.1107 0.7217],5999,2025-02-17 23:13:11.540000,earthquake_local,RNF.FN_20250217231311_HH_EV
FN,RNF,HH,66.61216,26.01074,,778,manual,0.5,,4110,manual,0.5,20250218T002351Z_20250218T002451Z,,,,,,,,,,,explosion,,,,,,[0.2732 0.0324 -0.3261],5999,2025-02-18 00:23:51.420000,earthquake_local,RNF.FN_20250218002351_HH_EV
FN,RNF,HH,66.61216,26.01074,,1240,manual,0.5,,4096,manual,0.5,20250218T015530Z_20250218T015630Z,,,,,,,,,,,explosion,,,,,,[-0.1768 0.1424 0.7040],5999,2025-02-18 01:55:30.880000,earthquake_local,RNF.FN_20250218015530_HH_EV
FN,RNF,HH,66.61216,26.01074,,1370,manual,0.5,,5374,manual,0.5,20250219T000541Z_20250219T000641Z,,,,,,,,,,,explosion,,,,,,[-0.2384 -0.1787 -0.8564],5999,2025-02-19 00:05:41.460000,earthquake_local,RNF.FN_20250219000541_HH_EV
FN,RNF,HH,66.61216,26.01074,,863,manual,0.5,,4775,manual,0.5,20250219T004047Z_20250219T004147Z,,,,,,,,,,,explosion,,,,,,[-0.3042 -0.2929 3.5949],5999,2025-02-19 00:40:47.010000,earthquake_local,RNF.FN_20250219004047_HH_EV
FN,RNF,HH,66.61216,26.01074,,764,manual,0.5,,2500,manual,0.5,20250219T110259Z_20250219T110359Z,,,,,,,,,,,explosion,,,,,,[0.0346 -0.0498 2.5877],4930,2025-02-19 11:02:59.970000,earthquake_local,RNF.FN_20250219110259_HH_EV
FN,RNF,HH,66.61216,26.01074,,3875,manual,0.5,,5318,manual,0.5,20250219T124455Z_20250219T124555Z,,,,,,,,,,,explosion,,,,,,[-0.0047 0.0733 0.3811],5999,2025-02-19 12:44:55.970000,earthquake_local,RNF.FN_20250219124455_HH_EV
FN,RNF,HH,66.61216,26.01074,,1475,manual,0.5,,3971,manual,0.5,20250220T150728Z_20250220T150828Z,,,,,,,,,,,explosion,,,,,,[-0.3232 -0.0652 2.3940],5999,2025-02-20 15:07:28.570000,earthquake_local,RNF.FN_20250220150728_HH_EV
FN,RNF,HH,66.61216,26.01074,,771,manual,0.5,,5207,manual,0.5,20250220T190439Z_20250220T190539Z,,,,,,,,,,,explosion,,,,,,[0.4613 0.0610 -0.9162],5999,2025-02-20 19:04:39.930000,earthquake_local,RNF.FN_20250220190439_HH_EV
FN,RNF,HH,66.61216,26.01074,,1500,manual,0.5,,5435,manual,0.5,20250220T200600Z_20250220T200700Z,,,,,,,,,,,explosion,,,,,,[0.3567 0.0441 1.0570],5999,2025-02-20 20:06:00.230000,earthquake_local,RNF.FN_20250220200600_HH_EV
FN,RNF,HH,66.61216,26.01074,,1259,manual,0.5,,5347,manual,0.5,20250220T201437Z_20250220T201537Z,,,,,,,,,,,explosion,,,,,,[0.3129 -0.1895 -3.1318],5999,2025-02-20 20:14:37.290000,earthquake_local,RNF.FN_20250220201437_HH_EV
FN,RNF,HH,66.61216,26.01074,,1111,manual,0.5,,5115,manual,0.5,20250220T235656Z_20250220T235756Z,,,,,,,,,,,explosion,,,,,,[-0.5478 -0.1069 -1.1694],5999,2025-02-20 23:56:56.930000,earthquake_local,RNF.FN_20250220235656_HH_EV
FN,RNF,HH,66.61216,26.01074,,1322,manual,0.5,,3938,manual,0.5,20250221T131234Z_20250221T131334Z,,,,,,,,,,,explosion,,,,,,[-0.4689 -0.1583 2.1943],5999,2025-02-21 13:12:34.660000,earthquake_local,RNF.FN_20250221131234_HH_EV
FN,RNF,HH,66.61216,26.01074,,513,manual,0.5,,3229,manual,0.5,20250221T131938Z_20250221T132038Z,,,,,,,,,,,explosion,,,,,,[0.7896 -0.0136 1.6743],5999,2025-02-21 13:19:38.870000,earthquake_local,RNF.FN_20250221131938_HH_EV
FN,RNF,HH,66.61216,26.01074,,1306,manual,0.5,,5285,manual,0.5,20250221T200536Z_20250221T200636Z,,,,,,,,,,,explosion,,,,,,[0.2427 0.0579 0.4048],5999,2025-02-21 20:05:36.170000,earthquake_local,RNF.FN_20250221200536_HH_EV
FN,RNF,HH,66.61216,26.01074,,3356,manual,0.5,,5274,manual,0.5,20250222T103414Z_20250222T103514Z,,,,,,,,,,,explosion,,,,,,[-0.1710 0.0114 0.2683],5999,2025-02-22 10:34:14.600000,earthquake_local,RNF.FN_20250222103414_HH_EV
FN,RNF,HH,66.61216,26.01074,,1663,manual,0.5,,5499,manual,0.5,20250222T210205Z_20250222T210305Z,,,,,,,,,,,explosion,,,,,,[-0.0410 -0.1638 2.4995],5999,2025-02-22 21:02:05.170000,earthquake_local,RNF.FN_20250222210205_HH_EV
FN,RNF,HH,66.61216,26.01074,,1168,manual,0.5,,5228,manual,0.5,20250225T043229Z_20250225T043329Z,,,,,,,,,,,explosion,,,,,,[-0.2853 -0.1586 -0.3901],5999,2025-02-25 04:32:29.960000,earthquake_local,RNF.FN_20250225043229_HH_EV
FN,RNF,HH,66.61216,26.01074,,2092,manual,0.5,,5074,manual,0.5,20250225T060855Z_20250225T060955Z,,,,,,,,,,,explosion,,,,,,[-0.5758 -0.1034 0.7668],5999,2025-02-25 06:08:55.780000,earthquake_local,RNF.FN_20250225060855_HH_EV
FN,RNF,HH,66.61216,26.01074,,1732,manual,0.5,,4362,manual,0.5,20250225T123233Z_20250225T123333Z,,,,,,,,,,,explosion,,,,,,[0.4435 -0.1119 -1.5562],5999,2025-02-25 12:32:33.460000,earthquake_local,RNF.FN_20250225123233_HH_EV
FN,RNF,HH,66.61216,26.01074,,2170,manual,0.5,,4564,manual,0.5,20250225T132044Z_20250225T132144Z,,,,,,,,,,,explosion,,,,,,[0.1270 -0.1779 -0.4659],5999,2025-02-25 13:20:44.020000,earthquake_local,RNF.FN_20250225132044_HH_EV
FN,RNF,HH,66.61216,26.01074,,1411,manual,0.5,,5471,manual,0.5,20250225T235448Z_20250225T235548Z,,,,,,,,,,,explosion,,,,,,[0.2935 -0.7804 -0.4604],5999,2025-02-25 23:54:48.770000,earthquake_local,RNF.FN_20250225235448_HH_EV
FN,RNF,HH,66.61216,26.01074,,1176,manual,0.5,,3776,manual,0.5,20250226T122022Z_20250226T122122Z,,,,,,,,,,,explosion,,,,,,[-0.0903 0.2005 4.1203],5999,2025-02-26 12:20:22.920000,earthquake_local,RNF.FN_20250226122022_HH_EV
FN,RNF,HH,66.61216,26.01074,,749,manual,0.5,,3129,manual,0.5,20250226T124840Z_20250226T124940Z,,,,,,,,,,,explosion,,,,,,[0.0092 -0.0942 0.6645],5999,2025-02-26 12:48:40.790000,earthquake_local,RNF.FN_20250226124840_HH_EV
FN,RNF,HH,66.61216,26.01074,,2558,manual,0.5,,4991,manual,0.5,20250226T131833Z_20250226T131933Z,,,,,,,,,,,explosion,,,,,,[0.1731 -0.0283 0.3601],5999,2025-02-26 13:18:33.450000,earthquake_local,RNF.FN_20250226131833_HH_EV
FN,RNF,HH,66.61216,26.01074,,3579,manual,0.5,,5139,manual,0.5,20250227T114829Z_20250227T114929Z,,,,,,,,,,,explosion,,,,,,[0.1515 -0.0849 -3.7747],5999,2025-02-27 11:48:29.690000,earthquake_local,RNF.FN_20250227114829_HH_EV
FN,RNF,HH,66.61216,26.01074,,2596,manual,0.5,,5032,manual,0.5,20250227T120415Z_20250227T120515Z,,,,,,,,,,,explosion,,,,,,[-0.2494 0.0560 5.1220],5999,2025-02-27 12:04:15.840000,earthquake_local,RNF.FN_20250227120415_HH_EV
FN,RNF,HH,66.61216,26.01074,,986,manual,0.5,,3702,manual,0.5,20250227T142139Z_20250227T142239Z,,,,,,,,,,,explosion,,,,,,[0.2201 0.0599 1.0262],5999,2025-02-27 14:21:39.100000,earthquake_local,RNF.FN_20250227142139_HH_EV
HE,RSUO,HH,60.2027,24.90306,,849,manual,0.5,,882,manual,0.5,20250103T134330Z_20250103T134430Z,,,,,,,,,,,explosion,,,,,,[-0.2182 8.8928 5.5524],982,2025-01-03 13:43:30.020000,earthquake_local,RSUO.HE_20250103134330_HH_EV
HE,RSUO,HH,60.2027,24.90306,,3771,manual,0.5,,4941,manual,0.5,20250108T104211Z_20250108T104311Z,,,,,,,,,,,explosion,,,,,,[-0.1787 1.3010 -0.2845],5999,2025-01-08 10:42:11.136000,earthquake_local,RSUO.HE_20250108104211_HH_EV
HE,RSUO,HH,60.2027,24.90306,,4097,manual,0.5,,4362,manual,0.5,20250110T100035Z_20250110T100135Z,,,,,,,,,,,explosion,,,,,,[0.0002 2.5604 -0.0446],4733,2025-01-10 10:00:35.128000,earthquake_local,RSUO.HE_20250110100035_HH_EV
HE,RSUO,HH,60.2027,24.90306,,1329,manual,0.5,,1722,manual,0.5,20250114T073103Z_20250114T073203Z,,,,,,,,,,,explosion,,,,,,[0.7387 -0.3827 -0.2275],2272,2025-01-14 07:31:03.148000,earthquake_local,RSUO.HE_20250114073103_HH_EV
HE,RSUO,HH,60.2027,24.90306,,3025,manual,0.5,,3055,manual,0.5,20250114T103136Z_20250114T103236Z,,,,,,,,,,,explosion,,,,,,[1.9044 3.1398 -0.1080],3155,2025-01-14 10:31:36.612000,earthquake_local,RSUO.HE_20250114103136_HH_EV
HE,RSUO,HH,60.2027,24.90306,,2660,manual,0.5,,2915,manual,0.5,20250114T135713Z_20250114T135813Z,,,,,,,,,,,explosion,,,,,,[-0.4778 -1.0021 0.0946],3272,2025-01-14 13:57:13.800000,earthquake_local,RSUO.HE_20250114135713_HH_EV
HE,RSUO,HH,60.2027,24.90306,,3875,manual,0.5,,4278,manual,0.5,20250114T135940Z_20250114T140040Z,,,,,,,,,,,explosion,,,,,,[1.0303 -0.4617 -0.0549],4842,2025-01-14 13:59:40.056000,earthquake_local,RSUO.HE_20250114135940_HH_EV
HE,RSUO,HH,60.2027,24.90306,,1698,manual,0.5,,2055,manual,0.5,20250115T111019Z_20250115T111119Z,,,,,,,,,,,explosion,,,,,,[0.1248 7.7043 -0.0203],2555,2025-01-15 11:10:19.620000,earthquake_local,RSUO.HE_20250115111019_HH_EV
HE,RSUO,HH,60.2027,24.90306,,1670,manual,0.5,,1936,manual,0.5,20250115T123009Z_20250115T123109Z,,,,,,,,,,,explosion,,,,,,[-0.1201 1.2334 -0.0079],2308,2025-01-15 12:30:09.580000,earthquake_local,RSUO.HE_20250115123009_HH_EV
HE,RSUO,HH,60.2027,24.90306,,4744,manual,0.5,,5203,manual,0.5,20250120T113714Z_20250120T113814Z,,,,,,,,,,,explosion,,,,,,[-0.2879 -0.0302 -0.0149],5846,2025-01-20 11:37:14.784000,earthquake_local,RSUO.HE_20250120113714_HH_EV
HE,RSUO,HH,60.2027,24.90306,,1745,manual,0.5,,1994,manual,0.5,20250121T124826Z_20250121T124926Z,,,,,,,,,,,explosion,,,,,,[-0.0604 4.8259 0.0073],2343,2025-01-21 12:48:26.500000,earthquake_local,RSUO.HE_20250121124826_HH_EV
HE,RSUO,HH,60.2027,24.90306,,1084,manual,0.5,,3409,manual,0.5,20250122T115453Z_20250122T115553Z,,,,,,,,,,,explosion,,,,,,[0.0475 0.1432 -0.0171],5999,2025-01-22 11:54:53.240000,earthquake_local,RSUO.HE_20250122115453_HH_EV
HE,RSUO,HH,60.2027,24.90306,,1560,manual,0.5,,1810,manual,0.5,20250122T122733Z_20250122T122833Z,,,,,,,,,,,explosion,,,,,,[-0.0304 0.1046 -0.0246],2160,2025-01-22 12:27:33.704000,earthquake_local,RSUO.HE_20250122122733_HH_EV
HE,RSUO,HH,60.2027,24.90306,,4355,manual,0.5,,4445,manual,0.5,20250124T085434Z_20250124T085534Z,,,,,,,,,,,explosion,,,,,,[0.4375 0.9281 1.8747],4571,2025-01-24 08:54:34.524000,earthquake_local,RSUO.HE_20250124085434_HH_EV
HE,RSUO,HH,60.2027,24.90306,,3123,manual,0.5,,3399,manual,0.5,20250127T124321Z_20250127T124421Z,,,,,,,,,,,explosion,,,,,,[0.0199 3.0065 0.0494],3785,2025-01-27 12:43:21.392000,earthquake_local,RSUO.HE_20250127124321_HH_EV
HE,RSUO,HH,60.2027,24.90306,,5004,manual,0.5,,5243,manual,0.5,20250127T142523Z_20250127T142623Z,,,,,,,,,,,explosion,,,,,,[0.0399 1.8237 0.0852],5578,2025-01-27 14:25:23.272000,earthquake_local,RSUO.HE_20250127142523_HH_EV
HE,RSUO,HH,60.2027,24.90306,,925,manual,0.5,,1094,manual,0.5,20250127T150055Z_20250127T150155Z,,,,,,,,,,,explosion,,,,,,[-0.6052 2.3993 0.3075],1331,2025-01-27 15:00:55.412000,earthquake_local,RSUO.HE_20250127150055_HH_EV
HE,RSUO,HH,60.2027,24.90306,,1352,manual,0.5,,1589,manual,0.5,20250130T090445Z_20250130T090545Z,,,,,,,,,,,explosion,,,,,,[0.2340 -0.3385 0.2037],1921,2025-01-30 09:04:45.852000,earthquake_local,RSUO.HE_20250130090445_HH_EV
HE,RSUO,HH,60.2027,24.90306,,4233,manual,0.5,,4485,manual,0.5,20250130T143720Z_20250130T143820Z,,,,,,,,,,,explosion,,,,,,[0.4427 6.1451 -0.0018],4838,2025-01-30 14:37:20.856000,earthquake_local,RSUO.HE_20250130143720_HH_EV
HE,RSUO,HH,60.2027,24.90306,,826,manual,0.5,,1072,manual,0.5,20250131T125647Z_20250131T125747Z,,,,,,,,,,,explosion,,,,,,[0.2676 1.3769 -0.0579],1416,2025-01-31 12:56:47.340000,earthquake_local,RSUO.HE_20250131125647_HH_EV
HE,RSUO,HH,60.2027,24.90306,,583,manual,0.5,,888,manual,0.5,20250203T142903Z_20250203T143003Z,,,,,,,,,,,explosion,,,,,,[0.3534 -0.4908 0.0826],1315,2025-02-03 14:29:03.524000,earthquake_local,RSUO.HE_20250203142903_HH_EV
HE,RSUO,HH,60.2027,24.90306,,4016,manual,0.5,,4146,manual,0.5,20250203T145924Z_20250203T150024Z,,,,,,,,,,,explosion,,,,,,[0.6111 -3.1458 -0.0850],4328,2025-02-03 14:59:24.844000,earthquake_local,RSUO.HE_20250203145924_HH_EV
HE,RSUO,HH,60.2027,24.90306,,4690,manual,0.5,,4946,manual,0.5,20250204T092455Z_20250204T092555Z,,,,,,,,,,,explosion,,,,,,[-0.6053 -4.1253 -0.1265],5304,2025-02-04 09:24:55.276000,earthquake_local,RSUO.HE_20250204092455_HH_EV
HE,RSUO,HH,60.2027,24.90306,,3693,manual,0.5,,3795,manual,0.5,20250204T100850Z_20250204T100950Z,,,,,,,,,,,explosion,,,,,,[-0.3600 5.7078 0.1503],3938,2025-02-04 10:08:50.204000,earthquake_local,RSUO.HE_20250204100850_HH_EV
HE,RSUO,HH,60.2027,24.90306,,590,manual,0.5,,868,manual,0.5,20250204T120027Z_20250204T120127Z,,,,,,,,,,,explosion,,,,,,[0.7446 -5.1799 -0.0816],1257,2025-02-04 12:00:27.888000,earthquake_local,RSUO.HE_20250204120027_HH_EV
HE,RSUO,HH,60.2027,24.90306,,4595,manual,0.5,,4967,manual,0.5,20250204T123851Z_20250204T123951Z,,,,,,,,,,,explosion,,,,,,[-0.3736 13.9709 0.0320],5488,2025-02-04 12:38:51.736000,earthquake_local,RSUO.HE_20250204123851_HH_EV
HE,RSUO,HH,60.2027,24.90306,,3503,manual,0.5,,3745,manual,0.5,20250204T142700Z_20250204T142800Z,,,,,,,,,,,explosion,,,,,,[-0.4046 1.9691 0.0441],4084,2025-02-04 14:27:00.760000,earthquake_local,RSUO.HE_20250204142700_HH_EV
HE,RSUO,HH,60.2027,24.90306,,593,manual,0.5,,823,manual,0.5,20250210T142903Z_20250210T143003Z,,,,,,,,,,,explosion,,,,,,[0.1589 2.3558 0.1022],1145,2025-02-10 14:29:03.128000,earthquake_local,RSUO.HE_20250210142903_HH_EV
HE,RSUO,HH,60.2027,24.90306,,2375,manual,0.5,,2540,manual,0.5,20250212T102518Z_20250212T102618Z,,,,,,,,,,,explosion,,,,,,[0.0284 0.8656 0.0595],2771,2025-02-12 10:25:18.292000,earthquake_local,RSUO.HE_20250212102518_HH_EV
HE,RSUO,HH,60.2027,24.90306,,3226,manual,0.5,,3521,manual,0.5,20250212T112539Z_20250212T112639Z,,,,,,,,,,,explosion,,,,,,[0.5030 1.0812 -0.0764],3934,2025-02-12 11:25:39.424000,earthquake_local,RSUO.HE_20250212112539_HH_EV
HE,RSUO,HH,60.2027,24.90306,,1119,manual,0.5,,1417,manual,0.5,20250212T142714Z_20250212T142814Z,,,,,,,,,,,explosion,,,,,,[0.0322 1.1804 -0.0339],1834,2025-02-12 14:27:14.996000,earthquake_local,RSUO.HE_20250212142714_HH_EV
HE,RSUO,HH,60.2027,24.90306,,3597,manual,0.5,,4011,manual,0.5,20250212T151343Z_20250212T151443Z,,,,,,,,,,,explosion,,,,,,[-0.2543 -1.8477 -0.1761],4591,2025-02-12 15:13:43.544000,earthquake_local,RSUO.HE_20250212151343_HH_EV
HE,RSUO,HH,60.2027,24.90306,,4948,manual,0.5,,5208,manual,0.5,20250213T150728Z_20250213T150828Z,,,,,,,,,,,explosion,,,,,,[0.3168 2.2395 -0.2944],5572,2025-02-13 15:07:28.952000,earthquake_local,RSUO.HE_20250213150728_HH_EV
HE,RSUO,HH,60.2027,24.90306,,1313,manual,0.5,,1496,manual,0.5,20250214T122606Z_20250214T122706Z,,,,,,,,,,,explosion,,,,,,[-0.3325 0.8265 2.0271],1752,2025-02-14 12:26:06.212000,earthquake_local,RSUO.HE_20250214122606_HH_EV
HE,RSUO,HH,60.2027,24.90306,,3336,manual,0.5,,3576,manual,0.5,20250214T123011Z_20250214T123111Z,,,,,,,,,,,explosion,,,,,,[0.2347 2.8691 -1.8386],3912,2025-02-14 12:30:11.168000,earthquake_local,RSUO.HE_20250214123011_HH_EV
HE,RSUO,HH,60.2027,24.90306,,1602,manual,0.5,,1857,manual,0.5,20250217T152808Z_20250217T152908Z,,,,,,,,,,,explosion,,,,,,[0.0957 0.6331 -0.0282],2214,2025-02-17 15:28:08.376000,earthquake_local,RSUO.HE_20250217152808_HH_EV
HE,RSUO,HH,60.2027,24.90306,,1242,manual,0.5,,1454,manual,0.5,20250218T093028Z_20250218T093128Z,,,,,,,,,,,explosion,,,,,,[-0.2301 0.1422 -0.0120],1751,2025-02-18 09:30:28.688000,earthquake_local,RSUO.HE_20250218093028_HH_EV
HE,RSUO,HH,60.2027,24.90306,,784,manual,0.5,,1011,manual,0.5,20250225T155329Z_20250225T155429Z,,,,,,,,,,,explosion,,,,,,[-0.5389 1.6624 0.1914],1329,2025-02-25 15:53:29.376000,earthquake_local,RSUO.HE_20250225155329_HH_EV
HE,RSUO,HH,60.2027,24.90306,,3853,manual,0.5,,4095,manual,0.5,20250227T154142Z_20250227T154242Z,,,,,,,,,,,explosion,,,,,,[0.4187 0.2445 0.0656],4434,2025-02-27 15:41:42.136000,earthquake_local,RSUO.HE_20250227154142_HH_EV
HE,RSUO,HH,60.2027,24.90306,,3199,manual,0.5,,3331,manual,0.5,20250228T090000Z_20250228T090100Z,,,,,,,,,,,explosion,,,,,,[-0.0726 -0.0628 0.3556],3516,2025-02-28 09:00:00.268000,earthquake_local,RSUO.HE_20250228090000_HH_EV
HE,RSUO,HH,60.2027,24.90306,,5279,manual,0.5,,5349,manual,0.5,20250228T104225Z_20250228T104325Z,,,,,,,,,,,explosion,,,,,,[0.1408 4.6490 -0.2129],5449,2025-02-28 10:42:25.288000,earthquake_local,RSUO.HE_20250228104225_HH_EV
HE,RUF,HH,61.4247,28.9497,,2932,manual,0.5,,4711,manual,0.5,20250102T091707Z_20250102T091807Z,,,,,,,,,,,explosion,,,,,,[1.5785 -0.1926 2.2490],5999,2025-01-02 09:17:07.596000,earthquake_local,RUF.HE_20250102091707_HH_EV
HE,RUF,HH,61.4247,28.9497,,1516,manual,0.5,,3998,manual,0.5,20250103T114145Z_20250103T114245Z,,,,,,,,,,,explosion,,,,,,[3.0975 -1.0438 2.1261],5999,2025-01-03 11:41:45.020000,earthquake_local,RUF.HE_20250103114145_HH_EV
HE,RUF,HH,61.4247,28.9497,,1039,manual,0.5,,1693,manual,0.5,20250103T115402Z_20250103T115502Z,,,,,,,,,,,explosion,,,,,,[-0.0677 -7.9357 0.0823],2609,2025-01-03 11:54:02.588000,earthquake_local,RUF.HE_20250103115402_HH_EV
HE,RUF,HH,61.4247,28.9497,,1476,manual,0.5,,3079,manual,0.5,20250108T094946Z_20250108T095046Z,,,,,,,,,,,explosion,,,,,,[-0.5231 2.2896 -0.4422],5323,2025-01-08 09:49:46.424000,earthquake_local,RUF.HE_20250108094946_HH_EV
HE,RUF,HH,61.4247,28.9497,,3262,manual,0.5,,5187,manual,0.5,20250108T104225Z_20250108T104325Z,,,,,,,,,,,explosion,,,,,,[-0.8855 -2.3027 -0.1421],5999,2025-01-08 10:42:25.244000,earthquake_local,RUF.HE_20250108104225_HH_EV
HE,RUF,HH,61.4247,28.9497,,2012,manual,0.5,,4735,manual,0.5,20250109T103432Z_20250109T103532Z,,,,,,,,,,,explosion,,,,,,[0.3704 3.8357 -0.2969],5999,2025-01-09 10:34:32.072000,earthquake_local,RUF.HE_20250109103432_HH_EV
HE,RUF,HH,61.4247,28.9497,,1715,manual,0.5,,4442,manual,0.5,20250109T124822Z_20250109T124922Z,,,,,,,,,,,explosion,,,,,,[-0.6195 1.4985 0.1506],5999,2025-01-09 12:48:22.960000,earthquake_local,RUF.HE_20250109124822_HH_EV
HE,RUF,HH,61.4247,28.9497,,3656,manual,0.5,,5333,manual,0.5,20250110T102433Z_20250110T102533Z,,,,,,,,,,,explosion,,,,,,[0.1238 -0.4836 0.0828],5999,2025-01-10 10:24:33.652000,earthquake_local,RUF.HE_20250110102433_HH_EV
HE,RUF,HH,61.4247,28.9497,,1302,manual,0.5,,3718,manual,0.5,20250110T115157Z_20250110T115257Z,,,,,,,,,,,explosion,,,,,,[0.1476 -2.0955 0.4393],5999,2025-01-10 11:51:57.056000,earthquake_local,RUF.HE_20250110115157_HH_EV
HE,RUF,HH,61.4247,28.9497,,541,manual,0.5,,1281,manual,0.5,20250110T132924Z_20250110T133024Z,,,,,,,,,,,explosion,,,,,,[0.3293 3.3217 0.2671],2317,2025-01-10 13:29:24.468000,earthquake_local,RUF.HE_20250110132924_HH_EV
HE,RUF,HH,61.4247,28.9497,,3938,manual,0.5,,5168,manual,0.5,20250113T121116Z_20250113T121216Z,,,,,,,,,,,explosion,,,,,,[-2.4204 -4.1325 -1.6089],5999,2025-01-13 12:11:16.356000,earthquake_local,RUF.HE_20250113121116_HH_EV
HE,RUF,HH,61.4247,28.9497,,4284,manual,0.5,,4949,manual,0.5,20250114T101310Z_20250114T101410Z,,,,,,,,,,,explosion,,,,,,[-0.4714 3.9533 0.6911],5880,2025-01-14 10:13:10.428000,earthquake_local,RUF.HE_20250114101310_HH_EV
HE,RUF,HH,61.4247,28.9497,,2380,manual,0.5,,4802,manual,0.5,20250114T112558Z_20250114T112658Z,,,,,,,,,,,explosion,,,,,,[-0.8852 0.5792 0.7720],5999,2025-01-14 11:25:58.976000,earthquake_local,RUF.HE_20250114112558_HH_EV
HE,RUF,HH,61.4247,28.9497,,2624,manual,0.5,,2807,manual,0.5,20250114T122450Z_20250114T122550Z,,,,,,,,,,,explosion,,,,,,[7.3376 5.4302 0.9936],3063,2025-01-14 12:24:50.244000,earthquake_local,RUF.HE_20250114122450_HH_EV
HE,RUF,HH,61.4247,28.9497,,3409,manual,0.5,,5195,manual,0.5,20250115T121518Z_20250115T121618Z,,,,,,,,,,,explosion,,,,,,[0.3943 -1.3748 0.4957],5999,2025-01-15 12:15:18.776000,earthquake_local,RUF.HE_20250115121518_HH_EV
HE,RUF,HH,61.4247,28.9497,,1632,manual,0.5,,3736,manual,0.5,20250115T130018Z_20250115T130118Z,,,,,,,,,,,explosion,,,,,,[0.2347 0.2066 -0.3941],5999,2025-01-15 13:00:18.792000,earthquake_local,RUF.HE_20250115130018_HH_EV
HE,RUF,HH,61.4247,28.9497,,4317,manual,0.5,,4532,manual,0.5,20250116T095207Z_20250116T095307Z,,,,,,,,,,,explosion,,,,,,[4.3087 5.8335 0.5015],4833,2025-01-16 09:52:07.212000,earthquake_local,RUF.HE_20250116095207_HH_EV
HE,RUF,HH,61.4247,28.9497,,794,manual,0.5,,1867,manual,0.5,20250116T100331Z_20250116T100431Z,,,,,,,,,,,explosion,,,,,,[0.0422 0.3777 0.0780],3369,2025-01-16 10:03:31.432000,earthquake_local,RUF.HE_20250116100331_HH_EV
HE,RUF,HH,61.4247,28.9497,,1258,manual,0.5,,4378,manual,0.5,20250116T113744Z_20250116T113844Z,,,,,,,,,,,explosion,,,,,,[0.7309 -1.4087 0.2748],5999,2025-01-16 11:37:44.096000,earthquake_local,RUF.HE_20250116113744_HH_EV
HE,RUF,HH,61.4247,28.9497,,2261,manual,0.5,,4811,manual,0.5,20250116T114153Z_20250116T114253Z,,,,,,,,,,,explosion,,,,,,[0.0646 4.0292 -0.3094],5999,2025-01-16 11:41:53.772000,earthquake_local,RUF.HE_20250116114153_HH_EV
HE,RUF,HH,61.4247,28.9497,,2120,manual,0.5,,2800,manual,0.5,20250116T163427Z_20250116T163527Z,,,,,,,,,,,explosion,,,,,,[0.4814 1.4665 0.4299],3752,2025-01-16 16:34:27.684000,earthquake_local,RUF.HE_20250116163427_HH_EV
HE,RUF,HH,61.4247,28.9497,,3949,manual,0.5,,4654,manual,0.5,20250117T094312Z_20250117T094412Z,,,,,,,,,,,explosion,,,,,,[0.5944 2.3982 -0.2632],5641,2025-01-17 09:43:12.140000,earthquake_local,RUF.HE_20250117094312_HH_EV
HE,RUF,HH,61.4247,28.9497,,2164,manual,0.5,,3195,manual,0.5,20250122T090231Z_20250122T090331Z,,,,,,,,,,,explosion,,,,,,[-0.3214 -0.7398 -0.0143],4638,2025-01-22 09:02:31.664000,earthquake_local,RUF.HE_20250122090231_HH_EV
HE,RUF,HH,61.4247,28.9497,,2206,manual,0.5,,2892,manual,0.5,20250122T115351Z_20250122T115451Z,,,,,,,,,,,explosion,,,,,,[0.0846 3.4492 -0.1148],3852,2025-01-22 11:53:51.416000,earthquake_local,RUF.HE_20250122115351_HH_EV
HE,RUF,HH,61.4247,28.9497,,952,manual,0.5,,3959,manual,0.5,20250122T115501Z_20250122T115601Z,,,,,,,,,,,explosion,,,,,,[-0.1139 2.8832 0.2275],5999,2025-01-22 11:55:01.572000,earthquake_local,RUF.HE_20250122115501_HH_EV
HE,RUF,HH,61.4247,28.9497,,3076,manual,0.5,,4722,manual,0.5,20250122T142806Z_20250122T142906Z,,,,,,,,,,,explosion,,,,,,[-0.3770 0.8518 -0.0766],5999,2025-01-22 14:28:06.868000,earthquake_local,RUF.HE_20250122142806_HH_EV
HE,RUF,HH,61.4247,28.9497,,2674,manual,0.5,,2904,manual,0.5,20250123T110206Z_20250123T110306Z,,,,,,,,,,,explosion,,,,,,[5.0696 18.0382 1.3078],3226,2025-01-23 11:02:06.480000,earthquake_local,RUF.HE_20250123110206_HH_EV
HE,RUF,HH,61.4247,28.9497,,2204,manual,0.5,,4638,manual,0.5,20250123T113324Z_20250123T113424Z,,,,,,,,,,,explosion,,,,,,[0.4951 3.8240 -0.0899],5999,2025-01-23 11:33:24.684000,earthquake_local,RUF.HE_20250123113324_HH_EV
HE,RUF,HH,61.4247,28.9497,,2181,manual,0.5,,2797,manual,0.5,20250124T092720Z_20250124T092820Z,,,,,,,,,,,explosion,,,,,,[2.5717 13.2363 0.3985],3659,2025-01-24 09:27:20.532000,earthquake_local,RUF.HE_20250124092720_HH_EV
HE,RUF,HH,61.4247,28.9497,,1321,manual,0.5,,3783,manual,0.5,20250124T113836Z_20250124T113936Z,,,,,,,,,,,explosion,,,,,,[0.3782 -0.1903 0.2819],5999,2025-01-24 11:38:36.632000,earthquake_local,RUF.HE_20250124113836_HH_EV
HE,RUF,HH,61.4247,28.9497,,3241,manual,0.5,,3973,manual,0.5,20250124T140824Z_20250124T140924Z,,,,,,,,,,,explosion,,,,,,[-0.9444 9.2414 0.0199],4998,2025-01-24 14:08:24.472000,earthquake_local,RUF.HE_20250124140824_HH_EV
HE,RUF,HH,61.4247,28.9497,,2915,manual,0.5,,4515,manual,0.5,20250126T084916Z_20250126T085016Z,,,,,,,,,,,explosion,,,,,,[-1.4628 7.2116 0.5449],5999,2025-01-26 08:49:16.744000,earthquake_local,RUF.HE_20250126084916_HH_EV
HE,RUF,HH,61.4247,28.9497,,3733,manual,0.5,,5319,manual,0.5,20250127T120732Z_20250127T120832Z,,,,,,,,,,,explosion,,,,,,[1.9040 0.3572 0.5044],5999,2025-01-27 12:07:32.368000,earthquake_local,RUF.HE_20250127120732_HH_EV
HE,RUF,HH,61.4247,28.9497,,836,manual,0.5,,2938,manual,0.5,20250127T135255Z_20250127T135355Z,,,,,,,,,,,explosion,,,,,,[0.4803 1.5687 1.2409],5881,2025-01-27 13:52:55.444000,earthquake_local,RUF.HE_20250127135255_HH_EV
HE,RUF,HH,61.4247,28.9497,,3516,manual,0.5,,3819,manual,0.5,20250128T102428Z_20250128T102528Z,,,,,,,,,,,explosion,,,,,,[0.8704 -1.1467 -0.8296],4243,2025-01-28 10:24:28.484000,earthquake_local,RUF.HE_20250128102428_HH_EV
HE,RUF,HH,61.4247,28.9497,,878,manual,0.5,,2787,manual,0.5,20250128T105330Z_20250128T105430Z,,,,,,,,,,,explosion,,,,,,[-0.5125 1.9632 1.0440],5460,2025-01-28 10:53:30.036000,earthquake_local,RUF.HE_20250128105330_HH_EV
HE,RUF,HH,61.4247,28.9497,,1705,manual,0.5,,3831,manual,0.5,20250128T123354Z_20250128T123454Z,,,,,,,,,,,explosion,,,,,,[-1.2161 2.9416 -0.7489],5999,2025-01-28 12:33:54.724000,earthquake_local,RUF.HE_20250128123354_HH_EV
HE,RUF,HH,61.4247,28.9497,,840,manual,0.5,,3708,manual,0.5,20250129T082459Z_20250129T082559Z,,,,,,,,,,,explosion,,,,,,[-0.9292 -1.3018 0.3252],5999,2025-01-29 08:24:59.868000,earthquake_local,RUF.HE_20250129082459_HH_EV
HE,RUF,HH,61.4247,28.9497,,3087,manual,0.5,,4503,manual,0.5,20250129T102624Z_20250129T102724Z,,,,,,,,,,,explosion,,,,,,[0.4851 0.6974 0.1605],5999,2025-01-29 10:26:24.180000,earthquake_local,RUF.HE_20250129102624_HH_EV
HE,RUF,HH,61.4247,28.9497,,1573,manual,0.5,,4589,manual,0.5,20250129T113217Z_20250129T113317Z,,,,,,,,,,,explosion,,,,,,[0.4930 -4.4972 -0.6391],5999,2025-01-29 11:32:17.740000,earthquake_local,RUF.HE_20250129113217_HH_EV
HE,RUF,HH,61.4247,28.9497,,3371,manual,0.5,,5314,manual,0.5,20250129T125505Z_20250129T125605Z,,,,,,,,,,,explosion,,,,,,[-0.4045 5.3252 0.3199],5999,2025-01-29 12:55:05.120000,earthquake_local,RUF.HE_20250129125505_HH_EV
HE,RUF,HH,61.4247,28.9497,,3445,manual,0.5,,4661,manual,0.5,20250129T131409Z_20250129T131509Z,,,,,,,,,,,explosion,,,,,,[-0.6274 -2.8173 -0.5832],5999,2025-01-29 13:14:09.196000,earthquake_local,RUF.HE_20250129131409_HH_EV
HE,RUF,HH,61.4247,28.9497,,2676,manual,0.5,,5220,manual,0.5,20250130T095623Z_20250130T095723Z,,,,,,,,,,,explosion,,,,,,[0.4185 -3.5012 0.1655],5999,2025-01-30 09:56:23.116000,earthquake_local,RUF.HE_20250130095623_HH_EV
HE,RUF,HH,61.4247,28.9497,,2126,manual,0.5,,2656,manual,0.5,20250130T105929Z_20250130T110029Z,,,,,,,,,,,explosion,,,,,,[0.5412 6.0501 -0.4607],3398,2025-01-30 10:59:29.724000,earthquake_local,RUF.HE_20250130105929_HH_EV
HE,RUF,HH,61.4247,28.9497,,1532,manual,0.5,,3037,manual,0.5,20250131T090206Z_20250131T090306Z,,,,,,,,,,,explosion,,,,,,[0.2070 -0.6591 -0.1281],5144,2025-01-31 09:02:06.512000,earthquake_local,RUF.HE_20250131090206_HH_EV
HE,RUF,HH,61.4247,28.9497,,1194,manual,0.5,,2882,manual,0.5,20250204T113438Z_20250204T113538Z,,,,,,,,,,,explosion,,,,,,[1.5266 3.5746 -2.7242],5245,2025-02-04 11:34:38.220000,earthquake_local,RUF.HE_20250204113438_HH_EV
HE,RUF,HH,61.4247,28.9497,,1661,manual,0.5,,3828,manual,0.5,20250204T125943Z_20250204T130043Z,,,,,,,,,,,explosion,,,,,,[-2.1453 -1.6012 0.0921],5999,2025-02-04 12:59:43.776000,earthquake_local,RUF.HE_20250204125943_HH_EV
HE,RUF,HH,61.4247,28.9497,,2434,manual,0.5,,5422,manual,0.5,20250205T105338Z_20250205T105438Z,,,,,,,,,,,explosion,,,,,,[-1.3553 5.6456 1.3909],5999,2025-02-05 10:53:38.708000,earthquake_local,RUF.HE_20250205105338_HH_EV
HE,RUF,HH,61.4247,28.9497,,4155,manual,0.5,,4367,manual,0.5,20250205T125715Z_20250205T125815Z,,,,,,,,,,,explosion,,,,,,[3.1047 3.8036 1.8886],4664,2025-02-05 12:57:15.040000,earthquake_local,RUF.HE_20250205125715_HH_EV
HE,RUF,HH,61.4247,28.9497,,3214,manual,0.5,,5349,manual,0.5,20250205T140501Z_20250205T140601Z,,,,,,,,,,,explosion,,,,,,[1.5831 8.5434 1.0893],5999,2025-02-05 14:05:01.340000,earthquake_local,RUF.HE_20250205140501_HH_EV
HE,RUF,HH,61.4247,28.9497,,688,manual,0.5,,2828,manual,0.5,20250206T105912Z_20250206T110012Z,,,,,,,,,,,explosion,,,,,,[0.1277 3.2046 -1.0027],5824,2025-02-06 10:59:12.900000,earthquake_local,RUF.HE_20250206105912_HH_EV
HE,RUF,HH,61.4247,28.9497,,1700,manual,0.5,,3960,manual,0.5,20250207T082016Z_20250207T082116Z,,,,,,,,,,,explosion,,,,,,[0.0945 -1.7277 -2.1275],5999,2025-02-07 08:20:16.664000,earthquake_local,RUF.HE_20250207082016_HH_EV
HE,RUF,HH,61.4247,28.9497,,971,manual,0.5,,2931,manual,0.5,20250207T091601Z_20250207T091701Z,,,,,,,,,,,explosion,,,,,,[-2.3535 6.2502 1.1513],5675,2025-02-07 09:16:01.668000,earthquake_local,RUF.HE_20250207091601_HH_EV
HE,RUF,HH,61.4247,28.9497,,2694,manual,0.5,,3752,manual,0.5,20250207T121721Z_20250207T121821Z,,,,,,,,,,,explosion,,,,,,[4.4746 -0.8192 -2.4129],5233,2025-02-07 12:17:21.444000,earthquake_local,RUF.HE_20250207121721_HH_EV
HE,RUF,HH,61.4247,28.9497,,3991,manual,0.5,,5155,manual,0.5,20250208T091807Z_20250208T091907Z,,,,,,,,,,,explosion,,,,,,[0.6278 4.0338 -1.3081],5999,2025-02-08 09:18:07.668000,earthquake_local,RUF.HE_20250208091807_HH_EV
HE,RUF,HH,61.4247,28.9497,,1353,manual,0.5,,3863,manual,0.5,20250208T095903Z_20250208T100003Z,,,,,,,,,,,explosion,,,,,,[-1.7711 11.8097 0.3357],5999,2025-02-08 09:59:03.340000,earthquake_local,RUF.HE_20250208095903_HH_EV
HE,RUF,HH,61.4247,28.9497,,2491,manual,0.5,,4789,manual,0.5,20250208T232040Z_20250208T232140Z,,,,,,,,,,,explosion,,,,,,[-0.6780 -3.4603 -1.0435],5999,2025-02-08 23:20:40.396000,earthquake_local,RUF.HE_20250208232040_HH_EV
HE,RUF,HH,61.4247,28.9497,,1450,manual,0.5,,3386,manual,0.5,20250211T115635Z_20250211T115735Z,,,,,,,,,,,explosion,,,,,,[-0.7302 -4.7435 -0.4442],5999,2025-02-11 11:56:35.976000,earthquake_local,RUF.HE_20250211115635_HH_EV
HE,RUF,HH,61.4247,28.9497,,2895,manual,0.5,,5140,manual,0.5,20250211T121504Z_20250211T121604Z,,,,,,,,,,,explosion,,,,,,[0.3861 -2.5388 0.1964],5999,2025-02-11 12:15:04.820000,earthquake_local,RUF.HE_20250211121504_HH_EV
HE,RUF,HH,61.4247,28.9497,,3227,manual,0.5,,4425,manual,0.5,20250212T112958Z_20250212T113058Z,,,,,,,,,,,explosion,,,,,,[0.8645 -0.2756 -0.2894],5999,2025-02-12 11:29:58.996000,earthquake_local,RUF.HE_20250212112958_HH_EV
HE,RUF,HH,61.4247,28.9497,,3584,manual,0.5,,4298,manual,0.5,20250212T115336Z_20250212T115436Z,,,,,,,,,,,explosion,,,,,,[0.0303 -3.1992 0.1056],5298,2025-02-12 11:53:36.540000,earthquake_local,RUF.HE_20250212115336_HH_EV
HE,RUF,HH,61.4247,28.9497,,3437,manual,0.5,,3956,manual,0.5,20250212T115850Z_20250212T115950Z,,,,,,,,,,,explosion,,,,,,[-1.5022 4.0607 0.5540],4683,2025-02-12 11:58:50.104000,earthquake_local,RUF.HE_20250212115850_HH_EV
HE,RUF,HH,61.4247,28.9497,,731,manual,0.5,,3179,manual,0.5,20250213T114247Z_20250213T114347Z,,,,,,,,,,,explosion,,,,,,[-0.1893 3.0628 -0.2797],5999,2025-02-13 11:42:47.748000,earthquake_local,RUF.HE_20250213114247_HH_EV
HE,RUF,HH,61.4247,28.9497,,2767,manual,0.5,,4882,manual,0.5,20250213T120359Z_20250213T120459Z,,,,,,,,,,,explosion,,,,,,[-0.2755 -4.5287 -0.4750],5999,2025-02-13 12:03:59.692000,earthquake_local,RUF.HE_20250213120359_HH_EV
HE,RUF,HH,61.4247,28.9497,,1452,manual,0.5,,3651,manual,0.5,20250213T123534Z_20250213T123634Z,,,,,,,,,,,explosion,,,,,,[0.2360 -4.7946 0.1298],5999,2025-02-13 12:35:34.844000,earthquake_local,RUF.HE_20250213123534_HH_EV
HE,RUF,HH,61.4247,28.9497,,2462,manual,0.5,,3616,manual,0.5,20250213T134638Z_20250213T134738Z,,,,,,,,,,,explosion,,,,,,[-0.4333 -3.0847 0.0794],5232,2025-02-13 13:46:38.224000,earthquake_local,RUF.HE_20250213134638_HH_EV
HE,RUF,HH,61.4247,28.9497,,2674,manual,0.5,,3518,manual,0.5,20250219T110206Z_20250219T110306Z,,,,,,,,,,,explosion,,,,,,[0.6909 0.5779 0.4818],4700,2025-02-19 11:02:06.044000,earthquake_local,RUF.HE_20250219110206_HH_EV
HE,RUF,HH,61.4247,28.9497,,2295,manual,0.5,,4794,manual,0.5,20250220T121409Z_20250220T121509Z,,,,,,,,,,,explosion,,,,,,[0.7130 0.5988 0.3863],5999,2025-02-20 12:14:09.468000,earthquake_local,RUF.HE_20250220121409_HH_EV
HE,RUF,HH,61.4247,28.9497,,4168,manual,0.5,,4898,manual,0.5,20250221T115329Z_20250221T115429Z,,,,,,,,,,,explosion,,,,,,[-0.6804 1.2041 -0.3410],5920,2025-02-21 11:53:29.696000,earthquake_local,RUF.HE_20250221115329_HH_EV
HE,RUF,HH,61.4247,28.9497,,1887,manual,0.5,,3433,manual,0.5,20250221T141524Z_20250221T141624Z,,,,,,,,,,,explosion,,,,,,[-2.2285 -2.5407 1.1222],5597,2025-02-21 14:15:24.944000,earthquake_local,RUF.HE_20250221141524_HH_EV
HE,RUF,HH,61.4247,28.9497,,3661,manual,0.5,,4387,manual,0.5,20250221T150414Z_20250221T150514Z,,,,,,,,,,,explosion,,,,,,[0.6000 -3.5162 -0.3727],5403,2025-02-21 15:04:14.964000,earthquake_local,RUF.HE_20250221150414_HH_EV
HE,RUF,HH,61.4247,28.9497,,1688,manual,0.5,,4542,manual,0.5,20250221T162642Z_20250221T162742Z,,,,,,,,,,,explosion,,,,,,[0.1725 2.9354 -0.6179],5999,2025-02-21 16:26:42.696000,earthquake_local,RUF.HE_20250221162642_HH_EV
HE,RUF,HH,61.4247,28.9497,,4359,manual,0.5,,5488,manual,0.5,20250223T071945Z_20250223T072045Z,,,,,,,,,,,explosion,,,,,,[0.0889 0.9901 0.8585],5999,2025-02-23 07:19:45.504000,earthquake_local,RUF.HE_20250223071945_HH_EV
HE,RUF,HH,61.4247,28.9497,,2028,manual,0.5,,4418,manual,0.5,20250224T114559Z_20250224T114659Z,,,,,,,,,,,explosion,,,,,,[0.2191 4.6211 0.4270],5999,2025-02-24 11:45:59.804000,earthquake_local,RUF.HE_20250224114559_HH_EV
HE,RUF,HH,61.4247,28.9497,,3689,manual,0.5,,5216,manual,0.5,20250224T125842Z_20250224T125942Z,,,,,,,,,,,explosion,,,,,,[1.2975 2.3493 -0.8376],5999,2025-02-24 12:58:42.540000,earthquake_local,RUF.HE_20250224125842_HH_EV
HE,RUF,HH,61.4247,28.9497,,2969,manual,0.5,,4031,manual,0.5,20250224T202156Z_20250224T202256Z,,,,,,,,,,,explosion,,,,,,[0.3301 0.9422 1.3076],5518,2025-02-24 20:21:56.688000,earthquake_local,RUF.HE_20250224202156_HH_EV
HE,RUF,HH,61.4247,28.9497,,4573,manual,0.5,,5133,manual,0.5,20250225T100921Z_20250225T101021Z,,,,,,,,,,,explosion,,,,,,[1.5058 -2.4216 0.5147],5917,2025-02-25 10:09:21.552000,earthquake_local,RUF.HE_20250225100921_HH_EV
HE,RUF,HH,61.4247,28.9497,,2693,manual,0.5,,5472,manual,0.5,20250225T101753Z_20250225T101853Z,,,,,,,,,,,explosion,,,,,,[0.7336 1.4234 1.4096],5999,2025-02-25 10:17:53.032000,earthquake_local,RUF.HE_20250225101753_HH_EV
HE,RUF,HH,61.4247,28.9497,,760,manual,0.5,,1279,manual,0.5,20250225T103315Z_20250225T103415Z,,,,,,,,,,,explosion,,,,,,[2.6644 4.2473 -0.9964],2006,2025-02-25 10:33:15.140000,earthquake_local,RUF.HE_20250225103315_HH_EV
HE,RUF,HH,61.4247,28.9497,,2269,manual,0.5,,4422,manual,0.5,20250225T120123Z_20250225T120223Z,,,,,,,,,,,explosion,,,,,,[0.8209 1.6044 1.0349],5999,2025-02-25 12:01:23.632000,earthquake_local,RUF.HE_20250225120123_HH_EV
HE,RUF,HH,61.4247,28.9497,,2786,manual,0.5,,5140,manual,0.5,20250226T105619Z_20250226T105719Z,,,,,,,,,,,explosion,,,,,,[0.1882 -1.1262 0.0287],5999,2025-02-26 10:56:19.280000,earthquake_local,RUF.HE_20250226105619_HH_EV
HE,RUF,HH,61.4247,28.9497,,2195,manual,0.5,,5024,manual,0.5,20250226T124011Z_20250226T124111Z,,,,,,,,,,,explosion,,,,,,[-1.4537 1.2696 0.0862],5999,2025-02-26 12:40:11.372000,earthquake_local,RUF.HE_20250226124011_HH_EV
HE,RUF,HH,61.4247,28.9497,,953,manual,0.5,,1325,manual,0.5,20250226T133358Z_20250226T133458Z,,,,,,,,,,,explosion,,,,,,[0.3720 -4.1859 -0.2005],1846,2025-02-26 13:33:58.008000,earthquake_local,RUF.HE_20250226133358_HH_EV
HE,RUF,HH,61.4247,28.9497,,3601,manual,0.5,,5151,manual,0.5,20250226T134241Z_20250226T134341Z,,,,,,,,,,,explosion,,,,,,[-1.0462 0.5665 0.0155],5999,2025-02-26 13:42:41.000000,earthquake_local,RUF.HE_20250226134241_HH_EV
HE,RUF,HH,61.4247,28.9497,,1089,manual,0.5,,3683,manual,0.5,20250227T091418Z_20250227T091518Z,,,,,,,,,,,explosion,,,,,,[-0.2292 3.2747 0.5226],5999,2025-02-27 09:14:18.592000,earthquake_local,RUF.HE_20250227091418_HH_EV
HE,RUF,HH,61.4247,28.9497,,831,manual,0.5,,1463,manual,0.5,20250227T101922Z_20250227T102022Z,,,,,,,,,,,explosion,,,,,,[-0.3385 4.5790 -0.7677],2348,2025-02-27 10:19:22.932000,earthquake_local,RUF.HE_20250227101922_HH_EV
HE,RUF,HH,61.4247,28.9497,,818,manual,0.5,,3655,manual,0.5,20250227T105739Z_20250227T105839Z,,,,,,,,,,,explosion,,,,,,[-0.0797 0.7437 -0.2822],5999,2025-02-27 10:57:39.908000,earthquake_local,RUF.HE_20250227105739_HH_EV
HE,RUF,HH,61.4247,28.9497,,4530,manual,0.5,,5238,manual,0.5,20250227T115326Z_20250227T115426Z,,,,,,,,,,,explosion,,,,,,[0.6908 0.8115 -0.4574],5999,2025-02-27 11:53:26.984000,earthquake_local,RUF.HE_20250227115326_HH_EV
HE,RUF,HH,61.4247,28.9497,,3627,manual,0.5,,5479,manual,0.5,20250227T123553Z_20250227T123653Z,,,,,,,,,,,explosion,,,,,,[-0.1799 4.7930 -0.3601],5999,2025-02-27 12:35:53.508000,earthquake_local,RUF.HE_20250227123553_HH_EV
HE,RUF,HH,61.4247,28.9497,,1015,manual,0.5,,2568,manual,0.5,20250227T135718Z_20250227T135818Z,,,,,,,,,,,explosion,,,,,,[0.8454 2.2299 -0.2726],4742,2025-02-27 13:57:18.656000,earthquake_local,RUF.HE_20250227135718_HH_EV
HE,RUF,HH,61.4247,28.9497,,3518,manual,0.5,,4256,manual,0.5,20250228T075724Z_20250228T075824Z,,,,,,,,,,,explosion,,,,,,[1.6138 1.0753 -0.2096],5289,2025-02-28 07:57:24.660000,earthquake_local,RUF.HE_20250228075724_HH_EV
HE,RUF,HH,61.4247,28.9497,,903,manual,0.5,,3426,manual,0.5,20250228T103904Z_20250228T104004Z,,,,,,,,,,,explosion,,,,,,[-0.1872 -2.3054 0.0506],5999,2025-02-28 10:39:04.720000,earthquake_local,RUF.HE_20250228103904_HH_EV
HE,RUF,HH,61.4247,28.9497,,1474,manual,0.5,,4028,manual,0.5,20250228T113646Z_20250228T113746Z,,,,,,,,,,,explosion,,,,,,[0.3816 6.0588 0.5003],5999,2025-02-28 11:36:46.444000,earthquake_local,RUF.HE_20250228113646_HH_EV
FN,SGF,HH,,,,3342,manual,0.5,,4226,manual,0.5,20250108T164337Z_20250108T164437Z,,,,,,,,,,,explosion,,,,,,[4.4484 1.0985 2.0574],5464,2025-01-08 16:43:37.020000,earthquake_local,SGF.FN_20250108164337_HH_EV
FN,SGF,HH,,,,4034,manual,0.5,,4897,manual,0.5,20250122T045235Z_20250122T045335Z,,,,,,,,,,,explosion,,,,,,[3.8690 4.5431 2.2085],5999,2025-01-22 04:52:35.610000,earthquake_local,SGF.FN_20250122045235_HH_EV
FN,SGF,HH,,,,3625,manual,0.5,,4931,manual,0.5,20250124T104734Z_20250124T104834Z,,,,,,,,,,,explosion,,,,,,[-7.7447 -0.8630 -0.7642],5999,2025-01-24 10:47:34.710000,earthquake_local,SGF.FN_20250124104734_HH_EV
FN,SGF,HH,,,,853,manual,0.5,,1694,manual,0.5,20250129T044506Z_20250129T044606Z,,,,,,,,,,,explosion,,,,,,[7.8587 -1.5863 -0.8371],2871,2025-01-29 04:45:06.090000,earthquake_local,SGF.FN_20250129044506_HH_EV
FN,SGF,HH,,,,4100,manual,0.5,,4868,manual,0.5,20250212T044026Z_20250212T044126Z,,,,,,,,,,,explosion,,,,,,[6.5318 1.8031 2.1096],5943,2025-02-12 04:40:26.180000,earthquake_local,SGF.FN_20250212044026_HH_EV
FN,SGF,HH,,,,2050,manual,0.5,,3621,manual,0.5,20250218T090541Z_20250218T090641Z,,,,,,,,,,,explosion,,,,,,[1.7878 4.4519 1.5294],5820,2025-02-18 09:05:41.450000,earthquake_local,SGF.FN_20250218090541_HH_EV
HE,SUF,HH,62.7194,26.1474,,1738,manual,0.5,,4576,manual,0.5,20250102T115152Z_20250102T115252Z,,,,,,,,,,,explosion,,,,,,[-0.6373 2.7364 0.6535],5999,2025-01-02 11:51:52.600000,earthquake_local,SUF.HE_20250102115152_HH_EV
HE,SUF,HH,62.7194,26.1474,,2976,manual,0.5,,4162,manual,0.5,20250103T114113Z_20250103T114213Z,,,,,,,,,,,explosion,,,,,,[0.8853 -0.8490 -5.0363],5822,2025-01-03 11:41:13.524000,earthquake_local,SUF.HE_20250103114113_HH_EV
HE,SUF,HH,62.7194,26.1474,,1867,manual,0.5,,4465,manual,0.5,20250103T115419Z_20250103T115519Z,,,,,,,,,,,explosion,,,,,,[2.0772 1.5442 -2.3264],5999,2025-01-03 11:54:19.712000,earthquake_local,SUF.HE_20250103115419_HH_EV
HE,SUF,HH,62.7194,26.1474,,2655,manual,0.5,,4834,manual,0.5,20250103T123005Z_20250103T123105Z,,,,,,,,,,,explosion,,,,,,[10.1270 -0.4040 0.7618],5999,2025-01-03 12:30:05.188000,earthquake_local,SUF.HE_20250103123005_HH_EV
HE,SUF,HH,62.7194,26.1474,,2539,manual,0.5,,3545,manual,0.5,20250107T113206Z_20250107T113306Z,,,,,,,,,,,explosion,,,,,,[1.0098 4.0602 3.7846],4953,2025-01-07 11:32:06.604000,earthquake_local,SUF.HE_20250107113206_HH_EV
HE,SUF,HH,62.7194,26.1474,,698,manual,0.5,,2890,manual,0.5,20250108T120205Z_20250108T120305Z,,,,,,,,,,,explosion,,,,,,[-1.5234 3.1582 -0.8442],5959,2025-01-08 12:02:05.796000,earthquake_local,SUF.HE_20250108120205_HH_EV
HE,SUF,HH,62.7194,26.1474,,1477,manual,0.5,,3450,manual,0.5,20250108T124736Z_20250108T124836Z,,,,,,,,,,,explosion,,,,,,[0.1676 -0.1509 -1.1343],5999,2025-01-08 12:47:36.316000,earthquake_local,SUF.HE_20250108124736_HH_EV
HE,SUF,HH,62.7194,26.1474,,1667,manual,0.5,,3868,manual,0.5,20250109T103428Z_20250109T103528Z,,,,,,,,,,,explosion,,,,,,[-2.5394 0.6392 -0.1279],5999,2025-01-09 10:34:28.680000,earthquake_local,SUF.HE_20250109103428_HH_EV
HE,SUF,HH,62.7194,26.1474,,4240,manual,0.5,,5456,manual,0.5,20250110T115110Z_20250110T115210Z,,,,,,,,,,,explosion,,,,,,[7.2476 -0.1699 4.0033],5999,2025-01-10 11:51:10.744000,earthquake_local,SUF.HE_20250110115110_HH_EV
HE,SUF,HH,62.7194,26.1474,,1119,manual,0.5,,4325,manual,0.5,20250110T132951Z_20250110T133051Z,,,,,,,,,,,explosion,,,,,,[-1.0209 1.0453 1.8223],5999,2025-01-10 13:29:51.452000,earthquake_local,SUF.HE_20250110132951_HH_EV
HE,SUF,HH,62.7194,26.1474,,2390,manual,0.5,,4718,manual,0.5,20250113T110100Z_20250113T110200Z,,,,,,,,,,,explosion,,,,,,[1.3164 1.3387 -0.6254],5999,2025-01-13 11:01:00.776000,earthquake_local,SUF.HE_20250113110100_HH_EV
HE,SUF,HH,62.7194,26.1474,,3013,manual,0.5,,4693,manual,0.5,20250113T121129Z_20250113T121229Z,,,,,,,,,,,explosion,,,,,,[2.0024 0.7715 2.6263],5999,2025-01-13 12:11:29.848000,earthquake_local,SUF.HE_20250113121129_HH_EV
HE,SUF,HH,62.7194,26.1474,,816,manual,0.5,,2266,manual,0.5,20250113T142409Z_20250113T142509Z,,,,,,,,,,,explosion,,,,,,[1.8655 -0.0261 -5.0295],4296,2025-01-13 14:24:09.464000,earthquake_local,SUF.HE_20250113142409_HH_EV
HE,SUF,HH,62.7194,26.1474,,756,manual,0.5,,1877,manual,0.5,20250114T113725Z_20250114T113825Z,,,,,,,,,,,explosion,,,,,,[4.0897 8.2420 3.5295],3446,2025-01-14 11:37:25.532000,earthquake_local,SUF.HE_20250114113725_HH_EV
HE,SUF,HH,62.7194,26.1474,,1989,manual,0.5,,4617,manual,0.5,20250115T115417Z_20250115T115517Z,,,,,,,,,,,explosion,,,,,,[-5.6301 0.4534 -1.2120],5999,2025-01-15 11:54:17.012000,earthquake_local,SUF.HE_20250115115417_HH_EV
HE,SUF,HH,62.7194,26.1474,,2178,manual,0.5,,5402,manual,0.5,20250116T113738Z_20250116T113838Z,,,,,,,,,,,explosion,,,,,,[3.5110 0.4968 -1.9506],5999,2025-01-16 11:37:38.920000,earthquake_local,SUF.HE_20250116113738_HH_EV
HE,SUF,HH,62.7194,26.1474,,2692,manual,0.5,,4002,manual,0.5,20250116T114132Z_20250116T114232Z,,,,,,,,,,,explosion,,,,,,[-1.1948 2.9160 1.2270],5836,2025-01-16 11:41:32.256000,earthquake_local,SUF.HE_20250116114132_HH_EV
HE,SUF,HH,62.7194,26.1474,,718,manual,0.5,,2916,manual,0.5,20250116T115032Z_20250116T115132Z,,,,,,,,,,,explosion,,,,,,[-1.5833 -4.4042 -0.4250],5993,2025-01-16 11:50:32.100000,earthquake_local,SUF.HE_20250116115032_HH_EV
HE,SUF,HH,62.7194,26.1474,,1882,manual,0.5,,4934,manual,0.5,20250116T163504Z_20250116T163604Z,,,,,,,,,,,explosion,,,,,,[2.2085 0.2490 -0.8524],5999,2025-01-16 16:35:04.020000,earthquake_local,SUF.HE_20250116163504_HH_EV
HE,SUF,HH,62.7194,26.1474,,2978,manual,0.5,,5368,manual,0.5,20250120T101004Z_20250120T101104Z,,,,,,,,,,,explosion,,,,,,[-7.1130 1.9445 -1.4210],5999,2025-01-20 10:10:04.164000,earthquake_local,SUF.HE_20250120101004_HH_EV
HE,SUF,HH,62.7194,26.1474,,1993,manual,0.5,,3880,manual,0.5,20250120T103216Z_20250120T103316Z,,,,,,,,,,,explosion,,,,,,[-3.3063 1.9251 0.0176],5999,2025-01-20 10:32:16.856000,earthquake_local,SUF.HE_20250120103216_HH_EV
HE,SUF,HH,62.7194,26.1474,,2413,manual,0.5,,3791,manual,0.5,20250120T113647Z_20250120T113747Z,,,,,,,,,,,explosion,,,,,,[-1.7280 -2.5299 -2.7389],5720,2025-01-20 11:36:47.248000,earthquake_local,SUF.HE_20250120113647_HH_EV
HE,SUF,HH,62.7194,26.1474,,588,manual,0.5,,1717,manual,0.5,20250121T112053Z_20250121T112153Z,,,,,,,,,,,explosion,,,,,,[3.5283 2.2743 4.5724],3298,2025-01-21 11:20:53.416000,earthquake_local,SUF.HE_20250121112053_HH_EV
HE,SUF,HH,62.7194,26.1474,,2484,manual,0.5,,4802,manual,0.5,20250122T083132Z_20250122T083232Z,,,,,,,,,,,explosion,,,,,,[2.0309 -0.4854 0.6450],5999,2025-01-22 08:31:32.756000,earthquake_local,SUF.HE_20250122083132_HH_EV
HE,SUF,HH,62.7194,26.1474,,1437,manual,0.5,,4687,manual,0.5,20250122T111202Z_20250122T111302Z,,,,,,,,,,,explosion,,,,,,[-1.9045 -0.6019 5.7929],5999,2025-01-22 11:12:02.012000,earthquake_local,SUF.HE_20250122111202_HH_EV
HE,SUF,HH,62.7194,26.1474,,1126,manual,0.5,,3268,manual,0.5,20250122T142442Z_20250122T142542Z,,,,,,,,,,,explosion,,,,,,[0.3476 0.8042 0.8070],5999,2025-01-22 14:24:42.704000,earthquake_local,SUF.HE_20250122142442_HH_EV
HE,SUF,HH,62.7194,26.1474,,2115,manual,0.5,,4828,manual,0.5,20250122T142831Z_20250122T142931Z,,,,,,,,,,,explosion,,,,,,[-0.1721 3.7762 1.5651],5999,2025-01-22 14:28:31.784000,earthquake_local,SUF.HE_20250122142831_HH_EV
HE,SUF,HH,62.7194,26.1474,,2437,manual,0.5,,4425,manual,0.5,20250123T074908Z_20250123T075008Z,,,,,,,,,,,explosion,,,,,,[-3.9841 0.0194 0.6097],5999,2025-01-23 07:49:08.808000,earthquake_local,SUF.HE_20250123074908_HH_EV
HE,SUF,HH,62.7194,26.1474,,1003,manual,0.5,,3531,manual,0.5,20250123T110255Z_20250123T110355Z,,,,,,,,,,,explosion,,,,,,[3.8909 1.1293 1.5830],5999,2025-01-23 11:02:55.048000,earthquake_local,SUF.HE_20250123110255_HH_EV
HE,SUF,HH,62.7194,26.1474,,1847,manual,0.5,,3117,manual,0.5,20250123T113311Z_20250123T113411Z,,,,,,,,,,,explosion,,,,,,[12.9527 2.8477 2.1559],4895,2025-01-23 11:33:11.412000,earthquake_local,SUF.HE_20250123113311_HH_EV
HE,SUF,HH,62.7194,26.1474,,2410,manual,0.5,,5317,manual,0.5,20250123T115824Z_20250123T115924Z,,,,,,,,,,,explosion,,,,,,[-4.2795 1.1633 -5.4927],5999,2025-01-23 11:58:24.208000,earthquake_local,SUF.HE_20250123115824_HH_EV
HE,SUF,HH,62.7194,26.1474,,1767,manual,0.5,,4832,manual,0.5,20250123T132050Z_20250123T132150Z,,,,,,,,,,,explosion,,,,,,[7.1997 0.1066 -0.1587],5999,2025-01-23 13:20:50.500000,earthquake_local,SUF.HE_20250123132050_HH_EV
HE,SUF,HH,62.7194,26.1474,,1470,manual,0.5,,4413,manual,0.5,20250124T092759Z_20250124T092859Z,,,,,,,,,,,explosion,,,,,,[-0.1505 -0.5752 0.8131],5999,2025-01-24 09:27:59.808000,earthquake_local,SUF.HE_20250124092759_HH_EV
HE,SUF,HH,62.7194,26.1474,,4056,manual,0.5,,4596,manual,0.5,20250124T094732Z_20250124T094832Z,,,,,,,,,,,explosion,,,,,,[3.6861 2.9847 -0.0139],5352,2025-01-24 09:47:32.420000,earthquake_local,SUF.HE_20250124094732_HH_EV
HE,SUF,HH,62.7194,26.1474,,2713,manual,0.5,,3875,manual,0.5,20250124T113805Z_20250124T113905Z,,,,,,,,,,,explosion,,,,,,[8.0006 7.0251 3.3526],5502,2025-01-24 11:38:05.828000,earthquake_local,SUF.HE_20250124113805_HH_EV
HE,SUF,HH,62.7194,26.1474,,1626,manual,0.5,,4970,manual,0.5,20250124T114141Z_20250124T114241Z,,,,,,,,,,,explosion,,,,,,[2.4297 -0.0734 -0.8090],5999,2025-01-24 11:41:41.220000,earthquake_local,SUF.HE_20250124114141_HH_EV
HE,SUF,HH,62.7194,26.1474,,2828,manual,0.5,,5448,manual,0.5,20250124T115411Z_20250124T115511Z,,,,,,,,,,,explosion,,,,,,[-3.5298 1.7603 -0.8424],5999,2025-01-24 11:54:11.080000,earthquake_local,SUF.HE_20250124115411_HH_EV
HE,SUF,HH,62.7194,26.1474,,964,manual,0.5,,4028,manual,0.5,20250124T125934Z_20250124T130034Z,,,,,,,,,,,explosion,,,,,,[8.9762 3.3435 2.3732],5999,2025-01-24 12:59:34.304000,earthquake_local,SUF.HE_20250124125934_HH_EV
HE,SUF,HH,62.7194,26.1474,,1340,manual,0.5,,4290,manual,0.5,20250124T140912Z_20250124T141012Z,,,,,,,,,,,explosion,,,,,,[-1.4241 -2.2865 0.3953],5999,2025-01-24 14:09:12.780000,earthquake_local,SUF.HE_20250124140912_HH_EV
HE,SUF,HH,62.7194,26.1474,,1680,manual,0.5,,4948,manual,0.5,20250126T084951Z_20250126T085051Z,,,,,,,,,,,explosion,,,,,,[0.0798 4.9700 6.2645],5999,2025-01-26 08:49:51.532000,earthquake_local,SUF.HE_20250126084951_HH_EV
HE,SUF,HH,62.7194,26.1474,,572,manual,0.5,,2580,manual,0.5,20250127T105832Z_20250127T105932Z,,,,,,,,,,,explosion,,,,,,[-2.0388 2.4140 3.6283],5391,2025-01-27 10:58:32.536000,earthquake_local,SUF.HE_20250127105832_HH_EV
HE,SUF,HH,62.7194,26.1474,,2501,manual,0.5,,5096,manual,0.5,20250127T120758Z_20250127T120858Z,,,,,,,,,,,explosion,,,,,,[-9.8074 -2.6550 -5.5270],5999,2025-01-27 12:07:58.184000,earthquake_local,SUF.HE_20250127120758_HH_EV
HE,SUF,HH,62.7194,26.1474,,669,manual,0.5,,3740,manual,0.5,20250127T135306Z_20250127T135406Z,,,,,,,,,,,explosion,,,,,,[2.6847 0.8553 2.0625],5999,2025-01-27 13:53:06.804000,earthquake_local,SUF.HE_20250127135306_HH_EV
HE,SUF,HH,62.7194,26.1474,,2822,manual,0.5,,4935,manual,0.5,20250128T102500Z_20250128T102600Z,,,,,,,,,,,explosion,,,,,,[8.4875 -0.9248 -3.7812],5999,2025-01-28 10:25:00.012000,earthquake_local,SUF.HE_20250128102500_HH_EV
HE,SUF,HH,62.7194,26.1474,,1128,manual,0.5,,2799,manual,0.5,20250128T105322Z_20250128T105422Z,,,,,,,,,,,explosion,,,,,,[2.2184 6.3821 6.7592],5138,2025-01-28 10:53:22.644000,earthquake_local,SUF.HE_20250128105322_HH_EV
HE,SUF,HH,62.7194,26.1474,,1247,manual,0.5,,3070,manual,0.5,20250129T102648Z_20250129T102748Z,,,,,,,,,,,explosion,,,,,,[0.4931 2.0821 1.9691],5622,2025-01-29 10:26:48.368000,earthquake_local,SUF.HE_20250129102648_HH_EV
HE,SUF,HH,62.7194,26.1474,,1790,manual,0.5,,4148,manual,0.5,20250129T115701Z_20250129T115801Z,,,,,,,,,,,explosion,,,,,,[-7.3435 -0.2371 1.9785],5999,2025-01-29 11:57:01.776000,earthquake_local,SUF.HE_20250129115701_HH_EV
HE,SUF,HH,62.7194,26.1474,,2166,manual,0.5,,4304,manual,0.5,20250129T125519Z_20250129T125619Z,,,,,,,,,,,explosion,,,,,,[-2.3142 1.7052 -0.6871],5999,2025-01-29 12:55:19.476000,earthquake_local,SUF.HE_20250129125519_HH_EV
HE,SUF,HH,62.7194,26.1474,,2997,manual,0.5,,4496,manual,0.5,20250129T131417Z_20250129T131517Z,,,,,,,,,,,explosion,,,,,,[4.2361 -0.0724 -2.2771],5999,2025-01-29 13:14:17.864000,earthquake_local,SUF.HE_20250129131417_HH_EV
HE,SUF,HH,62.7194,26.1474,,1092,manual,0.5,,3276,manual,0.5,20250130T110002Z_20250130T110102Z,,,,,,,,,,,explosion,,,,,,[7.1119 -1.9687 -0.3926],5999,2025-01-30 11:00:02.284000,earthquake_local,SUF.HE_20250130110002_HH_EV
HE,SUF,HH,62.7194,26.1474,,1445,manual,0.5,,3691,manual,0.5,20250130T131446Z_20250130T131546Z,,,,,,,,,,,explosion,,,,,,[-5.1992 -1.9252 -3.1570],5999,2025-01-30 13:14:46.828000,earthquake_local,SUF.HE_20250130131446_HH_EV
HE,SUF,HH,62.7194,26.1474,,1368,manual,0.5,,4208,manual,0.5,20250131T081742Z_20250131T081842Z,,,,,,,,,,,explosion,,,,,,[9.8221 -2.6724 1.9222],5999,2025-01-31 08:17:42.860000,earthquake_local,SUF.HE_20250131081742_HH_EV
HE,SUF,HH,62.7194,26.1474,,933,manual,0.5,,3740,manual,0.5,20250131T090230Z_20250131T090330Z,,,,,,,,,,,explosion,,,,,,[3.4404 0.7555 1.0101],5999,2025-01-31 09:02:30.936000,earthquake_local,SUF.HE_20250131090230_HH_EV
HE,SUF,HH,62.7194,26.1474,,1373,manual,0.5,,3768,manual,0.5,20250204T113448Z_20250204T113548Z,,,,,,,,,,,explosion,,,,,,[9.6654 0.3820 3.2137],5999,2025-02-04 11:34:48.636000,earthquake_local,SUF.HE_20250204113448_HH_EV
HE,SUF,HH,62.7194,26.1474,,1219,manual,0.5,,3949,manual,0.5,20250204T124612Z_20250204T124712Z,,,,,,,,,,,explosion,,,,,,[2.4560 4.6548 0.5223],5999,2025-02-04 12:46:12.008000,earthquake_local,SUF.HE_20250204124612_HH_EV
HE,SUF,HH,62.7194,26.1474,,3994,manual,0.5,,5050,manual,0.5,20250204T125905Z_20250204T130005Z,,,,,,,,,,,explosion,,,,,,[1.5160 -3.4642 1.5952],5999,2025-02-04 12:59:05.112000,earthquake_local,SUF.HE_20250204125905_HH_EV
HE,SUF,HH,62.7194,26.1474,,1396,manual,0.5,,4388,manual,0.5,20250205T105349Z_20250205T105449Z,,,,,,,,,,,explosion,,,,,,[5.6321 -1.8018 -2.1656],5999,2025-02-05 10:53:49.164000,earthquake_local,SUF.HE_20250205105349_HH_EV
HE,SUF,HH,62.7194,26.1474,,725,manual,0.5,,3133,manual,0.5,20250205T121538Z_20250205T121638Z,,,,,,,,,,,explosion,,,,,,[-5.6764 1.1659 -1.4691],5999,2025-02-05 12:15:38.732000,earthquake_local,SUF.HE_20250205121538_HH_EV
HE,SUF,HH,62.7194,26.1474,,528,manual,0.5,,3078,manual,0.5,20250205T125822Z_20250205T125922Z,,,,,,,,,,,explosion,,,,,,[-1.6857 11.6676 0.2782],5999,2025-02-05 12:58:22.824000,earthquake_local,SUF.HE_20250205125822_HH_EV
HE,SUF,HH,62.7194,26.1474,,2972,manual,0.5,,4628,manual,0.5,20250205T131325Z_20250205T131425Z,,,,,,,,,,,explosion,,,,,,[4.5864 -5.6337 5.3198],5999,2025-02-05 13:13:25.472000,earthquake_local,SUF.HE_20250205131325_HH_EV
HE,SUF,HH,62.7194,26.1474,,2474,manual,0.5,,4872,manual,0.5,20250205T140511Z_20250205T140611Z,,,,,,,,,,,explosion,,,,,,[5.7886 5.5421 1.9365],5999,2025-02-05 14:05:11.916000,earthquake_local,SUF.HE_20250205140511_HH_EV
HE,SUF,HH,62.7194,26.1474,,2049,manual,0.5,,3356,manual,0.5,20250206T084825Z_20250206T084925Z,,,,,,,,,,,explosion,,,,,,[-3.6769 -6.2932 -6.8497],5186,2025-02-06 08:48:25.800000,earthquake_local,SUF.HE_20250206084825_HH_EV
HE,SUF,HH,62.7194,26.1474,,1281,manual,0.5,,5061,manual,0.5,20250206T105133Z_20250206T105233Z,,,,,,,,,,,explosion,,,,,,[-1.8024 0.6437 2.9438],5999,2025-02-06 10:51:33.488000,earthquake_local,SUF.HE_20250206105133_HH_EV
HE,SUF,HH,62.7194,26.1474,,2039,manual,0.5,,5049,manual,0.5,20250206T105914Z_20250206T110014Z,,,,,,,,,,,explosion,,,,,,[3.0953 -1.2255 1.9205],5999,2025-02-06 10:59:14.292000,earthquake_local,SUF.HE_20250206105914_HH_EV
HE,SUF,HH,62.7194,26.1474,,1358,manual,0.5,,2700,manual,0.5,20250206T114115Z_20250206T114215Z,,,,,,,,,,,explosion,,,,,,[5.3738 2.4505 1.6924],4579,2025-02-06 11:41:15.896000,earthquake_local,SUF.HE_20250206114115_HH_EV
HE,SUF,HH,62.7194,26.1474,,1424,manual,0.5,,4219,manual,0.5,20250206T115549Z_20250206T115649Z,,,,,,,,,,,explosion,,,,,,[5.4380 -0.3909 2.0393],5999,2025-02-06 11:55:49.720000,earthquake_local,SUF.HE_20250206115549_HH_EV
HE,SUF,HH,62.7194,26.1474,,1449,manual,0.5,,2301,manual,0.5,20250206T123713Z_20250206T123813Z,,,,,,,,,,,explosion,,,,,,[5.8017 4.2957 4.2198],3494,2025-02-06 12:37:13.388000,earthquake_local,SUF.HE_20250206123713_HH_EV
HE,SUF,HH,62.7194,26.1474,,3531,manual,0.5,,4163,manual,0.5,20250207T081937Z_20250207T082037Z,,,,,,,,,,,explosion,,,,,,[0.8884 0.4880 -1.2460],5048,2025-02-07 08:19:37.972000,earthquake_local,SUF.HE_20250207081937_HH_EV
HE,SUF,HH,62.7194,26.1474,,2085,manual,0.5,,4538,manual,0.5,20250207T091602Z_20250207T091702Z,,,,,,,,,,,explosion,,,,,,[4.9687 1.0866 4.6694],5999,2025-02-07 09:16:02.816000,earthquake_local,SUF.HE_20250207091602_HH_EV
HE,SUF,HH,62.7194,26.1474,,652,manual,0.5,,2020,manual,0.5,20250207T114015Z_20250207T114115Z,,,,,,,,,,,explosion,,,,,,[8.6572 -0.6396 3.5022],3935,2025-02-07 11:40:15.560000,earthquake_local,SUF.HE_20250207114015_HH_EV
HE,SUF,HH,62.7194,26.1474,,784,manual,0.5,,2484,manual,0.5,20250207T121747Z_20250207T121847Z,,,,,,,,,,,explosion,,,,,,[-2.6092 9.5273 1.5222],4864,2025-02-07 12:17:47.644000,earthquake_local,SUF.HE_20250207121747_HH_EV
HE,SUF,HH,62.7194,26.1474,,2414,manual,0.5,,5492,manual,0.5,20250208T091846Z_20250208T091946Z,,,,,,,,,,,explosion,,,,,,[1.5265 -0.8355 -2.0268],5999,2025-02-08 09:18:46.796000,earthquake_local,SUF.HE_20250208091846_HH_EV
HE,SUF,HH,62.7194,26.1474,,1449,manual,0.5,,4502,manual,0.5,20250208T095910Z_20250208T100010Z,,,,,,,,,,,explosion,,,,,,[0.4637 -0.0888 -1.4512],5999,2025-02-08 09:59:10.540000,earthquake_local,SUF.HE_20250208095910_HH_EV
HE,SUF,HH,62.7194,26.1474,,2362,manual,0.5,,4792,manual,0.5,20250209T024101Z_20250209T024201Z,,,,,,,,,,,explosion,,,,,,[-4.5089 2.9604 -7.7376],5999,2025-02-09 02:41:01.960000,earthquake_local,SUF.HE_20250209024101_HH_EV
HE,SUF,HH,62.7194,26.1474,,1218,manual,0.5,,3766,manual,0.5,20250211T115653Z_20250211T115753Z,,,,,,,,,,,explosion,,,,,,[-4.4303 -0.1186 -3.2804],5999,2025-02-11 11:56:53.676000,earthquake_local,SUF.HE_20250211115653_HH_EV
HE,SUF,HH,62.7194,26.1474,,862,manual,0.5,,1828,manual,0.5,20250211T121507Z_20250211T121607Z,,,,,,,,,,,explosion,,,,,,[3.8162 6.1358 3.0517],3180,2025-02-11 12:15:07.664000,earthquake_local,SUF.HE_20250211121507_HH_EV
HE,SUF,HH,62.7194,26.1474,,2211,manual,0.5,,4670,manual,0.5,20250211T141108Z_20250211T141208Z,,,,,,,,,,,explosion,,,,,,[1.3118 -5.6083 -2.1000],5999,2025-02-11 14:11:08.860000,earthquake_local,SUF.HE_20250211141108_HH_EV
HE,SUF,HH,62.7194,26.1474,,1520,manual,0.5,,2866,manual,0.5,20250212T103913Z_20250212T104013Z,,,,,,,,,,,explosion,,,,,,[4.4884 -2.9248 -3.7047],4750,2025-02-12 10:39:13.836000,earthquake_local,SUF.HE_20250212103913_HH_EV
HE,SUF,HH,62.7194,26.1474,,1591,manual,0.5,,3623,manual,0.5,20250212T112852Z_20250212T112952Z,,,,,,,,,,,explosion,,,,,,[2.5675 1.1233 -0.4793],5999,2025-02-12 11:28:52.896000,earthquake_local,SUF.HE_20250212112852_HH_EV
HE,SUF,HH,62.7194,26.1474,,912,manual,0.5,,2470,manual,0.5,20250212T113026Z_20250212T113126Z,,,,,,,,,,,explosion,,,,,,[-1.5174 8.3247 4.4102],4651,2025-02-12 11:30:26.408000,earthquake_local,SUF.HE_20250212113026_HH_EV
HE,SUF,HH,62.7194,26.1474,,3289,manual,0.5,,4974,manual,0.5,20250212T113630Z_20250212T113730Z,,,,,,,,,,,explosion,,,,,,[-1.0929 -2.8808 -2.7003],5999,2025-02-12 11:36:30.236000,earthquake_local,SUF.HE_20250212113630_HH_EV
HE,SUF,HH,62.7194,26.1474,,1218,manual,0.5,,3878,manual,0.5,20250212T115426Z_20250212T115526Z,,,,,,,,,,,explosion,,,,,,[3.2604 -4.0046 -4.0391],5999,2025-02-12 11:54:26.004000,earthquake_local,SUF.HE_20250212115426_HH_EV
HE,SUF,HH,62.7194,26.1474,,1576,manual,0.5,,3766,manual,0.5,20250212T115930Z_20250212T120030Z,,,,,,,,,,,explosion,,,,,,[-1.8502 2.2745 2.6688],5999,2025-02-12 11:59:30.484000,earthquake_local,SUF.HE_20250212115930_HH_EV
HE,SUF,HH,62.7194,26.1474,,2144,manual,0.5,,3863,manual,0.5,20250213T091613Z_20250213T091713Z,,,,,,,,,,,explosion,,,,,,[1.4641 0.9260 -0.3408],5999,2025-02-13 09:16:13.680000,earthquake_local,SUF.HE_20250213091613_HH_EV
HE,SUF,HH,62.7194,26.1474,,1405,manual,0.5,,2167,manual,0.5,20250213T120357Z_20250213T120457Z,,,,,,,,,,,explosion,,,,,,[1.1753 -0.2756 0.3657],3234,2025-02-13 12:03:57.024000,earthquake_local,SUF.HE_20250213120357_HH_EV
HE,SUF,HH,62.7194,26.1474,,749,manual,0.5,,1625,manual,0.5,20250214T094703Z_20250214T094803Z,,,,,,,,,,,explosion,,,,,,[10.8029 -0.9177 -2.0341],2851,2025-02-14 09:47:03.988000,earthquake_local,SUF.HE_20250214094703_HH_EV
HE,SUF,HH,62.7194,26.1474,,2662,manual,0.5,,3079,manual,0.5,20250217T114159Z_20250217T114259Z,,,,,,,,,,,explosion,,,,,,[4.3328 1.3170 2.2812],3663,2025-02-17 11:41:59.332000,earthquake_local,SUF.HE_20250217114159_HH_EV
HE,SUF,HH,62.7194,26.1474,,3796,manual,0.5,,5053,manual,0.5,20250218T080355Z_20250218T080455Z,,,,,,,,,,,explosion,,,,,,[-2.5642 2.2520 -1.8258],5999,2025-02-18 08:03:55.952000,earthquake_local,SUF.HE_20250218080355_HH_EV
HE,SUF,HH,62.7194,26.1474,,509,manual,0.5,,2772,manual,0.5,20250218T115933Z_20250218T120033Z,,,,,,,,,,,explosion,,,,,,[2.3347 1.2049 1.3439],5940,2025-02-18 11:59:33.016000,earthquake_local,SUF.HE_20250218115933_HH_EV
HE,SUF,HH,62.7194,26.1474,,2042,manual,0.5,,5034,manual,0.5,20250219T110240Z_20250219T110340Z,,,,,,,,,,,explosion,,,,,,[0.8192 -1.3892 7.0065],5999,2025-02-19 11:02:40.860000,earthquake_local,SUF.HE_20250219110240_HH_EV
HE,SUF,HH,62.7194,26.1474,,567,manual,0.5,,2388,manual,0.5,20250219T134130Z_20250219T134230Z,,,,,,,,,,,explosion,,,,,,[-2.4439 5.7259 -0.4290],4937,2025-02-19 13:41:30.896000,earthquake_local,SUF.HE_20250219134130_HH_EV
HE,SUF,HH,62.7194,26.1474,,811,manual,0.5,,3208,manual,0.5,20250220T073008Z_20250220T073108Z,,,,,,,,,,,explosion,,,,,,[-0.0307 0.2116 -1.6859],5999,2025-02-20 07:30:08.196000,earthquake_local,SUF.HE_20250220073008_HH_EV
HE,SUF,HH,62.7194,26.1474,,3069,manual,0.5,,4993,manual,0.5,20250220T093255Z_20250220T093355Z,,,,,,,,,,,explosion,,,,,,[3.7704 0.9694 5.0808],5999,2025-02-20 09:32:55.760000,earthquake_local,SUF.HE_20250220093255_HH_EV
HE,SUF,HH,62.7194,26.1474,,3783,manual,0.5,,5429,manual,0.5,20250220T111208Z_20250220T111308Z,,,,,,,,,,,explosion,,,,,,[4.2528 3.8097 4.6485],5999,2025-02-20 11:12:08.412000,earthquake_local,SUF.HE_20250220111208_HH_EV
HE,SUF,HH,62.7194,26.1474,,895,manual,0.5,,2464,manual,0.5,20250220T114713Z_20250220T114813Z,,,,,,,,,,,explosion,,,,,,[-0.0106 -2.5444 1.1787],4661,2025-02-20 11:47:13.916000,earthquake_local,SUF.HE_20250220114713_HH_EV
HE,SUF,HH,62.7194,26.1474,,1619,manual,0.5,,3821,manual,0.5,20250220T121412Z_20250220T121512Z,,,,,,,,,,,explosion,,,,,,[8.9091 -1.9249 4.5282],5999,2025-02-20 12:14:12.212000,earthquake_local,SUF.HE_20250220121412_HH_EV
HE,SUF,HH,62.7194,26.1474,,2490,manual,0.5,,3834,manual,0.5,20250220T131706Z_20250220T131806Z,,,,,,,,,,,explosion,,,,,,[1.3984 3.2238 -1.3580],5716,2025-02-20 13:17:06.220000,earthquake_local,SUF.HE_20250220131706_HH_EV
HE,SUF,HH,62.7194,26.1474,,2225,manual,0.5,,4855,manual,0.5,20250221T115414Z_20250221T115514Z,,,,,,,,,,,explosion,,,,,,[-2.9126 -4.0097 -0.6572],5999,2025-02-21 11:54:14.592000,earthquake_local,SUF.HE_20250221115414_HH_EV
HE,SUF,HH,62.7194,26.1474,,2346,manual,0.5,,3686,manual,0.5,20250221T130252Z_20250221T130352Z,,,,,,,,,,,explosion,,,,,,[0.6617 1.7543 0.9795],5562,2025-02-21 13:02:52.368000,earthquake_local,SUF.HE_20250221130252_HH_EV
HE,SUF,HH,62.7194,26.1474,,4225,manual,0.5,,5444,manual,0.5,20250221T141453Z_20250221T141553Z,,,,,,,,,,,explosion,,,,,,[4.0450 3.9535 3.3019],5999,2025-02-21 14:14:53.232000,earthquake_local,SUF.HE_20250221141453_HH_EV
HE,SUF,HH,62.7194,26.1474,,2243,manual,0.5,,5099,manual,0.5,20250221T150457Z_20250221T150557Z,,,,,,,,,,,explosion,,,,,,[2.7829 0.4030 -0.0070],5999,2025-02-21 15:04:57.972000,earthquake_local,SUF.HE_20250221150457_HH_EV
HE,SUF,HH,62.7194,26.1474,,2910,manual,0.5,,4926,manual,0.5,20250221T162619Z_20250221T162719Z,,,,,,,,,,,explosion,,,,,,[-6.0764 -0.5308 -0.2333],5999,2025-02-21 16:26:19.176000,earthquake_local,SUF.HE_20250221162619_HH_EV
HE,SUF,HH,62.7194,26.1474,,979,manual,0.5,,3919,manual,0.5,20250223T072043Z_20250223T072143Z,,,,,,,,,,,explosion,,,,,,[-3.7561 2.2432 -2.4839],5999,2025-02-23 07:20:43.268000,earthquake_local,SUF.HE_20250223072043_HH_EV
HE,SUF,HH,62.7194,26.1474,,763,manual,0.5,,3154,manual,0.5,20250224T075852Z_20250224T075952Z,,,,,,,,,,,explosion,,,,,,[-2.2176 -2.3993 -3.0588],5999,2025-02-24 07:58:52.576000,earthquake_local,SUF.HE_20250224075852_HH_EV
HE,SUF,HH,62.7194,26.1474,,1344,manual,0.5,,3584,manual,0.5,20250224T102809Z_20250224T102909Z,,,,,,,,,,,explosion,,,,,,[3.6366 1.4284 2.3021],5999,2025-02-24 10:28:09.472000,earthquake_local,SUF.HE_20250224102809_HH_EV
HE,SUF,HH,62.7194,26.1474,,2018,manual,0.5,,4548,manual,0.5,20250224T110907Z_20250224T111007Z,,,,,,,,,,,explosion,,,,,,[-3.7527 -1.7592 -1.7052],5999,2025-02-24 11:09:07.908000,earthquake_local,SUF.HE_20250224110907_HH_EV
HE,SUF,HH,62.7194,26.1474,,2869,manual,0.5,,4029,manual,0.5,20250224T114534Z_20250224T114634Z,,,,,,,,,,,explosion,,,,,,[-2.3349 -4.9582 -1.8351],5653,2025-02-24 11:45:34.588000,earthquake_local,SUF.HE_20250224114534_HH_EV
HE,SUF,HH,62.7194,26.1474,,3460,manual,0.5,,4806,manual,0.5,20250224T133638Z_20250224T133738Z,,,,,,,,,,,explosion,,,,,,[3.6107 -2.3164 10.1888],5999,2025-02-24 13:36:38.912000,earthquake_local,SUF.HE_20250224133638_HH_EV
HE,SUF,HH,62.7194,26.1474,,2379,manual,0.5,,4761,manual,0.5,20250225T101751Z_20250225T101851Z,,,,,,,,,,,explosion,,,,,,[-2.5313 9.1139 0.3611],5999,2025-02-25 10:17:51.752000,earthquake_local,SUF.HE_20250225101751_HH_EV
HE,SUF,HH,62.7194,26.1474,,3010,manual,0.5,,5159,manual,0.5,20250225T103314Z_20250225T103414Z,,,,,,,,,,,explosion,,,,,,[-4.2062 -3.8266 -7.9580],5999,2025-02-25 10:33:14.460000,earthquake_local,SUF.HE_20250225103314_HH_EV
HE,SUF,HH,62.7194,26.1474,,2680,manual,0.5,,4629,manual,0.5,20250225T120117Z_20250225T120217Z,,,,,,,,,,,explosion,,,,,,[-0.9486 -1.4031 1.3158],5999,2025-02-25 12:01:17.372000,earthquake_local,SUF.HE_20250225120117_HH_EV
HE,SUF,HH,62.7194,26.1474,,2831,manual,0.5,,3797,manual,0.5,20250226T105602Z_20250226T105702Z,,,,,,,,,,,explosion,,,,,,[5.6429 3.0263 -2.9519],5149,2025-02-26 10:56:02.248000,earthquake_local,SUF.HE_20250226105602_HH_EV
HE,SUF,HH,62.7194,26.1474,,2989,manual,0.5,,5006,manual,0.5,20250226T124342Z_20250226T124442Z,,,,,,,,,,,explosion,,,,,,[1.8610 -0.7610 0.7102],5999,2025-02-26 12:43:42.980000,earthquake_local,SUF.HE_20250226124342_HH_EV
HE,SUF,HH,62.7194,26.1474,,852,manual,0.5,,3486,manual,0.5,20250226T133428Z_20250226T133528Z,,,,,,,,,,,explosion,,,,,,[1.8054 -0.1167 -0.4314],5999,2025-02-26 13:34:28.732000,earthquake_local,SUF.HE_20250226133428_HH_EV
HE,SUF,HH,62.7194,26.1474,,2984,manual,0.5,,3278,manual,0.5,20250227T091330Z_20250227T091430Z,,,,,,,,,,,explosion,,,,,,[10.1734 10.1124 2.6865],3690,2025-02-27 09:13:30.040000,earthquake_local,SUF.HE_20250227091330_HH_EV
HE,SUF,HH,62.7194,26.1474,,1588,manual,0.5,,4394,manual,0.5,20250227T100543Z_20250227T100643Z,,,,,,,,,,,explosion,,,,,,[-1.2831 1.0174 0.0351],5999,2025-02-27 10:05:43.352000,earthquake_local,SUF.HE_20250227100543_HH_EV
HE,SUF,HH,62.7194,26.1474,,748,manual,0.5,,3763,manual,0.5,20250227T101955Z_20250227T102055Z,,,,,,,,,,,explosion,,,,,,[5.7683 3.0213 1.1200],5999,2025-02-27 10:19:55.080000,earthquake_local,SUF.HE_20250227101955_HH_EV
HE,SUF,HH,62.7194,26.1474,,1172,manual,0.5,,3998,manual,0.5,20250227T105736Z_20250227T105836Z,,,,,,,,,,,explosion,,,,,,[-1.3366 -2.8127 -2.6325],5999,2025-02-27 10:57:36.564000,earthquake_local,SUF.HE_20250227105736_HH_EV
HE,SUF,HH,62.7194,26.1474,,2094,manual,0.5,,4674,manual,0.5,20250227T115417Z_20250227T115517Z,,,,,,,,,,,explosion,,,,,,[5.2745 -1.4320 -2.6903],5999,2025-02-27 11:54:17.344000,earthquake_local,SUF.HE_20250227115417_HH_EV
HE,SUF,HH,62.7194,26.1474,,3247,manual,0.5,,4787,manual,0.5,20250227T121050Z_20250227T121150Z,,,,,,,,,,,explosion,,,,,,[2.4817 -3.5212 -1.6981],5999,2025-02-27 12:10:50.708000,earthquake_local,SUF.HE_20250227121050_HH_EV
HE,SUF,HH,62.7194,26.1474,,1121,manual,0.5,,4115,manual,0.5,20250227T123632Z_20250227T123732Z,,,,,,,,,,,explosion,,,,,,[-8.0613 3.5622 1.5548],5999,2025-02-27 12:36:32.948000,earthquake_local,SUF.HE_20250227123632_HH_EV
HE,SUF,HH,62.7194,26.1474,,2364,manual,0.5,,5444,manual,0.5,20250228T075806Z_20250228T075906Z,,,,,,,,,,,explosion,,,,,,[-3.7421 3.3942 0.2944],5999,2025-02-28 07:58:06.844000,earthquake_local,SUF.HE_20250228075806_HH_EV
HE,SUF,HH,62.7194,26.1474,,3622,manual,0.5,,4566,manual,0.5,20250228T085651Z_20250228T085751Z,,,,,,,,,,,explosion,,,,,,[2.5745 0.8954 1.1934],5888,2025-02-28 08:56:51.416000,earthquake_local,SUF.HE_20250228085651_HH_EV
HE,SUF,HH,62.7194,26.1474,,966,manual,0.5,,2845,manual,0.5,20250228T095932Z_20250228T100032Z,,,,,,,,,,,explosion,,,,,,[2.1146 -4.1244 -5.7044],5476,2025-02-28 09:59:32.644000,earthquake_local,SUF.HE_20250228095932_HH_EV
HE,SUF,HH,62.7194,26.1474,,1795,manual,0.5,,4693,manual,0.5,20250228T103905Z_20250228T104005Z,,,,,,,,,,,explosion,,,,,,[-1.5275 -2.6239 -3.2501],5999,2025-02-28 10:39:05.184000,earthquake_local,SUF.HE_20250228103905_HH_EV
HE,SUF,HH,62.7194,26.1474,,1274,manual,0.5,,4013,manual,0.5,20250228T105234Z_20250228T105334Z,,,,,,,,,,,explosion,,,,,,[-0.7174 -2.5962 -3.6788],5999,2025-02-28 10:52:34.108000,earthquake_local,SUF.HE_20250228105234_HH_EV
HE,SUF,HH,62.7194,26.1474,,578,manual,0.5,,1780,manual,0.5,20250228T113638Z_20250228T113738Z,,,,,,,,,,,explosion,,,,,,[5.3483 2.3686 -0.2744],3463,2025-02-28 11:36:38.376000,earthquake_local,SUF.HE_20250228113638_HH_EV
HE,TOF,HH,66.077745,24.332007,,2159,manual,0.5,,4081,manual,0.5,20250102T115136Z_20250102T115236Z,,,,,,,,,,,explosion,,,,,,[8.4353 1.3711 3.7553],5999,2025-01-02 11:51:36.390000,earthquake_local,TOF.HE_20250102115136_HH_EV
HE,TOF,HH,66.077745,24.332007,,1261,manual,0.5,,5275,manual,0.5,20250102T124013Z_20250102T124113Z,,,,,,,,,,,explosion,,,,,,[-2.1574 5.0544 0.3910],5999,2025-01-02 12:40:13.770000,earthquake_local,TOF.HE_20250102124013_HH_EV
HE,TOF,HH,66.077745,24.332007,,2006,manual,0.5,,4498,manual,0.5,20250102T231242Z_20250102T231342Z,,,,,,,,,,,explosion,,,,,,[7.1682 7.4210 1.8320],5999,2025-01-02 23:12:42.700000,earthquake_local,TOF.HE_20250102231242_HH_EV
HE,TOF,HH,66.077745,24.332007,,711,manual,0.5,,4743,manual,0.5,20250104T110715Z_20250104T110815Z,,,,,,,,,,,explosion,,,,,,[-3.5332 -0.7739 -0.0691],5999,2025-01-04 11:07:15.810000,earthquake_local,TOF.HE_20250104110715_HH_EV
HE,TOF,HH,66.077745,24.332007,,2687,manual,0.5,,4563,manual,0.5,20250104T131509Z_20250104T131609Z,,,,,,,,,,,explosion,,,,,,[-0.6372 3.0527 0.8920],5999,2025-01-04 13:15:09.050000,earthquake_local,TOF.HE_20250104131509_HH_EV
HE,TOF,HH,66.077745,24.332007,,634,manual,0.5,,4470,manual,0.5,20250105T003354Z_20250105T003454Z,,,,,,,,,,,explosion,,,,,,[-0.2268 -3.0708 0.0364],5999,2025-01-05 00:33:54.620000,earthquake_local,TOF.HE_20250105003354_HH_EV
HE,TOF,HH,66.077745,24.332007,,2066,manual,0.5,,3890,manual,0.5,20250108T090539Z_20250108T090639Z,,,,,,,,,,,explosion,,,,,,[-1.2715 5.5083 -0.0954],5999,2025-01-08 09:05:39.220000,earthquake_local,TOF.HE_20250108090539_HH_EV
HE,TOF,HH,66.077745,24.332007,,2757,manual,0.5,,4293,manual,0.5,20250109T105233Z_20250109T105333Z,,,,,,,,,,,explosion,,,,,,[0.5976 -0.9948 -0.1540],5999,2025-01-09 10:52:33.600000,earthquake_local,TOF.HE_20250109105233_HH_EV
HE,TOF,HH,66.077745,24.332007,,3319,manual,0.5,,4661,manual,0.5,20250110T090222Z_20250110T090322Z,,,,,,,,,,,explosion,,,,,,[0.2114 -0.7065 0.2927],5999,2025-01-10 09:02:22.540000,earthquake_local,TOF.HE_20250110090222_HH_EV
HE,TOF,HH,66.077745,24.332007,,1973,manual,0.5,,3568,manual,0.5,20250110T124754Z_20250110T124854Z,,,,,,,,,,,explosion,,,,,,[-0.2906 -1.7294 -0.0303],5801,2025-01-10 12:47:54.810000,earthquake_local,TOF.HE_20250110124754_HH_EV
HE,TOF,HH,66.077745,24.332007,,1283,manual,0.5,,3877,manual,0.5,20250112T005017Z_20250112T005117Z,,,,,,,,,,,explosion,,,,,,[2.0172 4.4609 0.2110],5999,2025-01-12 00:50:17.340000,earthquake_local,TOF.HE_20250112005017_HH_EV
HE,TOF,HH,66.077745,24.332007,,2893,manual,0.5,,3451,manual,0.5,20250113T122952Z_20250113T123052Z,,,,,,,,,,,explosion,,,,,,[3.9355 1.1091 -1.2982],4232,2025-01-13 12:29:52.050000,earthquake_local,TOF.HE_20250113122952_HH_EV
HE,TOF,HH,66.077745,24.332007,,3661,manual,0.5,,4943,manual,0.5,20250116T112431Z_20250116T112531Z,,,,,,,,,,,explosion,,,,,,[3.2102 3.4946 1.5099],5999,2025-01-16 11:24:31.260000,earthquake_local,TOF.HE_20250116112431_HH_EV
HE,TOF,HH,66.077745,24.332007,,3240,manual,0.5,,4706,manual,0.5,20250116T120544Z_20250116T120644Z,,,,,,,,,,,explosion,,,,,,[1.5025 0.0160 0.2432],5999,2025-01-16 12:05:44.780000,earthquake_local,TOF.HE_20250116120544_HH_EV
HE,TOF,HH,66.077745,24.332007,,2026,manual,0.5,,2818,manual,0.5,20250117T081627Z_20250117T081727Z,,,,,,,,,,,explosion,,,,,,[-2.1678 -1.7641 -1.1980],3927,2025-01-17 08:16:27.620000,earthquake_local,TOF.HE_20250117081627_HH_EV
HE,TOF,HH,66.077745,24.332007,,758,manual,0.5,,4752,manual,0.5,20250117T124004Z_20250117T124104Z,,,,,,,,,,,explosion,,,,,,[6.1989 0.3018 2.3619],5999,2025-01-17 12:40:04.680000,earthquake_local,TOF.HE_20250117124004_HH_EV
HE,TOF,HH,66.077745,24.332007,,1121,manual,0.5,,2969,manual,0.5,20250119T101859Z_20250119T101959Z,,,,,,,,,,,explosion,,,,,,[-0.0690 -3.1381 -1.6380],5556,2025-01-19 10:18:59.350000,earthquake_local,TOF.HE_20250119101859_HH_EV
HE,TOF,HH,66.077745,24.332007,,2143,manual,0.5,,4523,manual,0.5,20250120T045942Z_20250120T050042Z,,,,,,,,,,,explosion,,,,,,[0.0619 0.3215 0.0421],5999,2025-01-20 04:59:42.370000,earthquake_local,TOF.HE_20250120045942_HH_EV
HE,TOF,HH,66.077745,24.332007,,2438,manual,0.5,,4930,manual,0.5,20250120T113733Z_20250120T113833Z,,,,,,,,,,,explosion,,,,,,[-0.6608 -4.0810 -0.2576],5999,2025-01-20 11:37:33.260000,earthquake_local,TOF.HE_20250120113733_HH_EV
HE,TOF,HH,66.077745,24.332007,,3023,manual,0.5,,5459,manual,0.5,20250120T115257Z_20250120T115357Z,,,,,,,,,,,explosion,,,,,,[-0.3235 -0.1221 -0.3489],5999,2025-01-20 11:52:57.530000,earthquake_local,TOF.HE_20250120115257_HH_EV
HE,TOF,HH,66.077745,24.332007,,999,manual,0.5,,3435,manual,0.5,20250120T230550Z_20250120T230650Z,,,,,,,,,,,explosion,,,,,,[-0.1572 -1.5777 0.2498],5999,2025-01-20 23:05:50.090000,earthquake_local,TOF.HE_20250120230550_HH_EV
HE,TOF,HH,66.077745,24.332007,,866,manual,0.5,,3386,manual,0.5,20250121T173650Z_20250121T173750Z,,,,,,,,,,,explosion,,,,,,[3.4054 1.4275 1.4447],5999,2025-01-21 17:36:50.860000,earthquake_local,TOF.HE_20250121173650_HH_EV
HE,TOF,HH,66.077745,24.332007,,2560,manual,0.5,,5040,manual,0.5,20250121T185236Z_20250121T185336Z,,,,,,,,,,,explosion,,,,,,[3.0706 2.7345 -1.2531],5999,2025-01-21 18:52:36.840000,earthquake_local,TOF.HE_20250121185236_HH_EV
HE,TOF,HH,66.077745,24.332007,,2548,manual,0.5,,5024,manual,0.5,20250122T045311Z_20250122T045411Z,,,,,,,,,,,explosion,,,,,,[1.3098 3.0100 -0.0726],5999,2025-01-22 04:53:11.890000,earthquake_local,TOF.HE_20250122045311_HH_EV
HE,TOF,HH,66.077745,24.332007,,1841,manual,0.5,,3162,manual,0.5,20250122T120322Z_20250122T120422Z,,,,,,,,,,,explosion,,,,,,[-0.1979 4.8174 0.1049],5011,2025-01-22 12:03:22.220000,earthquake_local,TOF.HE_20250122120322_HH_EV
HE,TOF,HH,66.077745,24.332007,,2296,manual,0.5,,5384,manual,0.5,20250123T074927Z_20250123T075027Z,,,,,,,,,,,explosion,,,,,,[1.5823 0.8954 0.0176],5999,2025-01-23 07:49:27.520000,earthquake_local,TOF.HE_20250123074927_HH_EV
HE,TOF,HH,66.077745,24.332007,,2124,manual,0.5,,3577,manual,0.5,20250123T111105Z_20250123T111205Z,,,,,,,,,,,explosion,,,,,,[-0.6431 -0.8071 0.1308],5611,2025-01-23 11:11:05.530000,earthquake_local,TOF.HE_20250123111105_HH_EV
HE,TOF,HH,66.077745,24.332007,,1656,manual,0.5,,3116,manual,0.5,20250123T120736Z_20250123T120836Z,,,,,,,,,,,explosion,,,,,,[-3.0131 -1.6969 0.1159],5160,2025-01-23 12:07:36.320000,earthquake_local,TOF.HE_20250123120736_HH_EV
HE,TOF,HH,66.077745,24.332007,,3745,manual,0.5,,4572,manual,0.5,20250124T104727Z_20250124T104827Z,,,,,,,,,,,explosion,,,,,,[0.4274 1.8489 0.1840],5730,2025-01-24 10:47:27.130000,earthquake_local,TOF.HE_20250124104727_HH_EV
HE,TOF,HH,66.077745,24.332007,,1160,manual,0.5,,4940,manual,0.5,20250125T005430Z_20250125T005530Z,,,,,,,,,,,explosion,,,,,,[-1.4320 -0.8806 -1.2668],5999,2025-01-25 00:54:30.760000,earthquake_local,TOF.HE_20250125005430_HH_EV
HE,TOF,HH,66.077745,24.332007,,1824,manual,0.5,,3602,manual,0.5,20250125T102530Z_20250125T102630Z,,,,,,,,,,,explosion,,,,,,[3.8505 -2.2937 -0.1880],5999,2025-01-25 10:25:30.740000,earthquake_local,TOF.HE_20250125102530_HH_EV
HE,TOF,HH,66.077745,24.332007,,832,manual,0.5,,3268,manual,0.5,20250125T230337Z_20250125T230437Z,,,,,,,,,,,explosion,,,,,,[-1.4225 -0.5310 1.7941],5999,2025-01-25 23:03:37.400000,earthquake_local,TOF.HE_20250125230337_HH_EV
HE,TOF,HH,66.077745,24.332007,,3168,manual,0.5,,3560,manual,0.5,20250126T210046Z_20250126T210146Z,,,,,,,,,,,explosion,,,,,,[0.5547 5.5605 0.0887],4109,2025-01-26 21:00:46.520000,earthquake_local,TOF.HE_20250126210046_HH_EV
HE,TOF,HH,66.077745,24.332007,,2118,manual,0.5,,5350,manual,0.5,20250127T050228Z_20250127T050328Z,,,,,,,,,,,explosion,,,,,,[1.7606 -0.4740 1.5512],5999,2025-01-27 05:02:28.020000,earthquake_local,TOF.HE_20250127050228_HH_EV
HE,TOF,HH,66.077745,24.332007,,1533,manual,0.5,,5341,manual,0.5,20250128T002842Z_20250128T002942Z,,,,,,,,,,,explosion,,,,,,[8.6773 -4.0438 -1.1337],5999,2025-01-28 00:28:42.670000,earthquake_local,TOF.HE_20250128002842_HH_EV
HE,TOF,HH,66.077745,24.332007,,3209,manual,0.5,,4417,manual,0.5,20250128T114935Z_20250128T115035Z,,,,,,,,,,,explosion,,,,,,[-0.6150 -2.4452 1.5349],5999,2025-01-28 11:49:35.200000,earthquake_local,TOF.HE_20250128114935_HH_EV
HE,TOF,HH,66.077745,24.332007,,2241,manual,0.5,,3647,manual,0.5,20250128T133546Z_20250128T133646Z,,,,,,,,,,,explosion,,,,,,[3.0254 3.6589 4.5820],5615,2025-01-28 13:35:46.650000,earthquake_local,TOF.HE_20250128133546_HH_EV
HE,TOF,HH,66.077745,24.332007,,1844,manual,0.5,,4970,manual,0.5,20250128T202403Z_20250128T202503Z,,,,,,,,,,,explosion,,,,,,[4.6851 3.1146 2.1240],5999,2025-01-28 20:24:03.640000,earthquake_local,TOF.HE_20250128202403_HH_EV
HE,TOF,HH,66.077745,24.332007,,2791,manual,0.5,,5212,manual,0.5,20250129T044508Z_20250129T044608Z,,,,,,,,,,,explosion,,,,,,[5.5637 3.3307 0.5603],5999,2025-01-29 04:45:08.270000,earthquake_local,TOF.HE_20250129044508_HH_EV
HE,TOF,HH,66.077745,24.332007,,632,manual,0.5,,2071,manual,0.5,20250129T090219Z_20250129T090319Z,,,,,,,,,,,explosion,,,,,,[-0.2074 -0.1067 0.8980],4086,2025-01-29 09:02:19.010000,earthquake_local,TOF.HE_20250129090219_HH_EV
HE,TOF,HH,66.077745,24.332007,,787,manual,0.5,,4883,manual,0.5,20250129T120423Z_20250129T120523Z,,,,,,,,,,,explosion,,,,,,[0.7804 2.9990 -0.0378],5999,2025-01-29 12:04:23.410000,earthquake_local,TOF.HE_20250129120423_HH_EV
HE,TOF,HH,66.077745,24.332007,,869,manual,0.5,,2264,manual,0.5,20250129T121223Z_20250129T121323Z,,,,,,,,,,,explosion,,,,,,[-0.6481 -0.3689 -0.0232],4217,2025-01-29 12:12:23.790000,earthquake_local,TOF.HE_20250129121223_HH_EV
HE,TOF,HH,66.077745,24.332007,,1707,manual,0.5,,3107,manual,0.5,20250130T120524Z_20250130T120624Z,,,,,,,,,,,explosion,,,,,,[-0.3937 2.0822 -0.5742],5067,2025-01-30 12:05:24.450000,earthquake_local,TOF.HE_20250130120524_HH_EV
HE,TOF,HH,66.077745,24.332007,,1949,manual,0.5,,4068,manual,0.5,20250130T130306Z_20250130T130406Z,,,,,,,,,,,explosion,,,,,,[1.0373 0.2539 -0.4763],5999,2025-01-30 13:03:06.640000,earthquake_local,TOF.HE_20250130130306_HH_EV
HE,TOF,HH,66.077745,24.332007,,2267,manual,0.5,,4127,manual,0.5,20250131T081722Z_20250131T081822Z,,,,,,,,,,,explosion,,,,,,[2.4529 6.6125 -1.0337],5999,2025-01-31 08:17:22.010000,earthquake_local,TOF.HE_20250131081722_HH_EV
HE,TOF,HH,66.077745,24.332007,,2686,manual,0.5,,4545,manual,0.5,20250131T110957Z_20250131T111057Z,,,,,,,,,,,explosion,,,,,,[0.7039 1.9671 0.6801],5999,2025-01-31 11:09:57.400000,earthquake_local,TOF.HE_20250131110957_HH_EV
HE,TOF,HH,66.077745,24.332007,,1458,manual,0.5,,2374,manual,0.5,20250131T111639Z_20250131T111739Z,,,,,,,,,,,explosion,,,,,,[1.0977 1.6597 -1.7988],3656,2025-01-31 11:16:39.800000,earthquake_local,TOF.HE_20250131111639_HH_EV
HE,TOF,HH,66.077745,24.332007,,980,manual,0.5,,3498,manual,0.5,20250202T103827Z_20250202T103927Z,,,,,,,,,,,explosion,,,,,,[1.8219 -4.3769 -0.2036],5999,2025-02-02 10:38:27.180000,earthquake_local,TOF.HE_20250202103827_HH_EV
HE,TOF,HH,66.077745,24.332007,,685,manual,0.5,,3215,manual,0.5,20250202T230746Z_20250202T230846Z,,,,,,,,,,,explosion,,,,,,[-0.7744 1.5013 0.0199],5999,2025-02-02 23:07:46.130000,earthquake_local,TOF.HE_20250202230746_HH_EV
HE,TOF,HH,66.077745,24.332007,,1437,manual,0.5,,5203,manual,0.5,20250203T130751Z_20250203T130851Z,,,,,,,,,,,explosion,,,,,,[-1.9420 -2.3445 0.5276],5999,2025-02-03 13:07:51.170000,earthquake_local,TOF.HE_20250203130751_HH_EV
HE,TOF,HH,66.077745,24.332007,,867,manual,0.5,,3317,manual,0.5,20250203T232132Z_20250203T232232Z,,,,,,,,,,,explosion,,,,,,[3.2072 1.9985 -0.0564],5999,2025-02-03 23:21:32.170000,earthquake_local,TOF.HE_20250203232132_HH_EV
HE,TOF,HH,66.077745,24.332007,,1710,manual,0.5,,4958,manual,0.5,20250204T024431Z_20250204T024531Z,,,,,,,,,,,explosion,,,,,,[-0.1429 -0.1303 -0.0529],5999,2025-02-04 02:44:31.860000,earthquake_local,TOF.HE_20250204024431_HH_EV
HE,TOF,HH,66.077745,24.332007,,2958,manual,0.5,,5489,manual,0.5,20250205T005219Z_20250205T005319Z,,,,,,,,,,,explosion,,,,,,[-0.2490 -4.0845 -2.8525],5999,2025-02-05 00:52:19.030000,earthquake_local,TOF.HE_20250205005219_HH_EV
HE,TOF,HH,66.077745,24.332007,,1442,manual,0.5,,5011,manual,0.5,20250205T120017Z_20250205T120117Z,,,,,,,,,,,explosion,,,,,,[14.5752 2.8029 -0.0060],5999,2025-02-05 12:00:17.010000,earthquake_local,TOF.HE_20250205120017_HH_EV
HE,TOF,HH,66.077745,24.332007,,2919,manual,0.5,,5229,manual,0.5,20250205T121514Z_20250205T121614Z,,,,,,,,,,,explosion,,,,,,[-0.1628 0.3190 -0.2866],5999,2025-02-05 12:15:14.190000,earthquake_local,TOF.HE_20250205121514_HH_EV
HE,TOF,HH,66.077745,24.332007,,1895,manual,0.5,,3297,manual,0.5,20250206T090221Z_20250206T090321Z,,,,,,,,,,,explosion,,,,,,[-0.2300 -0.1321 0.2617],5260,2025-02-06 09:02:21.630000,earthquake_local,TOF.HE_20250206090221_HH_EV
HE,TOF,HH,66.077745,24.332007,,1609,manual,0.5,,2010,manual,0.5,20250206T170128Z_20250206T170228Z,,,,,,,,,,,explosion,,,,,,[2.2069 0.5380 9.1545],2571,2025-02-06 17:01:28.230000,earthquake_local,TOF.HE_20250206170128_HH_EV
HE,TOF,HH,66.077745,24.332007,,1800,manual,0.5,,3657,manual,0.5,20250207T065826Z_20250207T065926Z,,,,,,,,,,,explosion,,,,,,[0.9339 -4.6653 -0.6080],5999,2025-02-07 06:58:26.030000,earthquake_local,TOF.HE_20250207065826_HH_EV
HE,TOF,HH,66.077745,24.332007,,4251,manual,0.5,,5329,manual,0.5,20250207T094405Z_20250207T094505Z,,,,,,,,,,,explosion,,,,,,[6.4932 -1.2353 -0.5864],5999,2025-02-07 09:44:05.870000,earthquake_local,TOF.HE_20250207094405_HH_EV
HE,TOF,HH,66.077745,24.332007,,2552,manual,0.5,,3882,manual,0.5,20250207T130609Z_20250207T130709Z,,,,,,,,,,,explosion,,,,,,[3.7219 -2.9242 -3.7565],5744,2025-02-07 13:06:09.460000,earthquake_local,TOF.HE_20250207130609_HH_EV
HE,TOF,HH,66.077745,24.332007,,1132,manual,0.5,,5182,manual,0.5,20250207T131126Z_20250207T131226Z,,,,,,,,,,,explosion,,,,,,[-1.1255 1.1822 7.7880],5999,2025-02-07 13:11:26.460000,earthquake_local,TOF.HE_20250207131126_HH_EV
HE,TOF,HH,66.077745,24.332007,,1359,manual,0.5,,3207,manual,0.5,20250210T133122Z_20250210T133222Z,,,,,,,,,,,explosion,,,,,,[-2.6390 0.1157 0.1420],5794,2025-02-10 13:31:22.610000,earthquake_local,TOF.HE_20250210133122_HH_EV
HE,TOF,HH,66.077745,24.332007,,728,manual,0.5,,3976,manual,0.5,20250212T113538Z_20250212T113638Z,,,,,,,,,,,explosion,,,,,,[0.6729 0.6982 -0.4195],5999,2025-02-12 11:35:38.760000,earthquake_local,TOF.HE_20250212113538_HH_EV
HE,TOF,HH,66.077745,24.332007,,1265,manual,0.5,,4849,manual,0.5,20250212T132743Z_20250212T132843Z,,,,,,,,,,,explosion,,,,,,[-3.2625 -1.0206 -0.0422],5999,2025-02-12 13:27:43.350000,earthquake_local,TOF.HE_20250212132743_HH_EV
HE,TOF,HH,66.077745,24.332007,,1190,manual,0.5,,5250,manual,0.5,20250213T114306Z_20250213T114406Z,,,,,,,,,,,explosion,,,,,,[5.0821 -3.2603 -3.3261],5999,2025-02-13 11:43:06.180000,earthquake_local,TOF.HE_20250213114306_HH_EV
HE,TOF,HH,66.077745,24.332007,,1077,manual,0.5,,4269,manual,0.5,20250213T122024Z_20250213T122124Z,,,,,,,,,,,explosion,,,,,,[-0.1699 -0.1126 -0.0465],5999,2025-02-13 12:20:24.110000,earthquake_local,TOF.HE_20250213122024_HH_EV
HE,TOF,HH,66.077745,24.332007,,992,manual,0.5,,3540,manual,0.5,20250214T103117Z_20250214T103217Z,,,,,,,,,,,explosion,,,,,,[-1.8222 0.4822 -1.2996],5999,2025-02-14 10:31:17.960000,earthquake_local,TOF.HE_20250214103117_HH_EV
HE,TOF,HH,66.077745,24.332007,,1043,manual,0.5,,5229,manual,0.5,20250214T131827Z_20250214T131927Z,,,,,,,,,,,explosion,,,,,,[-3.6162 0.8608 -1.2106],5999,2025-02-14 13:18:27.350000,earthquake_local,TOF.HE_20250214131827_HH_EV
HE,TOF,HH,66.077745,24.332007,,1202,manual,0.5,,3712,manual,0.5,20250216T044105Z_20250216T044205Z,,,,,,,,,,,explosion,,,,,,[1.2882 -2.7782 -0.1175],5999,2025-02-16 04:41:05.760000,earthquake_local,TOF.HE_20250216044105_HH_EV
HE,TOF,HH,66.077745,24.332007,,1584,manual,0.5,,4776,manual,0.5,20250217T023340Z_20250217T023440Z,,,,,,,,,,,explosion,,,,,,[-0.0677 0.2688 0.0589],5999,2025-02-17 02:33:40.400000,earthquake_local,TOF.HE_20250217023340_HH_EV
HE,TOF,HH,66.077745,24.332007,,1309,manual,0.5,,5033,manual,0.5,20250217T200606Z_20250217T200706Z,,,,,,,,,,,explosion,,,,,,[-0.1871 6.0669 0.2938],5999,2025-02-17 20:06:06.430000,earthquake_local,TOF.HE_20250217200606_HH_EV
HE,TOF,HH,66.077745,24.332007,,1204,manual,0.5,,4392,manual,0.5,20250218T002344Z_20250218T002444Z,,,,,,,,,,,explosion,,,,,,[-2.2716 -0.0599 0.2264],5999,2025-02-18 00:23:44.040000,earthquake_local,TOF.HE_20250218002344_HH_EV
HE,TOF,HH,66.077745,24.332007,,2096,manual,0.5,,4644,manual,0.5,20250218T015515Z_20250218T015615Z,,,,,,,,,,,explosion,,,,,,[0.2120 1.4329 -0.7488],5999,2025-02-18 01:55:15.560000,earthquake_local,TOF.HE_20250218015515_HH_EV
HE,TOF,HH,66.077745,24.332007,,1986,manual,0.5,,4478,manual,0.5,20250218T112351Z_20250218T112451Z,,,,,,,,,,,explosion,,,,,,[-0.3968 0.9986 -0.0513],5999,2025-02-18 11:23:51.500000,earthquake_local,TOF.HE_20250218112351_HH_EV
HE,TOF,HH,66.077745,24.332007,,1116,manual,0.5,,3004,manual,0.5,20250219T110258Z_20250219T110358Z,,,,,,,,,,,explosion,,,,,,[-3.3936 0.8971 -0.3181],5647,2025-02-19 11:02:58.380000,earthquake_local,TOF.HE_20250219110258_HH_EV
HE,TOF,HH,66.077745,24.332007,,3369,manual,0.5,,4312,manual,0.5,20250219T124452Z_20250219T124552Z,,,,,,,,,,,explosion,,,,,,[-0.6930 -0.1452 -0.4951],5632,2025-02-19 12:44:52.790000,earthquake_local,TOF.HE_20250219124452_HH_EV
HE,TOF,HH,66.077745,24.332007,,1554,manual,0.5,,3034,manual,0.5,20250220T150713Z_20250220T150813Z,,,,,,,,,,,explosion,,,,,,[2.6189 -1.0435 0.0160],5106,2025-02-20 15:07:13.340000,earthquake_local,TOF.HE_20250220150713_HH_EV
HE,TOF,HH,66.077745,24.332007,,823,manual,0.5,,3538,manual,0.5,20250221T091129Z_20250221T091229Z,,,,,,,,,,,explosion,,,,,,[11.5469 4.3799 5.6324],5999,2025-02-21 09:11:29.340000,earthquake_local,TOF.HE_20250221091129_HH_EV
HE,TOF,HH,66.077745,24.332007,,1084,manual,0.5,,5116,manual,0.5,20250221T131943Z_20250221T132043Z,,,,,,,,,,,explosion,,,,,,[-6.0857 -0.8752 -1.7291],5999,2025-02-21 13:19:43.960000,earthquake_local,TOF.HE_20250221131943_HH_EV
HE,TOF,HH,66.077745,24.332007,,3359,manual,0.5,,3761,manual,0.5,20250221T170051Z_20250221T170151Z,,,,,,,,,,,explosion,,,,,,[-0.5041 -1.2639 0.5163],4324,2025-02-21 17:00:51.920000,earthquake_local,TOF.HE_20250221170051_HH_EV
HE,TOF,HH,66.077745,24.332007,,3557,manual,0.5,,5349,manual,0.5,20250222T103414Z_20250222T103514Z,,,,,,,,,,,explosion,,,,,,[4.3241 -4.8132 0.9752],5999,2025-02-22 10:34:14.790000,earthquake_local,TOF.HE_20250222103414_HH_EV
HE,TOF,HH,66.077745,24.332007,,1272,manual,0.5,,3834,manual,0.5,20250225T060857Z_20250225T060957Z,,,,,,,,,,,explosion,,,,,,[0.5957 1.2855 -2.4657],5999,2025-02-25 06:08:57.920000,earthquake_local,TOF.HE_20250225060857_HH_EV
HE,TOF,HH,66.077745,24.332007,,2986,manual,0.5,,4969,manual,0.5,20250225T132029Z_20250225T132129Z,,,,,,,,,,,explosion,,,,,,[4.3902 1.8317 9.9844],5999,2025-02-25 13:20:29.870000,earthquake_local,TOF.HE_20250225132029_HH_EV
HE,TOF,HH,66.077745,24.332007,,1903,manual,0.5,,4367,manual,0.5,20250225T164715Z_20250225T164815Z,,,,,,,,,,,explosion,,,,,,[-4.3005 -4.3187 -4.2497],5999,2025-02-25 16:47:15.130000,earthquake_local,TOF.HE_20250225164715_HH_EV
HE,TOF,HH,66.077745,24.332007,,2246,manual,0.5,,3702,manual,0.5,20250226T121957Z_20250226T122057Z,,,,,,,,,,,explosion,,,,,,[-1.2824 4.6199 1.7984],5740,2025-02-26 12:19:57.380000,earthquake_local,TOF.HE_20250226121957_HH_EV
HE,TOF,HH,66.077745,24.332007,,2581,manual,0.5,,4625,manual,0.5,20250226T124817Z_20250226T124917Z,,,,,,,,,,,explosion,,,,,,[7.4416 1.6842 0.5844],5999,2025-02-26 12:48:17.430000,earthquake_local,TOF.HE_20250226124817_HH_EV
HE,TOF,HH,66.077745,24.332007,,2662,manual,0.5,,4125,manual,0.5,20250226T131818Z_20250226T131918Z,,,,,,,,,,,explosion,,,,,,[12.6235 3.5862 0.8896],5999,2025-02-26 13:18:18.310000,earthquake_local,TOF.HE_20250226131818_HH_EV
HE,TOF,HH,66.077745,24.332007,,2007,manual,0.5,,2977,manual,0.5,20250227T114836Z_20250227T114936Z,,,,,,,,,,,explosion,,,,,,[3.7366 -0.3776 -0.4808],4335,2025-02-27 11:48:36.910000,earthquake_local,TOF.HE_20250227114836_HH_EV
HE,TOF,HH,66.077745,24.332007,,1533,manual,0.5,,2964,manual,0.5,20250227T120412Z_20250227T120512Z,,,,,,,,,,,explosion,,,,,,[0.6239 0.0459 -0.0022],4967,2025-02-27 12:04:12.200000,earthquake_local,TOF.HE_20250227120412_HH_EV
HE,TOF,HH,66.077745,24.332007,,1332,manual,0.5,,5270,manual,0.5,20250228T113711Z_20250228T113811Z,,,,,,,,,,,explosion,,,,,,[2.3358 0.8042 1.1166],5999,2025-02-28 11:37:11.860000,earthquake_local,TOF.HE_20250228113711_HH_EV
HE,TOF,HH,66.077745,24.332007,,1701,manual,0.5,,5479,manual,0.5,20250228T124318Z_20250228T124418Z,,,,,,,,,,,explosion,,,,,,[7.5601 -1.0278 -1.7687],5999,2025-02-28 12:43:18.850000,earthquake_local,TOF.HE_20250228124318_HH_EV
HE,TOF,HH,66.077745,24.332007,,835,manual,0.5,,2735,manual,0.5,20250228T131525Z_20250228T131625Z,,,,,,,,,,,explosion,,,,,,[-1.1379 1.1376 1.0223],5395,2025-02-28 13:15:25.730000,earthquake_local,TOF.HE_20250228131525_HH_EV
HE,TOF,HH,66.077745,24.332007,,1124,manual,0.5,,5236,manual,0.5,20250228T134814Z_20250228T134914Z,,,,,,,,,,,explosion,,,,,,[-2.5599 -2.9397 1.7565],5999,2025-02-28 13:48:14.480000,earthquake_local,TOF.HE_20250228134814_HH_EV
HE,TVF,HH,,,,1241,manual,0.5,,2059,manual,0.5,20250103T120404Z_20250103T120504Z,,,,,,,,,,,explosion,,,,,,[1.4586 0.0648 -0.0510],3204,2025-01-03 12:04:04.072000,earthquake_local,TVF.HE_20250103120404_HH_EV
HE,TVF,HH,,,,1142,manual,0.5,,3550,manual,0.5,20250107T124329Z_20250107T124429Z,,,,,,,,,,,explosion,,,,,,[0.0452 -0.1249 -0.1059],5999,2025-01-07 12:43:29.648000,earthquake_local,TVF.HE_20250107124329_HH_EV
HE,TVF,HH,,,,2098,manual,0.5,,3808,manual,0.5,20250107T142629Z_20250107T142729Z,,,,,,,,,,,explosion,,,,,,[-0.8185 0.1095 0.2189],5999,2025-01-07 14:26:29.064000,earthquake_local,TVF.HE_20250107142629_HH_EV
HE,TVF,HH,,,,3509,manual,0.5,,4070,manual,0.5,20250108T100154Z_20250108T100254Z,,,,,,,,,,,explosion,,,,,,[-0.5970 -0.6559 3.8369],4855,2025-01-08 10:01:54.136000,earthquake_local,TVF.HE_20250108100154_HH_EV
HE,TVF,HH,,,,1152,manual,0.5,,3548,manual,0.5,20250108T104252Z_20250108T104352Z,,,,,,,,,,,explosion,,,,,,[-0.1228 0.8238 -0.0102],5999,2025-01-08 10:42:52.956000,earthquake_local,TVF.HE_20250108104252_HH_EV
HE,TVF,HH,,,,658,manual,0.5,,1609,manual,0.5,20250108T130009Z_20250108T130109Z,,,,,,,,,,,explosion,,,,,,[-1.1610 -0.1367 -0.0451],2940,2025-01-08 13:00:09.772000,earthquake_local,TVF.HE_20250108130009_HH_EV
HE,TVF,HH,,,,3747,manual,0.5,,4339,manual,0.5,20250110T110042Z_20250110T110142Z,,,,,,,,,,,explosion,,,,,,[-0.6771 -2.8760 0.0443],5168,2025-01-10 11:00:42.312000,earthquake_local,TVF.HE_20250110110042_HH_EV
HE,TVF,HH,,,,4464,manual,0.5,,5279,manual,0.5,20250110T120305Z_20250110T120405Z,,,,,,,,,,,explosion,,,,,,[-1.0941 0.1704 -0.0790],5999,2025-01-10 12:03:05.708000,earthquake_local,TVF.HE_20250110120305_HH_EV
HE,TVF,HH,,,,4060,manual,0.5,,4999,manual,0.5,20250113T135533Z_20250113T135633Z,,,,,,,,,,,explosion,,,,,,[4.0563 1.6740 0.2809],5999,2025-01-13 13:55:33.232000,earthquake_local,TVF.HE_20250113135533_HH_EV
HE,TVF,HH,,,,2796,manual,0.5,,3644,manual,0.5,20250113T140113Z_20250113T140213Z,,,,,,,,,,,explosion,,,,,,[6.3191 -0.4244 0.3717],4831,2025-01-13 14:01:13.220000,earthquake_local,TVF.HE_20250113140113_HH_EV
HE,TVF,HH,,,,847,manual,0.5,,1703,manual,0.5,20250114T073115Z_20250114T073215Z,,,,,,,,,,,explosion,,,,,,[-0.7250 3.4541 0.0909],2901,2025-01-14 07:31:15.596000,earthquake_local,TVF.HE_20250114073115_HH_EV
HE,TVF,HH,,,,2928,manual,0.5,,4868,manual,0.5,20250114T105237Z_20250114T105337Z,,,,,,,,,,,explosion,,,,,,[0.7996 0.6271 -0.0254],5999,2025-01-14 10:52:37.700000,earthquake_local,TVF.HE_20250114105237_HH_EV
HE,TVF,HH,,,,3899,manual,0.5,,4749,manual,0.5,20250114T135947Z_20250114T140047Z,,,,,,,,,,,explosion,,,,,,[-0.7240 -0.8922 0.0260],5939,2025-01-14 13:59:47.384000,earthquake_local,TVF.HE_20250114135947_HH_EV
HE,TVF,HH,,,,2495,manual,0.5,,3319,manual,0.5,20250115T111017Z_20250115T111117Z,,,,,,,,,,,explosion,,,,,,[-0.0363 -0.3290 -0.0115],4473,2025-01-15 11:10:17.508000,earthquake_local,TVF.HE_20250115111017_HH_EV
HE,TVF,HH,,,,4202,manual,0.5,,4878,manual,0.5,20250115T134544Z_20250115T134644Z,,,,,,,,,,,explosion,,,,,,[0.3699 0.6341 -0.0490],5824,2025-01-15 13:45:44.160000,earthquake_local,TVF.HE_20250115134544_HH_EV
HE,TVF,HH,,,,1748,manual,0.5,,2853,manual,0.5,20250116T091900Z_20250116T092000Z,,,,,,,,,,,explosion,,,,,,[0.3216 -1.2159 -0.0470],4400,2025-01-16 09:19:00.796000,earthquake_local,TVF.HE_20250116091900_HH_EV
HE,TVF,HH,,,,3891,manual,0.5,,4610,manual,0.5,20250116T110609Z_20250116T110709Z,,,,,,,,,,,explosion,,,,,,[0.6603 1.4159 0.0488],5617,2025-01-16 11:06:09.504000,earthquake_local,TVF.HE_20250116110609_HH_EV
HE,TVF,HH,,,,1202,manual,0.5,,3658,manual,0.5,20250116T115031Z_20250116T115131Z,,,,,,,,,,,explosion,,,,,,[-1.8685 -1.6601 -0.1541],5999,2025-01-16 11:50:31.660000,earthquake_local,TVF.HE_20250116115031_HH_EV
HE,TVF,HH,,,,3670,manual,0.5,,5304,manual,0.5,20250120T123514Z_20250120T123614Z,,,,,,,,,,,explosion,,,,,,[-0.0844 -0.9556 0.1381],5999,2025-01-20 12:35:14.924000,earthquake_local,TVF.HE_20250120123514_HH_EV
HE,TVF,HH,,,,4198,manual,0.5,,5208,manual,0.5,20250120T135120Z_20250120T135220Z,,,,,,,,,,,explosion,,,,,,[-0.0434 1.1590 0.0144],5999,2025-01-20 13:51:20.440000,earthquake_local,TVF.HE_20250120135120_HH_EV
HE,TVF,HH,,,,1408,manual,0.5,,2605,manual,0.5,20250121T121408Z_20250121T121508Z,,,,,,,,,,,explosion,,,,,,[1.6764 -0.4222 -0.0732],4281,2025-01-21 12:14:08.136000,earthquake_local,TVF.HE_20250121121408_HH_EV
HE,TVF,HH,,,,870,manual,0.5,,3224,manual,0.5,20250122T111157Z_20250122T111257Z,,,,,,,,,,,explosion,,,,,,[1.4506 6.7942 -0.0660],5999,2025-01-22 11:11:57.480000,earthquake_local,TVF.HE_20250122111157_HH_EV
HE,TVF,HH,,,,1309,manual,0.5,,4438,manual,0.5,20250122T115501Z_20250122T115601Z,,,,,,,,,,,explosion,,,,,,[-3.0023 -1.7965 0.1599],5999,2025-01-22 11:55:01.388000,earthquake_local,TVF.HE_20250122115501_HH_EV
HE,TVF,HH,,,,1533,manual,0.5,,2293,manual,0.5,20250122T120403Z_20250122T120503Z,,,,,,,,,,,explosion,,,,,,[1.2145 -0.1340 -0.0653],3357,2025-01-22 12:04:03.152000,earthquake_local,TVF.HE_20250122120403_HH_EV
HE,TVF,HH,,,,1237,manual,0.5,,4300,manual,0.5,20250122T120856Z_20250122T120956Z,,,,,,,,,,,explosion,,,,,,[1.3445 1.8779 -0.0599],5999,2025-01-22 12:08:56.908000,earthquake_local,TVF.HE_20250122120856_HH_EV
HE,TVF,HH,,,,3561,manual,0.5,,4542,manual,0.5,20250122T122724Z_20250122T122824Z,,,,,,,,,,,explosion,,,,,,[-0.1306 -0.6515 -0.1219],5915,2025-01-22 12:27:24.764000,earthquake_local,TVF.HE_20250122122724_HH_EV
HE,TVF,HH,,,,828,manual,0.5,,2390,manual,0.5,20250122T131053Z_20250122T131153Z,,,,,,,,,,,explosion,,,,,,[0.4209 0.1273 0.1458],4577,2025-01-22 13:10:53.804000,earthquake_local,TVF.HE_20250122131053_HH_EV
HE,TVF,HH,,,,2133,manual,0.5,,3014,manual,0.5,20250123T120354Z_20250123T120454Z,,,,,,,,,,,explosion,,,,,,[0.8367 -0.3736 0.0314],4247,2025-01-23 12:03:54.816000,earthquake_local,TVF.HE_20250123120354_HH_EV
HE,TVF,HH,,,,1176,manual,0.5,,3462,manual,0.5,20250123T132046Z_20250123T132146Z,,,,,,,,,,,explosion,,,,,,[0.7905 0.2697 0.0203],5999,2025-01-23 13:20:46.420000,earthquake_local,TVF.HE_20250123132046_HH_EV
HE,TVF,HH,,,,2602,manual,0.5,,3590,manual,0.5,20250127T105931Z_20250127T110031Z,,,,,,,,,,,explosion,,,,,,[-0.1384 8.0930 0.0623],4973,2025-01-27 10:59:31.576000,earthquake_local,TVF.HE_20250127105931_HH_EV
HE,TVF,HH,,,,3096,manual,0.5,,4217,manual,0.5,20250127T132215Z_20250127T132315Z,,,,,,,,,,,explosion,,,,,,[-4.6153 -0.6447 0.1057],5786,2025-01-27 13:22:15.492000,earthquake_local,TVF.HE_20250127132215_HH_EV
HE,TVF,HH,,,,2637,manual,0.5,,4595,manual,0.5,20250128T094844Z_20250128T094944Z,,,,,,,,,,,explosion,,,,,,[0.4845 0.3373 -0.0415],5999,2025-01-28 09:48:44.504000,earthquake_local,TVF.HE_20250128094844_HH_EV
HE,TVF,HH,,,,1857,manual,0.5,,4946,manual,0.5,20250129T113217Z_20250129T113317Z,,,,,,,,,,,explosion,,,,,,[-0.7543 0.7347 -0.5950],5999,2025-01-29 11:32:17.632000,earthquake_local,TVF.HE_20250129113217_HH_EV
HE,TVF,HH,,,,2205,manual,0.5,,4535,manual,0.5,20250129T125521Z_20250129T125621Z,,,,,,,,,,,explosion,,,,,,[0.4361 -0.2016 -0.0453],5999,2025-01-29 12:55:21.596000,earthquake_local,TVF.HE_20250129125521_HH_EV
HE,TVF,HH,,,,3502,manual,0.5,,3849,manual,0.5,20250129T150009Z_20250129T150109Z,,,,,,,,,,,explosion,,,,,,[2.0513 -0.6374 0.2443],4335,2025-01-29 15:00:09.092000,earthquake_local,TVF.HE_20250129150009_HH_EV
HE,TVF,HH,,,,1102,manual,0.5,,2044,manual,0.5,20250130T090458Z_20250130T090558Z,,,,,,,,,,,explosion,,,,,,[-2.6133 -0.8862 0.0414],3363,2025-01-30 09:04:58.044000,earthquake_local,TVF.HE_20250130090458_HH_EV
HE,TVF,HH,,,,4307,manual,0.5,,5345,manual,0.5,20250130T113123Z_20250130T113223Z,,,,,,,,,,,explosion,,,,,,[-0.0230 0.0320 -0.0411],5999,2025-01-30 11:31:23.732000,earthquake_local,TVF.HE_20250130113123_HH_EV
HE,TVF,HH,,,,1653,manual,0.5,,2509,manual,0.5,20250130T120357Z_20250130T120457Z,,,,,,,,,,,explosion,,,,,,[-1.1379 0.9206 -0.0773],3707,2025-01-30 12:03:57.596000,earthquake_local,TVF.HE_20250130120357_HH_EV
HE,TVF,HH,,,,1062,manual,0.5,,3432,manual,0.5,20250130T131452Z_20250130T131552Z,,,,,,,,,,,explosion,,,,,,[1.9657 -0.2441 -0.0374],5999,2025-01-30 13:14:52.960000,earthquake_local,TVF.HE_20250130131452_HH_EV
HE,TVF,HH,,,,1401,manual,0.5,,2229,manual,0.5,20250130T143029Z_20250130T143129Z,,,,,,,,,,,explosion,,,,,,[0.5630 -1.6425 -0.0073],3388,2025-01-30 14:30:29.412000,earthquake_local,TVF.HE_20250130143029_HH_EV
HE,TVF,HH,,,,2316,manual,0.5,,3261,manual,0.5,20250130T143749Z_20250130T143849Z,,,,,,,,,,,explosion,,,,,,[1.3759 0.9637 -0.0474],4584,2025-01-30 14:37:49.552000,earthquake_local,TVF.HE_20250130143749_HH_EV
HE,TVF,HH,,,,1751,manual,0.5,,2736,manual,0.5,20250131T125649Z_20250131T125749Z,,,,,,,,,,,explosion,,,,,,[-1.1348 -2.2598 0.3451],4115,2025-01-31 12:56:49.048000,earthquake_local,TVF.HE_20250131125649_HH_EV
HE,TVF,HH,,,,928,manual,0.5,,2756,manual,0.5,20250131T132456Z_20250131T132556Z,,,,,,,,,,,explosion,,,,,,[-3.3337 -0.1523 0.0974],5315,2025-01-31 13:24:56.804000,earthquake_local,TVF.HE_20250131132456_HH_EV
HE,TVF,HH,,,,874,manual,0.5,,2005,manual,0.5,20250204T114543Z_20250204T114643Z,,,,,,,,,,,explosion,,,,,,[-0.2029 0.7015 -0.0279],3588,2025-02-04 11:45:43.952000,earthquake_local,TVF.HE_20250204114543_HH_EV
HE,TVF,HH,,,,3999,manual,0.5,,5300,manual,0.5,20250205T105302Z_20250205T105402Z,,,,,,,,,,,explosion,,,,,,[-1.1342 -0.7197 -0.2836],5999,2025-02-05 10:53:02.324000,earthquake_local,TVF.HE_20250205105302_HH_EV
HE,TVF,HH,,,,1153,manual,0.5,,2035,manual,0.5,20250205T130045Z_20250205T130145Z,,,,,,,,,,,explosion,,,,,,[1.0307 4.2829 -0.2023],3270,2025-02-05 13:00:45.020000,earthquake_local,TVF.HE_20250205130045_HH_EV
HE,TVF,HH,,,,944,manual,0.5,,3422,manual,0.5,20250206T105919Z_20250206T110019Z,,,,,,,,,,,explosion,,,,,,[-2.3525 -2.7671 -0.0102],5999,2025-02-06 10:59:19.860000,earthquake_local,TVF.HE_20250206105919_HH_EV
HE,TVF,HH,,,,4550,manual,0.5,,5472,manual,0.5,20250206T135007Z_20250206T135107Z,,,,,,,,,,,explosion,,,,,,[-2.6047 -3.0471 0.0716],5999,2025-02-06 13:50:07.828000,earthquake_local,TVF.HE_20250206135007_HH_EV
HE,TVF,HH,,,,1562,manual,0.5,,2449,manual,0.5,20250206T140156Z_20250206T140256Z,,,,,,,,,,,explosion,,,,,,[0.9879 -0.3689 0.0218],3691,2025-02-06 14:01:56.572000,earthquake_local,TVF.HE_20250206140156_HH_EV
HE,TVF,HH,,,,2465,manual,0.5,,5205,manual,0.5,20250207T091602Z_20250207T091702Z,,,,,,,,,,,explosion,,,,,,[12.7598 2.2222 -0.0597],5999,2025-02-07 09:16:02.632000,earthquake_local,TVF.HE_20250207091602_HH_EV
HE,TVF,HH,,,,3638,manual,0.5,,4469,manual,0.5,20250207T120340Z_20250207T120440Z,,,,,,,,,,,explosion,,,,,,[-1.8928 3.0222 0.7888],5632,2025-02-07 12:03:40.148000,earthquake_local,TVF.HE_20250207120340_HH_EV
HE,TVF,HH,,,,3081,manual,0.5,,3967,manual,0.5,20250210T142847Z_20250210T142947Z,,,,,,,,,,,explosion,,,,,,[-1.8842 2.0104 0.0023],5207,2025-02-10 14:28:47.904000,earthquake_local,TVF.HE_20250210142847_HH_EV
HE,TVF,HH,,,,2320,manual,0.5,,3340,manual,0.5,20250211T132838Z_20250211T132938Z,,,,,,,,,,,explosion,,,,,,[-0.2422 -0.6410 -0.0266],4768,2025-02-11 13:28:38.424000,earthquake_local,TVF.HE_20250211132838_HH_EV
HE,TVF,HH,,,,2752,manual,0.5,,5080,manual,0.5,20250212T112845Z_20250212T112945Z,,,,,,,,,,,explosion,,,,,,[-0.2785 -2.8620 -0.0391],5999,2025-02-12 11:28:45.276000,earthquake_local,TVF.HE_20250212112845_HH_EV
HE,TVF,HH,,,,588,manual,0.5,,2005,manual,0.5,20250213T105534Z_20250213T105634Z,,,,,,,,,,,explosion,,,,,,[0.1287 -7.0998 0.1102],3989,2025-02-13 10:55:34.044000,earthquake_local,TVF.HE_20250213105534_HH_EV
HE,TVF,HH,,,,2141,manual,0.5,,4326,manual,0.5,20250218T115916Z_20250218T120016Z,,,,,,,,,,,explosion,,,,,,[0.1425 5.0882 -0.0079],5999,2025-02-18 11:59:16.052000,earthquake_local,TVF.HE_20250218115916_HH_EV
HE,TVF,HH,,,,2136,manual,0.5,,3641,manual,0.5,20250218T133652Z_20250218T133752Z,,,,,,,,,,,explosion,,,,,,[0.4015 -0.8219 -0.0870],5748,2025-02-18 13:36:52.412000,earthquake_local,TVF.HE_20250218133652_HH_EV
HE,TVF,HH,,,,1938,manual,0.5,,2157,manual,0.5,20250219T114018Z_20250219T114118Z,,,,,,,,,,,explosion,,,,,,[-0.3353 2.5346 0.0062],2464,2025-02-19 11:40:18.516000,earthquake_local,TVF.HE_20250219114018_HH_EV
HE,TVF,HH,,,,1536,manual,0.5,,2834,manual,0.5,20250220T092057Z_20250220T092157Z,,,,,,,,,,,explosion,,,,,,[-0.1068 -0.7038 -0.0296],4651,2025-02-20 09:20:57.996000,earthquake_local,TVF.HE_20250220092057_HH_EV
HE,TVF,HH,,,,2363,manual,0.5,,4710,manual,0.5,20250220T093307Z_20250220T093407Z,,,,,,,,,,,explosion,,,,,,[0.2676 -2.7277 -0.0431],5999,2025-02-20 09:33:07.224000,earthquake_local,TVF.HE_20250220093307_HH_EV
HE,TVF,HH,,,,661,manual,0.5,,1491,manual,0.5,20250220T120410Z_20250220T120510Z,,,,,,,,,,,explosion,,,,,,[0.0789 -0.6391 -0.0076],2653,2025-02-20 12:04:10.008000,earthquake_local,TVF.HE_20250220120410_HH_EV
HE,TVF,HH,,,,2268,manual,0.5,,4264,manual,0.5,20250220T121402Z_20250220T121502Z,,,,,,,,,,,explosion,,,,,,[0.5581 -7.0597 -0.0301],5999,2025-02-20 12:14:02.920000,earthquake_local,TVF.HE_20250220121402_HH_EV
HE,TVF,HH,,,,2260,manual,0.5,,3209,manual,0.5,20250221T124439Z_20250221T124539Z,,,,,,,,,,,explosion,,,,,,[-2.8426 0.3931 0.0809],4538,2025-02-21 12:44:39.680000,earthquake_local,TVF.HE_20250221124439_HH_EV
HE,TVF,HH,,,,1283,manual,0.5,,3835,manual,0.5,20250224T110914Z_20250224T111014Z,,,,,,,,,,,explosion,,,,,,[2.3767 -0.0344 0.0042],5999,2025-02-24 11:09:14.844000,earthquake_local,TVF.HE_20250224110914_HH_EV
HE,TVF,HH,,,,2035,manual,0.5,,3595,manual,0.5,20250224T141341Z_20250224T141441Z,,,,,,,,,,,explosion,,,,,,[-0.6019 -0.7966 0.0002],5779,2025-02-24 14:13:41.432000,earthquake_local,TVF.HE_20250224141341_HH_EV
HE,TVF,HH,,,,967,manual,0.5,,2705,manual,0.5,20250225T101757Z_20250225T101857Z,,,,,,,,,,,explosion,,,,,,[-0.4153 -1.2043 -0.0317],5138,2025-02-25 10:17:57.060000,earthquake_local,TVF.HE_20250225101757_HH_EV
HE,TVF,HH,,,,747,manual,0.5,,1439,manual,0.5,20250226T121431Z_20250226T121531Z,,,,,,,,,,,explosion,,,,,,[1.4100 0.6135 0.2722],2408,2025-02-26 12:14:31.712000,earthquake_local,TVF.HE_20250226121431_HH_EV
HE,TVF,HH,,,,1307,manual,0.5,,4553,manual,0.5,20250226T124023Z_20250226T124123Z,,,,,,,,,,,explosion,,,,,,[0.5413 0.2048 0.0063],5999,2025-02-26 12:40:23.244000,earthquake_local,TVF.HE_20250226124023_HH_EV
HE,TVF,HH,,,,1455,manual,0.5,,3752,manual,0.5,20250226T124401Z_20250226T124501Z,,,,,,,,,,,explosion,,,,,,[-0.3869 -1.4242 -0.0516],5999,2025-02-26 12:44:01.780000,earthquake_local,TVF.HE_20250226124401_HH_EV
HE,TVF,HH,,,,722,manual,0.5,,1716,manual,0.5,20250226T130040Z_20250226T130140Z,,,,,,,,,,,explosion,,,,,,[-0.5150 0.7118 -0.0120],3108,2025-02-26 13:00:40.356000,earthquake_local,TVF.HE_20250226130040_HH_EV
HE,TVF,HH,,,,959,manual,0.5,,1909,manual,0.5,20250226T155436Z_20250226T155536Z,,,,,,,,,,,explosion,,,,,,[0.0853 -0.0321 0.0035],3239,2025-02-26 15:54:36.388000,earthquake_local,TVF.HE_20250226155436_HH_EV
HE,TVF,HH,,,,1900,manual,0.5,,3400,manual,0.5,20250227T105710Z_20250227T105810Z,,,,,,,,,,,explosion,,,,,,[-0.2454 -0.1608 -0.0442],5500,2025-02-27 10:57:10.576000,earthquake_local,TVF.HE_20250227105710_HH_EV
HE,TVF,HH,,,,2380,manual,0.5,,4790,manual,0.5,20250227T123615Z_20250227T123715Z,,,,,,,,,,,explosion,,,,,,[-0.4782 -0.3367 0.1595],5999,2025-02-27 12:36:15.580000,earthquake_local,TVF.HE_20250227123615_HH_EV
HE,TVF,HH,,,,2316,manual,0.5,,3228,manual,0.5,20250227T154206Z_20250227T154306Z,,,,,,,,,,,explosion,,,,,,[0.2097 0.4886 -0.0335],4505,2025-02-27 15:42:06.196000,earthquake_local,TVF.HE_20250227154206_HH_EV
HE,TVF,HH,,,,2198,manual,0.5,,3700,manual,0.5,20250228T105205Z_20250228T105305Z,,,,,,,,,,,explosion,,,,,,[-0.1407 -0.3400 -0.0191],5803,2025-02-28 10:52:05.404000,earthquake_local,TVF.HE_20250228105205_HH_EV
HE,VAF,HH,63.0471,22.6683,,839,manual,0.5,,3863,manual,0.5,20250103T114200Z_20250103T114300Z,,,,,,,,,,,explosion,,,,,,[2.5002 -0.8441 3.5752],5999,2025-01-03 11:42:00.570000,earthquake_local,VAF.HE_20250103114200_HH_EV
HE,VAF,HH,63.0471,22.6683,,2313,manual,0.5,,3783,manual,0.5,20250107T113215Z_20250107T113315Z,,,,,,,,,,,explosion,,,,,,[2.2694 -6.3085 1.2364],5841,2025-01-07 11:32:15.930000,earthquake_local,VAF.HE_20250107113215_HH_EV
HE,VAF,HH,63.0471,22.6683,,675,manual,0.5,,2645,manual,0.5,20250107T124328Z_20250107T124428Z,,,,,,,,,,,explosion,,,,,,[3.8871 -0.1995 3.3602],5403,2025-01-07 12:43:28.190000,earthquake_local,VAF.HE_20250107124328_HH_EV
HE,VAF,HH,63.0471,22.6683,,2917,manual,0.5,,5287,manual,0.5,20250107T142630Z_20250107T142730Z,,,,,,,,,,,explosion,,,,,,[2.0983 5.6979 1.5136],5999,2025-01-07 14:26:30.090000,earthquake_local,VAF.HE_20250107142630_HH_EV
HE,VAF,HH,63.0471,22.6683,,2612,manual,0.5,,4724,manual,0.5,20250108T124726Z_20250108T124826Z,,,,,,,,,,,explosion,,,,,,[-0.1382 -4.3004 2.7483],5999,2025-01-08 12:47:26.820000,earthquake_local,VAF.HE_20250108124726_HH_EV
HE,VAF,HH,63.0471,22.6683,,729,manual,0.5,,988,manual,0.5,20250110T100516Z_20250110T100616Z,,,,,,,,,,,explosion,,,,,,[5.1940 12.5281 5.8104],1351,2025-01-10 10:05:16.120000,earthquake_local,VAF.HE_20250110100516_HH_EV
HE,VAF,HH,63.0471,22.6683,,1145,manual,0.5,,4167,manual,0.5,20250110T115206Z_20250110T115306Z,,,,,,,,,,,explosion,,,,,,[0.5909 2.2882 -0.1146],5999,2025-01-10 11:52:06.870000,earthquake_local,VAF.HE_20250110115206_HH_EV
HE,VAF,HH,63.0471,22.6683,,1999,manual,0.5,,4840,manual,0.5,20250112T005010Z_20250112T005110Z,,,,,,,,,,,explosion,,,,,,[-0.6965 0.8010 -0.9246],5999,2025-01-12 00:50:10.540000,earthquake_local,VAF.HE_20250112005010_HH_EV
HE,VAF,HH,63.0471,22.6683,,4428,manual,0.5,,5342,manual,0.5,20250113T080136Z_20250113T080236Z,,,,,,,,,,,explosion,,,,,,[6.1733 2.5810 0.6876],5999,2025-01-13 08:01:36.300000,earthquake_local,VAF.HE_20250113080136_HH_EV
HE,VAF,HH,63.0471,22.6683,,575,manual,0.5,,3953,manual,0.5,20250113T110134Z_20250113T110234Z,,,,,,,,,,,explosion,,,,,,[0.9341 -1.5600 4.0057],5999,2025-01-13 11:01:34.030000,earthquake_local,VAF.HE_20250113110134_HH_EV
HE,VAF,HH,63.0471,22.6683,,743,manual,0.5,,3864,manual,0.5,20250113T121215Z_20250113T121315Z,,,,,,,,,,,explosion,,,,,,[9.1710 -2.4819 5.4038],5999,2025-01-13 12:12:15.400000,earthquake_local,VAF.HE_20250113121215_HH_EV
HE,VAF,HH,63.0471,22.6683,,2313,manual,0.5,,4365,manual,0.5,20250113T125845Z_20250113T125945Z,,,,,,,,,,,explosion,,,,,,[2.5753 8.1863 8.2956],5999,2025-01-13 12:58:45.650000,earthquake_local,VAF.HE_20250113125845_HH_EV
HE,VAF,HH,63.0471,22.6683,,837,manual,0.5,,3153,manual,0.5,20250114T105303Z_20250114T105403Z,,,,,,,,,,,explosion,,,,,,[-3.9858 -2.0312 -0.4655],5999,2025-01-14 10:53:03.110000,earthquake_local,VAF.HE_20250114105303_HH_EV
HE,VAF,HH,63.0471,22.6683,,1877,manual,0.5,,4905,manual,0.5,20250114T112612Z_20250114T112712Z,,,,,,,,,,,explosion,,,,,,[1.4151 -4.5259 -3.7143],5999,2025-01-14 11:26:12.310000,earthquake_local,VAF.HE_20250114112612_HH_EV
HE,VAF,HH,63.0471,22.6683,,2625,manual,0.5,,4987,manual,0.5,20250114T113723Z_20250114T113823Z,,,,,,,,,,,explosion,,,,,,[1.5528 -0.0493 5.3170],5999,2025-01-14 11:37:23.980000,earthquake_local,VAF.HE_20250114113723_HH_EV
HE,VAF,HH,63.0471,22.6683,,843,manual,0.5,,3418,manual,0.5,20250115T111020Z_20250115T111120Z,,,,,,,,,,,explosion,,,,,,[4.2733 2.3694 3.2762],5999,2025-01-15 11:10:20.220000,earthquake_local,VAF.HE_20250115111020_HH_EV
HE,VAF,HH,63.0471,22.6683,,2219,manual,0.5,,5263,manual,0.5,20250116T091922Z_20250116T092022Z,,,,,,,,,,,explosion,,,,,,[-0.1628 1.3685 -0.4843],5999,2025-01-16 09:19:22.720000,earthquake_local,VAF.HE_20250116091922_HH_EV
HE,VAF,HH,63.0471,22.6683,,1906,manual,0.5,,5028,manual,0.5,20250116T104511Z_20250116T104611Z,,,,,,,,,,,explosion,,,,,,[1.7691 -0.5167 1.1325],5999,2025-01-16 10:45:11.720000,earthquake_local,VAF.HE_20250116104511_HH_EV
HE,VAF,HH,63.0471,22.6683,,983,manual,0.5,,4581,manual,0.5,20250116T113758Z_20250116T113858Z,,,,,,,,,,,explosion,,,,,,[1.5441 5.5623 3.9344],5999,2025-01-16 11:37:58.250000,earthquake_local,VAF.HE_20250116113758_HH_EV
HE,VAF,HH,63.0471,22.6683,,777,manual,0.5,,3795,manual,0.5,20250116T114217Z_20250116T114317Z,,,,,,,,,,,explosion,,,,,,[-2.0613 -0.3120 -0.9446],5999,2025-01-16 11:42:17.010000,earthquake_local,VAF.HE_20250116114217_HH_EV
HE,VAF,HH,63.0471,22.6683,,1945,manual,0.5,,4095,manual,0.5,20250116T115021Z_20250116T115121Z,,,,,,,,,,,explosion,,,,,,[-0.2633 2.3826 -0.3203],5999,2025-01-16 11:50:21.030000,earthquake_local,VAF.HE_20250116115021_HH_EV
HE,VAF,HH,63.0471,22.6683,,1526,manual,0.5,,3020,manual,0.5,20250120T101009Z_20250120T101109Z,,,,,,,,,,,explosion,,,,,,[-4.5419 0.1287 1.2594],5112,2025-01-20 10:10:09.140000,earthquake_local,VAF.HE_20250120101009_HH_EV
HE,VAF,HH,63.0471,22.6683,,3645,manual,0.5,,3904,manual,0.5,20250120T103137Z_20250120T103237Z,,,,,,,,,,,explosion,,,,,,[2.2798 -4.6260 1.0325],4267,2025-01-20 10:31:37.250000,earthquake_local,VAF.HE_20250120103137_HH_EV
HE,VAF,HH,63.0471,22.6683,,1372,manual,0.5,,4408,manual,0.5,20250120T113723Z_20250120T113823Z,,,,,,,,,,,explosion,,,,,,[-0.1086 1.7599 3.9919],5999,2025-01-20 11:37:23.360000,earthquake_local,VAF.HE_20250120113723_HH_EV
HE,VAF,HH,63.0471,22.6683,,3209,manual,0.5,,5324,manual,0.5,20250121T112040Z_20250121T112140Z,,,,,,,,,,,explosion,,,,,,[3.2552 4.2923 9.4147],5999,2025-01-21 11:20:40.900000,earthquake_local,VAF.HE_20250121112040_HH_EV
HE,VAF,HH,63.0471,22.6683,,4214,manual,0.5,,4942,manual,0.5,20250122T083057Z_20250122T083157Z,,,,,,,,,,,explosion,,,,,,[0.8536 3.9548 1.8171],5961,2025-01-22 08:30:57.340000,earthquake_local,VAF.HE_20250122083057_HH_EV
HE,VAF,HH,63.0471,22.6683,,3046,manual,0.5,,5370,manual,0.5,20250122T111134Z_20250122T111234Z,,,,,,,,,,,explosion,,,,,,[-0.3912 -3.1542 -1.2223],5999,2025-01-22 11:11:34.680000,earthquake_local,VAF.HE_20250122111134_HH_EV
HE,VAF,HH,63.0471,22.6683,,2547,manual,0.5,,3703,manual,0.5,20250123T074856Z_20250123T074956Z,,,,,,,,,,,explosion,,,,,,[0.9256 7.2538 1.2930],5321,2025-01-23 07:48:56.410000,earthquake_local,VAF.HE_20250123074856_HH_EV
HE,VAF,HH,63.0471,22.6683,,1169,manual,0.5,,4193,manual,0.5,20250123T113343Z_20250123T113443Z,,,,,,,,,,,explosion,,,,,,[-0.9628 -0.5369 0.2078],5999,2025-01-23 11:33:43.790000,earthquake_local,VAF.HE_20250123113343_HH_EV
HE,VAF,HH,63.0471,22.6683,,2729,manual,0.5,,5036,manual,0.5,20250123T115202Z_20250123T115302Z,,,,,,,,,,,explosion,,,,,,[-0.3379 -2.7507 0.6886],5999,2025-01-23 11:52:02.240000,earthquake_local,VAF.HE_20250123115202_HH_EV
HE,VAF,HH,63.0471,22.6683,,1241,manual,0.5,,2800,manual,0.5,20250123T115811Z_20250123T115911Z,,,,,,,,,,,explosion,,,,,,[-1.6062 1.3059 2.7570],4983,2025-01-23 11:58:11.720000,earthquake_local,VAF.HE_20250123115811_HH_EV
HE,VAF,HH,63.0471,22.6683,,1113,manual,0.5,,4947,manual,0.5,20250123T120809Z_20250123T120909Z,,,,,,,,,,,explosion,,,,,,[-0.4091 4.2705 1.5969],5999,2025-01-23 12:08:09.050000,earthquake_local,VAF.HE_20250123120809_HH_EV
HE,VAF,HH,63.0471,22.6683,,2161,manual,0.5,,4271,manual,0.5,20250123T132034Z_20250123T132134Z,,,,,,,,,,,explosion,,,,,,[-0.2183 -1.0676 1.9242],5999,2025-01-23 13:20:34.670000,earthquake_local,VAF.HE_20250123132034_HH_EV
HE,VAF,HH,63.0471,22.6683,,1429,manual,0.5,,3759,manual,0.5,20250124T094822Z_20250124T094922Z,,,,,,,,,,,explosion,,,,,,[1.1245 -1.6869 0.1414],5999,2025-01-24 09:48:22.090000,earthquake_local,VAF.HE_20250124094822_HH_EV
HE,VAF,HH,63.0471,22.6683,,2505,manual,0.5,,5491,manual,0.5,20250124T113833Z_20250124T113933Z,,,,,,,,,,,explosion,,,,,,[0.8852 0.6999 -1.0985],5999,2025-01-24 11:38:33.650000,earthquake_local,VAF.HE_20250124113833_HH_EV
HE,VAF,HH,63.0471,22.6683,,2134,manual,0.5,,4170,manual,0.5,20250127T105818Z_20250127T105918Z,,,,,,,,,,,explosion,,,,,,[-1.3892 -0.0258 -4.5172],5999,2025-01-27 10:58:18.470000,earthquake_local,VAF.HE_20250127105818_HH_EV
HE,VAF,HH,63.0471,22.6683,,1964,manual,0.5,,4441,manual,0.5,20250128T094858Z_20250128T094958Z,,,,,,,,,,,explosion,,,,,,[-1.3185 -4.1135 -3.4517],5999,2025-01-28 09:48:58.520000,earthquake_local,VAF.HE_20250128094858_HH_EV
HE,VAF,HH,63.0471,22.6683,,1461,manual,0.5,,4053,manual,0.5,20250129T101656Z_20250129T101756Z,,,,,,,,,,,explosion,,,,,,[1.1596 -4.1775 0.1275],5999,2025-01-29 10:16:56.070000,earthquake_local,VAF.HE_20250129101656_HH_EV
HE,VAF,HH,63.0471,22.6683,,1135,manual,0.5,,3196,manual,0.5,20250129T103037Z_20250129T103137Z,,,,,,,,,,,explosion,,,,,,[2.3186 5.3307 4.1581],5999,2025-01-29 10:30:37.880000,earthquake_local,VAF.HE_20250129103037_HH_EV
HE,VAF,HH,63.0471,22.6683,,4567,manual,0.5,,5331,manual,0.5,20250129T115613Z_20250129T115713Z,,,,,,,,,,,explosion,,,,,,[-2.9339 3.6571 7.5226],5999,2025-01-29 11:56:13.210000,earthquake_local,VAF.HE_20250129115613_HH_EV
HE,VAF,HH,63.0471,22.6683,,1300,manual,0.5,,3096,manual,0.5,20250130T093836Z_20250130T093936Z,,,,,,,,,,,explosion,,,,,,[-0.9164 2.1498 0.7807],5610,2025-01-30 09:38:36.080000,earthquake_local,VAF.HE_20250130093836_HH_EV
HE,VAF,HH,63.0471,22.6683,,569,manual,0.5,,4374,manual,0.5,20250130T120603Z_20250130T120703Z,,,,,,,,,,,explosion,,,,,,[1.8993 1.5548 -0.5730],5999,2025-01-30 12:06:03.340000,earthquake_local,VAF.HE_20250130120603_HH_EV
HE,VAF,HH,63.0471,22.6683,,542,manual,0.5,,2733,manual,0.5,20250130T123107Z_20250130T123207Z,,,,,,,,,,,explosion,,,,,,[0.4775 1.1220 4.4686],5800,2025-01-30 12:31:07.410000,earthquake_local,VAF.HE_20250130123107_HH_EV
HE,VAF,HH,63.0471,22.6683,,898,manual,0.5,,2936,manual,0.5,20250130T131449Z_20250130T131549Z,,,,,,,,,,,explosion,,,,,,[0.2999 -8.1887 -0.7525],5789,2025-01-30 13:14:50.000000,earthquake_local,VAF.HE_20250130131449_HH_EV
HE,VAF,HH,63.0471,22.6683,,1115,manual,0.5,,3657,manual,0.5,20250131T081742Z_20250131T081842Z,,,,,,,,,,,explosion,,,,,,[-1.9432 -4.8391 -1.6038],5999,2025-01-31 08:17:42.630000,earthquake_local,VAF.HE_20250131081742_HH_EV
HE,VAF,HH,63.0471,22.6683,,1293,manual,0.5,,3718,manual,0.5,20250131T132501Z_20250131T132601Z,,,,,,,,,,,explosion,,,,,,[-0.1830 -1.7000 0.8416],5999,2025-01-31 13:25:01.470000,earthquake_local,VAF.HE_20250131132501_HH_EV
HE,VAF,HH,63.0471,22.6683,,1254,manual,0.5,,2437,manual,0.5,20250204T124548Z_20250204T124648Z,,,,,,,,,,,explosion,,,,,,[8.0759 -7.2852 2.1664],4093,2025-02-04 12:45:48.480000,earthquake_local,VAF.HE_20250204124548_HH_EV
HE,VAF,HH,63.0471,22.6683,,1106,manual,0.5,,3783,manual,0.5,20250205T005239Z_20250205T005339Z,,,,,,,,,,,explosion,,,,,,[-0.1402 7.0926 4.3406],5999,2025-02-05 00:52:39.400000,earthquake_local,VAF.HE_20250205005239_HH_EV
HE,VAF,HH,63.0471,22.6683,,2438,manual,0.5,,5001,manual,0.5,20250205T121523Z_20250205T121623Z,,,,,,,,,,,explosion,,,,,,[2.7196 3.0037 6.5461],5999,2025-02-05 12:15:23.550000,earthquake_local,VAF.HE_20250205121523_HH_EV
HE,VAF,HH,63.0471,22.6683,,1793,manual,0.5,,4252,manual,0.5,20250206T084843Z_20250206T084943Z,,,,,,,,,,,explosion,,,,,,[-4.8533 1.5647 -3.0608],5999,2025-02-06 08:48:43.690000,earthquake_local,VAF.HE_20250206084843_HH_EV
HE,VAF,HH,63.0471,22.6683,,1248,manual,0.5,,5101,manual,0.5,20250206T090255Z_20250206T090355Z,,,,,,,,,,,explosion,,,,,,[3.4584 0.5513 -0.6094],5999,2025-02-06 09:02:55.850000,earthquake_local,VAF.HE_20250206090255_HH_EV
HE,VAF,HH,63.0471,22.6683,,1595,manual,0.5,,4667,manual,0.5,20250206T114139Z_20250206T114239Z,,,,,,,,,,,explosion,,,,,,[1.6448 3.6588 2.9370],5999,2025-02-06 11:41:39.210000,earthquake_local,VAF.HE_20250206114139_HH_EV
HE,VAF,HH,63.0471,22.6683,,4228,manual,0.5,,4931,manual,0.5,20250206T115453Z_20250206T115553Z,,,,,,,,,,,explosion,,,,,,[-0.2581 -1.2277 1.2702],5915,2025-02-06 11:54:53.170000,earthquake_local,VAF.HE_20250206115453_HH_EV
HE,VAF,HH,63.0471,22.6683,,1365,manual,0.5,,2875,manual,0.5,20250206T123722Z_20250206T123822Z,,,,,,,,,,,explosion,,,,,,[-2.1561 -1.7899 -4.1889],4989,2025-02-06 12:37:22.830000,earthquake_local,VAF.HE_20250206123722_HH_EV
HE,VAF,HH,63.0471,22.6683,,691,manual,0.5,,3025,manual,0.5,20250206T133316Z_20250206T133416Z,,,,,,,,,,,explosion,,,,,,[0.4363 2.5363 6.3976],5999,2025-02-06 13:33:17.000000,earthquake_local,VAF.HE_20250206133316_HH_EV
HE,VAF,HH,63.0471,22.6683,,2343,manual,0.5,,4719,manual,0.5,20250207T082013Z_20250207T082113Z,,,,,,,,,,,explosion,,,,,,[7.1607 -3.2635 1.8068],5999,2025-02-07 08:20:13.250000,earthquake_local,VAF.HE_20250207082013_HH_EV
HE,VAF,HH,63.0471,22.6683,,2252,manual,0.5,,5274,manual,0.5,20250207T114025Z_20250207T114125Z,,,,,,,,,,,explosion,,,,,,[1.1093 9.1466 0.2099],5999,2025-02-07 11:40:25.260000,earthquake_local,VAF.HE_20250207114025_HH_EV
HE,VAF,HH,63.0471,22.6683,,1292,manual,0.5,,4935,manual,0.5,20250207T130649Z_20250207T130749Z,,,,,,,,,,,explosion,,,,,,[-1.8869 3.7697 8.4907],5999,2025-02-07 13:06:49.810000,earthquake_local,VAF.HE_20250207130649_HH_EV
HE,VAF,HH,63.0471,22.6683,,2239,manual,0.5,,5207,manual,0.5,20250211T121520Z_20250211T121620Z,,,,,,,,,,,explosion,,,,,,[0.3498 4.6620 0.4988],5999,2025-02-11 12:15:20.390000,earthquake_local,VAF.HE_20250211121520_HH_EV
HE,VAF,HH,63.0471,22.6683,,2955,manual,0.5,,5303,manual,0.5,20250211T141059Z_20250211T141159Z,,,,,,,,,,,explosion,,,,,,[2.3339 8.4819 8.0472],5999,2025-02-11 14:10:59.500000,earthquake_local,VAF.HE_20250211141059_HH_EV
HE,VAF,HH,63.0471,22.6683,,1923,manual,0.5,,3960,manual,0.5,20250212T112850Z_20250212T112950Z,,,,,,,,,,,explosion,,,,,,[-0.3744 2.9266 -0.1392],5999,2025-02-12 11:28:50.600000,earthquake_local,VAF.HE_20250212112850_HH_EV
HE,VAF,HH,63.0471,22.6683,,3225,manual,0.5,,5134,manual,0.5,20250212T113632Z_20250212T113732Z,,,,,,,,,,,explosion,,,,,,[-2.2212 -2.9315 -1.1307],5999,2025-02-12 11:36:32.730000,earthquake_local,VAF.HE_20250212113632_HH_EV
HE,VAF,HH,63.0471,22.6683,,3491,manual,0.5,,5412,manual,0.5,20250213T091602Z_20250213T091702Z,,,,,,,,,,,explosion,,,,,,[1.6630 4.2927 3.4759],5999,2025-02-13 09:16:02.060000,earthquake_local,VAF.HE_20250213091602_HH_EV
HE,VAF,HH,63.0471,22.6683,,1885,manual,0.5,,4965,manual,0.5,20250213T114245Z_20250213T114345Z,,,,,,,,,,,explosion,,,,,,[-0.3612 -2.6754 -0.1383],5999,2025-02-13 11:42:45.070000,earthquake_local,VAF.HE_20250213114245_HH_EV
HE,VAF,HH,63.0471,22.6683,,639,manual,0.5,,3574,manual,0.5,20250214T094733Z_20250214T094833Z,,,,,,,,,,,explosion,,,,,,[1.1467 -0.0503 2.4115],5999,2025-02-14 09:47:33.190000,earthquake_local,VAF.HE_20250214094733_HH_EV
HE,VAF,HH,63.0471,22.6683,,3448,manual,0.5,,4933,manual,0.5,20250214T095022Z_20250214T095122Z,,,,,,,,,,,explosion,,,,,,[0.8574 9.2391 5.2018],5999,2025-02-14 09:50:22.650000,earthquake_local,VAF.HE_20250214095022_HH_EV
HE,VAF,HH,63.0471,22.6683,,2719,manual,0.5,,5127,manual,0.5,20250214T103100Z_20250214T103200Z,,,,,,,,,,,explosion,,,,,,[-0.8119 1.3972 2.3924],5999,2025-02-14 10:31:00.330000,earthquake_local,VAF.HE_20250214103100_HH_EV
HE,VAF,HH,63.0471,22.6683,,1270,manual,0.5,,3564,manual,0.5,20250217T114239Z_20250217T114339Z,,,,,,,,,,,explosion,,,,,,[-2.1739 -0.2674 2.3989],5999,2025-02-17 11:42:39.170000,earthquake_local,VAF.HE_20250217114239_HH_EV
HE,VAF,HH,63.0471,22.6683,,1117,manual,0.5,,3492,manual,0.5,20250218T080437Z_20250218T080537Z,,,,,,,,,,,explosion,,,,,,[-1.7214 2.1934 3.3063],5999,2025-02-18 08:04:37.910000,earthquake_local,VAF.HE_20250218080437_HH_EV
HE,VAF,HH,63.0471,22.6683,,1313,manual,0.5,,3352,manual,0.5,20250218T115922Z_20250218T120022Z,,,,,,,,,,,explosion,,,,,,[2.6581 8.4069 1.7196],5999,2025-02-18 11:59:22.460000,earthquake_local,VAF.HE_20250218115922_HH_EV
HE,VAF,HH,63.0471,22.6683,,1207,manual,0.5,,2260,manual,0.5,20250219T134113Z_20250219T134213Z,,,,,,,,,,,explosion,,,,,,[2.4575 5.9613 -4.8891],3734,2025-02-19 13:41:13.300000,earthquake_local,VAF.HE_20250219134113_HH_EV
HE,VAF,HH,63.0471,22.6683,,2164,manual,0.5,,4510,manual,0.5,20250220T072953Z_20250220T073053Z,,,,,,,,,,,explosion,,,,,,[-0.7861 5.5156 4.7815],5999,2025-02-20 07:29:53.480000,earthquake_local,VAF.HE_20250220072953_HH_EV
HE,VAF,HH,63.0471,22.6683,,1586,manual,0.5,,3622,manual,0.5,20250220T093311Z_20250220T093411Z,,,,,,,,,,,explosion,,,,,,[1.5372 -1.1267 0.6355],5999,2025-02-20 09:33:11.800000,earthquake_local,VAF.HE_20250220093311_HH_EV
HE,VAF,HH,63.0471,22.6683,,4436,manual,0.5,,5332,manual,0.5,20250220T111151Z_20250220T111251Z,,,,,,,,,,,explosion,,,,,,[-4.0172 6.0450 -1.8111],5999,2025-02-20 11:11:51.360000,earthquake_local,VAF.HE_20250220111151_HH_EV
HE,VAF,HH,63.0471,22.6683,,3159,manual,0.5,,4823,manual,0.5,20250220T114653Z_20250220T114753Z,,,,,,,,,,,explosion,,,,,,[3.1377 9.5451 6.0697],5999,2025-02-20 11:46:53.110000,earthquake_local,VAF.HE_20250220114653_HH_EV
HE,VAF,HH,63.0471,22.6683,,4342,manual,0.5,,5141,manual,0.5,20250220T131640Z_20250220T131740Z,,,,,,,,,,,explosion,,,,,,[5.2284 0.0740 5.6708],5999,2025-02-20 13:16:40.110000,earthquake_local,VAF.HE_20250220131640_HH_EV
HE,VAF,HH,63.0471,22.6683,,1546,manual,0.5,,5394,manual,0.5,20250220T150740Z_20250220T150840Z,,,,,,,,,,,explosion,,,,,,[0.2811 5.8491 -1.6918],5999,2025-02-20 15:07:40.820000,earthquake_local,VAF.HE_20250220150740_HH_EV
HE,VAF,HH,63.0471,22.6683,,1055,manual,0.5,,4059,manual,0.5,20250221T113641Z_20250221T113741Z,,,,,,,,,,,explosion,,,,,,[2.5257 -6.4515 6.2020],5999,2025-02-21 11:36:41.130000,earthquake_local,VAF.HE_20250221113641_HH_EV
HE,VAF,HH,63.0471,22.6683,,3584,manual,0.5,,4786,manual,0.5,20250221T130238Z_20250221T130338Z,,,,,,,,,,,explosion,,,,,,[-1.2244 0.7914 -1.9243],5999,2025-02-21 13:02:38.030000,earthquake_local,VAF.HE_20250221130238_HH_EV
HE,VAF,HH,63.0471,22.6683,,1539,manual,0.5,,3951,manual,0.5,20250221T162638Z_20250221T162738Z,,,,,,,,,,,explosion,,,,,,[-0.3192 -1.1840 1.2731],5999,2025-02-21 16:26:38.390000,earthquake_local,VAF.HE_20250221162638_HH_EV
HE,VAF,HH,63.0471,22.6683,,2571,manual,0.5,,3633,manual,0.5,20250224T075816Z_20250224T075916Z,,,,,,,,,,,explosion,,,,,,[-0.4897 1.2724 -4.9492],5120,2025-02-24 07:58:16.330000,earthquake_local,VAF.HE_20250224075816_HH_EV
HE,VAF,HH,63.0471,22.6683,,696,manual,0.5,,2337,manual,0.5,20250224T110908Z_20250224T111008Z,,,,,,,,,,,explosion,,,,,,[0.2666 -6.2704 -0.9414],4634,2025-02-24 11:09:08.970000,earthquake_local,VAF.HE_20250224110908_HH_EV
HE,VAF,HH,63.0471,22.6683,,2130,manual,0.5,,5210,manual,0.5,20250224T114607Z_20250224T114707Z,,,,,,,,,,,explosion,,,,,,[1.6838 4.9044 -2.5366],5999,2025-02-24 11:46:07.660000,earthquake_local,VAF.HE_20250224114607_HH_EV
HE,VAF,HH,63.0471,22.6683,,3212,manual,0.5,,4875,manual,0.5,20250224T133645Z_20250224T133745Z,,,,,,,,,,,explosion,,,,,,[-1.5691 9.9275 1.8280],5999,2025-02-24 13:36:45.650000,earthquake_local,VAF.HE_20250224133645_HH_EV
HE,VAF,HH,63.0471,22.6683,,2439,manual,0.5,,4410,manual,0.5,20250225T121858Z_20250225T121958Z,,,,,,,,,,,explosion,,,,,,[-2.4194 -2.9796 5.1554],5999,2025-02-25 12:18:58.440000,earthquake_local,VAF.HE_20250225121858_HH_EV
HE,VAF,HH,63.0471,22.6683,,1902,manual,0.5,,4136,manual,0.5,20250225T134847Z_20250225T134947Z,,,,,,,,,,,explosion,,,,,,[0.9191 4.0566 4.5797],5999,2025-02-25 13:48:47.320000,earthquake_local,VAF.HE_20250225134847_HH_EV
HE,VAF,HH,63.0471,22.6683,,1046,manual,0.5,,4014,manual,0.5,20250226T105646Z_20250226T105746Z,,,,,,,,,,,explosion,,,,,,[1.4641 0.7896 -0.6451],5999,2025-02-26 10:56:46.500000,earthquake_local,VAF.HE_20250226105646_HH_EV
HE,VAF,HH,63.0471,22.6683,,3277,manual,0.5,,5343,manual,0.5,20250226T124340Z_20250226T124440Z,,,,,,,,,,,explosion,,,,,,[3.1776 7.7453 5.1003],5999,2025-02-26 12:43:40.770000,earthquake_local,VAF.HE_20250226124340_HH_EV
HE,VAF,HH,63.0471,22.6683,,850,manual,0.5,,2558,manual,0.5,20250226T140547Z_20250226T140647Z,,,,,,,,,,,explosion,,,,,,[0.6470 -5.6038 -3.9516],4949,2025-02-26 14:05:47.020000,earthquake_local,VAF.HE_20250226140547_HH_EV
HE,VAF,HH,63.0471,22.6683,,1015,manual,0.5,,2947,manual,0.5,20250227T091410Z_20250227T091510Z,,,,,,,,,,,explosion,,,,,,[2.3695 -2.2191 0.9645],5652,2025-02-27 09:14:10.170000,earthquake_local,VAF.HE_20250227091410_HH_EV
HE,VAF,HH,63.0471,22.6683,,577,manual,0.5,,4364,manual,0.5,20250227T120449Z_20250227T120549Z,,,,,,,,,,,explosion,,,,,,[2.3711 -0.3570 -0.9555],5999,2025-02-27 12:04:49.560000,earthquake_local,VAF.HE_20250227120449_HH_EV
HE,VAF,HH,63.0471,22.6683,,1787,manual,0.5,,4534,manual,0.5,20250227T121122Z_20250227T121222Z,,,,,,,,,,,explosion,,,,,,[0.3640 -3.8937 -1.0512],5999,2025-02-27 12:11:22.060000,earthquake_local,VAF.HE_20250227121122_HH_EV
HE,VAF,HH,63.0471,22.6683,,531,manual,0.5,,2564,manual,0.5,20250228T085305Z_20250228T085405Z,,,,,,,,,,,explosion,,,,,,[1.4325 -3.8060 1.9740],5410,2025-02-28 08:53:05.920000,earthquake_local,VAF.HE_20250228085305_HH_EV
HE,VAF,HH,63.0471,22.6683,,2911,manual,0.5,,4871,manual,0.5,20250228T085711Z_20250228T085811Z,,,,,,,,,,,explosion,,,,,,[1.5086 1.9790 1.1496],5999,2025-02-28 08:57:11.890000,earthquake_local,VAF.HE_20250228085711_HH_EV
HE,VAF,HH,63.0471,22.6683,,800,manual,0.5,,3709,manual,0.5,20250228T095947Z_20250228T100047Z,,,,,,,,,,,explosion,,,,,,[1.0834 0.1823 0.6611],5999,2025-02-28 09:59:47.840000,earthquake_local,VAF.HE_20250228095947_HH_EV
HE,VAF,HH,63.0471,22.6683,,1307,manual,0.5,,4317,manual,0.5,20250228T113656Z_20250228T113756Z,,,,,,,,,,,explosion,,,,,,[0.5128 -0.7862 -2.1909],5999,2025-02-28 11:36:56.710000,earthquake_local,VAF.HE_20250228113656_HH_EV
HE,VJF,HH,60.5388,27.555,,4191,manual,0.5,,4730,manual,0.5,20250102T091636Z_20250102T091736Z,,,,,,,,,,,explosion,,,,,,[1.7797 1.6159 -3.2504],5485,2025-01-02 09:16:36.816000,earthquake_local,VJF.HE_20250102091636_HH_EV
HE,VJF,HH,60.5388,27.555,,1246,manual,0.5,,4928,manual,0.5,20250103T114200Z_20250103T114300Z,,,,,,,,,,,explosion,,,,,,[0.7624 2.4854 -7.2121],5999,2025-01-03 11:42:00.124000,earthquake_local,VJF.HE_20250103114200_HH_EV
HE,VJF,HH,60.5388,27.555,,4592,manual,0.5,,5412,manual,0.5,20250103T115327Z_20250103T115427Z,,,,,,,,,,,explosion,,,,,,[4.8846 7.3355 6.8441],5999,2025-01-03 11:53:27.460000,earthquake_local,VJF.HE_20250103115327_HH_EV
HE,VJF,HH,60.5388,27.555,,2519,manual,0.5,,3047,manual,0.5,20250108T094921Z_20250108T095021Z,,,,,,,,,,,explosion,,,,,,[17.5977 9.2758 7.9279],3786,2025-01-08 09:49:21.048000,earthquake_local,VJF.HE_20250108094921_HH_EV
HE,VJF,HH,60.5388,27.555,,2669,manual,0.5,,3249,manual,0.5,20250108T104213Z_20250108T104313Z,,,,,,,,,,,explosion,,,,,,[9.9202 9.5051 1.7397],4061,2025-01-08 10:42:13.384000,earthquake_local,VJF.HE_20250108104213_HH_EV
HE,VJF,HH,60.5388,27.555,,2662,manual,0.5,,4160,manual,0.5,20250109T124757Z_20250109T124857Z,,,,,,,,,,,explosion,,,,,,[2.5528 8.3262 -0.0512],5999,2025-01-09 12:47:57.324000,earthquake_local,VJF.HE_20250109124757_HH_EV
HE,VJF,HH,60.5388,27.555,,4455,manual,0.5,,4855,manual,0.5,20250110T102408Z_20250110T102508Z,,,,,,,,,,,explosion,,,,,,[19.4933 14.7957 8.4616],5415,2025-01-10 10:24:08.428000,earthquake_local,VJF.HE_20250110102408_HH_EV
HE,VJF,HH,60.5388,27.555,,1286,manual,0.5,,3860,manual,0.5,20250110T110131Z_20250110T110231Z,,,,,,,,,,,explosion,,,,,,[2.1463 0.9380 -1.8257],5999,2025-01-10 11:01:31.720000,earthquake_local,VJF.HE_20250110110131_HH_EV
HE,VJF,HH,60.5388,27.555,,2020,manual,0.5,,5424,manual,0.5,20250110T115202Z_20250110T115302Z,,,,,,,,,,,explosion,,,,,,[-1.2088 -1.4956 1.5745],5999,2025-01-10 11:52:02.724000,earthquake_local,VJF.HE_20250110115202_HH_EV
HE,VJF,HH,60.5388,27.555,,2038,manual,0.5,,4214,manual,0.5,20250110T132921Z_20250110T133021Z,,,,,,,,,,,explosion,,,,,,[3.3959 2.3537 2.6885],5999,2025-01-10 13:29:21.724000,earthquake_local,VJF.HE_20250110132921_HH_EV
HE,VJF,HH,60.5388,27.555,,576,manual,0.5,,2066,manual,0.5,20250113T121151Z_20250113T121251Z,,,,,,,,,,,explosion,,,,,,[2.7931 0.2231 1.5871],4152,2025-01-13 12:11:51.920000,earthquake_local,VJF.HE_20250113121151_HH_EV
HE,VJF,HH,60.5388,27.555,,915,manual,0.5,,3297,manual,0.5,20250113T140150Z_20250113T140250Z,,,,,,,,,,,explosion,,,,,,[-5.3854 3.3690 -1.3760],5999,2025-01-13 14:01:50.972000,earthquake_local,VJF.HE_20250113140150_HH_EV
HE,VJF,HH,60.5388,27.555,,3903,manual,0.5,,5473,manual,0.5,20250113T142344Z_20250113T142444Z,,,,,,,,,,,explosion,,,,,,[-3.1227 2.1749 7.2493],5999,2025-01-13 14:23:44.728000,earthquake_local,VJF.HE_20250113142344_HH_EV
HE,VJF,HH,60.5388,27.555,,2258,manual,0.5,,3607,manual,0.5,20250114T122509Z_20250114T122609Z,,,,,,,,,,,explosion,,,,,,[-3.5723 -2.0343 -3.6838],5496,2025-01-14 12:25:09.948000,earthquake_local,VJF.HE_20250114122509_HH_EV
HE,VJF,HH,60.5388,27.555,,1726,manual,0.5,,2523,manual,0.5,20250115T115354Z_20250115T115454Z,,,,,,,,,,,explosion,,,,,,[7.8718 11.1295 2.8076],3639,2025-01-15 11:53:54.452000,earthquake_local,VJF.HE_20250115115354_HH_EV
HE,VJF,HH,60.5388,27.555,,1013,manual,0.5,,1971,manual,0.5,20250115T121531Z_20250115T121631Z,,,,,,,,,,,explosion,,,,,,[6.8975 8.8532 6.3827],3312,2025-01-15 12:15:31.988000,earthquake_local,VJF.HE_20250115121531_HH_EV
HE,VJF,HH,60.5388,27.555,,2529,manual,0.5,,4781,manual,0.5,20250115T134622Z_20250115T134722Z,,,,,,,,,,,explosion,,,,,,[2.5423 -0.9269 4.4822],5999,2025-01-15 13:46:22.292000,earthquake_local,VJF.HE_20250115134622_HH_EV
HE,VJF,HH,60.5388,27.555,,3732,manual,0.5,,5018,manual,0.5,20250116T095227Z_20250116T095327Z,,,,,,,,,,,explosion,,,,,,[-1.1202 0.0715 -4.7264],5999,2025-01-16 09:52:27.340000,earthquake_local,VJF.HE_20250116095227_HH_EV
HE,VJF,HH,60.5388,27.555,,4125,manual,0.5,,5157,manual,0.5,20250116T100257Z_20250116T100357Z,,,,,,,,,,,explosion,,,,,,[9.5700 2.1243 2.8979],5999,2025-01-16 10:02:57.820000,earthquake_local,VJF.HE_20250116100257_HH_EV
HE,VJF,HH,60.5388,27.555,,2804,manual,0.5,,5000,manual,0.5,20250116T113112Z_20250116T113212Z,,,,,,,,,,,explosion,,,,,,[6.4607 2.9041 5.4273],5999,2025-01-16 11:31:12.444000,earthquake_local,VJF.HE_20250116113112_HH_EV
HE,VJF,HH,60.5388,27.555,,2352,manual,0.5,,4174,manual,0.5,20250116T113718Z_20250116T113818Z,,,,,,,,,,,explosion,,,,,,[4.8471 0.4055 2.6314],5999,2025-01-16 11:37:18.364000,earthquake_local,VJF.HE_20250116113718_HH_EV
HE,VJF,HH,60.5388,27.555,,1629,manual,0.5,,5211,manual,0.5,20250116T114213Z_20250116T114313Z,,,,,,,,,,,explosion,,,,,,[10.0221 0.3335 0.9421],5999,2025-01-16 11:42:13.312000,earthquake_local,VJF.HE_20250116114213_HH_EV
HE,VJF,HH,60.5388,27.555,,1522,manual,0.5,,3672,manual,0.5,20250116T163446Z_20250116T163546Z,,,,,,,,,,,explosion,,,,,,[1.9521 4.0808 -1.1851],5999,2025-01-16 16:34:46.656000,earthquake_local,VJF.HE_20250116163446_HH_EV
HE,VJF,HH,60.5388,27.555,,3455,manual,0.5,,5130,manual,0.5,20250117T094329Z_20250117T094429Z,,,,,,,,,,,explosion,,,,,,[-0.3331 1.3359 -1.1998],5999,2025-01-17 09:43:29.944000,earthquake_local,VJF.HE_20250117094329_HH_EV
HE,VJF,HH,60.5388,27.555,,1541,manual,0.5,,1938,manual,0.5,20250122T090228Z_20250122T090328Z,,,,,,,,,,,explosion,,,,,,[12.5525 14.5708 6.1193],2494,2025-01-22 09:02:28.912000,earthquake_local,VJF.HE_20250122090228_HH_EV
HE,VJF,HH,60.5388,27.555,,3198,manual,0.5,,3956,manual,0.5,20250122T115341Z_20250122T115441Z,,,,,,,,,,,explosion,,,,,,[4.4563 14.3653 -0.2949],5017,2025-01-22 11:53:41.984000,earthquake_local,VJF.HE_20250122115341_HH_EV
HE,VJF,HH,60.5388,27.555,,2742,manual,0.5,,4475,manual,0.5,20250122T115428Z_20250122T115528Z,,,,,,,,,,,explosion,,,,,,[-2.1678 -3.1575 -1.2136],5999,2025-01-22 11:54:28.584000,earthquake_local,VJF.HE_20250122115428_HH_EV
HE,VJF,HH,60.5388,27.555,,569,manual,0.5,,2513,manual,0.5,20250122T122807Z_20250122T122907Z,,,,,,,,,,,explosion,,,,,,[0.6761 2.5100 0.5000],5235,2025-01-22 12:28:07.900000,earthquake_local,VJF.HE_20250122122807_HH_EV
HE,VJF,HH,60.5388,27.555,,1635,manual,0.5,,1982,manual,0.5,20250122T142804Z_20250122T142904Z,,,,,,,,,,,explosion,,,,,,[17.6722 25.4028 10.8665],2468,2025-01-22 14:28:04.296000,earthquake_local,VJF.HE_20250122142804_HH_EV
HE,VJF,HH,60.5388,27.555,,3716,manual,0.5,,4955,manual,0.5,20250123T110210Z_20250123T110310Z,,,,,,,,,,,explosion,,,,,,[7.1894 5.8486 1.2621],5999,2025-01-23 11:02:10.200000,earthquake_local,VJF.HE_20250123110210_HH_EV
HE,VJF,HH,60.5388,27.555,,1254,manual,0.5,,4720,manual,0.5,20250123T113347Z_20250123T113447Z,,,,,,,,,,,explosion,,,,,,[-0.8341 -0.5176 0.0626],5999,2025-01-23 11:33:47.740000,earthquake_local,VJF.HE_20250123113347_HH_EV
HE,VJF,HH,60.5388,27.555,,1353,manual,0.5,,2937,manual,0.5,20250124T092742Z_20250124T092842Z,,,,,,,,,,,explosion,,,,,,[1.8747 6.0680 -1.4203],5155,2025-01-24 09:27:42.820000,earthquake_local,VJF.HE_20250124092742_HH_EV
HE,VJF,HH,60.5388,27.555,,742,manual,0.5,,2514,manual,0.5,20250124T114131Z_20250124T114231Z,,,,,,,,,,,explosion,,,,,,[2.0205 6.3337 0.9951],4995,2025-01-24 11:41:31.140000,earthquake_local,VJF.HE_20250124114131_HH_EV
HE,VJF,HH,60.5388,27.555,,2783,manual,0.5,,3590,manual,0.5,20250124T115346Z_20250124T115446Z,,,,,,,,,,,explosion,,,,,,[1.7593 10.6916 8.3022],4720,2025-01-24 11:53:46.384000,earthquake_local,VJF.HE_20250124115346_HH_EV
HE,VJF,HH,60.5388,27.555,,989,manual,0.5,,3151,manual,0.5,20250124T140905Z_20250124T141005Z,,,,,,,,,,,explosion,,,,,,[10.7688 0.3621 -3.7180],5999,2025-01-24 14:09:05.008000,earthquake_local,VJF.HE_20250124140905_HH_EV
HE,VJF,HH,60.5388,27.555,,509,manual,0.5,,3445,manual,0.5,20250126T084958Z_20250126T085058Z,,,,,,,,,,,explosion,,,,,,[5.0988 -0.0379 -1.3048],5999,2025-01-26 08:49:58.240000,earthquake_local,VJF.HE_20250126084958_HH_EV
HE,VJF,HH,60.5388,27.555,,4141,manual,0.5,,4612,manual,0.5,20250127T120713Z_20250127T120813Z,,,,,,,,,,,explosion,,,,,,[10.1331 7.1254 1.9043],5271,2025-01-27 12:07:13.384000,earthquake_local,VJF.HE_20250127120713_HH_EV
HE,VJF,HH,60.5388,27.555,,2335,manual,0.5,,3193,manual,0.5,20250127T135223Z_20250127T135323Z,,,,,,,,,,,explosion,,,,,,[6.2440 6.2917 -0.7496],4394,2025-01-27 13:52:23.132000,earthquake_local,VJF.HE_20250127135223_HH_EV
HE,VJF,HH,60.5388,27.555,,1263,manual,0.5,,2838,manual,0.5,20250128T102508Z_20250128T102608Z,,,,,,,,,,,explosion,,,,,,[3.6583 -1.9423 -1.4704],5043,2025-01-28 10:25:08.408000,earthquake_local,VJF.HE_20250128102508_HH_EV
HE,VJF,HH,60.5388,27.555,,2472,manual,0.5,,4192,manual,0.5,20250128T105308Z_20250128T105408Z,,,,,,,,,,,explosion,,,,,,[-3.1997 7.5272 2.1789],5999,2025-01-28 10:53:08.960000,earthquake_local,VJF.HE_20250128105308_HH_EV
HE,VJF,HH,60.5388,27.555,,4146,manual,0.5,,5053,manual,0.5,20250128T123313Z_20250128T123413Z,,,,,,,,,,,explosion,,,,,,[2.4625 10.1797 -2.1128],5999,2025-01-28 12:33:13.280000,earthquake_local,VJF.HE_20250128123313_HH_EV
HE,VJF,HH,60.5388,27.555,,1593,manual,0.5,,3490,manual,0.5,20250129T082439Z_20250129T082539Z,,,,,,,,,,,explosion,,,,,,[-2.2128 0.9173 4.5079],5999,2025-01-29 08:24:39.608000,earthquake_local,VJF.HE_20250129082439_HH_EV
HE,VJF,HH,60.5388,27.555,,2622,manual,0.5,,3816,manual,0.5,20250129T102625Z_20250129T102725Z,,,,,,,,,,,explosion,,,,,,[2.7311 2.8074 -3.3996],5488,2025-01-29 10:26:25.460000,earthquake_local,VJF.HE_20250129102625_HH_EV
HE,VJF,HH,60.5388,27.555,,2528,manual,0.5,,4254,manual,0.5,20250129T113152Z_20250129T113252Z,,,,,,,,,,,explosion,,,,,,[0.8848 -0.8273 10.3327],5999,2025-01-29 11:31:52.940000,earthquake_local,VJF.HE_20250129113152_HH_EV
HE,VJF,HH,60.5388,27.555,,1037,manual,0.5,,2291,manual,0.5,20250129T125518Z_20250129T125618Z,,,,,,,,,,,explosion,,,,,,[6.1412 1.0116 1.0646],4047,2025-01-29 12:55:18.684000,earthquake_local,VJF.HE_20250129125518_HH_EV
HE,VJF,HH,60.5388,27.555,,1845,manual,0.5,,3290,manual,0.5,20250129T131427Z_20250129T131527Z,,,,,,,,,,,explosion,,,,,,[2.7103 -1.1082 0.5523],5313,2025-01-29 13:14:27.152000,earthquake_local,VJF.HE_20250129131427_HH_EV
HE,VJF,HH,60.5388,27.555,,2260,manual,0.5,,4186,manual,0.5,20250130T105947Z_20250130T110047Z,,,,,,,,,,,explosion,,,,,,[2.2426 6.2278 -0.9732],5999,2025-01-30 10:59:47.544000,earthquake_local,VJF.HE_20250130105947_HH_EV
HE,VJF,HH,60.5388,27.555,,3193,manual,0.5,,4243,manual,0.5,20250130T120718Z_20250130T120818Z,,,,,,,,,,,explosion,,,,,,[16.7338 16.6097 3.5434],5713,2025-01-30 12:07:18.048000,earthquake_local,VJF.HE_20250130120718_HH_EV
HE,VJF,HH,60.5388,27.555,,1448,manual,0.5,,3470,manual,0.5,20250130T143812Z_20250130T143912Z,,,,,,,,,,,explosion,,,,,,[1.5062 0.4915 -0.7709],5999,2025-01-30 14:38:12.812000,earthquake_local,VJF.HE_20250130143812_HH_EV
HE,VJF,HH,60.5388,27.555,,3153,manual,0.5,,3445,manual,0.5,20250131T090133Z_20250131T090233Z,,,,,,,,,,,explosion,,,,,,[31.5297 23.6552 11.4457],3854,2025-01-31 09:01:33.712000,earthquake_local,VJF.HE_20250131090133_HH_EV
HE,VJF,HH,60.5388,27.555,,1762,manual,0.5,,4064,manual,0.5,20250131T113027Z_20250131T113127Z,,,,,,,,,,,explosion,,,,,,[3.2370 -0.5025 -2.4467],5999,2025-01-31 11:30:27.136000,earthquake_local,VJF.HE_20250131113027_HH_EV
HE,VJF,HH,60.5388,27.555,,1669,manual,0.5,,3665,manual,0.5,20250131T125703Z_20250131T125803Z,,,,,,,,,,,explosion,,,,,,[5.7276 0.8921 2.3794],5999,2025-01-31 12:57:03.076000,earthquake_local,VJF.HE_20250131125703_HH_EV
HE,VJF,HH,60.5388,27.555,,1458,manual,0.5,,2092,manual,0.5,20250204T113422Z_20250204T113522Z,,,,,,,,,,,explosion,,,,,,[4.6421 3.3398 -1.8923],2980,2025-02-04 11:34:22.672000,earthquake_local,VJF.HE_20250204113422_HH_EV
HE,VJF,HH,60.5388,27.555,,692,manual,0.5,,2562,manual,0.5,20250205T105343Z_20250205T105443Z,,,,,,,,,,,explosion,,,,,,[4.5138 0.8772 -0.1735],5180,2025-02-05 10:53:43.060000,earthquake_local,VJF.HE_20250205105343_HH_EV
HE,VJF,HH,60.5388,27.555,,2484,manual,0.5,,3740,manual,0.5,20250205T125745Z_20250205T125845Z,,,,,,,,,,,explosion,,,,,,[0.9048 0.8848 3.2045],5498,2025-02-05 12:57:45.912000,earthquake_local,VJF.HE_20250205125745_HH_EV
HE,VJF,HH,60.5388,27.555,,835,manual,0.5,,2098,manual,0.5,20250205T140512Z_20250205T140612Z,,,,,,,,,,,explosion,,,,,,[2.9248 -3.5383 2.9572],3866,2025-02-05 14:05:12.752000,earthquake_local,VJF.HE_20250205140512_HH_EV
HE,VJF,HH,60.5388,27.555,,4050,manual,0.5,,4556,manual,0.5,20250206T105821Z_20250206T105921Z,,,,,,,,,,,explosion,,,,,,[11.5234 10.8250 3.1974],5264,2025-02-06 10:58:21.076000,earthquake_local,VJF.HE_20250206105821_HH_EV
HE,VJF,HH,60.5388,27.555,,1601,manual,0.5,,5083,manual,0.5,20250206T114142Z_20250206T114242Z,,,,,,,,,,,explosion,,,,,,[-1.6004 3.6663 -1.8085],5999,2025-02-06 11:41:42.772000,earthquake_local,VJF.HE_20250206114142_HH_EV
HE,VJF,HH,60.5388,27.555,,3327,manual,0.5,,4083,manual,0.5,20250207T091526Z_20250207T091626Z,,,,,,,,,,,explosion,,,,,,[10.2153 5.4348 -0.9230],5141,2025-02-07 09:15:26.408000,earthquake_local,VJF.HE_20250207091526_HH_EV
HE,VJF,HH,60.5388,27.555,,890,manual,0.5,,4368,manual,0.5,20250207T114043Z_20250207T114143Z,,,,,,,,,,,explosion,,,,,,[-0.0755 8.1363 11.9077],5999,2025-02-07 11:40:43.276000,earthquake_local,VJF.HE_20250207114043_HH_EV
HE,VJF,HH,60.5388,27.555,,1571,manual,0.5,,3081,manual,0.5,20250207T121738Z_20250207T121838Z,,,,,,,,,,,explosion,,,,,,[4.5240 8.2212 -3.1402],5195,2025-02-07 12:17:38.168000,earthquake_local,VJF.HE_20250207121738_HH_EV
HE,VJF,HH,60.5388,27.555,,1966,manual,0.5,,4582,manual,0.5,20250208T091846Z_20250208T091946Z,,,,,,,,,,,explosion,,,,,,[-3.9136 -1.8437 -1.2826],5999,2025-02-08 09:18:46.760000,earthquake_local,VJF.HE_20250208091846_HH_EV
HE,VJF,HH,60.5388,27.555,,628,manual,0.5,,1908,manual,0.5,20250208T230646Z_20250208T230746Z,,,,,,,,,,,explosion,,,,,,[-3.2707 0.0525 3.7998],3700,2025-02-08 23:06:46.424000,earthquake_local,VJF.HE_20250208230646_HH_EV
HE,VJF,HH,60.5388,27.555,,1468,manual,0.5,,2766,manual,0.5,20250208T231452Z_20250208T231552Z,,,,,,,,,,,explosion,,,,,,[1.3276 1.4178 2.0120],4583,2025-02-08 23:14:52.292000,earthquake_local,VJF.HE_20250208231452_HH_EV
HE,VJF,HH,60.5388,27.555,,3155,manual,0.5,,4393,manual,0.5,20250208T232019Z_20250208T232119Z,,,,,,,,,,,explosion,,,,,,[1.5612 -9.2854 -7.9077],5999,2025-02-08 23:20:19.588000,earthquake_local,VJF.HE_20250208232019_HH_EV
HE,VJF,HH,60.5388,27.555,,1513,manual,0.5,,2073,manual,0.5,20250211T115620Z_20250211T115720Z,,,,,,,,,,,explosion,,,,,,[10.3556 12.5949 4.4351],2857,2025-02-11 11:56:20.052000,earthquake_local,VJF.HE_20250211115620_HH_EV
HE,VJF,HH,60.5388,27.555,,3068,manual,0.5,,5282,manual,0.5,20250211T132844Z_20250211T132944Z,,,,,,,,,,,explosion,,,,,,[2.7245 0.8781 1.4893],5999,2025-02-11 13:28:44.004000,earthquake_local,VJF.HE_20250211132844_HH_EV
HE,VJF,HH,60.5388,27.555,,3117,manual,0.5,,4549,manual,0.5,20250212T113003Z_20250212T113103Z,,,,,,,,,,,explosion,,,,,,[-0.5089 1.1647 3.6807],5999,2025-02-12 11:30:03.180000,earthquake_local,VJF.HE_20250212113003_HH_EV
HE,VJF,HH,60.5388,27.555,,1097,manual,0.5,,1927,manual,0.5,20250212T115402Z_20250212T115502Z,,,,,,,,,,,explosion,,,,,,[11.6968 1.7362 0.1046],3089,2025-02-12 11:54:02.112000,earthquake_local,VJF.HE_20250212115402_HH_EV
HE,VJF,HH,60.5388,27.555,,3605,manual,0.5,,5477,manual,0.5,20250212T115908Z_20250212T120008Z,,,,,,,,,,,explosion,,,,,,[4.2529 -0.7819 3.1186],5999,2025-02-12 11:59:08.040000,earthquake_local,VJF.HE_20250212115908_HH_EV
HE,VJF,HH,60.5388,27.555,,3654,manual,0.5,,5464,manual,0.5,20250213T105507Z_20250213T105607Z,,,,,,,,,,,explosion,,,,,,[2.9249 -0.0615 -1.6854],5999,2025-02-13 10:55:07.048000,earthquake_local,VJF.HE_20250213105507_HH_EV
HE,VJF,HH,60.5388,27.555,,968,manual,0.5,,4566,manual,0.5,20250213T114257Z_20250213T114357Z,,,,,,,,,,,explosion,,,,,,[1.5108 0.5568 2.8575],5999,2025-02-13 11:42:57.996000,earthquake_local,VJF.HE_20250213114257_HH_EV
HE,VJF,HH,60.5388,27.555,,3926,manual,0.5,,4957,manual,0.5,20250213T123453Z_20250213T123553Z,,,,,,,,,,,explosion,,,,,,[4.2305 10.3344 9.6059],5999,2025-02-13 12:34:53.040000,earthquake_local,VJF.HE_20250213123453_HH_EV
HE,VJF,HH,60.5388,27.555,,2320,manual,0.5,,2735,manual,0.5,20250213T134630Z_20250213T134730Z,,,,,,,,,,,explosion,,,,,,[6.6318 13.0860 5.2599],3316,2025-02-13 13:46:30.448000,earthquake_local,VJF.HE_20250213134630_HH_EV
HE,VJF,HH,60.5388,27.555,,2865,manual,0.5,,5051,manual,0.5,20250214T110636Z_20250214T110736Z,,,,,,,,,,,explosion,,,,,,[-1.6083 1.5065 6.6258],5999,2025-02-14 11:06:36.008000,earthquake_local,VJF.HE_20250214110636_HH_EV
HE,VJF,HH,60.5388,27.555,,1038,manual,0.5,,2805,manual,0.5,20250214T115600Z_20250214T115700Z,,,,,,,,,,,explosion,,,,,,[0.6098 5.2154 -0.5280],5279,2025-02-14 11:56:00.620000,earthquake_local,VJF.HE_20250214115600_HH_EV
HE,VJF,HH,60.5388,27.555,,3501,manual,0.5,,4998,manual,0.5,20250218T133636Z_20250218T133736Z,,,,,,,,,,,explosion,,,,,,[0.1767 4.4155 -2.6358],5999,2025-02-18 13:36:36.864000,earthquake_local,VJF.HE_20250218133636_HH_EV
HE,VJF,HH,60.5388,27.555,,967,manual,0.5,,1805,manual,0.5,20250219T110222Z_20250219T110322Z,,,,,,,,,,,explosion,,,,,,[6.1049 11.9588 2.0751],2978,2025-02-19 11:02:22.372000,earthquake_local,VJF.HE_20250219110222_HH_EV
HE,VJF,HH,60.5388,27.555,,2302,manual,0.5,,4835,manual,0.5,20250220T093312Z_20250220T093412Z,,,,,,,,,,,explosion,,,,,,[-0.1229 2.3344 -2.1493],5999,2025-02-20 09:33:12.120000,earthquake_local,VJF.HE_20250220093312_HH_EV
HE,VJF,HH,60.5388,27.555,,2371,manual,0.5,,4573,manual,0.5,20250220T113656Z_20250220T113756Z,,,,,,,,,,,explosion,,,,,,[-1.3232 -1.7408 -2.0856],5999,2025-02-20 11:36:56.608000,earthquake_local,VJF.HE_20250220113656_HH_EV
HE,VJF,HH,60.5388,27.555,,3031,manual,0.5,,4866,manual,0.5,20250220T121352Z_20250220T121452Z,,,,,,,,,,,explosion,,,,,,[2.3154 -5.2734 -1.8111],5999,2025-02-20 12:13:52.660000,earthquake_local,VJF.HE_20250220121352_HH_EV
HE,VJF,HH,60.5388,27.555,,3712,manual,0.5,,4468,manual,0.5,20250220T135517Z_20250220T135617Z,,,,,,,,,,,explosion,,,,,,[-0.3095 -1.6544 -1.4281],5526,2025-02-20 13:55:17.020000,earthquake_local,VJF.HE_20250220135517_HH_EV
HE,VJF,HH,60.5388,27.555,,1668,manual,0.5,,5182,manual,0.5,20250221T113639Z_20250221T113739Z,,,,,,,,,,,explosion,,,,,,[4.0462 1.0518 2.6956],5999,2025-02-21 11:36:39.884000,earthquake_local,VJF.HE_20250221113639_HH_EV
HE,VJF,HH,60.5388,27.555,,1535,manual,0.5,,2361,manual,0.5,20250221T115356Z_20250221T115456Z,,,,,,,,,,,explosion,,,,,,[4.2074 6.6577 -2.4752],3517,2025-02-21 11:53:56.532000,earthquake_local,VJF.HE_20250221115356_HH_EV
HE,VJF,HH,60.5388,27.555,,2405,manual,0.5,,4219,manual,0.5,20250221T141518Z_20250221T141618Z,,,,,,,,,,,explosion,,,,,,[3.8266 0.4578 -1.6808],5999,2025-02-21 14:15:18.324000,earthquake_local,VJF.HE_20250221141518_HH_EV
HE,VJF,HH,60.5388,27.555,,1483,manual,0.5,,3569,manual,0.5,20250221T150454Z_20250221T150554Z,,,,,,,,,,,explosion,,,,,,[2.9458 -0.1889 3.6233],5999,2025-02-21 15:04:54.596000,earthquake_local,VJF.HE_20250221150454_HH_EV
HE,VJF,HH,60.5388,27.555,,3069,manual,0.5,,5408,manual,0.5,20250221T162622Z_20250221T162722Z,,,,,,,,,,,explosion,,,,,,[-0.1037 -0.4267 0.7636],5999,2025-02-21 16:26:22.196000,earthquake_local,VJF.HE_20250221162622_HH_EV
HE,VJF,HH,60.5388,27.555,,2004,manual,0.5,,4672,manual,0.5,20250223T072027Z_20250223T072127Z,,,,,,,,,,,explosion,,,,,,[-0.2243 2.9624 4.2199],5999,2025-02-23 07:20:27.736000,earthquake_local,VJF.HE_20250223072027_HH_EV
HE,VJF,HH,60.5388,27.555,,1569,manual,0.5,,5121,manual,0.5,20250224T114616Z_20250224T114716Z,,,,,,,,,,,explosion,,,,,,[-0.7848 -4.6433 -5.1595],5999,2025-02-24 11:46:16.812000,earthquake_local,VJF.HE_20250224114616_HH_EV
HE,VJF,HH,60.5388,27.555,,1150,manual,0.5,,1808,manual,0.5,20250224T125855Z_20250224T125955Z,,,,,,,,,,,explosion,,,,,,[7.3590 4.8734 -0.8956],2729,2025-02-24 12:58:55.744000,earthquake_local,VJF.HE_20250224125855_HH_EV
HE,VJF,HH,60.5388,27.555,,872,manual,0.5,,2853,manual,0.5,20250224T141351Z_20250224T141451Z,,,,,,,,,,,explosion,,,,,,[2.5331 3.8797 0.5638],5626,2025-02-24 14:13:51.152000,earthquake_local,VJF.HE_20250224141351_HH_EV
HE,VJF,HH,60.5388,27.555,,4518,manual,0.5,,5147,manual,0.5,20250224T202134Z_20250224T202234Z,,,,,,,,,,,explosion,,,,,,[0.3291 -0.1358 3.3177],5999,2025-02-24 20:21:34.672000,earthquake_local,VJF.HE_20250224202134_HH_EV
HE,VJF,HH,60.5388,27.555,,3223,manual,0.5,,5295,manual,0.5,20250225T100949Z_20250225T101049Z,,,,,,,,,,,explosion,,,,,,[7.3564 5.7719 3.4463],5999,2025-02-25 10:09:49.212000,earthquake_local,VJF.HE_20250225100949_HH_EV
HE,VJF,HH,60.5388,27.555,,2726,manual,0.5,,4699,manual,0.5,20250225T101742Z_20250225T101842Z,,,,,,,,,,,explosion,,,,,,[-0.9258 0.3465 -4.3511],5999,2025-02-25 10:17:42.240000,earthquake_local,VJF.HE_20250225101742_HH_EV
HE,VJF,HH,60.5388,27.555,,1019,manual,0.5,,2911,manual,0.5,20250225T103331Z_20250225T103431Z,,,,,,,,,,,explosion,,,,,,[2.9038 -4.8862 3.5400],5560,2025-02-25 10:33:31.468000,earthquake_local,VJF.HE_20250225103331_HH_EV
HE,VJF,HH,60.5388,27.555,,3657,manual,0.5,,5225,manual,0.5,20250225T120102Z_20250225T120202Z,,,,,,,,,,,explosion,,,,,,[-3.3818 5.4649 -2.9098],5999,2025-02-25 12:01:02.212000,earthquake_local,VJF.HE_20250225120102_HH_EV
HE,VJF,HH,60.5388,27.555,,2981,manual,0.5,,4740,manual,0.5,20250226T123948Z_20250226T124048Z,,,,,,,,,,,explosion,,,,,,[-2.3196 6.3313 0.5958],5999,2025-02-26 12:39:48.636000,earthquake_local,VJF.HE_20250226123948_HH_EV
HE,VJF,HH,60.5388,27.555,,2787,manual,0.5,,5385,manual,0.5,20250226T124353Z_20250226T124453Z,,,,,,,,,,,explosion,,,,,,[-0.0177 -0.9676 -3.1601],5999,2025-02-26 12:43:53.104000,earthquake_local,VJF.HE_20250226124353_HH_EV
HE,VJF,HH,60.5388,27.555,,1233,manual,0.5,,3277,manual,0.5,20250226T130048Z_20250226T130148Z,,,,,,,,,,,explosion,,,,,,[0.2058 -0.7722 -3.3258],5999,2025-02-26 13:00:48.748000,earthquake_local,VJF.HE_20250226130048_HH_EV
HE,VJF,HH,60.5388,27.555,,773,manual,0.5,,1870,manual,0.5,20250226T133408Z_20250226T133508Z,,,,,,,,,,,explosion,,,,,,[2.3957 4.1239 -0.1572],3406,2025-02-26 13:34:08.636000,earthquake_local,VJF.HE_20250226133408_HH_EV
HE,VJF,HH,60.5388,27.555,,2632,manual,0.5,,3317,manual,0.5,20250226T134238Z_20250226T134338Z,,,,,,,,,,,explosion,,,,,,[3.0930 0.3409 -0.1386],4276,2025-02-26 13:42:38.132000,earthquake_local,VJF.HE_20250226134238_HH_EV
HE,VJF,HH,60.5388,27.555,,870,manual,0.5,,3172,manual,0.5,20250226T154619Z_20250226T154719Z,,,,,,,,,,,explosion,,,,,,[-0.0101 0.3166 -2.5355],5999,2025-02-26 15:46:19.840000,earthquake_local,VJF.HE_20250226154619_HH_EV
HE,VJF,HH,60.5388,27.555,,2686,manual,0.5,,5078,manual,0.5,20250226T155435Z_20250226T155535Z,,,,,,,,,,,explosion,,,,,,[-0.3790 3.8513 1.3651],5999,2025-02-26 15:54:35.516000,earthquake_local,VJF.HE_20250226155435_HH_EV
HE,VJF,HH,60.5388,27.555,,3075,manual,0.5,,4382,manual,0.5,20250227T101908Z_20250227T102008Z,,,,,,,,,,,explosion,,,,,,[5.8402 7.1635 4.2724],5999,2025-02-27 10:19:08.668000,earthquake_local,VJF.HE_20250227101908_HH_EV
HE,VJF,HH,60.5388,27.555,,2875,manual,0.5,,4699,manual,0.5,20250227T105705Z_20250227T105805Z,,,,,,,,,,,explosion,,,,,,[6.4043 1.1203 5.0854],5999,2025-02-27 10:57:05.032000,earthquake_local,VJF.HE_20250227105705_HH_EV
HE,VJF,HH,60.5388,27.555,,538,manual,0.5,,1360,manual,0.5,20250227T115407Z_20250227T115507Z,,,,,,,,,,,explosion,,,,,,[6.6240 3.7188 0.9654],2511,2025-02-27 11:54:07.676000,earthquake_local,VJF.HE_20250227115407_HH_EV
HE,VJF,HH,60.5388,27.555,,579,manual,0.5,,1099,manual,0.5,20250227T123605Z_20250227T123705Z,,,,,,,,,,,explosion,,,,,,[4.0026 3.1276 0.7851],1827,2025-02-27 12:36:05.388000,earthquake_local,VJF.HE_20250227123605_HH_EV
HE,VJF,HH,60.5388,27.555,,3075,manual,0.5,,3757,manual,0.5,20250227T135645Z_20250227T135745Z,,,,,,,,,,,explosion,,,,,,[-1.9307 1.1225 -0.0301],4712,2025-02-27 13:56:45.912000,earthquake_local,VJF.HE_20250227135645_HH_EV
HE,VJF,HH,60.5388,27.555,,2738,manual,0.5,,3842,manual,0.5,20250228T075736Z_20250228T075836Z,,,,,,,,,,,explosion,,,,,,[5.5576 7.9831 3.4793],5388,2025-02-28 07:57:36.564000,earthquake_local,VJF.HE_20250228075736_HH_EV
HE,VJF,HH,60.5388,27.555,,3292,manual,0.5,,5129,manual,0.5,20250228T105158Z_20250228T105258Z,,,,,,,,,,,explosion,,,,,,[2.7306 1.0384 2.3020],5999,2025-02-28 10:51:58.708000,earthquake_local,VJF.HE_20250228105158_HH_EV
HE,VJF,HH,60.5388,27.555,,2082,manual,0.5,,5494,manual,0.5,20250228T113653Z_20250228T113753Z,,,,,,,,,,,explosion,,,,,,[1.9842 1.3554 0.6727],5999,2025-02-28 11:36:53.356000,earthquake_local,VJF.HE_20250228113653_HH_EV
HE,VRF,HH,67.748,29.609,,1093,manual,0.5,,1585,manual,0.5,20250102T123935Z_20250102T124035Z,,,,,,,,,,,explosion,,,,,,[0.8883 9.7128 0.0621],2274,2025-01-02 12:39:35.450000,earthquake_local,VRF.HE_20250102123935_HH_EV
HE,VRF,HH,67.748,29.609,,2471,manual,0.5,,4415,manual,0.5,20250103T200504Z_20250103T200604Z,,,,,,,,,,,explosion,,,,,,[0.8767 -4.8157 0.1000],5999,2025-01-03 20:05:04.670000,earthquake_local,VRF.HE_20250103200504_HH_EV
HE,VRF,HH,67.748,29.609,,1522,manual,0.5,,3641,manual,0.5,20250103T200912Z_20250103T201012Z,,,,,,,,,,,explosion,,,,,,[0.2562 -0.1286 -0.1401],5999,2025-01-03 20:09:12.110000,earthquake_local,VRF.HE_20250103200912_HH_EV
HE,VRF,HH,67.748,29.609,,759,manual,0.5,,2803,manual,0.5,20250103T202935Z_20250103T203035Z,,,,,,,,,,,explosion,,,,,,[-0.0240 1.9782 0.0078],5665,2025-01-03 20:29:35.490000,earthquake_local,VRF.HE_20250103202935_HH_EV
HE,VRF,HH,67.748,29.609,,602,manual,0.5,,1078,manual,0.5,20250104T110637Z_20250104T110737Z,,,,,,,,,,,explosion,,,,,,[-0.0826 2.9348 0.9382],1744,2025-01-04 11:06:37.660000,earthquake_local,VRF.HE_20250104110637_HH_EV
HE,VRF,HH,67.748,29.609,,1335,manual,0.5,,4509,manual,0.5,20250104T131539Z_20250104T131639Z,,,,,,,,,,,explosion,,,,,,[-0.3728 -0.3321 0.5096],5999,2025-01-04 13:15:39.430000,earthquake_local,VRF.HE_20250104131539_HH_EV
HE,VRF,HH,67.748,29.609,,598,manual,0.5,,2614,manual,0.5,20250104T201813Z_20250104T201913Z,,,,,,,,,,,explosion,,,,,,[0.6908 -0.0437 0.9124],5436,2025-01-04 20:18:13.780000,earthquake_local,VRF.HE_20250104201813_HH_EV
HE,VRF,HH,67.748,29.609,,1615,manual,0.5,,3673,manual,0.5,20250105T003151Z_20250105T003251Z,,,,,,,,,,,explosion,,,,,,[-0.2421 -0.2388 0.1231],5999,2025-01-05 00:31:51.530000,earthquake_local,VRF.HE_20250105003151_HH_EV
HE,VRF,HH,67.748,29.609,,2558,manual,0.5,,4518,manual,0.5,20250105T200510Z_20250105T200610Z,,,,,,,,,,,explosion,,,,,,[0.2645 0.4354 -0.4875],5999,2025-01-05 20:05:10.780000,earthquake_local,VRF.HE_20250105200510_HH_EV
HE,VRF,HH,67.748,29.609,,997,manual,0.5,,2929,manual,0.5,20250105T201433Z_20250105T201533Z,,,,,,,,,,,explosion,,,,,,[6.2422 1.2860 0.1443],5634,2025-01-05 20:14:33.470000,earthquake_local,VRF.HE_20250105201433_HH_EV
HE,VRF,HH,67.748,29.609,,3154,manual,0.5,,3672,manual,0.5,20250108T120859Z_20250108T120959Z,,,,,,,,,,,explosion,,,,,,[0.9731 0.9988 1.2535],4397,2025-01-08 12:08:59.260000,earthquake_local,VRF.HE_20250108120859_HH_EV
HE,VRF,HH,67.748,29.609,,3273,manual,0.5,,5391,manual,0.5,20250108T164354Z_20250108T164454Z,,,,,,,,,,,explosion,,,,,,[-0.1906 -0.2942 -0.1126],5999,2025-01-08 16:43:54.930000,earthquake_local,VRF.HE_20250108164354_HH_EV
HE,VRF,HH,67.748,29.609,,726,manual,0.5,,2966,manual,0.5,20250110T062622Z_20250110T062722Z,,,,,,,,,,,explosion,,,,,,[0.6792 0.1111 -0.3921],5999,2025-01-10 06:26:22.180000,earthquake_local,VRF.HE_20250110062622_HH_EV
HE,VRF,HH,67.748,29.609,,782,manual,0.5,,2658,manual,0.5,20250110T200539Z_20250110T200639Z,,,,,,,,,,,explosion,,,,,,[-1.4520 1.9704 1.3454],5284,2025-01-10 20:05:39.460000,earthquake_local,VRF.HE_20250110200539_HH_EV
HE,VRF,HH,67.748,29.609,,719,manual,0.5,,2677,manual,0.5,20250111T201426Z_20250111T201526Z,,,,,,,,,,,explosion,,,,,,[-2.3085 -2.4735 0.2616],5418,2025-01-11 20:14:26.990000,earthquake_local,VRF.HE_20250111201426_HH_EV
HE,VRF,HH,67.748,29.609,,3462,manual,0.5,,5366,manual,0.5,20250111T213146Z_20250111T213246Z,,,,,,,,,,,explosion,,,,,,[-0.1866 -1.8325 -1.8205],5999,2025-01-11 21:31:46.820000,earthquake_local,VRF.HE_20250111213146_HH_EV
HE,VRF,HH,67.748,29.609,,2858,manual,0.5,,5022,manual,0.5,20250112T161035Z_20250112T161135Z,,,,,,,,,,,explosion,,,,,,[-2.8086 -1.8522 -1.7522],5999,2025-01-12 16:10:35.300000,earthquake_local,VRF.HE_20250112161035_HH_EV
HE,VRF,HH,67.748,29.609,,1766,manual,0.5,,3964,manual,0.5,20250112T164711Z_20250112T164811Z,,,,,,,,,,,explosion,,,,,,[1.0284 0.8352 0.1163],5999,2025-01-12 16:47:11.260000,earthquake_local,VRF.HE_20250112164711_HH_EV
HE,VRF,HH,67.748,29.609,,767,manual,0.5,,2869,manual,0.5,20250112T200501Z_20250112T200601Z,,,,,,,,,,,explosion,,,,,,[10.0474 0.9929 -0.0394],5812,2025-01-12 20:05:01.510000,earthquake_local,VRF.HE_20250112200501_HH_EV
HE,VRF,HH,67.748,29.609,,2337,manual,0.5,,4409,manual,0.5,20250113T200518Z_20250113T200618Z,,,,,,,,,,,explosion,,,,,,[-1.3633 2.1024 -0.4693],5999,2025-01-13 20:05:18.110000,earthquake_local,VRF.HE_20250113200518_HH_EV
HE,VRF,HH,67.748,29.609,,921,manual,0.5,,2856,manual,0.5,20250113T201251Z_20250113T201351Z,,,,,,,,,,,explosion,,,,,,[6.3720 2.0401 0.3696],5565,2025-01-13 20:12:51.920000,earthquake_local,VRF.HE_20250113201251_HH_EV
HE,VRF,HH,67.748,29.609,,2691,manual,0.5,,5333,manual,0.5,20250117T081644Z_20250117T081744Z,,,,,,,,,,,explosion,,,,,,[0.3173 0.1842 2.3693],5999,2025-01-17 08:16:44.870000,earthquake_local,VRF.HE_20250117081644_HH_EV
HE,VRF,HH,67.748,29.609,,662,manual,0.5,,1138,manual,0.5,20250117T123926Z_20250117T124026Z,,,,,,,,,,,explosion,,,,,,[3.8103 -0.2380 -0.7083],1804,2025-01-17 12:39:26.420000,earthquake_local,VRF.HE_20250117123926_HH_EV
HE,VRF,HH,67.748,29.609,,1996,manual,0.5,,5112,manual,0.5,20250119T101907Z_20250119T102007Z,,,,,,,,,,,explosion,,,,,,[0.6122 2.6240 0.4771],5999,2025-01-19 10:19:07.720000,earthquake_local,VRF.HE_20250119101907_HH_EV
HE,VRF,HH,67.748,29.609,,2662,manual,0.5,,4734,manual,0.5,20250119T164546Z_20250119T164646Z,,,,,,,,,,,explosion,,,,,,[-0.4345 0.1738 -0.8245],5999,2025-01-19 16:45:46.060000,earthquake_local,VRF.HE_20250119164546_HH_EV
HE,VRF,HH,67.748,29.609,,1102,manual,0.5,,3060,manual,0.5,20250119T200941Z_20250119T201041Z,,,,,,,,,,,explosion,,,,,,[0.5494 -1.0402 0.2587],5801,2025-01-19 20:09:41.760000,earthquake_local,VRF.HE_20250119200941_HH_EV
HE,VRF,HH,67.748,29.609,,2343,manual,0.5,,4583,manual,0.5,20250120T065923Z_20250120T070023Z,,,,,,,,,,,explosion,,,,,,[-0.5857 -2.3861 0.1323],5999,2025-01-20 06:59:23.810000,earthquake_local,VRF.HE_20250120065923_HH_EV
HE,VRF,HH,67.748,29.609,,2197,manual,0.5,,4185,manual,0.5,20250120T120507Z_20250120T120607Z,,,,,,,,,,,explosion,,,,,,[-1.2818 -0.6215 0.3860],5999,2025-01-20 12:05:07.110000,earthquake_local,VRF.HE_20250120120507_HH_EV
HE,VRF,HH,67.748,29.609,,2557,manual,0.5,,4637,manual,0.5,20250120T201032Z_20250120T201132Z,,,,,,,,,,,explosion,,,,,,[1.9948 4.3263 0.0521],5999,2025-01-20 20:10:32.410000,earthquake_local,VRF.HE_20250120201032_HH_EV
HE,VRF,HH,67.748,29.609,,645,manual,0.5,,2605,manual,0.5,20250121T201042Z_20250121T201142Z,,,,,,,,,,,explosion,,,,,,[0.8553 -0.4249 -0.0373],5349,2025-01-21 20:10:42.150000,earthquake_local,VRF.HE_20250121201042_HH_EV
HE,VRF,HH,67.748,29.609,,1265,manual,0.5,,3371,manual,0.5,20250122T045319Z_20250122T045419Z,,,,,,,,,,,explosion,,,,,,[2.0186 -0.1999 -0.3638],5999,2025-01-22 04:53:19.630000,earthquake_local,VRF.HE_20250122045319_HH_EV
HE,VRF,HH,67.748,29.609,,2735,manual,0.5,,5268,manual,0.5,20250124T104801Z_20250124T104901Z,,,,,,,,,,,explosion,,,,,,[0.8218 1.7069 0.9467],5999,2025-01-24 10:48:01.200000,earthquake_local,VRF.HE_20250124104801_HH_EV
HE,VRF,HH,67.748,29.609,,2613,manual,0.5,,4769,manual,0.5,20250124T194121Z_20250124T194221Z,,,,,,,,,,,explosion,,,,,,[0.8000 -1.4022 -0.2479],5999,2025-01-24 19:41:21.710000,earthquake_local,VRF.HE_20250124194121_HH_EV
HE,VRF,HH,67.748,29.609,,3097,manual,0.5,,5169,manual,0.5,20250125T005326Z_20250125T005426Z,,,,,,,,,,,explosion,,,,,,[-5.0982 0.4154 -0.0913],5999,2025-01-25 00:53:26.990000,earthquake_local,VRF.HE_20250125005326_HH_EV
HE,VRF,HH,67.748,29.609,,2076,manual,0.5,,5182,manual,0.5,20250125T102545Z_20250125T102645Z,,,,,,,,,,,explosion,,,,,,[-1.2172 0.2212 1.1630],5999,2025-01-25 10:25:45.020000,earthquake_local,VRF.HE_20250125102545_HH_EV
HE,VRF,HH,67.748,29.609,,1103,manual,0.5,,3077,manual,0.5,20250125T201158Z_20250125T201258Z,,,,,,,,,,,explosion,,,,,,[0.5898 0.0350 0.0778],5841,2025-01-25 20:11:58.270000,earthquake_local,VRF.HE_20250125201158_HH_EV
HE,VRF,HH,67.748,29.609,,2324,manual,0.5,,4298,manual,0.5,20250125T201609Z_20250125T201709Z,,,,,,,,,,,explosion,,,,,,[2.6257 -1.1400 -0.0423],5999,2025-01-25 20:16:09.140000,earthquake_local,VRF.HE_20250125201609_HH_EV
HE,VRF,HH,67.748,29.609,,3109,manual,0.5,,5097,manual,0.5,20250126T201911Z_20250126T202011Z,,,,,,,,,,,explosion,,,,,,[0.1800 2.1793 -0.0456],5999,2025-01-26 20:19:11.710000,earthquake_local,VRF.HE_20250126201911_HH_EV
HE,VRF,HH,67.748,29.609,,2096,manual,0.5,,4056,manual,0.5,20250127T120454Z_20250127T120554Z,,,,,,,,,,,explosion,,,,,,[-0.3974 3.6834 0.8645],5999,2025-01-27 12:04:54.840000,earthquake_local,VRF.HE_20250127120454_HH_EV
HE,VRF,HH,67.748,29.609,,2646,manual,0.5,,4830,manual,0.5,20250127T180835Z_20250127T180935Z,,,,,,,,,,,explosion,,,,,,[-2.1465 -2.2738 0.7471],5999,2025-01-27 18:08:35.220000,earthquake_local,VRF.HE_20250127180835_HH_EV
HE,VRF,HH,67.748,29.609,,1836,manual,0.5,,4048,manual,0.5,20250127T181502Z_20250127T181602Z,,,,,,,,,,,explosion,,,,,,[1.2162 -2.0622 0.1621],5999,2025-01-27 18:15:02.160000,earthquake_local,VRF.HE_20250127181502_HH_EV
HE,VRF,HH,67.748,29.609,,926,manual,0.5,,2938,manual,0.5,20250127T200950Z_20250127T201050Z,,,,,,,,,,,explosion,,,,,,[0.9494 0.3928 -0.5603],5755,2025-01-27 20:09:50.060000,earthquake_local,VRF.HE_20250127200950_HH_EV
HE,VRF,HH,67.748,29.609,,1798,manual,0.5,,3814,manual,0.5,20250127T201710Z_20250127T201810Z,,,,,,,,,,,explosion,,,,,,[2.8731 1.5959 3.4153],5999,2025-01-27 20:17:10.740000,earthquake_local,VRF.HE_20250127201710_HH_EV
HE,VRF,HH,67.748,29.609,,2508,manual,0.5,,4592,manual,0.5,20250128T002748Z_20250128T002848Z,,,,,,,,,,,explosion,,,,,,[-4.4625 -0.4205 -2.6568],5999,2025-01-28 00:27:48.800000,earthquake_local,VRF.HE_20250128002748_HH_EV
HE,VRF,HH,67.748,29.609,,1720,manual,0.5,,3790,manual,0.5,20250128T040516Z_20250128T040616Z,,,,,,,,,,,explosion,,,,,,[1.7458 1.4388 -0.7533],5999,2025-01-28 04:05:16.580000,earthquake_local,VRF.HE_20250128040516_HH_EV
HE,VRF,HH,67.748,29.609,,1377,manual,0.5,,3882,manual,0.5,20250128T115012Z_20250128T115112Z,,,,,,,,,,,explosion,,,,,,[-0.9575 -0.5513 0.3253],5999,2025-01-28 11:50:12.150000,earthquake_local,VRF.HE_20250128115012_HH_EV
HE,VRF,HH,67.748,29.609,,2706,manual,0.5,,4731,manual,0.5,20250128T120916Z_20250128T121016Z,,,,,,,,,,,explosion,,,,,,[-3.3918 -2.6820 -0.3001],5999,2025-01-28 12:09:16.170000,earthquake_local,VRF.HE_20250128120916_HH_EV
HE,VRF,HH,67.748,29.609,,2272,manual,0.5,,4372,manual,0.5,20250128T200514Z_20250128T200614Z,,,,,,,,,,,explosion,,,,,,[-0.0874 0.3276 0.2190],5999,2025-01-28 20:05:14.200000,earthquake_local,VRF.HE_20250128200514_HH_EV
HE,VRF,HH,67.748,29.609,,1191,manual,0.5,,3225,manual,0.5,20250128T200659Z_20250128T200759Z,,,,,,,,,,,explosion,,,,,,[-1.2898 -1.3506 0.4513],5999,2025-01-28 20:06:59.070000,earthquake_local,VRF.HE_20250128200659_HH_EV
HE,VRF,HH,67.748,29.609,,2614,manual,0.5,,4462,manual,0.5,20250128T201310Z_20250128T201410Z,,,,,,,,,,,explosion,,,,,,[-0.1409 -2.2716 -0.1908],5999,2025-01-28 20:13:10.960000,earthquake_local,VRF.HE_20250128201310_HH_EV
HE,VRF,HH,67.748,29.609,,3259,manual,0.5,,5357,manual,0.5,20250129T044458Z_20250129T044558Z,,,,,,,,,,,explosion,,,,,,[0.3388 0.3026 -0.4566],5999,2025-01-29 04:44:58.980000,earthquake_local,VRF.HE_20250129044458_HH_EV
HE,VRF,HH,67.748,29.609,,3321,manual,0.5,,3923,manual,0.5,20250129T120318Z_20250129T120418Z,,,,,,,,,,,explosion,,,,,,[3.9757 4.4638 6.2654],4766,2025-01-29 12:03:18.510000,earthquake_local,VRF.HE_20250129120318_HH_EV
HE,VRF,HH,67.748,29.609,,3138,manual,0.5,,5038,manual,0.5,20250131T190352Z_20250131T190452Z,,,,,,,,,,,explosion,,,,,,[1.5624 -1.7900 0.1667],5999,2025-01-31 19:03:52.540000,earthquake_local,VRF.HE_20250131190352_HH_EV
HE,VRF,HH,67.748,29.609,,2163,manual,0.5,,4115,manual,0.5,20250131T201502Z_20250131T201602Z,,,,,,,,,,,explosion,,,,,,[-1.2599 -0.9533 0.4917],5999,2025-01-31 20:15:02.650000,earthquake_local,VRF.HE_20250131201502_HH_EV
HE,VRF,HH,67.748,29.609,,944,manual,0.5,,2958,manual,0.5,20250131T202300Z_20250131T202400Z,,,,,,,,,,,explosion,,,,,,[1.0711 -0.2164 -0.1905],5778,2025-01-31 20:23:00.540000,earthquake_local,VRF.HE_20250131202300_HH_EV
HE,VRF,HH,67.748,29.609,,1875,manual,0.5,,3835,manual,0.5,20250201T201343Z_20250201T201443Z,,,,,,,,,,,explosion,,,,,,[0.3422 0.8734 -2.2223],5999,2025-02-01 20:13:43.130000,earthquake_local,VRF.HE_20250201201343_HH_EV
HE,VRF,HH,67.748,29.609,,509,manual,0.5,,2697,manual,0.5,20250201T221651Z_20250201T221751Z,,,,,,,,,,,explosion,,,,,,[0.8011 0.4767 -1.9479],5760,2025-02-01 22:16:51.950000,earthquake_local,VRF.HE_20250201221651_HH_EV
HE,VRF,HH,67.748,29.609,,1903,manual,0.5,,3187,manual,0.5,20250202T103802Z_20250202T103902Z,,,,,,,,,,,explosion,,,,,,[0.7206 -0.6540 0.0433],4985,2025-02-02 10:38:02.050000,earthquake_local,VRF.HE_20250202103802_HH_EV
HE,VRF,HH,67.748,29.609,,689,manual,0.5,,2799,manual,0.5,20250202T200526Z_20250202T200626Z,,,,,,,,,,,explosion,,,,,,[0.4880 11.1263 -0.0045],5753,2025-02-02 20:05:26.290000,earthquake_local,VRF.HE_20250202200526_HH_EV
HE,VRF,HH,67.748,29.609,,3218,manual,0.5,,5180,manual,0.5,20250203T040901Z_20250203T041001Z,,,,,,,,,,,explosion,,,,,,[0.5416 3.7124 0.0948],5999,2025-02-03 04:09:02.000000,earthquake_local,VRF.HE_20250203040901_HH_EV
HE,VRF,HH,67.748,29.609,,3029,manual,0.5,,4961,manual,0.5,20250203T103632Z_20250203T103732Z,,,,,,,,,,,explosion,,,,,,[-0.6687 2.5525 -0.0305],5999,2025-02-03 10:36:32.590000,earthquake_local,VRF.HE_20250203103632_HH_EV
HE,VRF,HH,67.748,29.609,,997,manual,0.5,,2913,manual,0.5,20250203T120841Z_20250203T120941Z,,,,,,,,,,,explosion,,,,,,[0.5612 1.1150 -0.2336],5595,2025-02-03 12:08:41.410000,earthquake_local,VRF.HE_20250203120841_HH_EV
HE,VRF,HH,67.748,29.609,,4874,manual,0.5,,5069,manual,0.5,20250203T130634Z_20250203T130734Z,,,,,,,,,,,explosion,,,,,,[1.4475 -0.2580 0.3725],5342,2025-02-03 13:06:34.890000,earthquake_local,VRF.HE_20250203130634_HH_EV
HE,VRF,HH,67.748,29.609,,1289,manual,0.5,,3515,manual,0.5,20250203T181720Z_20250203T181820Z,,,,,,,,,,,explosion,,,,,,[-0.2502 0.0852 0.0386],5999,2025-02-03 18:17:20.490000,earthquake_local,VRF.HE_20250203181720_HH_EV
HE,VRF,HH,67.748,29.609,,1324,manual,0.5,,3540,manual,0.5,20250203T195745Z_20250203T195845Z,,,,,,,,,,,explosion,,,,,,[-0.4273 1.4718 -0.1430],5999,2025-02-03 19:57:45.240000,earthquake_local,VRF.HE_20250203195745_HH_EV
HE,VRF,HH,67.748,29.609,,919,manual,0.5,,2859,manual,0.5,20250204T040523Z_20250204T040623Z,,,,,,,,,,,explosion,,,,,,[-0.0474 2.2791 0.0609],5575,2025-02-04 04:05:23.290000,earthquake_local,VRF.HE_20250204040523_HH_EV
HE,VRF,HH,67.748,29.609,,2796,manual,0.5,,4651,manual,0.5,20250204T120516Z_20250204T120616Z,,,,,,,,,,,explosion,,,,,,[2.2847 1.1755 0.6749],5999,2025-02-04 12:05:16.770000,earthquake_local,VRF.HE_20250204120516_HH_EV
HE,VRF,HH,67.748,29.609,,3046,manual,0.5,,5222,manual,0.5,20250204T162130Z_20250204T162230Z,,,,,,,,,,,explosion,,,,,,[0.0122 0.0065 0.0035],5999,2025-02-04 16:21:30.420000,earthquake_local,VRF.HE_20250204162130_HH_EV
HE,VRF,HH,67.748,29.609,,877,manual,0.5,,1395,manual,0.5,20250205T115942Z_20250205T120042Z,,,,,,,,,,,explosion,,,,,,[4.8151 3.6892 1.4206],2120,2025-02-05 11:59:42.990000,earthquake_local,VRF.HE_20250205115942_HH_EV
HE,VRF,HH,67.748,29.609,,903,manual,0.5,,4127,manual,0.5,20250207T065850Z_20250207T065950Z,,,,,,,,,,,explosion,,,,,,[5.1096 -3.8189 0.6012],5999,2025-02-07 06:58:50.650000,earthquake_local,VRF.HE_20250207065850_HH_EV
HE,VRF,HH,67.748,29.609,,1207,manual,0.5,,3363,manual,0.5,20250207T120847Z_20250207T120947Z,,,,,,,,,,,explosion,,,,,,[-2.3472 -1.9330 -1.3794],5999,2025-02-07 12:08:47.210000,earthquake_local,VRF.HE_20250207120847_HH_EV
HE,VRF,HH,67.748,29.609,,3542,manual,0.5,,4076,manual,0.5,20250207T131022Z_20250207T131122Z,,,,,,,,,,,explosion,,,,,,[-0.7941 5.2581 2.4230],4824,2025-02-07 13:10:22.620000,earthquake_local,VRF.HE_20250207131022_HH_EV
HE,VRF,HH,67.748,29.609,,3416,manual,0.5,,3818,manual,0.5,20250208T130641Z_20250208T130741Z,,,,,,,,,,,explosion,,,,,,[2.0023 1.8905 9.8050],4381,2025-02-08 13:06:41.720000,earthquake_local,VRF.HE_20250208130641_HH_EV
HE,VRF,HH,67.748,29.609,,929,manual,0.5,,2875,manual,0.5,20250208T201528Z_20250208T201628Z,,,,,,,,,,,explosion,,,,,,[6.3715 -3.3943 -1.4432],5599,2025-02-08 20:15:28.770000,earthquake_local,VRF.HE_20250208201528_HH_EV
HE,VRF,HH,67.748,29.609,,1944,manual,0.5,,4282,manual,0.5,20250209T160622Z_20250209T160722Z,,,,,,,,,,,explosion,,,,,,[-0.3527 8.9459 -0.8955],5999,2025-02-09 16:06:22.380000,earthquake_local,VRF.HE_20250209160622_HH_EV
HE,VRF,HH,67.748,29.609,,644,manual,0.5,,3826,manual,0.5,20250210T133146Z_20250210T133246Z,,,,,,,,,,,explosion,,,,,,[-0.2194 -0.2673 -0.1681],5999,2025-02-10 13:31:46.340000,earthquake_local,VRF.HE_20250210133146_HH_EV
HE,VRF,HH,67.748,29.609,,755,manual,0.5,,2919,manual,0.5,20250212T061843Z_20250212T061943Z,,,,,,,,,,,explosion,,,,,,[-1.2332 0.1045 -1.8357],5949,2025-02-12 06:18:43.810000,earthquake_local,VRF.HE_20250212061843_HH_EV
HE,VRF,HH,67.748,29.609,,3045,manual,0.5,,5005,manual,0.5,20250212T132637Z_20250212T132737Z,,,,,,,,,,,explosion,,,,,,[2.5701 -0.0499 0.4813],5999,2025-02-12 13:26:37.750000,earthquake_local,VRF.HE_20250212132637_HH_EV
HE,VRF,HH,67.748,29.609,,3457,manual,0.5,,5433,manual,0.5,20250212T200622Z_20250212T200722Z,,,,,,,,,,,explosion,,,,,,[0.3600 -0.6773 -0.3374],5999,2025-02-12 20:06:22.010000,earthquake_local,VRF.HE_20250212200622_HH_EV
HE,VRF,HH,67.748,29.609,,1942,manual,0.5,,3902,manual,0.5,20250213T075010Z_20250213T075110Z,,,,,,,,,,,explosion,,,,,,[0.7738 0.4333 -0.1160],5999,2025-02-13 07:50:10.660000,earthquake_local,VRF.HE_20250213075010_HH_EV
HE,VRF,HH,67.748,29.609,,773,manual,0.5,,2975,manual,0.5,20250213T160037Z_20250213T160137Z,,,,,,,,,,,explosion,,,,,,[0.2606 -0.5176 -0.1490],5999,2025-02-13 16:00:37.450000,earthquake_local,VRF.HE_20250213160037_HH_EV
HE,VRF,HH,67.748,29.609,,2672,manual,0.5,,4744,manual,0.5,20250213T225056Z_20250213T225156Z,,,,,,,,,,,explosion,,,,,,[-0.7728 -1.8773 -0.2639],5999,2025-02-13 22:50:56.840000,earthquake_local,VRF.HE_20250213225056_HH_EV
HE,VRF,HH,67.748,29.609,,3851,manual,0.5,,4307,manual,0.5,20250214T130718Z_20250214T130818Z,,,,,,,,,,,explosion,,,,,,[0.4878 -0.3794 -0.6805],4945,2025-02-14 13:07:18.570000,earthquake_local,VRF.HE_20250214130718_HH_EV
HE,VRF,HH,67.748,29.609,,4364,manual,0.5,,4840,manual,0.5,20250214T131714Z_20250214T131814Z,,,,,,,,,,,explosion,,,,,,[3.6716 3.3493 -0.2882],5506,2025-02-14 13:17:14.440000,earthquake_local,VRF.HE_20250214131714_HH_EV
HE,VRF,HH,67.748,29.609,,2336,manual,0.5,,4352,manual,0.5,20250214T200511Z_20250214T200611Z,,,,,,,,,,,explosion,,,,,,[-0.1089 0.6715 0.4706],5999,2025-02-14 20:05:11.320000,earthquake_local,VRF.HE_20250214200511_HH_EV
HE,VRF,HH,67.748,29.609,,3168,manual,0.5,,5296,manual,0.5,20250215T155949Z_20250215T160049Z,,,,,,,,,,,explosion,,,,,,[-0.0397 1.0472 -0.1253],5999,2025-02-15 15:59:49.400000,earthquake_local,VRF.HE_20250215155949_HH_EV
HE,VRF,HH,67.748,29.609,,2285,manual,0.5,,4525,manual,0.5,20250215T162214Z_20250215T162314Z,,,,,,,,,,,explosion,,,,,,[-0.3703 1.1467 0.1133],5999,2025-02-15 16:22:14.870000,earthquake_local,VRF.HE_20250215162214_HH_EV
HE,VRF,HH,67.748,29.609,,1683,manual,0.5,,3699,manual,0.5,20250215T201717Z_20250215T201817Z,,,,,,,,,,,explosion,,,,,,[-0.3749 -0.8372 0.0957],5999,2025-02-15 20:17:17.090000,earthquake_local,VRF.HE_20250215201717_HH_EV
HE,VRF,HH,67.748,29.609,,1952,manual,0.5,,3836,manual,0.5,20250216T004301Z_20250216T004401Z,,,,,,,,,,,explosion,,,,,,[0.4200 -0.0971 0.2708],5999,2025-02-16 00:43:01.760000,earthquake_local,VRF.HE_20250216004301_HH_EV
HE,VRF,HH,67.748,29.609,,2737,manual,0.5,,4847,manual,0.5,20250216T044044Z_20250216T044144Z,,,,,,,,,,,explosion,,,,,,[-0.2570 0.4658 0.2147],5999,2025-02-16 04:40:44.910000,earthquake_local,VRF.HE_20250216044044_HH_EV
HE,VRF,HH,67.748,29.609,,2130,manual,0.5,,4202,manual,0.5,20250216T160257Z_20250216T160357Z,,,,,,,,,,,explosion,,,,,,[1.9552 -1.1928 -0.1667],5999,2025-02-16 16:02:57.740000,earthquake_local,VRF.HE_20250216160257_HH_EV
HE,VRF,HH,67.748,29.609,,3361,manual,0.5,,5459,manual,0.5,20250216T200501Z_20250216T200601Z,,,,,,,,,,,explosion,,,,,,[-0.3356 1.3821 0.0037],5999,2025-02-16 20:05:01.370000,earthquake_local,VRF.HE_20250216200501_HH_EV
HE,VRF,HH,67.748,29.609,,3026,manual,0.5,,5046,manual,0.5,20250217T041849Z_20250217T041949Z,,,,,,,,,,,explosion,,,,,,[0.5783 -0.1134 0.0173],5999,2025-02-17 04:18:49.920000,earthquake_local,VRF.HE_20250217041849_HH_EV
HE,VRF,HH,67.748,29.609,,2026,manual,0.5,,3994,manual,0.5,20250217T120516Z_20250217T120616Z,,,,,,,,,,,explosion,,,,,,[0.7215 0.1065 0.4194],5999,2025-02-17 12:05:16.420000,earthquake_local,VRF.HE_20250217120516_HH_EV
HE,VRF,HH,67.748,29.609,,1638,manual,0.5,,3724,manual,0.5,20250217T121411Z_20250217T121511Z,,,,,,,,,,,explosion,,,,,,[-0.6540 0.0704 -1.4299],5999,2025-02-17 12:14:11.560000,earthquake_local,VRF.HE_20250217121411_HH_EV
HE,VRF,HH,67.748,29.609,,508,manual,0.5,,3952,manual,0.5,20250217T152624Z_20250217T152724Z,,,,,,,,,,,explosion,,,,,,[0.3316 1.3373 -0.8519],5999,2025-02-17 15:26:24.320000,earthquake_local,VRF.HE_20250217152624_HH_EV
HE,VRF,HH,67.748,29.609,,1068,manual,0.5,,3184,manual,0.5,20250217T181314Z_20250217T181414Z,,,,,,,,,,,explosion,,,,,,[0.7597 -0.1146 -0.0936],5999,2025-02-17 18:13:14.800000,earthquake_local,VRF.HE_20250217181314_HH_EV
HE,VRF,HH,67.748,29.609,,624,manual,0.5,,2640,manual,0.5,20250217T200528Z_20250217T200628Z,,,,,,,,,,,explosion,,,,,,[1.0424 1.1858 0.0573],5462,2025-02-17 20:05:28.600000,earthquake_local,VRF.HE_20250217200528_HH_EV
HE,VRF,HH,67.748,29.609,,1270,manual,0.5,,3174,manual,0.5,20250218T040406Z_20250218T040506Z,,,,,,,,,,,explosion,,,,,,[0.2656 0.5534 0.2744],5840,2025-02-18 04:04:06.740000,earthquake_local,VRF.HE_20250218040406_HH_EV
HE,VRF,HH,67.748,29.609,,661,manual,0.5,,2113,manual,0.5,20250218T090553Z_20250218T090653Z,,,,,,,,,,,explosion,,,,,,[0.1472 0.9074 -0.3027],4146,2025-02-18 09:05:53.470000,earthquake_local,VRF.HE_20250218090553_HH_EV
HE,VRF,HH,67.748,29.609,,2402,manual,0.5,,4432,manual,0.5,20250218T120544Z_20250218T120644Z,,,,,,,,,,,explosion,,,,,,[-0.3594 2.8504 -0.7589],5999,2025-02-18 12:05:44.960000,earthquake_local,VRF.HE_20250218120544_HH_EV
HE,VRF,HH,67.748,29.609,,2507,manual,0.5,,4602,manual,0.5,20250218T200509Z_20250218T200609Z,,,,,,,,,,,explosion,,,,,,[-0.8267 0.0824 0.6528],5999,2025-02-18 20:05:09.260000,earthquake_local,VRF.HE_20250218200509_HH_EV
HE,VRF,HH,67.748,29.609,,2593,manual,0.5,,4595,manual,0.5,20250218T200740Z_20250218T200840Z,,,,,,,,,,,explosion,,,,,,[1.4345 0.5993 -0.6186],5999,2025-02-18 20:07:40.890000,earthquake_local,VRF.HE_20250218200740_HH_EV
HE,VRF,HH,67.748,29.609,,2593,manual,0.5,,4533,manual,0.5,20250218T202452Z_20250218T202552Z,,,,,,,,,,,explosion,,,,,,[1.1858 0.2074 0.4948],5999,2025-02-18 20:24:52.430000,earthquake_local,VRF.HE_20250218202452_HH_EV
HE,VRF,HH,67.748,29.609,,776,manual,0.5,,2904,manual,0.5,20250219T000524Z_20250219T000624Z,,,,,,,,,,,explosion,,,,,,[-0.1068 -0.3109 5.8569],5883,2025-02-19 00:05:24.360000,earthquake_local,VRF.HE_20250219000524_HH_EV
HE,VRF,HH,67.748,29.609,,2482,manual,0.5,,4442,manual,0.5,20250219T004006Z_20250219T004106Z,,,,,,,,,,,explosion,,,,,,[0.1576 -0.2289 -1.1515],5999,2025-02-19 00:40:06.980000,earthquake_local,VRF.HE_20250219004006_HH_EV
HE,VRF,HH,67.748,29.609,,2778,manual,0.5,,4720,manual,0.5,20250219T040928Z_20250219T041028Z,,,,,,,,,,,explosion,,,,,,[-0.4502 0.8670 -0.0368],5999,2025-02-19 04:09:28.400000,earthquake_local,VRF.HE_20250219040928_HH_EV
HE,VRF,HH,67.748,29.609,,1252,manual,0.5,,3590,manual,0.5,20250219T160438Z_20250219T160538Z,,,,,,,,,,,explosion,,,,,,[-0.1059 -0.1475 -0.6594],5999,2025-02-19 16:04:38.860000,earthquake_local,VRF.HE_20250219160438_HH_EV
HE,VRF,HH,67.748,29.609,,541,manual,0.5,,5417,manual,0.5,20250220T150801Z_20250220T150901Z,,,,,,,,,,,explosion,,,,,,[1.4810 -2.4872 0.4470],5999,2025-02-20 15:08:01.170000,earthquake_local,VRF.HE_20250220150801_HH_EV
HE,VRF,HH,67.748,29.609,,1671,manual,0.5,,3715,manual,0.5,20250220T190407Z_20250220T190507Z,,,,,,,,,,,explosion,,,,,,[-1.1952 -2.0740 -1.4595],5999,2025-02-20 19:04:07.290000,earthquake_local,VRF.HE_20250220190407_HH_EV
HE,VRF,HH,67.748,29.609,,669,manual,0.5,,2689,manual,0.5,20250220T200544Z_20250220T200644Z,,,,,,,,,,,explosion,,,,,,[-0.4983 -0.4128 -0.9250],5517,2025-02-20 20:05:44.830000,earthquake_local,VRF.HE_20250220200544_HH_EV
HE,VRF,HH,67.748,29.609,,3256,manual,0.5,,5300,manual,0.5,20250220T201355Z_20250220T201455Z,,,,,,,,,,,explosion,,,,,,[0.0858 0.9840 -0.3084],5999,2025-02-20 20:13:55.160000,earthquake_local,VRF.HE_20250220201355_HH_EV
HE,VRF,HH,67.748,29.609,,1187,manual,0.5,,3231,manual,0.5,20250220T235633Z_20250220T235733Z,,,,,,,,,,,explosion,,,,,,[-1.1303 -0.3257 4.4940],5999,2025-02-20 23:56:33.690000,earthquake_local,VRF.HE_20250220235633_HH_EV
HE,VRF,HH,67.748,29.609,,2554,manual,0.5,,3058,manual,0.5,20250221T131153Z_20250221T131253Z,,,,,,,,,,,explosion,,,,,,[6.9388 1.4847 12.4976],3764,2025-02-21 13:11:53.620000,earthquake_local,VRF.HE_20250221131153_HH_EV
HE,VRF,HH,67.748,29.609,,682,manual,0.5,,1200,manual,0.5,20250221T131908Z_20250221T132008Z,,,,,,,,,,,explosion,,,,,,[10.0942 4.4143 10.4992],1925,2025-02-21 13:19:08.340000,earthquake_local,VRF.HE_20250221131908_HH_EV
HE,VRF,HH,67.748,29.609,,2718,manual,0.5,,4670,manual,0.5,20250221T200459Z_20250221T200559Z,,,,,,,,,,,explosion,,,,,,[0.2659 -1.3227 -0.0566],5999,2025-02-21 20:04:59.100000,earthquake_local,VRF.HE_20250221200459_HH_EV
HE,VRF,HH,67.748,29.609,,3293,manual,0.5,,5309,manual,0.5,20250221T201449Z_20250221T201549Z,,,,,,,,,,,explosion,,,,,,[3.0336 -0.4719 0.5506],5999,2025-02-21 20:14:49.030000,earthquake_local,VRF.HE_20250221201449_HH_EV
HE,VRF,HH,67.748,29.609,,1731,manual,0.5,,4893,manual,0.5,20250222T103449Z_20250222T103549Z,,,,,,,,,,,explosion,,,,,,[-3.2189 -1.5694 -0.3955],5999,2025-02-22 10:34:49.270000,earthquake_local,VRF.HE_20250222103449_HH_EV
HE,VRF,HH,67.748,29.609,,2756,manual,0.5,,4984,manual,0.5,20250222T161703Z_20250222T161803Z,,,,,,,,,,,explosion,,,,,,[-1.6241 1.7919 0.0185],5999,2025-02-22 16:17:03.400000,earthquake_local,VRF.HE_20250222161703_HH_EV
HE,VRF,HH,67.748,29.609,,1583,manual,0.5,,3683,manual,0.5,20250222T200901Z_20250222T201001Z,,,,,,,,,,,explosion,,,,,,[4.6616 -0.8211 -0.1388],5999,2025-02-22 20:09:01.850000,earthquake_local,VRF.HE_20250222200901_HH_EV
HE,VRF,HH,67.748,29.609,,1161,manual,0.5,,3065,manual,0.5,20250222T210146Z_20250222T210246Z,,,,,,,,,,,explosion,,,,,,[-3.2856 -2.0108 -0.4386],5731,2025-02-22 21:01:46.830000,earthquake_local,VRF.HE_20250222210146_HH_EV
HE,VRF,HH,67.748,29.609,,1763,manual,0.5,,3583,manual,0.5,20250223T160104Z_20250223T160204Z,,,,,,,,,,,explosion,,,,,,[-0.3802 -1.4917 -0.8833],5999,2025-02-23 16:01:04.610000,earthquake_local,VRF.HE_20250223160104_HH_EV
HE,VRF,HH,67.748,29.609,,921,manual,0.5,,2867,manual,0.5,20250223T200532Z_20250223T200632Z,,,,,,,,,,,explosion,,,,,,[-0.1375 -1.2177 -0.1269],5591,2025-02-23 20:05:32.650000,earthquake_local,VRF.HE_20250223200532_HH_EV
HE,VRF,HH,67.748,29.609,,525,manual,0.5,,2647,manual,0.5,20250223T200917Z_20250223T201017Z,,,,,,,,,,,explosion,,,,,,[-0.4919 1.0021 -0.0822],5618,2025-02-23 20:09:17.730000,earthquake_local,VRF.HE_20250223200917_HH_EV
HE,VRF,HH,67.748,29.609,,1151,manual,0.5,,3433,manual,0.5,20250224T060551Z_20250224T060651Z,,,,,,,,,,,explosion,,,,,,[2.3095 3.4294 0.9945],5999,2025-02-24 06:05:51.630000,earthquake_local,VRF.HE_20250224060551_HH_EV
HE,VRF,HH,67.748,29.609,,1556,manual,0.5,,3474,manual,0.5,20250224T201542Z_20250224T201642Z,,,,,,,,,,,explosion,,,,,,[-1.9779 3.4113 2.5734],5999,2025-02-24 20:15:42.380000,earthquake_local,VRF.HE_20250224201542_HH_EV
HE,VRF,HH,67.748,29.609,,1548,manual,0.5,,3784,manual,0.5,20250225T043204Z_20250225T043304Z,,,,,,,,,,,explosion,,,,,,[-0.0132 -1.5068 -1.2776],5999,2025-02-25 04:32:04.240000,earthquake_local,VRF.HE_20250225043204_HH_EV
HE,VRF,HH,67.748,29.609,,2529,manual,0.5,,4493,manual,0.5,20250225T120452Z_20250225T120552Z,,,,,,,,,,,explosion,,,,,,[0.2709 -3.1771 -0.7557],5999,2025-02-25 12:04:52.790000,earthquake_local,VRF.HE_20250225120452_HH_EV
HE,VRF,HH,67.748,29.609,,1470,manual,0.5,,1960,manual,0.5,20250225T123207Z_20250225T123307Z,,,,,,,,,,,explosion,,,,,,[8.7891 0.8203 2.7567],2646,2025-02-25 12:32:07.540000,earthquake_local,VRF.HE_20250225123207_HH_EV
HE,VRF,HH,67.748,29.609,,757,manual,0.5,,2969,manual,0.5,20250225T235433Z_20250225T235533Z,,,,,,,,,,,explosion,,,,,,[0.7759 8.5526 8.0939],5999,2025-02-25 23:54:33.430000,earthquake_local,VRF.HE_20250225235433_HH_EV
HE,VRF,HH,67.748,29.609,,944,manual,0.5,,4891,manual,0.5,20250226T122049Z_20250226T122149Z,,,,,,,,,,,explosion,,,,,,[-1.9386 -0.0138 1.0507],5999,2025-02-26 12:20:49.690000,earthquake_local,VRF.HE_20250226122049_HH_EV
HE,VRF,HH,67.748,29.609,,995,manual,0.5,,5448,manual,0.5,20250227T120455Z_20250227T120555Z,,,,,,,,,,,explosion,,,,,,[-0.4219 2.3939 1.1313],5999,2025-02-27 12:04:55.880000,earthquake_local,VRF.HE_20250227120455_HH_EV
HE,VRF,HH,67.748,29.609,,3201,manual,0.5,,4823,manual,0.5,20250227T142100Z_20250227T142200Z,,,,,,,,,,,explosion,,,,,,[-2.3379 -1.8775 -2.7026],5999,2025-02-27 14:21:00.370000,earthquake_local,VRF.HE_20250227142100_HH_EV
HE,VRF,HH,67.748,29.609,,852,manual,0.5,,5496,manual,0.5,20250228T124326Z_20250228T124426Z,,,,,,,,,,,explosion,,,,,,[1.8999 -0.5684 1.0413],5999,2025-02-28 12:43:26.360000,earthquake_local,VRF.HE_20250228124326_HH_EV
HE,VRF,HH,67.748,29.609,,1511,manual,0.5,,4643,manual,0.5,20250228T131535Z_20250228T131635Z,,,,,,,,,,,explosion,,,,,,[-0.1255 0.8711 -0.4261],5999,2025-02-28 13:15:35.770000,earthquake_local,VRF.HE_20250228131535_HH_EV
HE,VRF,HH,67.748,29.609,,2689,manual,0.5,,3151,manual,0.5,20250228T134719Z_20250228T134819Z,,,,,,,,,,,explosion,,,,,,[4.0707 1.3486 1.8482],3798,2025-02-28 13:47:19.190000,earthquake_local,VRF.HE_20250228134719_HH_EV
HE,VRF,HH,67.748,29.609,,1321,manual,0.5,,3561,manual,0.5,20250228T160926Z_20250228T161026Z,,,,,,,,,,,explosion,,,,,,[-0.4874 1.7972 1.4617],5999,2025-02-28 16:09:26.070000,earthquake_local,VRF.HE_20250228160926_HH_EV
HE,VRF,HH,67.748,29.609,,1945,manual,0.5,,4071,manual,0.5,20250228T200850Z_20250228T200950Z,,,,,,,,,,,explosion,,,,,,[-0.2708 1.3665 0.9533],5999,2025-02-28 20:08:50.930000,earthquake_local,VRF.HE_20250228200850_HH_EV
HE,VUOS,HH,,,,4277,manual,0.5,,5358,manual,0.5,20250102T091643Z_20250102T091743Z,,,,,,,,,,,explosion,,,,,,[0.2641 1.2435 0.0259],5999,2025-01-02 09:16:43.956000,earthquake_local,VUOS.HE_20250102091643_HH_EV
HE,VUOS,HH,,,,2944,manual,0.5,,3102,manual,0.5,20250103T134311Z_20250103T134411Z,,,,,,,,,,,explosion,,,,,,[-0.3429 0.8985 -0.6437],3323,2025-01-03 13:43:11.208000,earthquake_local,VUOS.HE_20250103134311_HH_EV
HE,VUOS,HH,,,,1819,manual,0.5,,4694,manual,0.5,20250107T124326Z_20250107T124426Z,,,,,,,,,,,explosion,,,,,,[-0.0108 0.0890 0.0233],5999,2025-01-07 12:43:26.724000,earthquake_local,VUOS.HE_20250107124326_HH_EV
HE,VUOS,HH,,,,2759,manual,0.5,,4077,manual,0.5,20250108T094929Z_20250108T095029Z,,,,,,,,,,,explosion,,,,,,[0.1936 0.2435 -0.2094],5922,2025-01-08 09:49:29.716000,earthquake_local,VUOS.HE_20250108094929_HH_EV
HE,VUOS,HH,,,,3423,manual,0.5,,4465,manual,0.5,20250108T104212Z_20250108T104312Z,,,,,,,,,,,explosion,,,,,,[0.0624 -0.0453 0.2890],5924,2025-01-08 10:42:12.800000,earthquake_local,VUOS.HE_20250108104212_HH_EV
HE,VUOS,HH,,,,4702,manual,0.5,,5244,manual,0.5,20250108T125924Z_20250108T130024Z,,,,,,,,,,,explosion,,,,,,[0.4164 -0.1914 0.0387],5999,2025-01-08 12:59:24.780000,earthquake_local,VUOS.HE_20250108125924_HH_EV
HE,VUOS,HH,,,,4773,manual,0.5,,5096,manual,0.5,20250109T124719Z_20250109T124819Z,,,,,,,,,,,explosion,,,,,,[0.3978 0.4466 6.6527],5548,2025-01-09 12:47:19.848000,earthquake_local,VUOS.HE_20250109124719_HH_EV
HE,VUOS,HH,,,,4760,manual,0.5,,5143,manual,0.5,20250110T100030Z_20250110T100130Z,,,,,,,,,,,explosion,,,,,,[0.4699 1.1453 0.0312],5679,2025-01-10 10:00:30.712000,earthquake_local,VUOS.HE_20250110100030_HH_EV
HE,VUOS,HH,,,,2440,manual,0.5,,3000,manual,0.5,20250110T102732Z_20250110T102832Z,,,,,,,,,,,explosion,,,,,,[0.4070 -0.3775 0.0264],3784,2025-01-10 10:27:32.892000,earthquake_local,VUOS.HE_20250110102732_HH_EV
HE,VUOS,HH,,,,1722,manual,0.5,,3281,manual,0.5,20250110T120344Z_20250110T120444Z,,,,,,,,,,,explosion,,,,,,[0.0088 -0.2815 -0.0264],5464,2025-01-10 12:03:44.280000,earthquake_local,VUOS.HE_20250110120344_HH_EV
HE,VUOS,HH,,,,2744,manual,0.5,,3118,manual,0.5,20250113T135539Z_20250113T135639Z,,,,,,,,,,,explosion,,,,,,[0.3003 -0.1246 -0.0756],3642,2025-01-13 13:55:39.096000,earthquake_local,VUOS.HE_20250113135539_HH_EV
HE,VUOS,HH,,,,2712,manual,0.5,,3262,manual,0.5,20250114T073051Z_20250114T073151Z,,,,,,,,,,,explosion,,,,,,[0.8833 -0.1819 -0.4042],4032,2025-01-14 07:30:51.528000,earthquake_local,VUOS.HE_20250114073051_HH_EV
HE,VUOS,HH,,,,2691,manual,0.5,,2877,manual,0.5,20250114T103142Z_20250114T103242Z,,,,,,,,,,,explosion,,,,,,[-0.1795 0.5997 0.0320],3137,2025-01-14 10:31:42.076000,earthquake_local,VUOS.HE_20250114103142_HH_EV
HE,VUOS,HH,,,,1489,manual,0.5,,1866,manual,0.5,20250114T135727Z_20250114T135827Z,,,,,,,,,,,explosion,,,,,,[0.3379 -0.7304 0.2031],2394,2025-01-14 13:57:27.744000,earthquake_local,VUOS.HE_20250114135727_HH_EV
HE,VUOS,HH,,,,1771,manual,0.5,,2315,manual,0.5,20250114T140003Z_20250114T140103Z,,,,,,,,,,,explosion,,,,,,[-0.6886 -0.2042 -0.4501],3077,2025-01-14 14:00:03.324000,earthquake_local,VUOS.HE_20250114140003_HH_EV
HE,VUOS,HH,,,,4879,manual,0.5,,5061,manual,0.5,20250114T163226Z_20250114T163326Z,,,,,,,,,,,explosion,,,,,,[-0.2501 -0.1945 -0.0548],5316,2025-01-14 16:32:26.152000,earthquake_local,VUOS.HE_20250114163226_HH_EV
HE,VUOS,HH,,,,898,manual,0.5,,1419,manual,0.5,20250115T111029Z_20250115T111129Z,,,,,,,,,,,explosion,,,,,,[-0.2961 0.2874 5.3604],2148,2025-01-15 11:10:29.668000,earthquake_local,VUOS.HE_20250115111029_HH_EV
HE,VUOS,HH,,,,1931,manual,0.5,,3216,manual,0.5,20250115T121527Z_20250115T121627Z,,,,,,,,,,,explosion,,,,,,[0.3015 -0.0225 -0.2328],5015,2025-01-15 12:15:27.184000,earthquake_local,VUOS.HE_20250115121527_HH_EV
HE,VUOS,HH,,,,607,manual,0.5,,1267,manual,0.5,20250115T134618Z_20250115T134718Z,,,,,,,,,,,explosion,,,,,,[-0.1200 -0.0890 0.2057],2191,2025-01-15 13:46:18.548000,earthquake_local,VUOS.HE_20250115134618_HH_EV
HE,VUOS,HH,,,,2829,manual,0.5,,3197,manual,0.5,20250116T113052Z_20250116T113152Z,,,,,,,,,,,explosion,,,,,,[0.0638 -0.3024 0.2741],3712,2025-01-16 11:30:52.888000,earthquake_local,VUOS.HE_20250116113052_HH_EV
HE,VUOS,HH,,,,4068,manual,0.5,,4364,manual,0.5,20250116T113641Z_20250116T113741Z,,,,,,,,,,,explosion,,,,,,[0.3715 0.8283 -0.0577],4778,2025-01-16 11:36:41.296000,earthquake_local,VUOS.HE_20250116113641_HH_EV
HE,VUOS,HH,,,,1962,manual,0.5,,5382,manual,0.5,20250116T163504Z_20250116T163604Z,,,,,,,,,,,explosion,,,,,,[-0.1040 0.6169 -0.2151],5999,2025-01-16 16:35:04.064000,earthquake_local,VUOS.HE_20250116163504_HH_EV
HE,VUOS,HH,,,,5299,manual,0.5,,5439,manual,0.5,20250117T113606Z_20250117T113706Z,,,,,,,,,,,explosion,,,,,,[-0.4961 -0.3027 0.3716],5635,2025-01-17 11:36:06.828000,earthquake_local,VUOS.HE_20250117113606_HH_EV
HE,VUOS,HH,,,,2876,manual,0.5,,3542,manual,0.5,20250120T113735Z_20250120T113835Z,,,,,,,,,,,explosion,,,,,,[0.4948 -1.0545 -0.0383],4474,2025-01-20 11:37:35.600000,earthquake_local,VUOS.HE_20250120113735_HH_EV
HE,VUOS,HH,,,,1765,manual,0.5,,2199,manual,0.5,20250121T124828Z_20250121T124928Z,,,,,,,,,,,explosion,,,,,,[0.5502 0.1910 -0.3780],2807,2025-01-21 12:48:28.260000,earthquake_local,VUOS.HE_20250121124828_HH_EV
HE,VUOS,HH,,,,1517,manual,0.5,,3510,manual,0.5,20250122T090250Z_20250122T090350Z,,,,,,,,,,,explosion,,,,,,[-0.2329 0.0799 0.0215],5999,2025-01-22 09:02:50.764000,earthquake_local,VUOS.HE_20250122090250_HH_EV
HE,VUOS,HH,,,,2826,manual,0.5,,5076,manual,0.5,20250122T115405Z_20250122T115505Z,,,,,,,,,,,explosion,,,,,,[0.6604 0.3409 -0.0094],5999,2025-01-22 11:54:05.568000,earthquake_local,VUOS.HE_20250122115405_HH_EV
HE,VUOS,HH,,,,2204,manual,0.5,,2588,manual,0.5,20250122T122729Z_20250122T122829Z,,,,,,,,,,,explosion,,,,,,[0.1899 -0.1343 -0.0454],3126,2025-01-22 12:27:29.528000,earthquake_local,VUOS.HE_20250122122729_HH_EV
HE,VUOS,HH,,,,4316,manual,0.5,,4594,manual,0.5,20250122T131000Z_20250122T131100Z,,,,,,,,,,,explosion,,,,,,[0.0222 0.3612 0.0132],4983,2025-01-22 13:10:00.820000,earthquake_local,VUOS.HE_20250122131000_HH_EV
HE,VUOS,HH,,,,3967,manual,0.5,,5312,manual,0.5,20250122T142754Z_20250122T142854Z,,,,,,,,,,,explosion,,,,,,[0.0594 -0.1215 -0.0016],5999,2025-01-22 14:27:54.012000,earthquake_local,VUOS.HE_20250122142754_HH_EV
HE,VUOS,HH,,,,1478,manual,0.5,,1848,manual,0.5,20250123T111511Z_20250123T111611Z,,,,,,,,,,,explosion,,,,,,[0.0306 0.2546 -0.1414],2366,2025-01-23 11:15:11.600000,earthquake_local,VUOS.HE_20250123111511_HH_EV
HE,VUOS,HH,,,,3052,manual,0.5,,3146,manual,0.5,20250124T085447Z_20250124T085547Z,,,,,,,,,,,explosion,,,,,,[0.1866 0.0820 0.3950],3278,2025-01-24 08:54:47.604000,earthquake_local,VUOS.HE_20250124085447_HH_EV
HE,VUOS,HH,,,,1240,manual,0.5,,1629,manual,0.5,20250124T100247Z_20250124T100347Z,,,,,,,,,,,explosion,,,,,,[-0.0778 0.6473 0.0740],2174,2025-01-24 10:02:47.388000,earthquake_local,VUOS.HE_20250124100247_HH_EV
HE,VUOS,HH,,,,3671,manual,0.5,,3923,manual,0.5,20250124T114041Z_20250124T114141Z,,,,,,,,,,,explosion,,,,,,[0.6914 0.4280 0.2645],4276,2025-01-24 11:40:41.768000,earthquake_local,VUOS.HE_20250124114041_HH_EV
HE,VUOS,HH,,,,1835,manual,0.5,,2185,manual,0.5,20250127T090053Z_20250127T090153Z,,,,,,,,,,,explosion,,,,,,[1.2492 -0.4972 0.3947],2675,2025-01-27 09:00:53.536000,earthquake_local,VUOS.HE_20250127090053_HH_EV
HE,VUOS,HH,,,,3648,manual,0.5,,4922,manual,0.5,20250127T120729Z_20250127T120829Z,,,,,,,,,,,explosion,,,,,,[0.1560 -0.4496 -0.1724],5999,2025-01-27 12:07:29.628000,earthquake_local,VUOS.HE_20250127120729_HH_EV
HE,VUOS,HH,,,,3874,manual,0.5,,4254,manual,0.5,20250127T124315Z_20250127T124415Z,,,,,,,,,,,explosion,,,,,,[1.2460 0.1631 -0.1092],4786,2025-01-27 12:43:15.924000,earthquake_local,VUOS.HE_20250127124315_HH_EV
HE,VUOS,HH,,,,1099,manual,0.5,,3090,manual,0.5,20250127T132247Z_20250127T132347Z,,,,,,,,,,,explosion,,,,,,[-0.7685 1.2678 0.1939],5877,2025-01-27 13:22:47.244000,earthquake_local,VUOS.HE_20250127132247_HH_EV
HE,VUOS,HH,,,,4652,manual,0.5,,5457,manual,0.5,20250127T135159Z_20250127T135259Z,,,,,,,,,,,explosion,,,,,,[-0.0278 -0.7207 -0.0474],5999,2025-01-27 13:51:59.436000,earthquake_local,VUOS.HE_20250127135159_HH_EV
HE,VUOS,HH,,,,2976,manual,0.5,,3324,manual,0.5,20250127T142545Z_20250127T142645Z,,,,,,,,,,,explosion,,,,,,[-1.3771 0.2681 -0.0439],3811,2025-01-27 14:25:45.948000,earthquake_local,VUOS.HE_20250127142545_HH_EV
HE,VUOS,HH,,,,2830,manual,0.5,,3138,manual,0.5,20250127T150038Z_20250127T150138Z,,,,,,,,,,,explosion,,,,,,[2.2764 1.4097 0.0464],3569,2025-01-27 15:00:38.548000,earthquake_local,VUOS.HE_20250127150038_HH_EV
HE,VUOS,HH,,,,2880,manual,0.5,,3201,manual,0.5,20250128T153022Z_20250128T153122Z,,,,,,,,,,,explosion,,,,,,[-0.3869 -0.2003 0.1503],3650,2025-01-28 15:30:22.388000,earthquake_local,VUOS.HE_20250128153022_HH_EV
HE,VUOS,HH,,,,666,manual,0.5,,3165,manual,0.5,20250129T082457Z_20250129T082557Z,,,,,,,,,,,explosion,,,,,,[0.0853 0.3853 0.2190],5999,2025-01-29 08:24:57.904000,earthquake_local,VUOS.HE_20250129082457_HH_EV
HE,VUOS,HH,,,,2158,manual,0.5,,3899,manual,0.5,20250129T102639Z_20250129T102739Z,,,,,,,,,,,explosion,,,,,,[-0.6634 0.4734 -0.0696],5999,2025-01-29 10:26:39.040000,earthquake_local,VUOS.HE_20250129102639_HH_EV
HE,VUOS,HH,,,,1774,manual,0.5,,3048,manual,0.5,20250129T125511Z_20250129T125611Z,,,,,,,,,,,explosion,,,,,,[0.1734 -0.3109 0.1929],4832,2025-01-29 12:55:11.356000,earthquake_local,VUOS.HE_20250129125511_HH_EV
HE,VUOS,HH,,,,742,manual,0.5,,2005,manual,0.5,20250129T150048Z_20250129T150148Z,,,,,,,,,,,explosion,,,,,,[-0.2597 -0.3967 0.2187],3773,2025-01-29 15:00:48.936000,earthquake_local,VUOS.HE_20250129150048_HH_EV
HE,VUOS,HH,,,,3745,manual,0.5,,4138,manual,0.5,20250130T090423Z_20250130T090523Z,,,,,,,,,,,explosion,,,,,,[-0.0996 0.1309 -0.2008],4688,2025-01-30 09:04:23.708000,earthquake_local,VUOS.HE_20250130090423_HH_EV
HE,VUOS,HH,,,,2428,manual,0.5,,4015,manual,0.5,20250130T143029Z_20250130T143129Z,,,,,,,,,,,explosion,,,,,,[0.9122 0.8879 0.0319],5999,2025-01-30 14:30:29.744000,earthquake_local,VUOS.HE_20250130143029_HH_EV
HE,VUOS,HH,,,,3312,manual,0.5,,3688,manual,0.5,20250130T143732Z_20250130T143832Z,,,,,,,,,,,explosion,,,,,,[0.1794 -0.2930 0.0001],4214,2025-01-30 14:37:32.072000,earthquake_local,VUOS.HE_20250130143732_HH_EV
HE,VUOS,HH,,,,3573,manual,0.5,,3672,manual,0.5,20250131T085910Z_20250131T090010Z,,,,,,,,,,,explosion,,,,,,[0.2265 0.3296 3.9809],3811,2025-01-31 08:59:10.356000,earthquake_local,VUOS.HE_20250131085910_HH_EV
HE,VUOS,HH,,,,1705,manual,0.5,,3678,manual,0.5,20250131T090206Z_20250131T090306Z,,,,,,,,,,,explosion,,,,,,[-0.1636 -0.0475 -1.6397],5999,2025-01-31 09:02:06.064000,earthquake_local,VUOS.HE_20250131090206_HH_EV
HE,VUOS,HH,,,,2160,manual,0.5,,2600,manual,0.5,20250131T092544Z_20250131T092644Z,,,,,,,,,,,explosion,,,,,,[0.6109 0.8935 -0.4380],3216,2025-01-31 09:25:44.600000,earthquake_local,VUOS.HE_20250131092544_HH_EV
HE,VUOS,HH,,,,1338,manual,0.5,,1725,manual,0.5,20250131T125644Z_20250131T125744Z,,,,,,,,,,,explosion,,,,,,[-0.0263 -0.5129 -0.4222],2267,2025-01-31 12:56:44.356000,earthquake_local,VUOS.HE_20250131125644_HH_EV
HE,VUOS,HH,,,,2930,manual,0.5,,3332,manual,0.5,20250203T142842Z_20250203T142942Z,,,,,,,,,,,explosion,,,,,,[0.6650 2.9106 -0.0303],3895,2025-02-03 14:28:42.512000,earthquake_local,VUOS.HE_20250203142842_HH_EV
HE,VUOS,HH,,,,3039,manual,0.5,,3344,manual,0.5,20250203T145936Z_20250203T150036Z,,,,,,,,,,,explosion,,,,,,[-3.8480 5.0223 0.0431],3771,2025-02-03 14:59:36.924000,earthquake_local,VUOS.HE_20250203145936_HH_EV
HE,VUOS,HH,,,,2406,manual,0.5,,2804,manual,0.5,20250204T092520Z_20250204T092620Z,,,,,,,,,,,explosion,,,,,,[2.3513 -4.6487 0.0010],3361,2025-02-04 09:25:20.208000,earthquake_local,VUOS.HE_20250204092520_HH_EV
HE,VUOS,HH,,,,3278,manual,0.5,,3394,manual,0.5,20250204T100854Z_20250204T100954Z,,,,,,,,,,,explosion,,,,,,[0.7643 -0.3196 -0.0179],3556,2025-02-04 10:08:54.472000,earthquake_local,VUOS.HE_20250204100854_HH_EV
HE,VUOS,HH,,,,3664,manual,0.5,,4952,manual,0.5,20250204T113409Z_20250204T113509Z,,,,,,,,,,,explosion,,,,,,[-0.5581 1.6749 -0.0358],5999,2025-02-04 11:34:09.368000,earthquake_local,VUOS.HE_20250204113409_HH_EV
HE,VUOS,HH,,,,1276,manual,0.5,,1644,manual,0.5,20250204T120022Z_20250204T120122Z,,,,,,,,,,,explosion,,,,,,[1.6672 -0.6476 0.2924],2159,2025-02-04 12:00:22.180000,earthquake_local,VUOS.HE_20250204120022_HH_EV
HE,VUOS,HH,,,,2821,manual,0.5,,3375,manual,0.5,20250204T123911Z_20250204T124011Z,,,,,,,,,,,explosion,,,,,,[1.3270 -1.6373 0.4955],4151,2025-02-04 12:39:11.292000,earthquake_local,VUOS.HE_20250204123911_HH_EV
HE,VUOS,HH,,,,4263,manual,0.5,,4595,manual,0.5,20250204T142655Z_20250204T142755Z,,,,,,,,,,,explosion,,,,,,[0.1089 -0.0114 0.0051],5060,2025-02-04 14:26:55.584000,earthquake_local,VUOS.HE_20250204142655_HH_EV
HE,VUOS,HH,,,,1986,manual,0.5,,2577,manual,0.5,20250205T105312Z_20250205T105412Z,,,,,,,,,,,explosion,,,,,,[0.4259 0.1066 -0.0158],3404,2025-02-05 10:53:12.720000,earthquake_local,VUOS.HE_20250205105312_HH_EV
HE,VUOS,HH,,,,3830,manual,0.5,,4800,manual,0.5,20250205T140438Z_20250205T140538Z,,,,,,,,,,,explosion,,,,,,[-0.2297 -0.1586 -0.2198],5999,2025-02-05 14:04:38.708000,earthquake_local,VUOS.HE_20250205140438_HH_EV
HE,VUOS,HH,,,,3584,manual,0.5,,3964,manual,0.5,20250205T143119Z_20250205T143219Z,,,,,,,,,,,explosion,,,,,,[-0.1454 -0.7178 0.2048],4496,2025-02-05 14:31:19.160000,earthquake_local,VUOS.HE_20250205143119_HH_EV
HE,VUOS,HH,,,,2039,manual,0.5,,2429,manual,0.5,20250206T130038Z_20250206T130138Z,,,,,,,,,,,explosion,,,,,,[1.6981 -0.5998 -0.6240],2975,2025-02-06 13:00:38.248000,earthquake_local,VUOS.HE_20250206130038_HH_EV
HE,VUOS,HH,,,,4214,manual,0.5,,4742,manual,0.5,20250206T140125Z_20250206T140225Z,,,,,,,,,,,explosion,,,,,,[0.2672 0.4874 0.7553],5481,2025-02-06 14:01:25.168000,earthquake_local,VUOS.HE_20250206140125_HH_EV
HE,VUOS,HH,,,,3329,manual,0.5,,3635,manual,0.5,20250207T114048Z_20250207T114148Z,,,,,,,,,,,explosion,,,,,,[-2.5894 5.1228 -0.2236],4063,2025-02-07 11:40:48.588000,earthquake_local,VUOS.HE_20250207114048_HH_EV
HE,VUOS,HH,,,,1770,manual,0.5,,4306,manual,0.5,20250207T121748Z_20250207T121848Z,,,,,,,,,,,explosion,,,,,,[0.0947 -2.0993 2.1710],5999,2025-02-07 12:17:48.364000,earthquake_local,VUOS.HE_20250207121748_HH_EV
HE,VUOS,HH,,,,928,manual,0.5,,2964,manual,0.5,20250208T232055Z_20250208T232155Z,,,,,,,,,,,explosion,,,,,,[0.1103 0.5061 -0.3057],5814,2025-02-08 23:20:55.872000,earthquake_local,VUOS.HE_20250208232055_HH_EV
HE,VUOS,HH,,,,1706,manual,0.5,,2098,manual,0.5,20250210T142854Z_20250210T142954Z,,,,,,,,,,,explosion,,,,,,[0.1438 0.3550 0.1614],2647,2025-02-10 14:28:54.012000,earthquake_local,VUOS.HE_20250210142854_HH_EV
HE,VUOS,HH,,,,4392,manual,0.5,,4822,manual,0.5,20250211T132808Z_20250211T132908Z,,,,,,,,,,,explosion,,,,,,[0.0490 0.2059 0.0128],5424,2025-02-11 13:28:08.756000,earthquake_local,VUOS.HE_20250211132808_HH_EV
HE,VUOS,HH,,,,3074,manual,0.5,,3380,manual,0.5,20250212T102513Z_20250212T102613Z,,,,,,,,,,,explosion,,,,,,[-0.2221 0.0899 -0.2262],3808,2025-02-12 10:25:13.516000,earthquake_local,VUOS.HE_20250212102513_HH_EV
HE,VUOS,HH,,,,664,manual,0.5,,1038,manual,0.5,20250212T112606Z_20250212T112706Z,,,,,,,,,,,explosion,,,,,,[0.2730 0.4603 -0.3523],1562,2025-02-12 11:26:06.100000,earthquake_local,VUOS.HE_20250212112606_HH_EV
HE,VUOS,HH,,,,974,manual,0.5,,3000,manual,0.5,20250212T112858Z_20250212T112958Z,,,,,,,,,,,explosion,,,,,,[0.5014 0.3230 -0.1131],5836,2025-02-12 11:28:58.972000,earthquake_local,VUOS.HE_20250212112858_HH_EV
HE,VUOS,HH,,,,742,manual,0.5,,1146,manual,0.5,20250212T142721Z_20250212T142821Z,,,,,,,,,,,explosion,,,,,,[-0.1184 0.1784 6.4588],1712,2025-02-12 14:27:21.588000,earthquake_local,VUOS.HE_20250212142721_HH_EV
HE,VUOS,HH,,,,4072,manual,0.5,,4769,manual,0.5,20250213T105447Z_20250213T105547Z,,,,,,,,,,,explosion,,,,,,[-0.2826 -0.6528 -0.1041],5745,2025-02-13 10:54:47.380000,earthquake_local,VUOS.HE_20250213105447_HH_EV
HE,VUOS,HH,,,,3623,manual,0.5,,4164,manual,0.5,20250213T112937Z_20250213T113037Z,,,,,,,,,,,explosion,,,,,,[0.0934 0.1466 -0.0755],4921,2025-02-13 11:29:37.580000,earthquake_local,VUOS.HE_20250213112937_HH_EV
HE,VUOS,HH,,,,1787,manual,0.5,,2422,manual,0.5,20250213T123510Z_20250213T123610Z,,,,,,,,,,,explosion,,,,,,[0.0764 -0.3594 -0.1300],3311,2025-02-13 12:35:10.716000,earthquake_local,VUOS.HE_20250213123510_HH_EV
HE,VUOS,HH,,,,1916,manual,0.5,,2329,manual,0.5,20250213T150801Z_20250213T150901Z,,,,,,,,,,,explosion,,,,,,[-0.0601 0.1458 0.0175],2907,2025-02-13 15:08:01.436000,earthquake_local,VUOS.HE_20250213150801_HH_EV
HE,VUOS,HH,,,,3222,manual,0.5,,3636,manual,0.5,20250214T110608Z_20250214T110708Z,,,,,,,,,,,explosion,,,,,,[0.3871 -0.3344 -0.0059],4216,2025-02-14 11:06:08.520000,earthquake_local,VUOS.HE_20250214110608_HH_EV
HE,VUOS,HH,,,,2641,manual,0.5,,4829,manual,0.5,20250214T115551Z_20250214T115651Z,,,,,,,,,,,explosion,,,,,,[0.3309 0.8436 -0.0546],5999,2025-02-14 11:55:51.216000,earthquake_local,VUOS.HE_20250214115551_HH_EV
HE,VUOS,HH,,,,2213,manual,0.5,,2571,manual,0.5,20250214T122559Z_20250214T122659Z,,,,,,,,,,,explosion,,,,,,[0.1300 -0.2333 -0.0097],3072,2025-02-14 12:25:59.176000,earthquake_local,VUOS.HE_20250214122559_HH_EV
HE,VUOS,HH,,,,4722,manual,0.5,,5074,manual,0.5,20250214T122959Z_20250214T123059Z,,,,,,,,,,,explosion,,,,,,[-0.2310 0.5067 0.0425],5567,2025-02-14 12:29:59.432000,earthquake_local,VUOS.HE_20250214122959_HH_EV
HE,VUOS,HH,,,,1541,manual,0.5,,1913,manual,0.5,20250217T152811Z_20250217T152911Z,,,,,,,,,,,explosion,,,,,,[-0.0369 -0.1256 0.0138],2434,2025-02-17 15:28:11.232000,earthquake_local,VUOS.HE_20250217152811_HH_EV
HE,VUOS,HH,,,,4479,manual,0.5,,4891,manual,0.5,20250218T092958Z_20250218T093058Z,,,,,,,,,,,explosion,,,,,,[0.2107 -0.0984 0.0050],5468,2025-02-18 09:29:58.440000,earthquake_local,VUOS.HE_20250218092958_HH_EV
HE,VUOS,HH,,,,4819,manual,0.5,,5122,manual,0.5,20250218T114025Z_20250218T114125Z,,,,,,,,,,,explosion,,,,,,[0.2513 0.4373 0.0396],5546,2025-02-18 11:40:25.856000,earthquake_local,VUOS.HE_20250218114025_HH_EV
HE,VUOS,HH,,,,958,manual,0.5,,1334,manual,0.5,20250218T133647Z_20250218T133747Z,,,,,,,,,,,explosion,,,,,,[-0.0387 0.3442 -0.0121],1860,2025-02-18 13:36:47.536000,earthquake_local,VUOS.HE_20250218133647_HH_EV
HE,VUOS,HH,,,,2145,manual,0.5,,2533,manual,0.5,20250218T142932Z_20250218T143032Z,,,,,,,,,,,explosion,,,,,,[0.1738 -0.2044 -0.0562],3076,2025-02-18 14:29:32.368000,earthquake_local,VUOS.HE_20250218142932_HH_EV
HE,VUOS,HH,,,,3529,manual,0.5,,4064,manual,0.5,20250218T155607Z_20250218T155707Z,,,,,,,,,,,explosion,,,,,,[0.0084 -0.0215 -0.0668],4813,2025-02-18 15:56:07.508000,earthquake_local,VUOS.HE_20250218155607_HH_EV
HE,VUOS,HH,,,,1995,manual,0.5,,2571,manual,0.5,20250219T112949Z_20250219T113049Z,,,,,,,,,,,explosion,,,,,,[-0.2001 -0.1482 -0.0167],3377,2025-02-19 11:29:49.620000,earthquake_local,VUOS.HE_20250219112949_HH_EV
HE,VUOS,HH,,,,3634,manual,0.5,,4255,manual,0.5,20250219T113019Z_20250219T113119Z,,,,,,,,,,,explosion,,,,,,[0.0805 0.0726 -0.0136],5124,2025-02-19 11:30:19.608000,earthquake_local,VUOS.HE_20250219113019_HH_EV
HE,VUOS,HH,,,,972,manual,0.5,,1321,manual,0.5,20250219T142722Z_20250219T142822Z,,,,,,,,,,,explosion,,,,,,[0.0739 -0.0674 -0.0165],1810,2025-02-19 14:27:22.052000,earthquake_local,VUOS.HE_20250219142722_HH_EV
HE,VUOS,HH,,,,3309,manual,0.5,,3394,manual,0.5,20250220T082043Z_20250220T082143Z,,,,,,,,,,,explosion,,,,,,[-0.3017 0.0265 0.0264],3513,2025-02-20 08:20:43.876000,earthquake_local,VUOS.HE_20250220082043_HH_EV
HE,VUOS,HH,,,,1155,manual,0.5,,1291,manual,0.5,20250220T091435Z_20250220T091535Z,,,,,,,,,,,explosion,,,,,,[0.1108 -0.2226 -0.0091],1481,2025-02-20 09:14:35.960000,earthquake_local,VUOS.HE_20250220091435_HH_EV
HE,VUOS,HH,,,,3744,manual,0.5,,4160,manual,0.5,20250220T112702Z_20250220T112802Z,,,,,,,,,,,explosion,,,,,,[-0.0304 -0.3541 -0.0262],4742,2025-02-20 11:27:02.048000,earthquake_local,VUOS.HE_20250220112702_HH_EV
HE,VUOS,HH,,,,1578,manual,0.5,,1899,manual,0.5,20250220T124133Z_20250220T124233Z,,,,,,,,,,,explosion,,,,,,[0.0554 -0.1340 0.0124],2348,2025-02-20 12:41:33.324000,earthquake_local,VUOS.HE_20250220124133_HH_EV
HE,VUOS,HH,,,,4235,manual,0.5,,5479,manual,0.5,20250220T135519Z_20250220T135619Z,,,,,,,,,,,explosion,,,,,,[-0.3944 0.0592 0.0161],5999,2025-02-20 13:55:19.112000,earthquake_local,VUOS.HE_20250220135519_HH_EV
HE,VUOS,HH,,,,2026,manual,0.5,,2349,manual,0.5,20250220T135948Z_20250220T140048Z,,,,,,,,,,,explosion,,,,,,[0.0223 -0.0546 0.0402],2801,2025-02-20 13:59:48.096000,earthquake_local,VUOS.HE_20250220135948_HH_EV
HE,VUOS,HH,,,,4788,manual,0.5,,5315,manual,0.5,20250220T140217Z_20250220T140317Z,,,,,,,,,,,explosion,,,,,,[0.2275 0.0076 -0.0269],5999,2025-02-20 14:02:17.028000,earthquake_local,VUOS.HE_20250220140217_HH_EV
HE,VUOS,HH,,,,3412,manual,0.5,,3806,manual,0.5,20250220T152926Z_20250220T153026Z,,,,,,,,,,,explosion,,,,,,[-0.3048 -0.1453 0.0505],4358,2025-02-20 15:29:26.444000,earthquake_local,VUOS.HE_20250220152926_HH_EV
HE,VUOS,HH,,,,687,manual,0.5,,1237,manual,0.5,20250220T155558Z_20250220T155658Z,,,,,,,,,,,explosion,,,,,,[-0.2632 0.0256 -0.0718],2007,2025-02-20 15:55:58.056000,earthquake_local,VUOS.HE_20250220155558_HH_EV
HE,VUOS,HH,,,,2321,manual,0.5,,2630,manual,0.5,20250221T085948Z_20250221T090048Z,,,,,,,,,,,explosion,,,,,,[0.3127 0.1085 0.1515],3063,2025-02-21 08:59:48.392000,earthquake_local,VUOS.HE_20250221085948_HH_EV
HE,VUOS,HH,,,,1117,manual,0.5,,1543,manual,0.5,20250221T100038Z_20250221T100138Z,,,,,,,,,,,explosion,,,,,,[0.3355 -0.5725 -0.1378],2139,2025-02-21 10:00:38.420000,earthquake_local,VUOS.HE_20250221100038_HH_EV
HE,VUOS,HH,,,,2745,manual,0.5,,3127,manual,0.5,20250224T120037Z_20250224T120137Z,,,,,,,,,,,explosion,,,,,,[0.2766 0.3528 0.4254],3662,2025-02-24 12:00:37.604000,earthquake_local,VUOS.HE_20250224120037_HH_EV
HE,VUOS,HH,,,,889,manual,0.5,,1239,manual,0.5,20250224T121009Z_20250224T121109Z,,,,,,,,,,,explosion,,,,,,[-0.1922 0.3576 0.4649],1729,2025-02-24 12:10:09.804000,earthquake_local,VUOS.HE_20250224121009_HH_EV
HE,VUOS,HH,,,,2803,manual,0.5,,3077,manual,0.5,20250224T141315Z_20250224T141415Z,,,,,,,,,,,explosion,,,,,,[0.5097 0.3722 4.4186],3461,2025-02-24 14:13:15.652000,earthquake_local,VUOS.HE_20250224141315_HH_EV
HE,VUOS,HH,,,,2115,manual,0.5,,2538,manual,0.5,20250224T154206Z_20250224T154306Z,,,,,,,,,,,explosion,,,,,,[0.6989 0.2085 1.3969],3130,2025-02-24 15:42:06.404000,earthquake_local,VUOS.HE_20250224154206_HH_EV
HE,VUOS,HH,,,,2558,manual,0.5,,2930,manual,0.5,20250225T155313Z_20250225T155413Z,,,,,,,,,,,explosion,,,,,,[-0.5075 0.0409 -1.8751],3451,2025-02-25 15:53:13.664000,earthquake_local,VUOS.HE_20250225155313_HH_EV
HE,VUOS,HH,,,,3250,manual,0.5,,3596,manual,0.5,20250226T094221Z_20250226T094321Z,,,,,,,,,,,explosion,,,,,,[-0.5128 0.2989 -0.0983],4080,2025-02-26 09:42:21.120000,earthquake_local,VUOS.HE_20250226094221_HH_EV
HE,VUOS,HH,,,,945,manual,0.5,,3151,manual,0.5,20250226T124015Z_20250226T124115Z,,,,,,,,,,,explosion,,,,,,[-0.0627 0.2918 -0.0632],5999,2025-02-26 12:40:15.424000,earthquake_local,VUOS.HE_20250226124015_HH_EV
HE,VUOS,HH,,,,4371,manual,0.5,,4749,manual,0.5,20250226T125954Z_20250226T130054Z,,,,,,,,,,,explosion,,,,,,[-0.1934 -0.2490 -0.0466],5278,2025-02-26 12:59:54.908000,earthquake_local,VUOS.HE_20250226125954_HH_EV
HE,VUOS,HH,,,,1609,manual,0.5,,1905,manual,0.5,20250226T152954Z_20250226T153054Z,,,,,,,,,,,explosion,,,,,,[-0.0679 -0.0192 -0.1796],2319,2025-02-26 15:29:54.052000,earthquake_local,VUOS.HE_20250226152954_HH_EV
HE,VUOS,HH,,,,888,manual,0.5,,1309,manual,0.5,20250226T154556Z_20250226T154656Z,,,,,,,,,,,explosion,,,,,,[-0.5090 0.3565 -0.2350],1898,2025-02-26 15:45:56.848000,earthquake_local,VUOS.HE_20250226154556_HH_EV
HE,VUOS,HH,,,,4386,manual,0.5,,5036,manual,0.5,20250227T105634Z_20250227T105734Z,,,,,,,,,,,explosion,,,,,,[0.1763 0.1949 0.2942],5946,2025-02-27 10:56:34.424000,earthquake_local,VUOS.HE_20250227105634_HH_EV
HE,VUOS,HH,,,,638,manual,0.5,,1833,manual,0.5,20250227T123614Z_20250227T123714Z,,,,,,,,,,,explosion,,,,,,[0.2054 -0.1329 -0.1401],3506,2025-02-27 12:36:14.952000,earthquake_local,VUOS.HE_20250227123614_HH_EV
HE,VUOS,HH,,,,1995,manual,0.5,,2412,manual,0.5,20250227T154202Z_20250227T154302Z,,,,,,,,,,,explosion,,,,,,[-0.4324 -0.2480 0.8405],2996,2025-02-27 15:42:02.532000,earthquake_local,VUOS.HE_20250227154202_HH_EV
HE,VUOS,HH,,,,738,manual,0.5,,3508,manual,0.5,20250228T075818Z_20250228T075918Z,,,,,,,,,,,explosion,,,,,,[-0.1135 0.0144 1.0106],5999,2025-02-28 07:58:18.096000,earthquake_local,VUOS.HE_20250228075818_HH_EV
HE,VUOS,HH,,,,2567,manual,0.5,,2739,manual,0.5,20250228T085531Z_20250228T085631Z,,,,,,,,,,,explosion,,,,,,[0.0405 0.4293 0.2065],2980,2025-02-28 08:55:31.776000,earthquake_local,VUOS.HE_20250228085531_HH_EV
HE,VUOS,HH,,,,3725,manual,0.5,,4295,manual,0.5,20250228T085940Z_20250228T090040Z,,,,,,,,,,,explosion,,,,,,[0.0611 0.2451 -0.2652],5093,2025-02-28 08:59:40.640000,earthquake_local,VUOS.HE_20250228085940_HH_EV
HE,VUOS,HH,,,,3975,manual,0.5,,4102,manual,0.5,20250228T104239Z_20250228T104339Z,,,,,,,,,,,explosion,,,,,,[-0.0935 -0.0864 0.0419],4280,2025-02-28 10:42:39.120000,earthquake_local,VUOS.HE_20250228104239_HH_EV
